{"eps": {"object_position": [[-0.048590585589408875, -0.014433147385716438], [0.04293648153543472, 0.03494725376367569], [0.06172206625342369, 0.2859319746494293], [0.005746533162891865, 0.10201151669025421], [-0.019980348646640778, -0.06409057974815369], [0.025989484041929245, -0.004113705828785896], [0.013964086771011353, 0.04009344428777695], [-0.04053238034248352, 0.04168712720274925], [-0.1707635521888733, -0.22781097888946533], [-0.4072117209434509, 0.07545812427997589]], "object_rotation": [1.76543128490448, 2.8430495262145996, 2.190001964569092, 0.9383013248443604, 2.1198525428771973, 1.9311071634292603, 2.1570446491241455, 0.6710311770439148, 1.7333956956863403, 1.249489665031433], "distractor_position": [-0.15940986573696136, -0.05873563140630722, -1.4726051092147827, -0.8228890299797058, -0.17577718198299408, -0.24495980143547058, -0.18139415979385376, -0.5132685899734497, -0.8198935985565186, -0.7785078287124634]}, "eps_trace": {"object_position": [[[-0.09173111617565155, -0.0016408748924732208], [0.0009042052552103996, -0.02262037806212902], [0.07497566193342209, 0.057145532220602036], [0.0360252745449543, -0.03325364738702774], [0.03634433448314667, -0.008698645979166031], [-0.06264448165893555, 0.023161662742495537], [0.2410048246383667, -0.013110674917697906], [-0.023854780942201614, -0.21377579867839813], [0.06833034008741379, -0.1681925356388092], [-0.23072326183319092, 0.13931646943092346]], [[-0.13089598715305328, -0.022210169583559036], [0.060668520629405975, -0.09702370315790176], [0.16003505885601044, 0.03006511740386486], [0.08762522041797638, 0.051787182688713074], [-0.0019489787518978119, -0.006189035251736641], [0.028679341077804565, -0.004875378683209419], [0.14389729499816895, -0.03362115100026131], [-0.009413600899279118, -0.1152697429060936], [0.0735497921705246, -0.07203654199838638], [-0.25066208839416504, 0.042544133961200714]], [[-0.10744617879390717, -0.06990467011928558], [0.08764874190092087, -0.006945386528968811], [0.1925666630268097, 0.12351008504629135], [0.16844207048416138, 0.09752513468265533], [-0.07382692396640778, -0.07104099541902542], [-0.0366174578666687, -0.02705094777047634], [0.04545614868402481, -0.037087734788656235], [-0.01101397443562746, -0.01841212809085846], [0.030882708728313446, -0.16225579380989075], [-0.26115313172340393, -0.05642399936914444]], [[-0.029944323003292084, -0.12261258810758591], [0.061285920441150665, 0.08870214223861694], [0.12067753076553345, 0.05596640706062317], [0.18204107880592346, 1.7583370208740234e-06], [0.02536824345588684, -0.06987979263067245], [0.05901014059782028, -0.019167397171258926], [-0.03688967972993851, -3.6053359508514404e-05], [-0.06435169279575348, -0.05016835406422615], [0.05558232218027115, -0.06624486297369003], [-0.24433176219463348, 0.04134492576122284]], [[-0.00403178483247757, -0.026127032935619354], [-0.006034769117832184, 0.024850919842720032], [0.1602574586868286, 0.14592115581035614], [0.10214454680681229, 0.050303198397159576], [0.013452388346195221, 0.009720899164676666], [-0.034009724855422974, 0.0008952617645263672], [0.04377809911966324, -0.009876408614218235], [-0.07785078883171082, 0.030962597578763962], [-0.021298393607139587, -0.12318576872348785], [-0.24364317953586578, -0.05738910287618637]], [[0.038120415061712265, -0.017134062945842743], [-0.03557184338569641, -0.06765986979007721], [0.12778809666633606, 0.23399460315704346], [0.07751747965812683, 0.14399424195289612], [0.05285494402050972, 0.10054893791675568], [0.05204783380031586, -0.015999779105186462], [-0.038777247071266174, 0.004255497828125954], [0.005023360252380371, -0.021032795310020447], [-0.1000467911362648, -0.18458344042301178], [-0.30532124638557434, -0.13560882210731506]], [[-0.06025571748614311, -0.01727544516324997], [0.039961859583854675, -0.00330304354429245], [0.11358794569969177, 0.3329395651817322], [0.04297258332371712, 0.05194173753261566], [0.036253683269023895, 0.010932393372058868], [-0.04027194529771805, 0.007875768467783928], [0.04347028583288193, -0.025142336264252663], [-0.03132730722427368, 0.057193391025066376], [-0.08824863284826279, -0.2838411331176758], [-0.21890896558761597, -0.08551328629255295]], [[0.025981944054365158, 0.023022286593914032], [-0.044339872896671295, -0.0030735908076167107], [0.0875689834356308, 0.2370816171169281], [0.06989376246929169, 0.13378161191940308], [0.09966488182544708, 0.059210482984781265], [0.020281050354242325, -0.07086007297039032], [-0.03666185587644577, 0.022450773045420647], [0.005673501640558243, -0.03121553361415863], [-0.14531782269477844, -0.3628000020980835], [-0.2232329100370407, 0.010660439729690552]], [[0.04410172253847122, -0.009130407124757767], [0.04714991897344589, 0.019443977624177933], [0.012237384915351868, 0.19931043684482574], [-0.0014142245054244995, 0.20129618048667908], [0.06615884602069855, -0.031115133315324783], [-0.006295260041952133, 0.022748373448848724], [0.04688452184200287, -0.023010021075606346], [-0.07759372889995575, -0.0335526205599308], [-0.2284972071647644, -0.30938956141471863], [-0.3221728503704071, 0.023944439366459846]], [[-0.048590585589408875, -0.014433147385716438], [0.04293648153543472, 0.03494725376367569], [0.06172206625342369, 0.2859319746494293], [0.005746533162891865, 0.10201151669025421], [-0.019980348646640778, -0.06409057974815369], [0.025989484041929245, -0.004113705828785896], [0.013964086771011353, 0.04009344428777695], [-0.04053238034248352, 0.04168712720274925], [-0.1707635521888733, -0.22781097888946533], [-0.4072117209434509, 0.07545812427997589]]], "object_rotation": [[1.81229567527771, 2.9885408878326416, 2.167726993560791, 0.9541258215904236, 2.2604963779449463, 2.030968427658081, 2.3851778507232666, 0.5787808895111084, 1.7545257806777954, 1.30169677734375], [1.8146356344223022, 2.970731496810913, 2.1234583854675293, 0.9446768760681152, 2.2027335166931152, 2.021735906600952, 2.3751091957092285, 0.5876572728157043, 1.7275865077972412, 1.3171087503433228], [1.817549467086792, 2.944422483444214, 2.137361526489258, 0.9076162576675415, 2.2077343463897705, 1.9972810745239258, 2.3661892414093018, 0.6114576458930969, 1.7333656549453735, 1.307436227798462], [1.8139668703079224, 2.9413540363311768, 2.1357388496398926, 0.8902140855789185, 2.195533275604248, 1.9882943630218506, 2.345266342163086, 0.6089877486228943, 1.7464474439620972, 1.2948565483093262], [1.8106735944747925, 2.911296844482422, 2.1180129051208496, 0.9231488704681396, 2.1823034286499023, 1.9781118631362915, 2.314805030822754, 0.58897864818573, 1.775391936302185, 1.2791190147399902], [1.8003233671188354, 2.8966541290283203, 2.1425211429595947, 0.9478453397750854, 2.1933388710021973, 1.9619207382202148, 2.283734083175659, 0.6092689037322998, 1.7701140642166138, 1.2879220247268677], [1.787474274635315, 2.9074649810791016, 2.1447696685791016, 0.9638805985450745, 2.182004690170288, 1.9502907991409302, 2.2569706439971924, 0.6193087100982666, 1.7671666145324707, 1.2905656099319458], [1.7832881212234497, 2.8641955852508545, 2.14321231842041, 0.9140416383743286, 2.1474521160125732, 1.948250651359558, 2.235858917236328, 0.6474394798278809, 1.7461333274841309, 1.2649455070495605], [1.7748290300369263, 2.849397659301758, 2.196601390838623, 0.9322277307510376, 2.1367695331573486, 1.9386706352233887, 2.216735601425171, 0.6615825295448303, 1.7334033250808716, 1.2600035667419434], [1.76543128490448, 2.8430495262145996, 2.190001964569092, 0.9383013248443604, 2.1198525428771973, 1.9311071634292603, 2.1570446491241455, 0.6710311770439148, 1.7333956956863403, 1.249489665031433]],