{"eps": {"object_position": [[0.10699091106653214, 0.07534466683864594], [-0.007721036672592163, -0.10272225737571716], [0.08363332599401474, 0.014312639832496643], [0.01835951954126358, -0.1566220223903656], [-0.043703824281692505, -0.26453787088394165], [-0.05314295366406441, -0.01650015078485012], [-0.13410232961177826, 0.18607570230960846], [0.11676417291164398, -0.09160298854112625], [0.037426646798849106, -0.08399759232997894], [-0.006423972547054291, 0.24573922157287598]], "object_rotation": [4.253602504730225, 1.671168565750122, 2.1857800483703613, 2.6091718673706055, 1.9103074073791504, 0.9657036662101746, 1.2825196981430054, 0.8638371825218201, 1.293540120124817, 3.732525587081909], "distractor_position": [-0.15105436742305756, -0.2545187473297119, -0.2516682744026184, -0.46099069714546204, 0.08019322156906128, -0.42329853773117065, -0.0022020339965820312, -0.05056673288345337, -0.7172369956970215, 0.13507500290870667]}, "eps_trace": {"object_position": [[[-0.029091879725456238, -0.11895976215600967], [0.002229010919108987, 0.1161126121878624], [0.08363332599401474, 0.014312639832496643], [0.029696185141801834, -0.18734681606292725], [-0.061942677944898605, -0.013817940838634968], [-0.05314295366406441, -0.01650015078485012], [-0.03876570239663124, 0.04178474470973015], [-0.0003246538108214736, 0.007712879218161106], [0.037426646798849106, -0.08399759232997894], [-0.054440777748823166, -0.0018072841921821237]], [[-0.029091879725456238, -0.11895976215600967], [0.7218203544616699, -0.08872517198324203], [0.08363332599401474, 0.014312639832496643], [0.01835951954126358, -0.1566220223903656], [0.17663884162902832, 0.0191078819334507], [-0.05314295366406441, -0.01650015078485012], [0.01601588726043701, -0.029566053301095963], [-0.0003246538108214736, 0.007712879218161106], [0.037426646798849106, -0.08399759232997894], [0.40584471821784973, -0.18845777213573456]], [[-0.029091879725456238, -0.11895976215600967], [0.7218203544616699, -0.08872517198324203], [0.08363332599401474, 0.014312639832496643], [0.01835951954126358, -0.1566220223903656], [0.17663884162902832, 0.0191078819334507], [-0.05314295366406441, -0.01650015078485012], [0.01601588726043701, -0.029566053301095963], [-0.0003246538108214736, 0.007712879218161106], [0.037426646798849106, -0.08399759232997894], [0.40584471821784973, -0.18845777213573456]], [[-0.029091879725456238, -0.11895976215600967], [0.4328044652938843, -0.3680189847946167], [0.08363332599401474, 0.014312639832496643], [0.01835951954126358, -0.1566220223903656], [0.17663884162902832, 0.0191078819334507], [-0.05314295366406441, -0.01650015078485012], [-0.13410232961177826, 0.18607570230960846], [-0.0003246538108214736, 0.007712879218161106], [0.037426646798849106, -0.08399759232997894], [0.40584471821784973, -0.18845777213573456]], [[-0.10416185110807419, -0.06417439877986908], [0.4328044652938843, -0.3680189847946167], [0.08363332599401474, 0.014312639832496643], [0.01835951954126358, -0.1566220223903656], [0.17663884162902832, 0.0191078819334507], [-0.05314295366406441, -0.01650015078485012], [-0.13410232961177826, 0.18607570230960846], [-0.0003246538108214736, 0.007712879218161106], [0.037426646798849106, -0.08399759232997894], [0.1492525339126587, -0.2533861994743347]], [[0.10699091106653214, 0.07534466683864594], [0.4328044652938843, -0.3680189847946167], [0.08363332599401474, 0.014312639832496643], [0.01835951954126358, -0.1566220223903656], [-0.043703824281692505, -0.26453787088394165], [-0.05314295366406441, -0.01650015078485012], [-0.13410232961177826, 0.18607570230960846], [0.11676417291164398, -0.09160298854112625], [0.037426646798849106, -0.08399759232997894], [-0.07884910702705383, -0.14867788553237915]], [[0.10699091106653214, 0.07534466683864594], [-0.007721036672592163, -0.10272225737571716], [0.08363332599401474, 0.014312639832496643], [0.01835951954126358, -0.1566220223903656], [-0.043703824281692505, -0.26453787088394165], [-0.05314295366406441, -0.01650015078485012], [-0.13410232961177826, 0.18607570230960846], [0.11676417291164398, -0.09160298854112625], [0.037426646798849106, -0.08399759232997894], [-0.07884910702705383, -0.14867788553237915]], [[0.10699091106653214, 0.07534466683864594], [-0.007721036672592163, -0.10272225737571716], [0.08363332599401474, 0.014312639832496643], [0.01835951954126358, -0.1566220223903656], [-0.043703824281692505, -0.26453787088394165], [-0.05314295366406441, -0.01650015078485012], [-0.13410232961177826, 0.18607570230960846], [0.11676417291164398, -0.09160298854112625], [0.037426646798849106, -0.08399759232997894], [-0.006423972547054291, 0.24573922157287598]], [[0.10699091106653214, 0.07534466683864594], [-0.007721036672592163, -0.10272225737571716], [0.08363332599401474, 0.014312639832496643], [0.01835951954126358, -0.1566220223903656], [-0.043703824281692505, -0.26453787088394165], [-0.05314295366406441, -0.01650015078485012], [-0.13410232961177826, 0.18607570230960846], [0.11676417291164398, -0.09160298854112625], [0.037426646798849106, -0.08399759232997894], [-0.006423972547054291, 0.24573922157287598]], [[0.10699091106653214, 0.07534466683864594], [-0.007721036672592163, -0.10272225737571716], [0.08363332599401474, 0.014312639832496643], [0.01835951954126358, -0.1566220223903656], [-0.043703824281692505, -0.26453787088394165], [-0.05314295366406441, -0.01650015078485012], [-0.13410232961177826, 0.18607570230960846], [0.11676417291164398, -0.09160298854112625], [0.037426646798849106, -0.08399759232997894], [-0.006423972547054291, 0.24573922157287598]]], "object_rotation": [[3.042548179626465, 1.5280267000198364, 2.1857800483703613, 2.3626368045806885, 2.3459134101867676, 0.9657036662101746, 0.21436846256256104, 1.1231694221496582, 1.293540120124817, 3.345048427581787], [3.042548179626465, 1.9249656200408936, 2.1857800483703613, 2.6091718673706055, 2.58784818649292, 0.9657036662101746, -0.003441929817199707, 1.1231694221496582, 1.293540120124817, 3.4261600971221924], [3.042548179626465, 1.9249656200408936, 2.1857800483703613, 2.6091718673706055, 2.58784818649292, 0.9657036662101746, -0.003441929817199707, 1.1231694221496582, 1.293540120124817, 3.4261600971221924], [3.042548179626465, 1.6306232213974, 2.1857800483703613, 2.6091718673706055, 2.58784818649292, 0.9657036662101746, 1.2825196981430054, 1.1231694221496582, 1.293540120124817, 3.4261600971221924], [3.9600932598114014, 1.6306232213974, 2.1857800483703613, 2.6091718673706055, 2.58784818649292, 0.9657036662101746, 1.2825196981430054, 1.1231694221496582, 1.293540120124817, 3.3728833198547363], [4.253602504730225, 1.6306232213974, 2.1857800483703613, 2.6091718673706055, 1.9103074073791504, 0.9657036662101746, 1.2825196981430054, 0.8638371825218201, 1.293540120124817, 3.5487871170043945], [4.253602504730225, 1.671168565750122, 2.1857800483703613, 2.6091718673706055, 1.9103074073791504, 0.9657036662101746, 1.2825196981430054, 0.8638371825218201, 1.293540120124817, 3.5487871170043945], [4.253602504730225, 1.671168565750122, 2.1857800483703613, 2.6091718673706055, 1.9103074073791504, 0.9657036662101746, 1.2825196981430054, 0.8638371825218201, 1.293540120124817, 3.732525587081909], [4.253602504730225, 1.671168565750122, 2.1857800483703613, 2.6091718673706055, 1.9103074073791504, 0.9657036662101746, 1.2825196981430054, 0.8638371825218201, 1.293540120124817, 3.732525587081909], [4.253602504730225, 1.671168565750122, 2.1857800483703613, 2.6091718673706055, 1.9103074073791504, 0.9657036662101746, 1.2825196981430054, 0.8638371825218201, 1.293540120124817, 3.732525587081909]],