{"eps": {"object_position": [[-0.24007683992385864, 0.09932494163513184], [-0.37527206540107727, 0.18775638937950134], [0.033939965069293976, 0.08945527672767639], [0.02703922800719738, 0.21841971576213837], [0.1275915950536728, -0.11299856752157211], [0.1701117604970932, 0.058387767523527145], [0.13727827370166779, 0.014196856878697872], [0.09106507152318954, 0.18410378694534302], [0.2698269784450531, -0.12858864665031433], [-0.004916813224554062, 0.0510803759098053]], "object_rotation": [0.7231530547142029, 1.4627964496612549, 2.338078737258911, 2.2789053916931152, 0.6353614926338196, 0.5681864619255066, 0.02962447702884674, 3.224268913269043, 1.9558970928192139, 2.210625648498535], "distractor_position": [-1.6586850881576538, -1.6255332231521606, 0.36917635798454285, 0.23303571343421936, -0.42625975608825684, -0.04256885498762131, -0.3692782521247864, -1.112522006034851, -1.1364296674728394, -0.24679675698280334]}, "eps_trace": {"object_position": [[[-0.09209612011909485, -0.10057264566421509], [-0.22354602813720703, 0.05975818634033203], [0.0721643790602684, 0.09679665416479111], [0.03808962553739548, 0.25342100858688354], [0.04796379804611206, -0.09785845130681992], [0.07717796415090561, 0.05912591144442558], [0.0703519880771637, 0.05613533407449722], [0.02049790881574154, 0.05145249888300896], [0.19013111293315887, -0.08573625236749649], [-0.00716422451660037, 0.059268247336149216]], [[-0.09042397886514664, -0.10284367948770523], [-0.22485478222370148, 0.06805962324142456], [0.07045072317123413, 0.09923025220632553], [0.04001286253333092, 0.25004374980926514], [0.05905097723007202, -0.11127222329378128], [0.08045030385255814, 0.05765700712800026], [0.1665334552526474, -0.009276479482650757], [0.01935051940381527, 0.05153670161962509], [0.17051854729652405, -0.07225148379802704], [-0.012970294803380966, 0.05556914582848549]], [[-0.10707040131092072, -0.09934526681900024], [-0.34360232949256897, 0.05717919394373894], [0.06976637244224548, 0.09832277148962021], [0.040595266968011856, 0.24924558401107788], [0.06103399395942688, -0.1147526353597641], [0.08069191873073578, 0.057304952293634415], [0.16808907687664032, -0.008598320186138153], [0.04922454059123993, 0.1215505301952362], [0.1823204755783081, -0.08284227550029755], [-0.011708753183484077, 0.056930869817733765]], [[-0.1034577339887619, -0.09980154782533646], [-0.34437501430511475, 0.07871437072753906], [0.06342744082212448, 0.08977656066417694], [0.03706986457109451, 0.24879293143749237], [0.07758131623268127, -0.10448954999446869], [0.07883341610431671, 0.05800877511501312], [0.16834592819213867, -0.0004971055313944817], [0.05748626962304115, 0.1228887215256691], [0.25546154379844666, 0.01168137788772583], [-0.00546654686331749, 0.044331375509500504]], [[-0.10396426916122437, 0.004672937095165253], [-0.3628583550453186, 0.11637307703495026], [0.057438261806964874, 0.08481144905090332], [0.03688868135213852, 0.2483655959367752], [0.08967764675617218, -0.0991838350892067], [0.17268304526805878, 0.0655117779970169], [0.15340052545070648, -0.0008119648555293679], [0.056773677468299866, 0.12700209021568298], [0.25458136200904846, 0.011132931336760521], [-0.005467957817018032, 0.04432922229170799]], [[-0.09851250052452087, 0.004375246353447437], [-0.3568318784236908, 0.122034952044487], [0.05565507709980011, 0.07777819037437439], [0.036477185785770416, 0.24846488237380981], [0.08861441165208817, -0.0993257388472557], [0.17251291871070862, 0.06547597795724869], [0.15344008803367615, 0.0076911658979952335], [0.06868938356637955, 0.1298166662454605], [0.2379629760980606, 0.0018977932631969452], [-0.007102105766534805, 0.04582672938704491]], [[-0.22408267855644226, 0.23948121070861816], [-0.3609004616737366, 0.1647459864616394], [0.052769191563129425, 0.07699108123779297], [0.035269446671009064, 0.247110515832901], [0.11531814932823181, -0.12969046831130981], [0.169560506939888, 0.06337786465883255], [0.14646711945533752, -0.004285862203687429], [0.1556817591190338, 0.19171658158302307], [0.2625232934951782, -0.14052309095859528], [-0.006874995771795511, 0.04614856094121933]], [[-0.19722630083560944, 0.1551966816186905], [-0.3651013672351837, 0.15362252295017242], [0.05470003932714462, 0.07560394704341888], [0.03125932440161705, 0.24053461849689484], [0.12562070786952972, -0.11573870480060577], [0.1713724136352539, 0.05924220383167267], [0.13639941811561584, 0.0009462339803576469], [0.0918731763958931, 0.19274304807186127], [0.25671306252479553, -0.12480410933494568], [-0.006905782967805862, 0.04660364240407944]], [[-0.20832672715187073, 0.17134925723075867], [-0.3645811080932617, 0.15068680047988892], [0.0347280353307724, 0.08062537014484406], [0.025848209857940674, 0.22029046714305878], [0.12703703343868256, -0.11276170611381531], [0.16992539167404175, 0.05895109102129936], [0.13885809481143951, 0.0028218338266015053], [0.0907350555062294, 0.18778760731220245], [0.27212634682655334, -0.12764939665794373], [-0.004204367287456989, 0.04439264535903931]], [[-0.24007683992385864, 0.09932494163513184], [-0.37527206540107727, 0.18775638937950134], [0.033939965069293976, 0.08945527672767639], [0.02703922800719738, 0.21841971576213837], [0.1275915950536728, -0.11299856752157211], [0.1701117604970932, 0.058387767523527145], [0.13727827370166779, 0.014196856878697872], [0.09106507152318954, 0.18410378694534302], [0.2698269784450531, -0.12858864665031433], [-0.004916813224554062, 0.0510803759098053]]], "object_rotation": [[0.7042226195335388, 1.5315568447113037, 2.285069227218628, 2.267219305038452, 0.6340664625167847, 0.6179193258285522, 0.017776010558009148, 3.279876232147217, 2.0347023010253906, 2.2145817279815674], [0.7059174180030823, 1.5621610879898071, 2.29960560798645, 2.269866943359375, 0.6337779760360718, 0.6220255494117737, 0.0070531656965613365, 3.2919747829437256, 2.026583433151245, 2.2134885787963867], [0.6979714632034302, 1.5059789419174194, 2.299532413482666, 2.2715840339660645, 0.6313313245773315, 0.6212986707687378, 0.0008388827554881573, 3.3209078311920166, 2.006622314453125, 2.2148053646087646], [0.6941860914230347, 1.4428654909133911, 2.286827325820923, 2.2746405601501465, 0.6211847066879272, 0.6236488819122314, 0.004719185177236795, 3.3185791969299316, 2.0499212741851807, 2.2133030891418457], [0.5900273323059082, 1.432875156402588, 2.281475782394409, 2.275327682495117, 0.617818295955658, 0.5679080486297607, -0.0070631601847708225, 3.3191986083984375, 2.0502636432647705, 2.2133007049560547], [0.5888315439224243, 1.4261436462402344, 2.334521770477295, 2.275397300720215, 0.6148518919944763, 0.5672709345817566, 0.01286490261554718, 3.32307767868042, 2.046382188796997, 2.2113864421844482], [0.704249918460846, 1.4235588312149048, 2.3332479000091553, 2.274200677871704, 0.6069265007972717, 0.5704245567321777, 0.019596224650740623, 3.2098820209503174, 1.9923038482666016, 2.2114036083221436], [0.7843033075332642, 1.4267265796661377, 2.3311851024627686, 2.2805466651916504, 0.6373417377471924, 0.5694745779037476, 0.03827408328652382, 3.21749210357666, 2.022737503051758, 2.2126333713531494], [0.7742173671722412, 1.429273247718811, 2.3406269550323486, 2.2774314880371094, 0.6347134113311768, 0.5677692294120789, 0.03798554092645645, 3.2150685787200928, 1.955535650253296, 2.211066961288452], [0.7231530547142029, 1.4627964496612549, 2.338078737258911, 2.2789053916931152, 0.6353614926338196, 0.5681864619255066, 0.02962447702884674, 3.224268913269043, 1.9558970928192139, 2.210625648498535]],