{"eps": {"object_position": [[-0.25874361395835876, 0.11338763684034348], [-0.3607662618160248, -0.40594708919525146], [0.2664039433002472, -0.09971168637275696], [0.22964702546596527, 0.1650519073009491], [0.004572100471705198, 0.03261866793036461], [-0.07081462442874908, 0.014212963171303272], [0.07249924540519714, 0.11483919620513916], [-0.148988276720047, 0.16202232241630554], [-0.1459217071533203, 0.04562263563275337], [0.013161792419850826, -0.060568880289793015]], "object_rotation": [2.7809789180755615, 1.917399287223816, 1.9903279542922974, 1.056118130683899, 1.4519075155258179, 2.029174566268921, 1.886889934539795, 2.842406988143921, 0.9175148010253906, 3.3843345642089844], "distractor_position": [-0.635171115398407, -0.8196294903755188, -0.6802136898040771, -0.19640183448791504, -0.0783427357673645, 0.0011706352233886719, -0.40204280614852905, -1.1114145517349243, -0.8117966651916504, -0.5355603098869324]}, "eps_trace": {"object_position": [[[-0.24308714270591736, -0.10871072113513947], [4.721998266177252e-05, -0.11380020529031754], [-0.002089906483888626, 0.7431260347366333], [0.012001429684460163, 0.08779673278331757], [0.004572100471705198, 0.03261866793036461], [-0.07081462442874908, 0.014212963171303272], [0.07249924540519714, 0.11483919620513916], [-0.1610143780708313, 0.14066630601882935], [0.048092130571603775, -0.022075574845075607], [0.013161792419850826, -0.060568880289793015]], [[-0.24308714270591736, -0.10871072113513947], [4.721998266177252e-05, -0.11380020529031754], [-0.002089906483888626, 0.7431260347366333], [0.012001429684460163, 0.08779673278331757], [0.004572100471705198, 0.03261866793036461], [-0.07081462442874908, 0.014212963171303272], [0.07249924540519714, 0.11483919620513916], [-0.5058566331863403, 0.27274227142333984], [0.048092130571603775, -0.022075574845075607], [0.013161792419850826, -0.060568880289793015]], [[-0.24308714270591736, -0.10871072113513947], [4.721998266177252e-05, -0.11380020529031754], [-0.002089906483888626, 0.7431260347366333], [0.012001429684460163, 0.08779673278331757], [0.004572100471705198, 0.03261866793036461], [-0.07081462442874908, 0.014212963171303272], [0.07249924540519714, 0.11483919620513916], [-0.5058566331863403, 0.27274227142333984], [0.048092130571603775, -0.022075574845075607], [0.013161792419850826, -0.060568880289793015]], [[-0.24308714270591736, -0.10871072113513947], [0.18449008464813232, 0.007599778473377228], [-0.19503091275691986, 0.5595909357070923], [0.012001429684460163, 0.08779673278331757], [0.004572100471705198, 0.03261866793036461], [-0.07081462442874908, 0.014212963171303272], [0.07249924540519714, 0.11483919620513916], [-0.5058566331863403, 0.27274227142333984], [0.048092130571603775, -0.022075574845075607], [0.013161792419850826, -0.060568880289793015]], [[-0.24308714270591736, -0.10871072113513947], [0.18449008464813232, 0.007599778473377228], [-0.19503091275691986, 0.5595909357070923], [0.012001429684460163, 0.08779673278331757], [0.004572100471705198, 0.03261866793036461], [-0.07081462442874908, 0.014212963171303272], [0.07249924540519714, 0.11483919620513916], [0.1023302674293518, -0.23760747909545898], [0.048092130571603775, -0.022075574845075607], [0.013161792419850826, -0.060568880289793015]], [[-0.24308714270591736, -0.10871072113513947], [0.18449008464813232, 0.007599778473377228], [-0.19503091275691986, 0.5595909357070923], [0.012001429684460163, 0.08779673278331757], [0.004572100471705198, 0.03261866793036461], [-0.07081462442874908, 0.014212963171303272], [0.07249924540519714, 0.11483919620513916], [-0.148988276720047, 0.16202232241630554], [0.048092130571603775, -0.022075574845075607], [0.013161792419850826, -0.060568880289793015]], [[-0.24308714270591736, -0.10871072113513947], [0.17120513319969177, -0.04163002222776413], [0.18557237088680267, 0.3858829736709595], [0.22964702546596527, 0.1650519073009491], [0.004572100471705198, 0.03261866793036461], [-0.07081462442874908, 0.014212963171303272], [0.07249924540519714, 0.11483919620513916], [-0.148988276720047, 0.16202232241630554], [-0.1459217071533203, 0.04562263563275337], [0.013161792419850826, -0.060568880289793015]], [[0.058686763048172, 0.2039780467748642], [-0.3607662618160248, -0.40594708919525146], [0.18557237088680267, 0.3858829736709595], [0.22964702546596527, 0.1650519073009491], [0.004572100471705198, 0.03261866793036461], [-0.07081462442874908, 0.014212963171303272], [0.07249924540519714, 0.11483919620513916], [-0.148988276720047, 0.16202232241630554], [-0.1459217071533203, 0.04562263563275337], [0.013161792419850826, -0.060568880289793015]], [[-0.25874361395835876, 0.11338763684034348], [-0.3607662618160248, -0.40594708919525146], [0.18557237088680267, 0.3858829736709595], [0.22964702546596527, 0.1650519073009491], [0.004572100471705198, 0.03261866793036461], [-0.07081462442874908, 0.014212963171303272], [0.07249924540519714, 0.11483919620513916], [-0.148988276720047, 0.16202232241630554], [-0.1459217071533203, 0.04562263563275337], [0.013161792419850826, -0.060568880289793015]], [[-0.25874361395835876, 0.11338763684034348], [-0.3607662618160248, -0.40594708919525146], [0.2664039433002472, -0.09971168637275696], [0.22964702546596527, 0.1650519073009491], [0.004572100471705198, 0.03261866793036461], [-0.07081462442874908, 0.014212963171303272], [0.07249924540519714, 0.11483919620513916], [-0.148988276720047, 0.16202232241630554], [-0.1459217071533203, 0.04562263563275337], [0.013161792419850826, -0.060568880289793015]]], "object_rotation": [[2.2057764530181885, 1.8361133337020874, 1.3537541627883911, 1.007934808731079, 1.4519075155258179, 2.029174566268921, 1.886889934539795, 3.017911195755005, 1.3098117113113403, 3.3843345642089844], [2.2057764530181885, 1.8361133337020874, 1.3537541627883911, 1.007934808731079, 1.4519075155258179, 2.029174566268921, 1.886889934539795, 2.188627243041992, 1.3098117113113403, 3.3843345642089844], [2.2057764530181885, 1.8361133337020874, 1.3537541627883911, 1.007934808731079, 1.4519075155258179, 2.029174566268921, 1.886889934539795, 2.188627243041992, 1.3098117113113403, 3.3843345642089844], [2.2057764530181885, 1.6465137004852295, 1.4848564863204956, 1.007934808731079, 1.4519075155258179, 2.029174566268921, 1.886889934539795, 2.188627243041992, 1.3098117113113403, 3.3843345642089844], [2.2057764530181885, 1.6465137004852295, 1.4848564863204956, 1.007934808731079, 1.4519075155258179, 2.029174566268921, 1.886889934539795, 2.887953996658325, 1.3098117113113403, 3.3843345642089844], [2.2057764530181885, 1.6465137004852295, 1.4848564863204956, 1.007934808731079, 1.4519075155258179, 2.029174566268921, 1.886889934539795, 2.842406988143921, 1.3098117113113403, 3.3843345642089844], [2.2057764530181885, 1.7902262210845947, 1.8417251110076904, 1.056118130683899, 1.4519075155258179, 2.029174566268921, 1.886889934539795, 2.842406988143921, 0.9175148010253906, 3.3843345642089844], [2.3705437183380127, 1.917399287223816, 1.8417251110076904, 1.056118130683899, 1.4519075155258179, 2.029174566268921, 1.886889934539795, 2.842406988143921, 0.9175148010253906, 3.3843345642089844], [2.7809789180755615, 1.917399287223816, 1.8417251110076904, 1.056118130683899, 1.4519075155258179, 2.029174566268921, 1.886889934539795, 2.842406988143921, 0.9175148010253906, 3.3843345642089844], [2.7809789180755615, 1.917399287223816, 1.9903279542922974, 1.056118130683899, 1.4519075155258179, 2.029174566268921, 1.886889934539795, 2.842406988143921, 0.9175148010253906, 3.3843345642089844]],