{"eps": {"object_position": [[-0.091359943151474, -0.025411581620573997], [0.1463811993598938, 0.09344851970672607], [-0.061557337641716, 0.06378091871738434], [-0.011869620531797409, 0.03409748896956444], [-0.010476849973201752, 0.035354193300008774], [-0.03780486434698105, 0.017057884484529495], [0.020660266280174255, -0.03407339006662369], [-0.005927778780460358, 0.022612452507019043], [0.03135983645915985, -0.002287566661834717], [0.0024990453384816647, 0.00916223879903555]], "object_rotation": [2.0817768573760986, 1.8299734592437744, 1.1200004816055298, 1.087989091873169, 1.4777337312698364, 1.887081265449524, 1.848203420639038, 3.2830517292022705, 1.3462918996810913, 3.086216926574707], "distractor_position": [-0.689337968826294, -0.9007030725479126, -0.43482711911201477, -0.6733013391494751, -0.2666384279727936, -0.2596556842327118, -0.42428693175315857, -0.2770785987377167, -0.4381226897239685, -0.5366184115409851]}, "eps_trace": {"object_position": [[[-0.049003396183252335, 0.04760950058698654], [-0.021546240895986557, -0.01637076586484909], [-0.011003073304891586, -0.09125562757253647], [-0.056692373007535934, 0.027686234563589096], [-0.006337439175695181, -0.05636226758360863], [0.02314971387386322, -0.005907637067139149], [0.03790900856256485, 0.021398551762104034], [-0.05500328540802002, -0.08475697785615921], [-0.028498750180006027, 0.018034622073173523], [-0.012377575971186161, 0.025983687490224838]], [[-0.06400139629840851, -0.04903922975063324], [-0.06426569819450378, 0.022025704383850098], [0.049702178686857224, -0.01180817186832428], [-0.013525456190109253, 0.116829514503479], [0.0063843498937785625, 0.03914486989378929], [-0.05022811144590378, 0.011261754669249058], [-0.04653497040271759, -0.025895312428474426], [-0.018562454730272293, 0.00694303959608078], [0.042562369257211685, 0.0190743301063776], [0.043025337159633636, -0.03361547365784645]], [[-0.007210180163383484, 0.030841484665870667], [-0.014759130775928497, -0.06316300481557846], [-0.03858701512217522, 0.03157014399766922], [-0.03510024771094322, 0.020925134420394897], [-0.0066346595995128155, -0.05973595008254051], [0.0415474995970726, -0.011287831701338291], [0.012904748320579529, 0.0032773762941360474], [-0.009497766382992268, 0.09903262555599213], [-0.05278940871357918, 0.03972478210926056], [0.018962787464261055, 0.059077780693769455]], [[0.06382360309362411, -0.0312674380838871], [-0.004693613387644291, 0.03261208534240723], [0.039299558848142624, 0.08680444955825806], [-0.01741950772702694, 0.11865999549627304], [0.003700799774378538, 0.03336743637919426], [-0.048522427678108215, 0.01213876623660326], [0.10926269739866257, 0.025907788425683975], [-0.006812887731939554, 0.007387183606624603], [0.04294661059975624, 0.060792192816734314], [0.02923571690917015, -0.04019729420542717]], [[0.07318411022424698, 0.06675760447978973], [0.02358393743634224, 0.12323274463415146], [-0.01600584387779236, 0.02286473661661148], [-0.003877081908285618, 0.21754519641399384], [-0.005131686571985483, -0.06213746592402458], [0.04547794163227081, -0.014702332206070423], [0.02955327183008194, -0.0328667014837265], [0.014005878940224648, -0.013432769104838371], [-0.028000514954328537, -0.009369827806949615], [0.02049441635608673, 0.05912322178483009]], [[0.039953090250492096, -0.0233355313539505], [0.1166585236787796, 0.10644426196813583], [0.06356720626354218, 0.023370787501335144], [-0.001001796219497919, 0.11783551424741745], [0.007359158713370562, 0.03699865564703941], [-0.0467444509267807, 0.016695290803909302], [-0.06140168011188507, -0.04307638853788376], [-0.02281261421740055, 0.021418077871203423], [0.0376962311565876, -0.028073439374566078], [0.038585130125284195, -0.03705668821930885]], [[-0.014475930482149124, 0.0599333718419075], [0.037871383130550385, 0.16546866297721863], [-0.0296616330742836, -0.006450643762946129], [0.09718116372823715, 0.10803975909948349], [0.015416774898767471, -0.055552031844854355], [0.03920289874076843, -0.018283598124980927], [0.018890589475631714, 0.01619292050600052], [-0.015603874810039997, 0.1184781864285469], [0.017703130841255188, -0.10901404917240143], [-0.03034745529294014, 0.015757136046886444]], [[-0.05299295485019684, -0.0091848224401474], [-0.031426943838596344, 0.0975601002573967], [0.04733912646770477, -0.06989498436450958], [0.00712943822145462, 0.09041678160429001], [-0.010487908497452736, 0.03847863897681236], [-0.026926271617412567, 0.01332147791981697], [0.1008315309882164, 0.016689516603946686], [-0.0034464923664927483, 0.022522084414958954], [0.009854852221906185, -0.00940828025341034], [0.03467567637562752, 0.08575856685638428]], [[0.004290204495191574, -0.04159222170710564], [0.05682436376810074, 0.053246982395648956], [0.0038155391812324524, 0.016671843826770782], [0.0019082394428551197, -0.008274763822555542], [0.01677062176167965, -0.05298146232962608], [0.050203919410705566, -0.024930499494075775], [0.09283716231584549, -0.0503755658864975], [0.017839569598436356, -0.06577817350625992], [0.04643739387392998, -0.1009170189499855], [-0.004005037248134613, 0.01830727607011795]], [[-0.091359943151474, -0.025411581620573997], [0.1463811993598938, 0.09344851970672607], [-0.061557337641716, 0.06378091871738434], [-0.011869620531797409, 0.03409748896956444], [-0.010476849973201752, 0.035354193300008774], [-0.03780486434698105, 0.017057884484529495], [0.020660266280174255, -0.03407339006662369], [-0.005927778780460358, 0.022612452507019043], [0.03135983645915985, -0.002287566661834717], [0.0024990453384816647, 0.00916223879903555]]], "object_rotation": [[2.217133045196533, 1.839613676071167, 1.088707685470581, 1.04170560836792, 1.456708312034607, 2.019843816757202, 1.878922700881958, 3.5928080081939697, 1.2913124561309814, 3.341249942779541], [2.208756923675537, 1.8574275970458984, 1.08724045753479, 1.0301789045333862, 1.4600516557693481, 1.9962080717086792, 1.9025185108184814, 3.5854735374450684, 1.2916557788848877, 3.328441858291626], [2.1915998458862305, 1.8709590435028076, 1.0952180624008179, 1.0249714851379395, 1.4644972085952759, 1.9836000204086304, 1.8969967365264893, 3.5604922771453857, 1.2921712398529053, 3.3005623817443848], [2.1606690883636475, 1.8707557916641235, 1.0717172622680664, 1.0160781145095825, 1.4666752815246582, 1.9687975645065308, 1.8907456398010254, 3.523768901824951, 1.3114463090896606, 3.2997453212738037], [2.153679132461548, 1.8501001596450806, 1.079671859741211, 1.015987753868103, 1.471221923828125, 1.9562009572982788, 1.876901626586914, 3.4825329780578613, 1.3172672986984253, 3.2930409908294678], [2.1293294429779053, 1.855513334274292, 1.1003329753875732, 1.0202254056930542, 1.4726388454437256, 1.941689372062683, 1.8402252197265625, 3.4019522666931152, 1.3157289028167725, 3.274798631668091], [2.119201898574829, 1.844354510307312, 1.097103476524353, 1.0216261148452759, 1.4697648286819458, 1.9303016662597656, 1.834165334701538, 3.378993511199951, 1.323779582977295, 3.225212335586548], [2.1100142002105713, 1.8229299783706665, 1.095789909362793, 1.0607892274856567, 1.4724831581115723, 1.9173387289047241, 1.832169532775879, 3.3551671504974365, 1.3271942138671875, 3.195708751678467], [2.1043269634246826, 1.83305025100708, 1.1049882173538208, 1.0627130270004272, 1.4755029678344727, 1.8968071937561035, 1.8455183506011963, 3.321462869644165, 1.3409011363983154, 3.1851470470428467], [2.0817768573760986, 1.8299734592437744, 1.1200004816055298, 1.087989091873169, 1.4777337312698364, 1.887081265449524, 1.848203420639038, 3.2830517292022705, 1.3462918996810913, 3.086216926574707]],