{"eps": {"object_position": [[0.006713751703500748, -0.031892139464616776], [0.012741828337311745, -0.1055920422077179], [0.0015115030109882355, -0.14042530953884125], [0.025915568694472313, 0.0709799975156784], [-0.004842252936214209, 0.04119916632771492], [-0.0555347204208374, -0.014369231648743153], [0.05840371176600456, 0.07974164187908173], [-0.05237521603703499, -0.028810640797019005], [0.06245364248752594, -0.011280079372227192], [0.02433779463171959, -0.0811619833111763]], "object_rotation": [2.2207231521606445, 1.852031946182251, 1.0934785604476929, 1.0048203468322754, 1.44500732421875, 2.01898455619812, 1.8655167818069458, 3.5307514667510986, 1.2986552715301514, 3.358832597732544], "distractor_position": [-0.5310591459274292, -1.109330654144287, -0.6881263852119446, -0.8677424788475037, -0.09254631400108337, -0.006779244169592857, -0.42705029249191284, -0.40777090191841125, -0.6936163902282715, -0.5519341230392456]}, "eps_trace": {"object_position": [[[0.02354477532207966, -0.01628858968615532], [0.02601710520684719, -0.1209079921245575], [-0.014876722358167171, -0.18973535299301147], [0.00816552434116602, 0.08541202545166016], [0.004749900195747614, 0.033324383199214935], [-0.07252947986125946, 0.01352621242403984], [0.06896526366472244, 0.10113222897052765], [-0.0621199905872345, -0.03545635938644409], [0.048098646104335785, -0.02195548452436924], [0.018248319625854492, -0.05812745913863182]], [[0.025342850014567375, -0.015317952260375023], [0.021887142211198807, -0.11104122549295425], [-0.013761244714260101, -0.18774233758449554], [0.00670432485640049, 0.08712410926818848], [0.004925107583403587, 0.03247802332043648], [-0.06808233261108398, 0.013006933964788914], [0.06702341139316559, 0.09666801244020462], [-0.05839839577674866, -0.0365464985370636], [0.04718931019306183, -0.019645867869257927], [0.017765222117304802, -0.05810580775141716]], [[0.025043662637472153, -0.017628945410251617], [0.022160960361361504, -0.1079213097691536], [-0.01203221920877695, -0.17706982791423798], [0.007004295010119677, 0.08688291162252426], [0.005951205268502235, 0.03250381350517273], [-0.06764914095401764, 0.012835271656513214], [0.0658976137638092, 0.09307674318552017], [-0.05829924717545509, -0.03736110404133797], [0.050171639770269394, -0.015413489192724228], [0.01722755841910839, -0.058069005608558655]], [[0.024940315634012222, -0.017732156440615654], [0.02359321154654026, -0.11406499892473221], [0.0008008284494280815, -0.16624177992343903], [0.005479928106069565, 0.08856911957263947], [0.008658338338136673, 0.03205598145723343], [-0.06714510172605515, 0.012942747212946415], [0.05957615002989769, 0.09037486463785172], [-0.05804888904094696, -0.03556778281927109], [0.05731264501810074, -0.0033854208886623383], [0.01196841336786747, -0.06102137640118599]], [[0.027561767026782036, -0.020782003179192543], [0.02116246521472931, -0.10215543955564499], [-0.0028210182208567858, -0.16518546640872955], [0.005316725000739098, 0.08851203322410583], [0.008676264435052872, 0.033585213124752045], [-0.06660264730453491, 0.013040916062891483], [0.058543216437101364, 0.09043040126562119], [-0.05741478130221367, -0.035547684878110886], [0.07134073227643967, 0.002044730819761753], [0.01376193668693304, -0.05753666162490845]], [[0.018439654260873795, -0.024127759039402008], [0.019276747480034828, -0.098357655107975], [-0.006250561680644751, -0.1618238091468811], [0.005533876363188028, 0.08683696389198303], [0.005593080073595047, 0.03278495743870735], [-0.06786228716373444, 0.006713076028972864], [0.0595976859331131, 0.0874997153878212], [-0.058945175260305405, -0.035737667232751846], [0.06722648441791534, 0.004231944214552641], [0.008897962048649788, -0.06080605462193489]], [[0.008690373040735722, -0.0318324938416481], [0.019899340346455574, -0.1066531091928482], [-0.0024359168019145727, -0.16090086102485657], [0.005736384075134993, 0.0847162976861], [-0.005004615522921085, 0.04254496097564697], [-0.06769587099552155, 0.009642074815928936], [0.06228756159543991, 0.08378318697214127], [-0.057037774473428726, -0.034970249980688095], [0.0692327544093132, -0.005316804628819227], [0.008345400914549828, -0.0615883506834507]], [[0.008899865671992302, -0.0324053056538105], [0.01744621805846691, -0.10622695088386536], [-0.006993486545979977, -0.15366005897521973], [0.008178139105439186, 0.0869014635682106], [-0.004919010680168867, 0.04323820769786835], [-0.0671074166893959, 0.00950346328318119], [0.0594930425286293, 0.0807613655924797], [-0.05767039209604263, -0.03435768559575081], [0.06871536374092102, -0.004740216303616762], [0.010247119702398777, -0.05904185026884079]], [[0.006708462722599506, -0.031865812838077545], [0.024500379338860512, -0.10065184533596039], [-0.005860873032361269, -0.1513308435678482], [0.0070894150994718075, 0.08647263795137405], [-0.004787859506905079, 0.04323149845004082], [-0.06706783920526505, -0.004936326295137405], [0.05908884480595589, 0.08078055083751678], [-0.05321645736694336, -0.02692783996462822], [0.06133890897035599, -0.008848991245031357], [0.02642323449254036, -0.08293195813894272]], [[0.006713751703500748, -0.031892139464616776], [0.012741828337311745, -0.1055920422077179], [0.0015115030109882355, -0.14042530953884125], [0.025915568694472313, 0.0709799975156784], [-0.004842252936214209, 0.04119916632771492], [-0.0555347204208374, -0.014369231648743153], [0.05840371176600456, 0.07974164187908173], [-0.05237521603703499, -0.028810640797019005], [0.06245364248752594, -0.011280079372227192], [0.02433779463171959, -0.0811619833111763]]], "object_rotation": [[2.224170446395874, 1.8450391292572021, 1.0725396871566772, 1.010454535484314, 1.452292799949646, 2.028866767883301, 1.8870999813079834, 3.53033447265625, 1.3097532987594604, 3.3848378658294678], [2.2251901626586914, 1.8481734991073608, 1.070259928703308, 1.0090892314910889, 1.4510774612426758, 2.030308246612549, 1.889384388923645, 3.52771258354187, 1.3100770711898804, 3.3846898078918457], [2.222985029220581, 1.8480567932128906, 1.0646706819534302, 1.0083396434783936, 1.4509904384613037, 2.0292813777923584, 1.884894609451294, 3.5273070335388184, 1.3088808059692383, 3.3849892616271973], [2.2229719161987305, 1.8475898504257202, 1.0671355724334717, 1.007569432258606, 1.4499460458755493, 2.029231309890747, 1.8702023029327393, 3.52746319770813, 1.3030484914779663, 3.3845860958099365], [2.2270267009735107, 1.8437864780426025, 1.0681387186050415, 1.0069923400878906, 1.4505031108856201, 2.029153347015381, 1.8696616888046265, 3.527618885040283, 1.2984912395477295, 3.383409261703491], [2.215761184692383, 1.8369393348693848, 1.0694754123687744, 1.0102930068969727, 1.4512543678283691, 2.0316741466522217, 1.8669477701187134, 3.5272371768951416, 1.3036123514175415, 3.3831849098205566], [2.2197952270507812, 1.8391879796981812, 1.0700931549072266, 1.014626145362854, 1.4404261112213135, 2.0255110263824463, 1.8664065599441528, 3.5276994705200195, 1.305469274520874, 3.3826205730438232], [2.220057725906372, 1.8413852453231812, 1.0733567476272583, 1.0144740343093872, 1.4398777484893799, 2.0260043144226074, 1.8645206689834595, 3.5273804664611816, 1.3059111833572388, 3.3844926357269287], [2.2206873893737793, 1.8441460132598877, 1.0799064636230469, 1.0199848413467407, 1.439911127090454, 2.0204033851623535, 1.864495038986206, 3.525344133377075, 1.3034414052963257, 3.36405611038208], [2.2207231521606445, 1.852031946182251, 1.0934785604476929, 1.0048203468322754, 1.44500732421875, 2.01898455619812, 1.8655167818069458, 3.5307514667510986, 1.2986552715301514, 3.358832597732544]],