{"eps": {"object_position": [[-0.08694466203451157, 0.0245414599776268], [0.0007517089834436774, 0.02428106591105461], [0.17872630059719086, 0.09838749468326569], [0.03133227303624153, 0.037605028599500656], [0.08710522949695587, 0.05371280014514923], [-0.05345097556710243, 0.059291042387485504], [0.296980619430542, 0.026801424100995064], [-0.013963213190436363, -0.10405150055885315], [-0.017534874379634857, -0.10675167292356491], [-0.10544414818286896, 0.14786431193351746]], "object_rotation": [1.7970547676086426, 3.036731719970703, 2.2215261459350586, 0.982283890247345, 2.2966067790985107, 2.03497314453125, 2.3997690677642822, 0.5623090863227844, 1.7965396642684937, 1.3128230571746826], "distractor_position": [-0.3680257797241211, 0.0646873414516449, -1.5658574104309082, -0.8601951003074646, -0.16688954830169678, 0.1625422239303589, 0.1060207411646843, -0.4990190267562866, -0.7969827651977539, -0.7745128870010376]}, "eps_trace": {"object_position": [[[-0.12421061098575592, 0.039077430963516235], [-0.005242903716862202, 0.025859011337161064], [0.16923320293426514, 0.11167626082897186], [0.02664303220808506, 0.061491645872592926], [0.09471917152404785, 0.052317142486572266], [-0.0949716866016388, 0.06410308927297592], [0.3215288519859314, 0.022656003013253212], [-0.0087881525978446, -0.15814603865146637], [3.941560862585902e-05, -0.09777579456567764], [-0.14558200538158417, 0.17168959975242615]], [[-0.12221071124076843, 0.03442663699388504], [0.00011993711814284325, 0.028536055237054825], [0.16781987249851227, 0.10988041013479233], [0.027022065594792366, 0.05723060667514801], [0.09474153816699982, 0.05230334773659706], [-0.09446131438016891, 0.06452220678329468], [0.31984221935272217, 0.018743742257356644], [-0.008979173377156258, -0.1583985835313797], [-8.744699880480766e-05, -0.0972016453742981], [-0.14688025414943695, 0.17139999568462372]], [[-0.11517492681741714, 0.03265497833490372], [-0.0005305120721459389, 0.02855314500629902], [0.17896701395511627, 0.1029711440205574], [0.027349798008799553, 0.057772427797317505], [0.09407465159893036, 0.05039665848016739], [-0.08312146365642548, 0.0670701339840889], [0.30777454376220703, 0.02721225470304489], [-0.010764430277049541, -0.15561014413833618], [0.0009959631133824587, -0.09729138016700745], [-0.14649169147014618, 0.16686923801898956]], [[-0.11778642237186432, 0.030652666464447975], [0.00010460469638928771, 0.028635185211896896], [0.1723918467760086, 0.09801094979047775], [0.027591006830334663, 0.05763843655586243], [0.09131233394145966, 0.050361037254333496], [-0.08012358099222183, 0.06427226960659027], [0.30705612897872925, 0.024013929069042206], [-0.011360772885382175, -0.15456277132034302], [-0.00129646435379982, -0.09559153020381927], [-0.1117357462644577, 0.17899742722511292]], [[-0.11626328527927399, 0.032453060150146484], [0.003950012382119894, 0.027186375111341476], [0.15540871024131775, 0.10514404624700546], [0.029750261455774307, 0.049669355154037476], [0.09140567481517792, 0.051300566643476486], [-0.07944884896278381, 0.06334753334522247], [0.3057306408882141, 0.028320791199803352], [-0.0013600941747426987, -0.14075583219528198], [-0.009238461032509804, -0.10423282533884048], [-0.10180525481700897, 0.16990910470485687]], [[-0.11141747236251831, 0.03317127749323845], [0.0031836971174925566, 0.026569640263915062], [0.16183796525001526, 0.10244972258806229], [0.028900831937789917, 0.04867913946509361], [0.09140432626008987, 0.051253195852041245], [-0.07651330530643463, 0.06410763412714005], [0.3037564754486084, 0.029710672795772552], [-0.006164010614156723, -0.13174274563789368], [-0.01615709438920021, -0.1142098605632782], [-0.10884428024291992, 0.16467143595218658]], [[-0.11488062143325806, 0.02556450292468071], [0.003192757023498416, 0.02656763419508934], [0.17472383379936218, 0.10094452649354935], [0.03156315162777901, 0.045337777584791183], [0.09109766781330109, 0.051050830632448196], [-0.0764174535870552, 0.06407589465379715], [0.3008388876914978, 0.029060566797852516], [-0.0064626834355294704, -0.12556472420692444], [-0.01351132057607174, -0.10948392003774643], [-0.10993040353059769, 0.1628352552652359]], [[-0.11494520306587219, 0.025270117446780205], [0.0010846499353647232, 0.024877332150936127], [0.16541548073291779, 0.10144934058189392], [0.03165087848901749, 0.04517977312207222], [0.09104299545288086, 0.05116218328475952], [-0.0707344189286232, 0.06696086376905441], [0.3014782667160034, 0.02711481973528862], [-0.006384493317455053, -0.12545552849769592], [-0.013827648013830185, -0.10707896947860718], [-0.10789862275123596, 0.16259129345417023]], [[-0.10982377827167511, 0.029460053890943527], [0.0007932973094284534, 0.024722935631871223], [0.1646580696105957, 0.10125269740819931], [0.030845796689391136, 0.03767786920070648], [0.08935678750276566, 0.052851397544145584], [-0.06753284484148026, 0.06427651643753052], [0.2983267605304718, 0.023855406790971756], [-0.011499314568936825, -0.10898248851299286], [-0.011412102729082108, -0.08822686225175858], [-0.10031025856733322, 0.1640160083770752]], [[-0.08694466203451157, 0.0245414599776268], [0.0007517089834436774, 0.02428106591105461], [0.17872630059719086, 0.09838749468326569], [0.03133227303624153, 0.037605028599500656], [0.08710522949695587, 0.05371280014514923], [-0.05345097556710243, 0.059291042387485504], [0.296980619430542, 0.026801424100995064], [-0.013963213190436363, -0.10405150055885315], [-0.017534874379634857, -0.10675167292356491], [-0.10544414818286896, 0.14786431193351746]]], "object_rotation": [[1.7960997819900513, 3.04341197013855, 2.1883468627929688, 0.9764573574066162, 2.2991886138916016, 2.0294158458709717, 2.407688617706299, 0.577872633934021, 1.756840705871582, 1.2920993566513062], [1.790519118309021, 3.041891098022461, 2.1914844512939453, 0.9737908244132996, 2.2991132736206055, 2.0303239822387695, 2.406160831451416, 0.5774898529052734, 1.756420373916626, 1.2970367670059204], [1.7924379110336304, 3.0417895317077637, 2.1958258152008057, 0.9730135798454285, 2.2974374294281006, 2.0239710807800293, 2.387382984161377, 0.5758774876594543, 1.7582117319107056, 1.3025768995285034], [1.7944029569625854, 3.0407674312591553, 2.1930623054504395, 0.9738298058509827, 2.298395872116089, 2.0279104709625244, 2.3873302936553955, 0.5779845118522644, 1.7691649198532104, 1.3208938837051392], [1.7935168743133545, 3.039006471633911, 2.186154365539551, 0.976515531539917, 2.297982692718506, 2.028524160385132, 2.390220880508423, 0.56478351354599, 1.7710562944412231, 1.3293617963790894], [1.7939733266830444, 3.0387909412384033, 2.1915109157562256, 0.9756988883018494, 2.2980871200561523, 2.02846360206604, 2.3985676765441895, 0.5634685158729553, 1.7695794105529785, 1.3280682563781738], [1.7954622507095337, 3.0387797355651855, 2.2094736099243164, 0.977545440196991, 2.2965922355651855, 2.0284039974212646, 2.3993000984191895, 0.5636796355247498, 1.778726577758789, 1.3262676000595093], [1.7954466342926025, 3.0362112522125244, 2.2091236114501953, 0.9777337908744812, 2.296698808670044, 2.026418924331665, 2.3986198902130127, 0.5637564063072205, 1.7813334465026855, 1.3229804039001465], [1.7938898801803589, 3.036388397216797, 2.2117741107940674, 0.9825067520141602, 2.2983739376068115, 2.0312647819519043, 2.3957159519195557, 0.5640872120857239, 1.7773922681808472, 1.3194105625152588], [1.7970547676086426, 3.036731719970703, 2.2215261459350586, 0.982283890247345, 2.2966067790985107, 2.03497314453125, 2.3997690677642822, 0.5623090863227844, 1.7965396642684937, 1.3128230571746826]],