{"eps": {"drone_state": [[-10.159090042114258, -0.04209639132022858, 1.142120361328125, -0.05006673187017441], [-9.919734001159668, 0.17413070797920227, 0.9916569590568542, 0.11343291401863098], [-10.133279800415039, 0.1643226444721222, 1.0727144479751587, -0.11105551570653915], [-10.051711082458496, -0.04012545198202133, 0.982135534286499, -0.07754242420196533], [-9.787882804870605, 0.049057528376579285, 0.9153544902801514, -0.11818695068359375]], "tree_locations": [[[-6.688497543334961, 3.974214553833008], [-4.7784528732299805, -3.2459380626678467], [-1.5787019729614258, -0.1719050407409668], [-7.894806385040283, 2.2982704639434814], [-6.245823383331299, -2.649977922439575]], [[-2.816347122192383, 1.6324543952941895], [-2.207721710205078, -3.566749334335327], [-6.174401760101318, 0.3703824281692505], [-3.4894163608551025, 2.8183181285858154], [-4.498933792114258, 0.7140669822692871]], [[-4.065316677093506, -2.278156280517578], [-2.967308759689331, 2.506450653076172], [-1.3788567781448364, 2.5956385135650635], [-2.4080042839050293, -2.5515127182006836], [-3.134237051010132, 1.180799961090088]], [[-3.7193565368652344, 3.410294771194458], [-3.684519052505493, 3.0869193077087402], [-3.3240551948547363, 2.444869041442871], [-2.5206217765808105, 0.20626017451286316], [-7.134446620941162, 2.379765272140503]], [[-5.092404365539551, 2.8680310249328613], [-7.073314189910889, 2.892591953277588], [-2.0386486053466797, -0.3747621774673462], [-1.7670499086380005, 3.16597056388855], [-5.55130672454834, 3.20701003074646]]], "tree_velocities": [[[0.06108966842293739, -0.12314645200967789], [0.0833074077963829, -0.035720132291316986], [-0.07333782315254211, 0.08974459767341614], [0.3047744333744049, -0.15161538124084473], [0.01610187068581581, -0.05819996818900108]], [[-0.0666159987449646, -0.009762164205312729], [0.10630306601524353, -0.10815277695655823], [0.0717131718993187, -0.19605378806591034], [-0.7662694454193115, 0.16727067530155182], [0.3199729323387146, -0.13315632939338684]], [[-0.003605525940656662, -0.06822999566793442], [-0.05228002369403839, -0.28916770219802856], [-0.10375908017158508, -0.11492638289928436], [-0.04579220712184906, 0.11685564368963242], [0.1900213062763214, 0.2744557559490204]], [[-0.22700566053390503, -0.1471555382013321], [0.3665989935398102, -0.03929120674729347], [-0.089927539229393, -0.23216032981872559], [0.22680214047431946, -0.03461868688464165], [-0.36217331886291504, 0.09144005179405212]], [[0.24771904945373535, 0.14367572963237762], [-0.04210458695888519, 0.13034062087535858], [0.035521261394023895, -0.2308681160211563], [-0.2822839617729187, -0.2520706355571747], [0.2692776322364807, 0.07317738980054855]]], "wind_speed": [[0.007696817629039288, -0.08564011007547379], [-0.09386876225471497, -0.09181660413742065], [-0.09521830081939697, -0.23138700425624847], [0.055653706192970276, -0.17686733603477478], [-0.14063677191734314, 0.05435671657323837]]}, "eps_trace": {"drone_state": [[[-10.04647445678711, 0.12911434471607208, 0.9787676334381104, -0.009340417571365833], [-10.014711380004883, 0.017554588615894318, 1.1023311614990234, 0.035569652915000916], [-10.006193161010742, 0.11996638029813766, 0.8267708420753479, 0.19887688755989075], [-10.175211906433105, 0.19748443365097046, 1.0720734596252441, -0.053502507507801056], [-9.924044609069824, 0.11800199747085571, 0.985024094581604, 0.3236956298351288]], [[-10.04647445678711, 0.12911434471607208, 0.9787676334381104, -0.009340417571365833], [-10.014711380004883, 0.017554588615894318, 1.1023311614990234, 0.035569652915000916], [-10.070737838745117, 0.15850821137428284, 0.9574622511863708, 0.19981004297733307], [-10.175211906433105, 0.19748443365097046, 1.0720734596252441, -0.053502507507801056], [-9.924044609069824, 0.11800199747085571, 0.985024094581604, 0.3236956298351288]], [[-10.159090042114258, -0.04209639132022858, 1.142120361328125, -0.05006673187017441], [-10.0253267288208, 0.14036697149276733, 0.9867314100265503, 0.15593567490577698], [-10.133279800415039, 0.1643226444721222, 1.0727144479751587, -0.11105551570653915], [-10.175211906433105, 0.19748443365097046, 1.0720734596252441, -0.053502507507801056], [-9.924044609069824, 0.11800199747085571, 0.985024094581604, 0.3236956298351288]], [[-10.159090042114258, -0.04209639132022858, 1.142120361328125, -0.05006673187017441], [-9.919734001159668, 0.17413070797920227, 0.9916569590568542, 0.11343291401863098], [-10.133279800415039, 0.1643226444721222, 1.0727144479751587, -0.11105551570653915], [-10.029349327087402, -0.04959483444690704, 1.047842025756836, -0.028712883591651917], [-9.924044609069824, 0.11800199747085571, 0.985024094581604, 0.3236956298351288]], [[-10.159090042114258, -0.04209639132022858, 1.142120361328125, -0.05006673187017441], [-9.919734001159668, 0.17413070797920227, 0.9916569590568542, 0.11343291401863098], [-10.133279800415039, 0.1643226444721222, 1.0727144479751587, -0.11105551570653915], [-10.051711082458496, -0.04012545198202133, 0.982135534286499, -0.07754242420196533], [-9.787882804870605, 0.049057528376579285, 0.9153544902801514, -0.11818695068359375]]],