{"eps": {"object_position": [[0.11720922589302063, -0.28840166330337524], [-0.00524573540315032, 0.025854436680674553], [0.16211102902889252, 0.10421331971883774], [0.028584832325577736, 0.06397157907485962], [0.09472080320119858, 0.05229770764708519], [0.18337377905845642, 0.04991026222705841], [-0.09851348400115967, -0.22191058099269867], [0.18473029136657715, -0.15323632955551147], [-0.07028179615736008, -0.16120636463165283], [-0.18587873876094818, -0.5771679878234863]], "object_rotation": [1.7683156728744507, 3.043440103530884, 2.1793570518493652, 0.9754353165626526, 2.2990336418151855, 1.908584713935852, 1.9592416286468506, -0.162795752286911, 2.0317835807800293, 1.791222333908081], "distractor_position": [0.042111098766326904, 0.0772046446800232, -1.560807704925537, -0.870551586151123, -0.1697022020816803, -0.3072666823863983, 0.43666917085647583, -0.3634381890296936, -0.4587278366088867, -0.15244245529174805]}, "eps_trace": {"object_position": [[[-0.12769824266433716, 0.03637128695845604], [-0.00524573540315032, 0.025854436680674553], [0.16211102902889252, 0.10421331971883774], [0.028584832325577736, 0.06397157907485962], [0.09472080320119858, 0.05229770764708519], [-0.11045493930578232, 0.04641828313469887], [0.33385947346687317, 0.022596556693315506], [-0.01610395312309265, -0.16716620326042175], [0.0005254731513559818, -0.09479942917823792], [-0.13928614556789398, 0.17603351175785065]], [[-0.12769824266433716, 0.03637128695845604], [-0.00524573540315032, 0.025854436680674553], [0.16211102902889252, 0.10421331971883774], [0.028584832325577736, 0.06397157907485962], [0.09472080320119858, 0.05229770764708519], [-0.11045493930578232, 0.04641828313469887], [-0.3371311128139496, 0.16008903086185455], [-0.3466094136238098, -0.1288653463125229], [0.0005254731513559818, -0.09479942917823792], [-0.13928614556789398, 0.17603351175785065]], [[-0.12769824266433716, 0.03637128695845604], [-0.00524573540315032, 0.025854436680674553], [0.16211102902889252, 0.10421331971883774], [0.028584832325577736, 0.06397157907485962], [0.09472080320119858, 0.05229770764708519], [-0.11045493930578232, 0.04641828313469887], [-0.3371311128139496, 0.16008903086185455], [-0.3466094136238098, -0.1288653463125229], [0.0005254731513559818, -0.09479942917823792], [-0.18587873876094818, -0.5771679878234863]], [[-0.12769824266433716, 0.03637128695845604], [-0.00524573540315032, 0.025854436680674553], [0.16211102902889252, 0.10421331971883774], [0.028584832325577736, 0.06397157907485962], [0.09472080320119858, 0.05229770764708519], [-0.11045493930578232, 0.04641828313469887], [-0.09851348400115967, -0.22191058099269867], [-0.3466094136238098, -0.1288653463125229], [-0.07028179615736008, -0.16120636463165283], [-0.18587873876094818, -0.5771679878234863]], [[-0.12769824266433716, 0.03637128695845604], [-0.00524573540315032, 0.025854436680674553], [0.16211102902889252, 0.10421331971883774], [0.028584832325577736, 0.06397157907485962], [0.09472080320119858, 0.05229770764708519], [0.043165646493434906, 0.24306099116802216], [-0.09851348400115967, -0.22191058099269867], [-0.3466094136238098, -0.1288653463125229], [-0.07028179615736008, -0.16120636463165283], [-0.18587873876094818, -0.5771679878234863]], [[0.11720922589302063, -0.28840166330337524], [-0.00524573540315032, 0.025854436680674553], [0.16211102902889252, 0.10421331971883774], [0.028584832325577736, 0.06397157907485962], [0.09472080320119858, 0.05229770764708519], [0.043165646493434906, 0.24306099116802216], [-0.09851348400115967, -0.22191058099269867], [-0.3466094136238098, -0.1288653463125229], [-0.07028179615736008, -0.16120636463165283], [-0.18587873876094818, -0.5771679878234863]], [[0.11720922589302063, -0.28840166330337524], [-0.00524573540315032, 0.025854436680674553], [0.16211102902889252, 0.10421331971883774], [0.028584832325577736, 0.06397157907485962], [0.09472080320119858, 0.05229770764708519], [0.043165646493434906, 0.24306099116802216], [-0.09851348400115967, -0.22191058099269867], [-0.3466094136238098, -0.1288653463125229], [-0.07028179615736008, -0.16120636463165283], [-0.18587873876094818, -0.5771679878234863]], [[0.11720922589302063, -0.28840166330337524], [-0.00524573540315032, 0.025854436680674553], [0.16211102902889252, 0.10421331971883774], [0.028584832325577736, 0.06397157907485962], [0.09472080320119858, 0.05229770764708519], [0.18337377905845642, 0.04991026222705841], [-0.09851348400115967, -0.22191058099269867], [0.18473029136657715, -0.15323632955551147], [-0.07028179615736008, -0.16120636463165283], [-0.18587873876094818, -0.5771679878234863]], [[0.11720922589302063, -0.28840166330337524], [-0.00524573540315032, 0.025854436680674553], [0.16211102902889252, 0.10421331971883774], [0.028584832325577736, 0.06397157907485962], [0.09472080320119858, 0.05229770764708519], [0.18337377905845642, 0.04991026222705841], [-0.09851348400115967, -0.22191058099269867], [0.18473029136657715, -0.15323632955551147], [-0.07028179615736008, -0.16120636463165283], [-0.18587873876094818, -0.5771679878234863]], [[0.11720922589302063, -0.28840166330337524], [-0.00524573540315032, 0.025854436680674553], [0.16211102902889252, 0.10421331971883774], [0.028584832325577736, 0.06397157907485962], [0.09472080320119858, 0.05229770764708519], [0.18337377905845642, 0.04991026222705841], [-0.09851348400115967, -0.22191058099269867], [0.18473029136657715, -0.15323632955551147], [-0.07028179615736008, -0.16120636463165283], [-0.18587873876094818, -0.5771679878234863]]], "object_rotation": [[1.8014700412750244, 3.043440103530884, 2.1793570518493652, 0.9754353165626526, 2.2990336418151855, 2.02453875541687, 2.3945438861846924, 0.5842469930648804, 1.7516155242919922, 1.2847301959991455], [1.8014700412750244, 3.043440103530884, 2.1793570518493652, 0.9754353165626526, 2.2990336418151855, 2.02453875541687, 2.4904165267944336, 0.11028292775154114, 1.7516155242919922, 1.2847301959991455], [1.8014700412750244, 3.043440103530884, 2.1793570518493652, 0.9754353165626526, 2.2990336418151855, 2.02453875541687, 2.4904165267944336, 0.11028292775154114, 1.7516155242919922, 1.791222333908081], [1.8014700412750244, 3.043440103530884, 2.1793570518493652, 0.9754353165626526, 2.2990336418151855, 2.02453875541687, 1.9592416286468506, 0.11028292775154114, 2.0317835807800293, 1.791222333908081], [1.8014700412750244, 3.043440103530884, 2.1793570518493652, 0.9754353165626526, 2.2990336418151855, 2.362539291381836, 1.9592416286468506, 0.11028292775154114, 2.0317835807800293, 1.791222333908081], [1.7683156728744507, 3.043440103530884, 2.1793570518493652, 0.9754353165626526, 2.2990336418151855, 2.362539291381836, 1.9592416286468506, 0.11028292775154114, 2.0317835807800293, 1.791222333908081], [1.7683156728744507, 3.043440103530884, 2.1793570518493652, 0.9754353165626526, 2.2990336418151855, 2.362539291381836, 1.9592416286468506, 0.11028292775154114, 2.0317835807800293, 1.791222333908081], [1.7683156728744507, 3.043440103530884, 2.1793570518493652, 0.9754353165626526, 2.2990336418151855, 1.908584713935852, 1.9592416286468506, -0.162795752286911, 2.0317835807800293, 1.791222333908081], [1.7683156728744507, 3.043440103530884, 2.1793570518493652, 0.9754353165626526, 2.2990336418151855, 1.908584713935852, 1.9592416286468506, -0.162795752286911, 2.0317835807800293, 1.791222333908081], [1.7683156728744507, 3.043440103530884, 2.1793570518493652, 0.9754353165626526, 2.2990336418151855, 1.908584713935852, 1.9592416286468506, -0.162795752286911, 2.0317835807800293, 1.791222333908081]],