{"eps": {"object_position": [[-0.08000320196151733, -0.2164541631937027], [-0.020864255726337433, 0.21561691164970398], [0.0948488861322403, 0.007447357289493084], [0.0066939787939190865, -0.19199904799461365], [-0.001164829358458519, 0.07065148651599884], [-0.047837138175964355, -0.1551964282989502], [0.061334338039159775, -0.0036841537803411484], [0.000905951950699091, -0.0002811322920024395], [0.13680867850780487, -0.06389669328927994], [-0.03691616654396057, -0.10736773163080215]], "object_rotation": [2.9290823936462402, 1.6614893674850464, 2.168710470199585, 2.346735715866089, 2.3767409324645996, 1.038650393486023, 0.2902546525001526, 1.1239306926727295, 1.148722767829895, 3.3292489051818848], "distractor_position": [-0.4482843279838562, -0.7558593153953552, -0.15638212859630585, -0.37448158860206604, -0.4139922559261322, -0.5540006756782532, -0.03577432036399841, 0.227202907204628, -0.6569979786872864, -0.39824068546295166]}, "eps_trace": {"object_position": [[[-0.06659595668315887, -0.17218871414661407], [-0.059807825833559036, 0.1777637004852295], [0.09237506240606308, 0.009176475927233696], [0.029706401750445366, -0.1873386949300766], [-0.06277327984571457, 0.003049471415579319], [-0.05792398378252983, -0.011158717796206474], [-0.03896902874112129, 0.08269539475440979], [0.0012610978446900845, -0.002918509766459465], [-0.11408357322216034, 0.12015494704246521], [-0.0665355697274208, -0.1265174150466919]], [[-0.06758663058280945, -0.17026224732398987], [-0.032459866255521774, 0.15635152161121368], [0.09214472770690918, 0.009128049947321415], [0.02749324031174183, -0.18465419113636017], [-0.06614530086517334, -0.010080613195896149], [-0.060800980776548386, -0.009110629558563232], [-0.0281970351934433, 0.07870226353406906], [0.00017235532868653536, -0.0034039628226310015], [0.034088343381881714, 0.045886144042015076], [-0.06627807021141052, -0.1265476644039154]], [[-0.09974490106105804, -0.23868891596794128], [-0.03101496770977974, 0.1766127049922943], [0.09682487696409225, 0.015104277059435844], [0.02759500965476036, -0.18552641570568085], [-0.025562837719917297, 0.02221725881099701], [-0.10184570401906967, -0.02284323424100876], [-0.030621029436588287, 0.08028654009103775], [-0.00231042318046093, -0.007302716374397278], [0.03806976228952408, 0.03760678693652153], [-0.0677948072552681, -0.1264762580394745]], [[-0.09790883213281631, -0.24003395438194275], [-0.05678316205739975, 0.1672196090221405], [0.10121575742959976, 0.018579410389065742], [0.02883933112025261, -0.1836708039045334], [-0.02277517132461071, 0.02432882785797119], [0.14340147376060486, 0.0014091189950704575], [-0.025000493973493576, 0.08435352146625519], [-0.0010837748413905501, -0.007790898438543081], [0.034311942756175995, 0.05381283164024353], [-0.06681825965642929, -0.12823517620563507]], [[-0.0894479900598526, -0.233669713139534], [-0.08399079740047455, 0.1643117517232895], [0.10031656175851822, 0.020531704649329185], [0.030954506248235703, -0.1826169192790985], [-0.005397077649831772, 0.025612281635403633], [0.13529770076274872, -0.00042385864071547985], [-0.024837074801325798, 0.08465839177370071], [0.0008164392784237862, -0.007294971030205488], [-0.029133044183254242, 0.04431391879916191], [-0.04973845183849335, -0.11827292293310165]], [[-0.08957930654287338, -0.2330988198518753], [0.021524593234062195, 0.16993366181850433], [0.0964423418045044, 0.02083609439432621], [0.03277427703142166, -0.18252313137054443], [-0.003736038226634264, 0.024615323171019554], [0.07536931335926056, -0.09278874099254608], [-0.024749768897891045, 0.08392278105020523], [-0.00025778147391974926, -0.005590901244431734], [0.03803133964538574, 0.07867401838302612], [-0.050445105880498886, -0.10287728905677795]], [[-0.08822787553071976, -0.21487592160701752], [0.014695921912789345, 0.1743101179599762], [0.09431268274784088, 0.008291997946798801], [0.017720788717269897, -0.17191937565803528], [0.0019080140627920628, 0.03866809606552124], [0.08364249765872955, -0.018774911761283875], [-0.024260615929961205, 0.05613291263580322], [0.004121463745832443, -0.0077347951009869576], [0.10763706266880035, -0.05296677350997925], [-0.0482926070690155, -0.0980827808380127]], [[-0.08256344497203827, -0.21507258713245392], [-0.008361013606190681, 0.1915362924337387], [0.09430959075689316, 0.00862725917249918], [0.01372150331735611, -0.17370232939720154], [-0.010717444121837616, 0.05901239067316055], [0.08084118366241455, -0.006357473321259022], [0.035254135727882385, -0.01908651739358902], [0.0037429200019687414, -0.007785412948578596], [0.14180050790309906, -0.0749363899230957], [-0.04412347450852394, -0.09298954159021378]], [[-0.08254972100257874, -0.2150890976190567], [-0.00820573978126049, 0.1943337619304657], [0.0943366140127182, 0.008648909628391266], [0.014127654023468494, -0.17325904965400696], [-0.008651068434119225, 0.04492341727018356], [0.08237515389919281, -0.013564541935920715], [0.033715903759002686, -0.018299099057912827], [0.003032715991139412, -0.006317259278148413], [0.1361815631389618, -0.06490349769592285], [-0.03628794848918915, -0.10775485634803772]], [[-0.08000320196151733, -0.2164541631937027], [-0.020864255726337433, 0.21561691164970398], [0.0948488861322403, 0.007447357289493084], [0.0066939787939190865, -0.19199904799461365], [-0.001164829358458519, 0.07065148651599884], [-0.047837138175964355, -0.1551964282989502], [0.061334338039159775, -0.0036841537803411484], [0.000905951950699091, -0.0002811322920024395], [0.13680867850780487, -0.06389669328927994], [-0.03691616654396057, -0.10736773163080215]]], "object_rotation": [[3.0108144283294678, 1.5823171138763428, 2.1935079097747803, 2.3625454902648926, 2.3474953174591064, 0.9743301272392273, 0.16678354144096375, 1.1199231147766113, 1.326170563697815, 3.3304636478424072], [3.0107011795043945, 1.6390901803970337, 2.193566083908081, 2.359318733215332, 2.3943164348602295, 0.964356005191803, 0.16138455271720886, 1.1160012483596802, 1.211361050605774, 3.3301796913146973], [2.9555537700653076, 1.6310205459594727, 2.1729044914245605, 2.3604798316955566, 2.450347423553467, 0.8930224180221558, 0.16053543984889984, 1.1138914823532104, 1.22236967086792, 3.329585075378418], [2.9526309967041016, 1.6409461498260498, 2.1663191318511963, 2.361818313598633, 2.4447758197784424, 0.9637046456336975, 0.16544459760189056, 1.1187702417373657, 1.2363648414611816, 3.328366994857788], [2.935875654220581, 1.633136510848999, 2.168544292449951, 2.361436605453491, 2.4346437454223633, 0.9641293883323669, 0.16563446819782257, 1.1199289560317993, 1.2224398851394653, 3.3292064666748047], [2.936983108520508, 1.5483362674713135, 2.169492483139038, 2.362644910812378, 2.434751272201538, 0.9759781360626221, 0.1706671267747879, 1.1211175918579102, 1.1427900791168213, 3.331812858581543], [2.93408465385437, 1.5463513135910034, 2.169452667236328, 2.351057529449463, 2.4363811016082764, 0.9590432643890381, 0.1757114976644516, 1.1269031763076782, 1.171990156173706, 3.3347411155700684], [2.9298818111419678, 1.5274052619934082, 2.169346332550049, 2.3483901023864746, 2.4164202213287354, 0.9539692401885986, 0.2919653356075287, 1.1264508962631226, 1.1588510274887085, 3.330239772796631], [2.929849147796631, 1.67057466506958, 2.1686806678771973, 2.3486979007720947, 2.404197931289673, 0.963793933391571, 0.2943985164165497, 1.1254884004592896, 1.1469711065292358, 3.330653429031372], [2.9290823936462402, 1.6614893674850464, 2.168710470199585, 2.346735715866089, 2.3767409324645996, 1.038650393486023, 0.2902546525001526, 1.1239306926727295, 1.148722767829895, 3.3292489051818848]],