{"eps": {"object_position": [[-0.04022813215851784, -0.11872413009405136], [-0.22470253705978394, 0.04413646459579468], [0.08363332599401474, 0.014312639832496643], [0.029696185141801834, -0.18734681606292725], [0.11313833296298981, -0.20866985619068146], [-0.05314295366406441, -0.01650015078485012], [-0.2845768630504608, 0.22965319454669952], [0.06750912964344025, -0.018217936158180237], [0.12067630887031555, -0.2515547275543213], [0.0721551701426506, -0.21720841526985168]], "object_rotation": [3.960494041442871, 0.9067676663398743, 2.1857800483703613, 2.3626368045806885, 1.9041848182678223, 0.9657036662101746, 1.4976876974105835, 0.8680087327957153, 1.11381995677948, 3.7506186962127686], "distractor_position": [0.1469743847846985, -0.4395638704299927, -0.2516682744026184, -0.3806454837322235, 0.15841646492481232, -0.42329853773117065, 0.06257595121860504, -0.003970876336097717, -0.7611607313156128, -1.6134718656539917]}, "eps_trace": {"object_position": [[[-0.029091879725456238, -0.11895976215600967], [-0.03491157293319702, 0.3356824815273285], [0.08363332599401474, 0.014312639832496643], [0.029696185141801834, -0.18734681606292725], [-0.061942677944898605, -0.013817940838634968], [-0.05314295366406441, -0.01650015078485012], [-0.03876570239663124, 0.04178474470973015], [-0.0003246538108214736, 0.007712879218161106], [0.037426646798849106, -0.08399759232997894], [-0.054440777748823166, -0.0018072841921821237]], [[-0.029091879725456238, -0.11895976215600967], [-0.03491157293319702, 0.3356824815273285], [0.08363332599401474, 0.014312639832496643], [0.029696185141801834, -0.18734681606292725], [0.2355085164308548, 0.06025509163737297], [-0.05314295366406441, -0.01650015078485012], [-0.03876570239663124, 0.04178474470973015], [-0.0003246538108214736, 0.007712879218161106], [0.037426646798849106, -0.08399759232997894], [0.44395917654037476, -0.25363048911094666]], [[-0.029091879725456238, -0.11895976215600967], [-0.03491157293319702, 0.3356824815273285], [0.08363332599401474, 0.014312639832496643], [0.029696185141801834, -0.18734681606292725], [0.2355085164308548, 0.06025509163737297], [-0.05314295366406441, -0.01650015078485012], [-0.03876570239663124, 0.04178474470973015], [-0.0003246538108214736, 0.007712879218161106], [0.037426646798849106, -0.08399759232997894], [0.44395917654037476, -0.25363048911094666]], [[-0.029091879725456238, -0.11895976215600967], [-0.22470253705978394, 0.04413646459579468], [0.08363332599401474, 0.014312639832496643], [0.029696185141801834, -0.18734681606292725], [0.2355085164308548, 0.06025509163737297], [-0.05314295366406441, -0.01650015078485012], [-0.2845768630504608, 0.22965319454669952], [-0.0003246538108214736, 0.007712879218161106], [0.037426646798849106, -0.08399759232997894], [0.44395917654037476, -0.25363048911094666]], [[-0.04022813215851784, -0.11872413009405136], [-0.22470253705978394, 0.04413646459579468], [0.08363332599401474, 0.014312639832496643], [0.029696185141801834, -0.18734681606292725], [0.2355085164308548, 0.06025509163737297], [-0.05314295366406441, -0.01650015078485012], [-0.2845768630504608, 0.22965319454669952], [-0.0003246538108214736, 0.007712879218161106], [0.037426646798849106, -0.08399759232997894], [0.27789896726608276, -0.36049914360046387]], [[-0.04022813215851784, -0.11872413009405136], [-0.22470253705978394, 0.04413646459579468], [0.08363332599401474, 0.014312639832496643], [0.029696185141801834, -0.18734681606292725], [0.11313833296298981, -0.20866985619068146], [-0.05314295366406441, -0.01650015078485012], [-0.2845768630504608, 0.22965319454669952], [0.06750912964344025, -0.018217936158180237], [0.037426646798849106, -0.08399759232997894], [0.1021004468202591, -0.3402816355228424]], [[-0.04022813215851784, -0.11872413009405136], [-0.22470253705978394, 0.04413646459579468], [0.08363332599401474, 0.014312639832496643], [0.029696185141801834, -0.18734681606292725], [0.11313833296298981, -0.20866985619068146], [-0.05314295366406441, -0.01650015078485012], [-0.2845768630504608, 0.22965319454669952], [0.06750912964344025, -0.018217936158180237], [0.037426646798849106, -0.08399759232997894], [-0.01690048724412918, 0.3086853325366974]], [[-0.04022813215851784, -0.11872413009405136], [-0.22470253705978394, 0.04413646459579468], [0.08363332599401474, 0.014312639832496643], [0.029696185141801834, -0.18734681606292725], [0.11313833296298981, -0.20866985619068146], [-0.05314295366406441, -0.01650015078485012], [-0.2845768630504608, 0.22965319454669952], [0.06750912964344025, -0.018217936158180237], [0.037426646798849106, -0.08399759232997894], [-0.01690048724412918, 0.3086853325366974]], [[-0.04022813215851784, -0.11872413009405136], [-0.22470253705978394, 0.04413646459579468], [0.08363332599401474, 0.014312639832496643], [0.029696185141801834, -0.18734681606292725], [0.11313833296298981, -0.20866985619068146], [-0.05314295366406441, -0.01650015078485012], [-0.2845768630504608, 0.22965319454669952], [0.06750912964344025, -0.018217936158180237], [0.12067630887031555, -0.2515547275543213], [-0.01690048724412918, 0.3086853325366974]], [[-0.04022813215851784, -0.11872413009405136], [-0.22470253705978394, 0.04413646459579468], [0.08363332599401474, 0.014312639832496643], [0.029696185141801834, -0.18734681606292725], [0.11313833296298981, -0.20866985619068146], [-0.05314295366406441, -0.01650015078485012], [-0.2845768630504608, 0.22965319454669952], [0.06750912964344025, -0.018217936158180237], [0.12067630887031555, -0.2515547275543213], [0.0721551701426506, -0.21720841526985168]]], "object_rotation": [[3.042548179626465, 1.2003427743911743, 2.1857800483703613, 2.3626368045806885, 2.3459134101867676, 0.9657036662101746, 0.21436846256256104, 1.1231694221496582, 1.293540120124817, 3.345048427581787], [3.042548179626465, 1.2003427743911743, 2.1857800483703613, 2.3626368045806885, 2.5728390216827393, 0.9657036662101746, 0.21436846256256104, 1.1231694221496582, 1.293540120124817, 3.4900717735290527], [3.042548179626465, 1.2003427743911743, 2.1857800483703613, 2.3626368045806885, 2.5728390216827393, 0.9657036662101746, 0.21436846256256104, 1.1231694221496582, 1.293540120124817, 3.4900717735290527], [3.042548179626465, 0.9067676663398743, 2.1857800483703613, 2.3626368045806885, 2.5728390216827393, 0.9657036662101746, 1.4976876974105835, 1.1231694221496582, 1.293540120124817, 3.4900717735290527], [3.960494041442871, 0.9067676663398743, 2.1857800483703613, 2.3626368045806885, 2.5728390216827393, 0.9657036662101746, 1.4976876974105835, 1.1231694221496582, 1.293540120124817, 3.443495273590088], [3.960494041442871, 0.9067676663398743, 2.1857800483703613, 2.3626368045806885, 1.9041848182678223, 0.9657036662101746, 1.4976876974105835, 0.8680087327957153, 1.293540120124817, 3.6302127838134766], [3.960494041442871, 0.9067676663398743, 2.1857800483703613, 2.3626368045806885, 1.9041848182678223, 0.9657036662101746, 1.4976876974105835, 0.8680087327957153, 1.293540120124817, 3.711894989013672], [3.960494041442871, 0.9067676663398743, 2.1857800483703613, 2.3626368045806885, 1.9041848182678223, 0.9657036662101746, 1.4976876974105835, 0.8680087327957153, 1.293540120124817, 3.711894989013672], [3.960494041442871, 0.9067676663398743, 2.1857800483703613, 2.3626368045806885, 1.9041848182678223, 0.9657036662101746, 1.4976876974105835, 0.8680087327957153, 1.11381995677948, 3.711894989013672], [3.960494041442871, 0.9067676663398743, 2.1857800483703613, 2.3626368045806885, 1.9041848182678223, 0.9657036662101746, 1.4976876974105835, 0.8680087327957153, 1.11381995677948, 3.7506186962127686]],