{"eps": {"object_position": [[-0.12769824266433716, 0.03637128695845604], [0.05504733696579933, -0.04755867272615433], [-0.17492134869098663, 0.12262427061796188], [0.028584832325577736, 0.06397157907485962], [0.09472080320119858, 0.05229770764708519], [0.12662479281425476, -0.01598023995757103], [0.33385947346687317, 0.022596556693315506], [-0.06939725577831268, -0.004500165581703186], [0.19541622698307037, -0.03488173335790634], [-0.13928614556789398, 0.17603351175785065]], "object_rotation": [1.8014700412750244, 2.7624354362487793, 1.9427211284637451, 0.9754353165626526, 2.2990336418151855, 1.563122272491455, 2.3945438861846924, 0.1710781455039978, 1.756822943687439, 1.2847301959991455], "distractor_position": [-0.4151681363582611, 0.187572181224823, -0.885858952999115, -0.870551586151123, -0.1697022020816803, -0.18843767046928406, 0.10776633024215698, -1.1652231216430664, -0.30358999967575073, -0.8014520406723022]}, "eps_trace": {"object_position": [[[-0.12769824266433716, 0.03637128695845604], [-0.00524573540315032, 0.025854436680674553], [0.16211102902889252, 0.10421331971883774], [0.028584832325577736, 0.06397157907485962], [0.09472080320119858, 0.05229770764708519], [-0.11045493930578232, 0.04641828313469887], [0.33385947346687317, 0.022596556693315506], [-0.01610395312309265, -0.16716620326042175], [0.0005254731513559818, -0.09479942917823792], [-0.13928614556789398, 0.17603351175785065]], [[-0.12769824266433716, 0.03637128695845604], [-0.00524573540315032, 0.025854436680674553], [0.16211102902889252, 0.10421331971883774], [0.028584832325577736, 0.06397157907485962], [0.09472080320119858, 0.05229770764708519], [-0.11045493930578232, 0.04641828313469887], [0.33385947346687317, 0.022596556693315506], [-0.01610395312309265, -0.16716620326042175], [0.0005254731513559818, -0.09479942917823792], [-0.13928614556789398, 0.17603351175785065]], [[-0.12769824266433716, 0.03637128695845604], [-0.00524573540315032, 0.025854436680674553], [0.16211102902889252, 0.10421331971883774], [0.028584832325577736, 0.06397157907485962], [0.09472080320119858, 0.05229770764708519], [-0.11045493930578232, 0.04641828313469887], [0.33385947346687317, 0.022596556693315506], [-0.01610395312309265, -0.16716620326042175], [0.0005254731513559818, -0.09479942917823792], [-0.13928614556789398, 0.17603351175785065]], [[-0.12769824266433716, 0.03637128695845604], [0.05504733696579933, -0.04755867272615433], [0.16211102902889252, 0.10421331971883774], [0.028584832325577736, 0.06397157907485962], [0.09472080320119858, 0.05229770764708519], [-0.11045493930578232, 0.04641828313469887], [0.33385947346687317, 0.022596556693315506], [-0.01610395312309265, -0.16716620326042175], [0.0005254731513559818, -0.09479942917823792], [-0.13928614556789398, 0.17603351175785065]], [[-0.12769824266433716, 0.03637128695845604], [0.05504733696579933, -0.04755867272615433], [-0.17492134869098663, 0.12262427061796188], [0.028584832325577736, 0.06397157907485962], [0.09472080320119858, 0.05229770764708519], [-0.11045493930578232, 0.04641828313469887], [0.33385947346687317, 0.022596556693315506], [-0.03175576776266098, 0.10230466723442078], [0.0005254731513559818, -0.09479942917823792], [-0.13928614556789398, 0.17603351175785065]], [[-0.12769824266433716, 0.03637128695845604], [0.05504733696579933, -0.04755867272615433], [-0.17492134869098663, 0.12262427061796188], [0.028584832325577736, 0.06397157907485962], [0.09472080320119858, 0.05229770764708519], [-0.11045493930578232, 0.04641828313469887], [0.33385947346687317, 0.022596556693315506], [-0.06939725577831268, -0.004500165581703186], [0.0005254731513559818, -0.09479942917823792], [-0.13928614556789398, 0.17603351175785065]], [[-0.12769824266433716, 0.03637128695845604], [0.05504733696579933, -0.04755867272615433], [-0.17492134869098663, 0.12262427061796188], [0.028584832325577736, 0.06397157907485962], [0.09472080320119858, 0.05229770764708519], [-0.11045493930578232, 0.04641828313469887], [0.33385947346687317, 0.022596556693315506], [-0.06939725577831268, -0.004500165581703186], [0.0005254731513559818, -0.09479942917823792], [-0.13928614556789398, 0.17603351175785065]], [[-0.12769824266433716, 0.03637128695845604], [0.05504733696579933, -0.04755867272615433], [-0.17492134869098663, 0.12262427061796188], [0.028584832325577736, 0.06397157907485962], [0.09472080320119858, 0.05229770764708519], [0.12662479281425476, -0.01598023995757103], [0.33385947346687317, 0.022596556693315506], [-0.06939725577831268, -0.004500165581703186], [0.0005254731513559818, -0.09479942917823792], [-0.13928614556789398, 0.17603351175785065]], [[-0.12769824266433716, 0.03637128695845604], [0.05504733696579933, -0.04755867272615433], [-0.17492134869098663, 0.12262427061796188], [0.028584832325577736, 0.06397157907485962], [0.09472080320119858, 0.05229770764708519], [0.12662479281425476, -0.01598023995757103], [0.33385947346687317, 0.022596556693315506], [-0.06939725577831268, -0.004500165581703186], [0.0005254731513559818, -0.09479942917823792], [-0.13928614556789398, 0.17603351175785065]], [[-0.12769824266433716, 0.03637128695845604], [0.05504733696579933, -0.04755867272615433], [-0.17492134869098663, 0.12262427061796188], [0.028584832325577736, 0.06397157907485962], [0.09472080320119858, 0.05229770764708519], [0.12662479281425476, -0.01598023995757103], [0.33385947346687317, 0.022596556693315506], [-0.06939725577831268, -0.004500165581703186], [0.19541622698307037, -0.03488173335790634], [-0.13928614556789398, 0.17603351175785065]]], "object_rotation": [[1.8014700412750244, 3.043440103530884, 2.1793570518493652, 0.9754353165626526, 2.2990336418151855, 2.02453875541687, 2.3945438861846924, 0.5842469930648804, 1.7516155242919922, 1.2847301959991455], [1.8014700412750244, 3.043440103530884, 2.1793570518493652, 0.9754353165626526, 2.2990336418151855, 2.02453875541687, 2.3945438861846924, 0.5842469930648804, 1.7516155242919922, 1.2847301959991455], [1.8014700412750244, 3.043440103530884, 2.1793570518493652, 0.9754353165626526, 2.2990336418151855, 2.02453875541687, 2.3945438861846924, 0.5842469930648804, 1.7516155242919922, 1.2847301959991455], [1.8014700412750244, 2.7624354362487793, 2.1793570518493652, 0.9754353165626526, 2.2990336418151855, 2.02453875541687, 2.3945438861846924, 0.5842469930648804, 1.7516155242919922, 1.2847301959991455], [1.8014700412750244, 2.7624354362487793, 1.9427211284637451, 0.9754353165626526, 2.2990336418151855, 2.02453875541687, 2.3945438861846924, 0.25179943442344666, 1.7516155242919922, 1.2847301959991455], [1.8014700412750244, 2.7624354362487793, 1.9427211284637451, 0.9754353165626526, 2.2990336418151855, 2.02453875541687, 2.3945438861846924, 0.1710781455039978, 1.7516155242919922, 1.2847301959991455], [1.8014700412750244, 2.7624354362487793, 1.9427211284637451, 0.9754353165626526, 2.2990336418151855, 2.02453875541687, 2.3945438861846924, 0.1710781455039978, 1.7516155242919922, 1.2847301959991455], [1.8014700412750244, 2.7624354362487793, 1.9427211284637451, 0.9754353165626526, 2.2990336418151855, 1.563122272491455, 2.3945438861846924, 0.1710781455039978, 1.7516155242919922, 1.2847301959991455], [1.8014700412750244, 2.7624354362487793, 1.9427211284637451, 0.9754353165626526, 2.2990336418151855, 1.563122272491455, 2.3945438861846924, 0.1710781455039978, 1.7516155242919922, 1.2847301959991455], [1.8014700412750244, 2.7624354362487793, 1.9427211284637451, 0.9754353165626526, 2.2990336418151855, 1.563122272491455, 2.3945438861846924, 0.1710781455039978, 1.756822943687439, 1.2847301959991455]],