{"eps": {"object_position": [[-0.2767863869667053, 0.126384437084198], [-0.00524573540315032, 0.025854436680674553], [-0.07739199697971344, 0.13815699517726898], [-0.18165911734104156, 0.019806116819381714], [0.09472080320119858, 0.05229770764708519], [0.13823458552360535, 0.17296874523162842], [-0.09548923373222351, -0.1438295841217041], [-0.014374030753970146, 0.004105016589164734], [0.11065913736820221, -0.11151528358459473], [-0.13928614556789398, 0.17603351175785065]], "object_rotation": [0.9831912517547607, 3.043440103530884, 1.9462785720825195, 1.3803136348724365, 2.2990336418151855, 1.906105875968933, 1.9725260734558105, 0.2444116771221161, 2.0364859104156494, 1.2847301959991455], "distractor_position": [0.27461761236190796, 0.0772046446800232, -0.9011595249176025, -1.1270294189453125, -0.1697022020816803, -0.2187117636203766, 0.4493526816368103, -0.3632957339286804, 0.043035030364990234, -0.8014520406723022]}, "eps_trace": {"object_position": [[[-0.12769824266433716, 0.03637128695845604], [-0.00524573540315032, 0.025854436680674553], [0.16211102902889252, 0.10421331971883774], [0.028584832325577736, 0.06397157907485962], [0.09472080320119858, 0.05229770764708519], [-0.11045493930578232, 0.04641828313469887], [0.33385947346687317, 0.022596556693315506], [-0.01610395312309265, -0.16716620326042175], [0.0005254731513559818, -0.09479942917823792], [-0.13928614556789398, 0.17603351175785065]], [[-0.12769824266433716, 0.03637128695845604], [-0.00524573540315032, 0.025854436680674553], [0.16211102902889252, 0.10421331971883774], [0.028584832325577736, 0.06397157907485962], [0.09472080320119858, 0.05229770764708519], [-0.11045493930578232, 0.04641828313469887], [-0.24416789412498474, 0.19552165269851685], [-0.01610395312309265, -0.16716620326042175], [0.0005254731513559818, -0.09479942917823792], [-0.13928614556789398, 0.17603351175785065]], [[-0.12769824266433716, 0.03637128695845604], [-0.00524573540315032, 0.025854436680674553], [0.16211102902889252, 0.10421331971883774], [0.028584832325577736, 0.06397157907485962], [0.09472080320119858, 0.05229770764708519], [-0.11045493930578232, 0.04641828313469887], [-0.24416789412498474, 0.19552165269851685], [-0.01610395312309265, -0.16716620326042175], [0.0005254731513559818, -0.09479942917823792], [-0.13928614556789398, 0.17603351175785065]], [[-0.12769824266433716, 0.03637128695845604], [-0.00524573540315032, 0.025854436680674553], [0.16211102902889252, 0.10421331971883774], [0.028584832325577736, 0.06397157907485962], [0.09472080320119858, 0.05229770764708519], [-0.11045493930578232, 0.04641828313469887], [-0.09548923373222351, -0.1438295841217041], [-0.01610395312309265, -0.16716620326042175], [-0.13808667659759521, -0.08781329542398453], [-0.13928614556789398, 0.17603351175785065]], [[-0.12769824266433716, 0.03637128695845604], [-0.00524573540315032, 0.025854436680674553], [-0.07739199697971344, 0.13815699517726898], [0.028584832325577736, 0.06397157907485962], [0.09472080320119858, 0.05229770764708519], [-0.004644818603992462, 0.26631760597229004], [-0.09548923373222351, -0.1438295841217041], [-0.014374030753970146, 0.004105016589164734], [-0.13808667659759521, -0.08781329542398453], [-0.13928614556789398, 0.17603351175785065]], [[0.08124209940433502, -0.2503895163536072], [-0.00524573540315032, 0.025854436680674553], [-0.07739199697971344, 0.13815699517726898], [0.028584832325577736, 0.06397157907485962], [0.09472080320119858, 0.05229770764708519], [-0.004644818603992462, 0.26631760597229004], [-0.09548923373222351, -0.1438295841217041], [-0.014374030753970146, 0.004105016589164734], [-0.13808667659759521, -0.08781329542398453], [-0.13928614556789398, 0.17603351175785065]], [[0.08124209940433502, -0.2503895163536072], [-0.00524573540315032, 0.025854436680674553], [-0.07739199697971344, 0.13815699517726898], [0.028584832325577736, 0.06397157907485962], [0.09472080320119858, 0.05229770764708519], [-0.004644818603992462, 0.26631760597229004], [-0.09548923373222351, -0.1438295841217041], [-0.014374030753970146, 0.004105016589164734], [-0.13808667659759521, -0.08781329542398453], [-0.13928614556789398, 0.17603351175785065]], [[0.08124209940433502, -0.2503895163536072], [-0.00524573540315032, 0.025854436680674553], [-0.07739199697971344, 0.13815699517726898], [0.028584832325577736, 0.06397157907485962], [0.09472080320119858, 0.05229770764708519], [0.13823458552360535, 0.17296874523162842], [-0.09548923373222351, -0.1438295841217041], [-0.014374030753970146, 0.004105016589164734], [-0.13808667659759521, -0.08781329542398453], [-0.13928614556789398, 0.17603351175785065]], [[-0.2767863869667053, 0.126384437084198], [-0.00524573540315032, 0.025854436680674553], [-0.07739199697971344, 0.13815699517726898], [0.028584832325577736, 0.06397157907485962], [0.09472080320119858, 0.05229770764708519], [0.13823458552360535, 0.17296874523162842], [-0.09548923373222351, -0.1438295841217041], [-0.014374030753970146, 0.004105016589164734], [-0.13808667659759521, -0.08781329542398453], [-0.13928614556789398, 0.17603351175785065]], [[-0.2767863869667053, 0.126384437084198], [-0.00524573540315032, 0.025854436680674553], [-0.07739199697971344, 0.13815699517726898], [-0.18165911734104156, 0.019806116819381714], [0.09472080320119858, 0.05229770764708519], [0.13823458552360535, 0.17296874523162842], [-0.09548923373222351, -0.1438295841217041], [-0.014374030753970146, 0.004105016589164734], [0.11065913736820221, -0.11151528358459473], [-0.13928614556789398, 0.17603351175785065]]], "object_rotation": [[1.8014700412750244, 3.043440103530884, 2.1793570518493652, 0.9754353165626526, 2.2990336418151855, 2.02453875541687, 2.3945438861846924, 0.5842469930648804, 1.7516155242919922, 1.2847301959991455], [1.8014700412750244, 3.043440103530884, 2.1793570518493652, 0.9754353165626526, 2.2990336418151855, 2.02453875541687, 2.4997334480285645, 0.5842469930648804, 1.7516155242919922, 1.2847301959991455], [1.8014700412750244, 3.043440103530884, 2.1793570518493652, 0.9754353165626526, 2.2990336418151855, 2.02453875541687, 2.4997334480285645, 0.5842469930648804, 1.7516155242919922, 1.2847301959991455], [1.8014700412750244, 3.043440103530884, 2.1793570518493652, 0.9754353165626526, 2.2990336418151855, 2.02453875541687, 1.9725260734558105, 0.5842469930648804, 2.0288732051849365, 1.2847301959991455], [1.8014700412750244, 3.043440103530884, 1.9462785720825195, 0.9754353165626526, 2.2990336418151855, 2.356109619140625, 1.9725260734558105, 0.2444116771221161, 2.0288732051849365, 1.2847301959991455], [1.7574900388717651, 3.043440103530884, 1.9462785720825195, 0.9754353165626526, 2.2990336418151855, 2.356109619140625, 1.9725260734558105, 0.2444116771221161, 2.0288732051849365, 1.2847301959991455], [1.7574900388717651, 3.043440103530884, 1.9462785720825195, 0.9754353165626526, 2.2990336418151855, 2.356109619140625, 1.9725260734558105, 0.2444116771221161, 2.0288732051849365, 1.2847301959991455], [1.7574900388717651, 3.043440103530884, 1.9462785720825195, 0.9754353165626526, 2.2990336418151855, 1.906105875968933, 1.9725260734558105, 0.2444116771221161, 2.0288732051849365, 1.2847301959991455], [0.9831912517547607, 3.043440103530884, 1.9462785720825195, 0.9754353165626526, 2.2990336418151855, 1.906105875968933, 1.9725260734558105, 0.2444116771221161, 2.0288732051849365, 1.2847301959991455], [0.9831912517547607, 3.043440103530884, 1.9462785720825195, 1.3803136348724365, 2.2990336418151855, 1.906105875968933, 1.9725260734558105, 0.2444116771221161, 2.0364859104156494, 1.2847301959991455]],