{"trajs": {"trajectories": [[[-0.7279424071311951, -0.13927817344665527], [-0.7042378783226013, -0.1455124169588089], [0.8189284205436707, 0.04693087562918663]], [[-0.7116144895553589, -0.13586178421974182], [-0.6663714051246643, 0.11988870054483414], [0.8693773150444031, 0.07257711887359619]], [[-0.7603699564933777, -0.0014997652033343911], [0.2961100935935974, -0.14347435534000397], [0.2814811170101166, -0.05293042212724686]], [[-0.7729102969169617, 0.1277177929878235], [0.3976912796497345, 0.07921288907527924], [0.8123010396957397, -0.029046526178717613]], [[-0.7708701491355896, 0.1461791843175888], [0.7147320508956909, -0.1541128307580948], [0.47404929995536804, 0.017841700464487076]]]}, "best_eps_idx": 1, "time": 335.9144019689411, "n": 5, "T": 3, "width": 3.2, "height": 2.0, "R": 0.5, "max_wind_thrust": 0.5, "duration": 30.0, "dp_mcmc_step_size": 0.01, "ep_mcmc_step_size": 0.01, "num_rounds": 50, "num_mcmc_steps_per_round": 5, "num_chains": 5, "use_gradients": true, "use_stochasticity": false, "repair": true, "predict": true, "quench_rounds": 5, "tempering_schedule": null}