{"trajs": {"trajectories": [[[-0.8673266172409058, -0.2671385705471039], [0.6809569597244263, 0.12064438313245773], [-0.7882877588272095, -0.13644659519195557]], [[-0.8662223219871521, -0.2228696197271347], [0.16944976150989532, -0.12788008153438568], [1.00191068649292, 0.2775942385196686]], [[-0.8670364022254944, -0.00035453244345262647], [0.5618712902069092, 0.11562369763851166], [0.24304106831550598, -0.20682300627231598]], [[-0.8661640882492065, 0.22403661906719208], [0.16917434334754944, -0.2523276209831238], [-0.5138326287269592, 0.09196749329566956]], [[-0.866848349571228, 0.26668477058410645], [0.08847354352474213, 0.24955332279205322], [0.5956507325172424, -0.13658198714256287]]]}, "best_eps_idx": 4, "time": 336.2515056220582, "n": 5, "T": 3, "width": 3.2, "height": 2.0, "R": 0.5, "max_wind_thrust": 0.5, "duration": 30.0, "dp_mcmc_step_size": 0.01, "ep_mcmc_step_size": 0.01, "num_rounds": 50, "num_mcmc_steps_per_round": 5, "num_chains": 5, "use_gradients": true, "use_stochasticity": true, "repair": true, "predict": true, "quench_rounds": 5, "tempering_schedule": null}