{"trajs": {"trajectories": [[[-0.9834814071655273, -0.6453204154968262], [-0.8379729986190796, 0.5121640563011169], [0.48834550380706787, 0.8111746311187744]], [[-0.5036404132843018, -0.410468190908432], [-0.7734236717224121, -0.37431958317756653], [1.3054624795913696, 0.547173023223877]], [[-1.0200202465057373, -0.158890500664711], [-0.5671401023864746, -0.09178277850151062], [0.41368964314460754, -0.13105610013008118]], [[-1.2197996377944946, -0.3921220302581787], [1.018206238746643, 0.7417217493057251], [-0.3451504111289978, 0.002514829859137535]], [[-0.8359143733978271, -0.4562724530696869], [-0.14131580293178558, -0.9044080972671509], [0.5291849970817566, 0.37649038434028625]], [[-0.8009782433509827, 0.14108610153198242], [-0.3356338143348694, 0.007662475109100342], [0.46680748462677, -0.5359044075012207]], [[-1.073585033416748, 0.25992444157600403], [0.5659196972846985, -0.7241653203964233], [0.9420965313911438, 0.5860901474952698]], [[-0.9095624089241028, 0.6853800415992737], [-0.33725258708000183, -0.8407363295555115], [0.09239909052848816, 0.32422131299972534]], [[-0.7953404188156128, 0.8646905422210693], [0.9889320135116577, -0.9888240098953247], [-0.3397617042064667, 0.5839515924453735]], [[-0.9668992757797241, 0.6803010106086731], [-0.47031959891319275, -0.527029275894165], [0.5345639586448669, -0.6261755228042603]]]}, "best_eps_idx": 3, "time": 252.9824370853603, "n": 10, "T": 3, "width": 3.2, "height": 3.0, "R": 0.5, "max_wind_thrust": 0.5, "duration": 30.0, "dp_mcmc_step_size": 0.001, "ep_mcmc_step_size": 0.001, "num_rounds": 50, "num_mcmc_steps_per_round": 5, "num_chains": 5, "use_gradients": false, "use_stochasticity": true, "repair": true, "predict": true, "quench_rounds": 0, "tempering_schedule": null}