{"eps": {"object_position": [[0.03564046695828438, -0.1899612993001938], [-0.027637947350740433, -0.2964940667152405], [0.1944974660873413, 0.09312055259943008], [-0.09495582431554794, 0.06533577293157578], [-0.12821517884731293, 0.19543960690498352]], "object_rotation": [2.458279609680176, 0.20485103130340576, 1.8126764297485352, 1.3934552669525146, 2.257923126220703], "distractor_position": [-0.9709740281105042, -0.6963332891464233, -1.777962565422058, -0.6035861372947693, -0.5494289398193359]}, "eps_trace": {"object_position": [[[-0.28084543347358704, 0.0042972201481461525], [-0.07428760081529617, 0.1783061921596527], [0.027532704174518585, 0.13441278040409088], [-0.0003824084997177124, 0.09162252396345139], [-0.19173000752925873, -0.018636146560311317]], [[-0.2573390305042267, -0.06440582126379013], [-0.07428760081529617, 0.1783061921596527], [0.05703718960285187, 0.141316220164299], [0.024506784975528717, 0.03754366189241409], [-0.1698022186756134, 0.00016693584620952606]], [[-0.19188714027404785, -0.19160014390945435], [-0.07428760081529617, 0.1783061921596527], [0.01504044234752655, 0.1202230155467987], [0.0536770336329937, 0.017450036481022835], [-0.11663545668125153, 0.06513679772615433]], [[-0.23998022079467773, -0.1956719607114792], [-0.07428760081529617, 0.1783061921596527], [-0.007382497191429138, 0.05296742171049118], [0.1383494734764099, 0.017880303785204887], [-0.11204870045185089, 0.09927155077457428]], [[-0.1838538944721222, -0.1405538022518158], [-0.07428760081529617, 0.1783061921596527], [0.03309668228030205, 0.05562931299209595], [0.030410349369049072, 0.010558811947703362], [-0.1103857010602951, 0.11864965409040451]], [[-0.12663529813289642, -0.08903972804546356], [-0.014170877635478973, 0.03804989159107208], [-0.0029350370168685913, 0.05427170172333717], [0.030410349369049072, 0.010558811947703362], [-0.1814371943473816, 0.16384302079677582]], [[-0.10636191070079803, -0.14038103818893433], [-0.07270576059818268, 0.09442675113677979], [0.005107322707772255, 0.06487423181533813], [0.02749636396765709, 0.023799965158104897], [-0.1985657960176468, 0.1880728304386139]], [[-0.02071136236190796, -0.15446898341178894], [-0.07270576059818268, 0.09442675113677979], [0.053894415497779846, -0.009350016713142395], [0.005987903103232384, 0.03959590196609497], [-0.16629400849342346, 0.24589397013187408]], [[0.05410735309123993, -0.18974298238754272], [-0.059379227459430695, 0.08495606482028961], [0.02338520996272564, -0.11496385186910629], [-0.008044040761888027, -0.07423045486211777], [-0.16629400849342346, 0.24589397013187408]], [[0.09552790224552155, -0.18624278903007507], [-0.059379227459430695, 0.08495606482028961], [0.037257950752973557, -0.06454005837440491], [-0.008044040761888027, -0.07423045486211777], [-0.16629400849342346, 0.24589397013187408]], [[0.09552790224552155, -0.18624278903007507], [-0.13254249095916748, -0.001301586627960205], [0.009127257391810417, -0.13875123858451843], [-0.021451376378536224, -0.050248757004737854], [-0.16629400849342346, 0.24589397013187408]], [[0.06508974730968475, -0.17386168241500854], [-0.03484537452459335, -0.08916255831718445], [0.03668461740016937, -0.11811010539531708], [-0.00681840255856514, 0.031154468655586243], [-0.26750683784484863, 0.18701091408729553]], [[0.10026411712169647, -0.1566421538591385], [0.06897109001874924, -0.1292111873626709], [0.10697442293167114, -0.0957723930478096], [-0.00681840255856514, 0.031154468655586243], [-0.3121906518936157, 0.25336188077926636]], [[0.08853891491889954, -0.2192390114068985], [0.036284610629081726, -0.1634903997182846], [0.07498690485954285, -0.0604599304497242], [-0.03559897467494011, 0.0008000433444976807], [-0.27630457282066345, 0.2583117187023163]], [[-0.0019853562116622925, -0.24188120663166046], [-0.006534568965435028, -0.20727750658988953], [0.04427202045917511, -0.0826643705368042], [-0.02622576430439949, -0.0662989392876625], [-0.22487115859985352, 0.24051924049854279]], [[0.06819041818380356, -0.15849465131759644], [-0.006534568965435028, -0.20727750658988953], [0.07934439182281494, -0.06196459382772446], [-0.000340048223733902, -0.01511644572019577], [-0.18101835250854492, 0.2087508589029312]], [[0.0927882269024849, -0.17668691277503967], [0.02522086352109909, -0.26024943590164185], [0.10061009973287582, -0.05211012065410614], [-0.000340048223733902, -0.01511644572019577], [-0.15379124879837036, 0.16691380739212036]], [[0.11937117576599121, -0.09302955120801926], [0.013254847377538681, -0.31434014439582825], [0.14736083149909973, -0.03922131285071373], [-0.000340048223733902, -0.01511644572019577], [-0.16878412663936615, 0.11473094671964645]], [[0.04475484788417816, -0.15208479762077332], [0.013254847377538681, -0.31434014439582825], [0.13299040496349335, -0.02867191471159458], [-0.000340048223733902, -0.01511644572019577], [-0.16267450153827667, 0.20301271975040436]], [[0.025457166135311127, -0.10810638964176178], [0.013254847377538681, -0.31434014439582825], [0.138846755027771, 0.04143346846103668], [0.030391743406653404, -0.01227044127881527], [-0.1854247748851776, 0.22111476957798004]], [[0.10260406136512756, -0.06611268222332001], [0.021630655974149704, -0.34641772508621216], [0.14719490706920624, 0.06419241428375244], [0.030391743406653404, -0.01227044127881527], [-0.1854247748851776, 0.22111476957798004]], [[0.04207892715930939, -0.048990484327077866], [0.021630655974149704, -0.34641772508621216], [0.14225083589553833, 0.09201645106077194], [0.007080655544996262, 0.057393766939640045], [-0.13970866799354553, 0.18218551576137543]], [[0.05836893245577812, -0.1011684238910675], [0.021630655974149704, -0.34641772508621216], [0.1944974660873413, 0.09312055259943008], [-0.07733400166034698, 0.0678941011428833], [-0.17060774564743042, 0.15958257019519806]], [[0.047306135296821594, -0.14270466566085815], [0.021630655974149704, -0.34641772508621216], [0.1944974660873413, 0.09312055259943008], [-0.07733400166034698, 0.0678941011428833], [-0.1304798424243927, 0.21606212854385376]], [[0.03564046695828438, -0.1899612993001938], [-0.027637947350740433, -0.2964940667152405], [0.1944974660873413, 0.09312055259943008], [-0.09495582431554794, 0.06533577293157578], [-0.12821517884731293, 0.19543960690498352]]],