{"eps": {"object_position": [[-0.2116939276456833, 0.025958258658647537], [-0.05341283231973648, -0.05812986195087433], [0.04893219470977783, 0.24028989672660828], [-0.09723739326000214, -0.07777352631092072], [-0.1446336805820465, -0.08289328217506409]], "object_rotation": [2.0709357261657715, 1.593358039855957, -0.3309362530708313, 1.1376323699951172, 1.8560550212860107], "distractor_position": [-0.415776789188385, 0.5017668604850769, -0.8942275047302246, 0.02888234704732895, -1.410088062286377]}, "eps_trace": {"object_position": [[[-0.0447046272456646, 0.024898022413253784], [0.006211404222995043, 0.03982246294617653], [-0.016352523118257523, -0.10645785182714462], [0.04992460459470749, -0.11748428642749786], [0.07202605903148651, -0.10567989945411682]], [[-0.05575357377529144, -0.003763144835829735], [0.006211404222995043, 0.03982246294617653], [0.04305313900113106, -0.16963572800159454], [0.01435292512178421, -0.15342700481414795], [-0.003666318953037262, -0.10585367679595947]], [[-0.12722355127334595, -0.024546897038817406], [-0.005562214646488428, 0.023875229060649872], [-0.006117973476648331, -0.1907968819141388], [0.026608817279338837, -0.10277549177408218], [-0.021209003403782845, -0.01328190416097641]], [[-0.12722355127334595, -0.024546897038817406], [-0.005562214646488428, 0.023875229060649872], [0.005512110888957977, -0.1783454865217209], [0.01914925128221512, -0.14204376935958862], [0.032600775361061096, -0.03007563389837742]], [[-0.12722355127334595, -0.024546897038817406], [-0.048540301620960236, 0.1262194812297821], [-0.005209931172430515, -0.16252636909484863], [0.005434607155621052, -0.11776898056268692], [-0.051569484174251556, -0.05060206353664398]], [[-0.10757644474506378, 0.049799539148807526], [-0.048540301620960236, 0.1262194812297821], [0.009502175264060497, -0.20673002302646637], [0.005434607155621052, -0.11776898056268692], [0.02823016047477722, -0.10025477409362793]], [[-0.14675410091876984, 0.07726268470287323], [-0.048540301620960236, 0.1262194812297821], [0.014221880584955215, -0.20416724681854248], [0.033507224172353745, -0.11110039055347443], [-0.11065419018268585, -0.10445703566074371]], [[-0.1003795713186264, 0.05143406242132187], [-0.048540301620960236, 0.1262194812297821], [0.0706179141998291, -0.1651439517736435], [0.022236429154872894, -0.16900542378425598], [-0.11065419018268585, -0.10445703566074371]], [[-0.1003795713186264, 0.05143406242132187], [-0.048540301620960236, 0.1262194812297821], [0.048351388424634933, -0.16939635574817657], [0.012983103282749653, -0.14406247437000275], [-0.18228952586650848, -0.1367693841457367]], [[-0.09838370978832245, 0.013628069311380386], [-0.048540301620960236, 0.1262194812297821], [0.051484614610672, -0.1847177892923355], [-0.0445520356297493, -0.14493203163146973], [-0.18421682715415955, -0.09189970791339874]], [[-0.14254018664360046, 0.047762997448444366], [-0.048540301620960236, 0.1262194812297821], [0.04808173328638077, -0.18385015428066254], [-0.044221311807632446, -0.07257677614688873], [-0.1498652696609497, -0.14077872037887573]], [[-0.14254018664360046, 0.047762997448444366], [-0.048540301620960236, 0.1262194812297821], [0.0012160204350948334, -0.12278799712657928], [0.01809418573975563, -0.12963762879371643], [-0.16070885956287384, -0.20962566137313843]], [[-0.12293792515993118, -0.0023277103900909424], [-0.0721249207854271, 0.0316137820482254], [0.004766971804201603, -0.07340490818023682], [-0.010561246424913406, -0.1325930953025818], [-0.19968420267105103, -0.20529714226722717]], [[-0.20894911885261536, 0.027562031522393227], [-0.06456095725297928, -0.010851860046386719], [-0.013319524936378002, 0.023770220577716827], [-0.017924033105373383, -0.14797312021255493], [-0.05879160761833191, -0.16767148673534393]], [[-0.20894911885261536, 0.027562031522393227], [-0.13496828079223633, -0.07324162125587463], [-0.013319524936378002, 0.023770220577716827], [-0.017924033105373383, -0.14797312021255493], [-0.1095445305109024, -0.1286478042602539]], [[-0.2441624402999878, -0.0038251448422670364], [-0.11391255259513855, -0.08799507468938828], [-0.029895223677158356, 0.0993904396891594], [0.005938086658716202, -0.1624646782875061], [0.011750690639019012, -0.19326718151569366]], [[-0.2441624402999878, -0.0038251448422670364], [-0.05883347615599632, -0.060483068227767944], [-0.039101745933294296, 0.16046574711799622], [-0.026407670229673386, -0.13639706373214722], [-0.010444313287734985, -0.1393188089132309]], [[-0.2265930473804474, 0.03676224499940872], [-0.06831113994121552, -0.0508824959397316], [-0.039101745933294296, 0.16046574711799622], [-0.026407670229673386, -0.13639706373214722], [-0.04091297835111618, -0.13223300874233246]], [[-0.23056405782699585, 0.0009399056434631348], [-0.06831113994121552, -0.0508824959397316], [-0.039101745933294296, 0.16046574711799622], [-0.14050684869289398, -0.1176677793264389], [-0.00321182981133461, -0.129619300365448]], [[-0.23056405782699585, 0.0009399056434631348], [-0.04815196990966797, -0.02458140067756176], [-0.039101745933294296, 0.16046574711799622], [-0.07895591109991074, -0.01737654209136963], [-0.012636857107281685, -0.1841232180595398]], [[-0.23056405782699585, 0.0009399056434631348], [-0.04815196990966797, -0.02458140067756176], [0.007821410894393921, 0.1475321352481842], [-0.07895591109991074, -0.01737654209136963], [0.005984354764223099, -0.23674097657203674]], [[-0.24642114341259003, 0.010838142596185207], [-0.05341283231973648, -0.05812986195087433], [0.04714829847216606, 0.24913404881954193], [-0.07895591109991074, -0.01737654209136963], [0.0024309405125677586, -0.17702975869178772]], [[-0.23299820721149445, -0.018172789365053177], [-0.05341283231973648, -0.05812986195087433], [0.1704249531030655, 0.26883599162101746], [-0.07895591109991074, -0.01737654209136963], [0.06599041819572449, -0.17534255981445312]], [[-0.2594209909439087, -0.006374579854309559], [-0.05341283231973648, -0.05812986195087433], [0.09322898089885712, 0.21127961575984955], [-0.07895591109991074, -0.01737654209136963], [0.01607951521873474, -0.13103561103343964]], [[-0.2116939276456833, 0.025958258658647537], [-0.05341283231973648, -0.05812986195087433], [0.04893219470977783, 0.24028989672660828], [-0.09723739326000214, -0.07777352631092072], [-0.1446336805820465, -0.08289328217506409]]],