{"final_eps": [[[0.15139076113700867, 0.1831299513578415, 0.37338027358055115, 0.4560278356075287, 0.0756738930940628], [0.14388889074325562, 0.13885657489299774, 1.8430299758911133, 1.8430299758911133, 0.07157551497220993], [0.15140540897846222, 0.17358162999153137, 0.3688856363296509, 0.8635936975479126, 0.07570858299732208], [0.15140092372894287, 0.16645070910453796, 0.4689929783344269, 0.18105299770832062, 0.07569777965545654], [0.14538541436195374, 0.13638338446617126, 1.843782901763916, 1.843782901763916, 0.07351016253232956], [0.1513981819152832, 0.16839247941970825, 0.7057623267173767, 0.39830756187438965, 0.075691357254982], [0.15139982104301453, 0.1833028942346573, 0.5461351275444031, 0.3359242081642151, 0.07569490373134613], [0.18823322653770447, 0.11975810676813126, 0.12016531080007553, 0.689472496509552, 0.09215262532234192], [0.1513971984386444, 0.16840599477291107, 0.8328744769096375, 0.2122354656457901, 0.07568896561861038], [0.18825334310531616, 0.11975810676813126, 0.12016530334949493, 0.20857280492782593, 0.09384950995445251]], [[0.15138371288776398, 0.183648943901062], [0.13345913589000702, 0.11932669579982758], [0.15140721201896667, 0.17350077629089355], [0.15140005946159363, 0.16589826345443726], [0.13634882867336273, 0.11271218210458755], [0.15139564871788025, 0.16798698902130127], [0.15139833092689514, 0.18383555114269257], [0.4153107702732086, 0.11586331576108932], [0.1513940840959549, 0.1680014580488205], [0.4153134524822235, 0.11586335301399231]]], "ep_logprobs": [[2.3481175899505615, 2.654449701309204, 2.7402777671813965, 2.5267083644866943, 1.4534661769866943, 2.7115933895111084, 2.6316077709198, 2.342859983444214, 2.7070066928863525, 2.4249794483184814], [-16.197776794433594, -10.141786575317383, -16.099075317382812, -16.15825843811035, -3.0771243572235107, -16.110427856445312, -16.13556671142578, -14.986311912536621, -16.112262725830078, -15.064604759216309], [-27.26673126220703, -12.378666877746582, -27.231616973876953, -27.25556755065918, 0.31060338020324707, -27.237287521362305, -27.248489379882812, -23.970094680786133, -27.238096237182617, -24.04678726196289], [-33.82464599609375, -10.021143913269043, -33.808631896972656, -33.82155227661133, 3.9039390087127686, -33.8121452331543, -33.81839370727539, -28.749855041503906, -33.812503814697266, -28.782123565673828], [-37.70294952392578, -5.883177757263184, -37.694236755371094, -37.70253372192383, 1.5306012630462646, -37.69673538208008, -37.7006950378418, -31.186338424682617, -37.6968994140625, -31.193986892700195], [-39.99519729614258, -1.8664957284927368, -39.98978042602539, -39.995689392089844, -1.6525064706802368, -39.9917106628418, -39.99441909790039, -32.36746597290039, -39.991783142089844, -32.36907958984375], [-41.349674224853516, -5.1094183921813965, -41.345943450927734, -41.35042953491211, -5.035488128662109, -41.34749984741211, -41.349449157714844, -32.93168258666992, -41.347537994384766, -32.93158721923828], [-42.14990234375, -8.398419380187988, -42.14713668823242, -42.150691986083984, -8.341503143310547, -42.14842987060547, -42.14988708496094, -33.23722839355469, -42.1484489440918, -33.2366828918457], [-42.622623443603516, -11.36223030090332, -42.62046432495117, -42.62337112426758, -11.326700210571289, -42.62155532836914, -42.622676849365234, -33.496055603027344, -42.62156677246094, -33.49778747558594], [-42.90183639526367, -13.269866943359375, -42.90009689331055, -42.902523040771484, -13.241925239562988, -42.90102767944336, -42.90190887451172, -33.76530456542969, -42.901039123535156, -33.767059326171875], [-43.066734313964844, -13.768875122070312, -43.0652961730957, -43.067359924316406, -13.734720230102539, -43.06609344482422, -43.066802978515625, -34.102718353271484, -43.066104888916016, -34.1045036315918], [-43.16409683227539, -12.948944091796875, -43.16289138793945, -43.164669036865234, -12.906303405761719, -43.16358184814453, -43.164161682128906, -34.512203216552734, -43.16359329223633, -34.513938903808594], [-43.22157287597656, -10.84505844116211, -43.22054672241211, -43.22209930419922, -10.794261932373047, -43.22114562988281, -43.22162628173828, -34.97793197631836, -43.22115707397461, -34.97951126098633], [-43.2554817199707, -7.4893646240234375, -43.25460433959961, -43.2559700012207, -7.429649353027344, -43.255130767822266, -43.255531311035156, -35.47710418701172, -43.25514221191406, -35.478389739990234], [-43.27548599243164, -2.9170608520507812, -43.27472686767578, -43.27593994140625, -2.8476791381835938, -43.27518844604492, -43.27552795410156, -35.98610305786133, -43.27519989013672, -35.98722457885742], [-43.28727340698242, 2.8458938598632812, -43.286617279052734, -43.28770065307617, 2.9237289428710938, -43.28702163696289, -43.28730773925781, -36.487483978271484, -43.28703308105469, -36.48756408691406], [-43.294212341308594, 9.768051147460938, -43.29364013671875, -43.294612884521484, 9.857086181640625, -43.29399490356445, -43.29423904418945, -36.96085739135742, -43.29400634765625, -36.961143493652344], [-43.29828643798828, 17.826736450195312, -43.297786712646484, -43.298667907714844, 17.924942016601562, -43.298099517822266, -43.29831314086914, -37.40319061279297, -43.29811096191406, -37.40337371826172], [-43.30067443847656, 26.997848510742188, -43.300235748291016, -43.3010368347168, 27.105148315429688, -43.30051040649414, -43.30069351196289, -37.8153190612793, -43.3005256652832, -37.81539535522461], [-43.30207061767578, 37.26139831542969, -43.30168151855469, -43.30241775512695, 37.37919616699219, -43.30192947387695, -43.302085876464844, -38.19483184814453, -43.30194091796875, -38.194889068603516]], "time": 32.900663753040135, "dp_mcmc_step_size": 0.001, "ep_mcmc_step_size": 0.001, "num_rounds": 20, "num_steps_per_round": 10, "num_chains": 10, "use_gradients": true, "use_stochasticity": false, "repair": true, "predict": true, "quench_rounds": 0, "tempering_schedule": [0.0, 0.40922248363494873, 0.6509819626808167, 0.7938079833984375, 0.8781864047050476, 0.9280352592468262, 0.9574848413467407, 0.9748830199241638, 0.9851614236831665, 0.9912337064743042, 0.9948210716247559, 0.9969404339790344, 0.9981924891471863, 0.9989321231842041, 0.9993691444396973, 0.9996272921562195, 0.9997798204421997, 0.9998699426651001, 0.9999231696128845, 0.9999545812606812]}