{"final_eps": [[[0.1381525844335556, 0.2099514752626419, 0.7614893317222595, 0.8297687768936157, 0.021103747189044952], [0.12211402505636215, 0.14724348485469818, 0.9024689197540283, 0.3488031029701233, 0.05805908516049385], [0.1277228593826294, 0.13366708159446716, 0.2167331427335739, 0.15315315127372742, 0.011180144734680653], [0.20471298694610596, 0.19319956004619598, 2.331061601638794, 2.821227788925171, 0.12198430299758911], [0.12127392739057541, 0.13517381250858307, 0.19600673019886017, 0.5401608943939209, 0.020864155143499374], [0.21167100965976715, 0.21579411625862122, 1.3443113565444946, 1.234356164932251, 0.09675976634025574], [0.1626095324754715, 0.13631571829319, 0.14905701577663422, 0.2714095413684845, 0.13039980828762054], [0.15879882872104645, 0.13697758316993713, 0.12345966696739197, 0.3385416567325592, 0.05208608880639076], [0.14481894671916962, 0.11100327968597412, 0.1496301144361496, 0.7301863431930542, 0.12517833709716797], [0.16876617074012756, 0.2595807909965515, 0.574471652507782, 0.8536506295204163, 0.07290282845497131]], [[0.15271978080272675, 0.08063599467277527], [0.07487615942955017, 0.14773640036582947], [0.11105522513389587, 0.07494716346263885], [-0.09133552759885788, 0.24695253372192383], [0.3940865099430084, 0.012682020664215088], [0.19777391850948334, 0.25339940190315247], [0.03341331705451012, 0.26742058992385864], [0.1349407285451889, -0.07639048993587494], [0.1319950520992279, 0.18881946802139282], [-0.00796930119395256, 0.1976008415222168]]], "ep_logprobs": [[2.4777817726135254, 0.6020283699035645, 0.4219343066215515, 1.3625082969665527, 0.9338526725769043, 1.7361540794372559, 0.4713716506958008, 1.907807469367981, 1.8941906690597534, -2.5623180866241455], [-17.825782775878906, -17.846546173095703, -17.903247833251953, -18.156291961669922, -18.192148208618164, -16.757247924804688, -15.89388370513916, -16.027477264404297, -16.5996150970459, -19.69133949279785], [-27.850282669067383, -28.410154342651367, -28.693586349487305, -18.148086547851562, -28.363128662109375, -26.94479751586914, -26.047061920166016, -31.204193115234375, -27.7204647064209, -28.8651123046875], [-33.78871536254883, -35.62691879272461, -33.4552001953125, -25.680171966552734, -32.68653869628906, -33.761009216308594, -31.709434509277344, -34.684329986572266, -33.84757995605469, -35.31855010986328], [-39.088584899902344, -38.295047760009766, -34.92149353027344, -28.277942657470703, -37.52861404418945, -36.92768859863281, -34.930667877197266, -39.70439910888672, -38.46596908569336, -38.72830581665039], [-40.92296600341797, -41.42363357543945, -36.768367767333984, -15.076764106750488, -39.43705749511719, -34.24180221557617, -36.46753692626953, -40.599117279052734, -40.76015090942383, -43.035160064697266], [-43.79698944091797, -42.44895553588867, -38.97114562988281, -20.72816276550293, -41.15852737426758, -41.5263557434082, -39.57722854614258, -42.94615173339844, -40.56290817260742, -42.725337982177734], [-47.68608093261719, -44.87046432495117, -42.08390426635742, -22.574932098388672, -41.25761795043945, -42.03129196166992, -40.17861557006836, -42.43717956542969, -40.45139694213867, -46.71727752685547], [-45.32194137573242, -43.837059020996094, -43.49628448486328, -27.095504760742188, -45.12562942504883, -46.40521240234375, -45.67378616333008, -45.30386734008789, -44.15234375, -44.77550506591797], [-43.354278564453125, -44.084739685058594, -44.668758392333984, -25.268653869628906, -43.117427825927734, -43.62134552001953, -43.07860565185547, -44.01279830932617, -42.422462463378906, -47.68644332885742], [-45.42646026611328, -46.65251922607422, -43.4768180847168, -20.394866943359375, -42.883968353271484, -44.48713684082031, -44.27273178100586, -43.146148681640625, -43.841209411621094, -43.651222229003906], [-43.75819778442383, -43.994300842285156, -44.48893356323242, -7.6161956787109375, -44.33037567138672, -43.512664794921875, -44.00559997558594, -42.78672409057617, -43.53665542602539, -45.83597183227539], [-44.41644287109375, -44.453060150146484, -45.35599136352539, -5.608894348144531, -42.55125045776367, -37.221229553222656, -44.51768493652344, -42.32290267944336, -43.7125244140625, -44.87482833862305], [-44.279476165771484, -44.98516082763672, -46.48931121826172, 5.07049560546875, -43.820735931396484, -37.119693756103516, -44.480491638183594, -43.43425369262695, -44.74010467529297, -46.54545974731445], [-46.297908782958984, -47.90687561035156, -44.0178337097168, 31.034713745117188, -43.70749282836914, -39.68180847167969, -43.87480926513672, -44.48310852050781, -44.68629837036133, -44.39299011230469], [-47.72019577026367, -44.934486389160156, -45.43870162963867, 50.604339599609375, -43.108097076416016, -37.270347595214844, -43.46004867553711, -42.4886474609375, -47.830535888671875, -44.5490608215332], [-44.871604919433594, -44.826908111572266, -45.02553939819336, 91.05476379394531, -43.305118560791016, -34.97101593017578, -43.8361701965332, -44.6384391784668, -44.754032135009766, -43.480552673339844], [-43.606075286865234, -46.08955764770508, -44.141902923583984, 114.1126708984375, -42.44540023803711, -32.47422790527344, -44.401390075683594, -43.536048889160156, -42.74592590332031, -44.3668327331543], [-47.314476013183594, -45.96558380126953, -45.47709655761719, 144.10690307617188, -43.0634765625, -32.12693786621094, -44.78335189819336, -47.061561584472656, -43.16520690917969, -50.05908966064453], [-44.56472396850586, -43.52294158935547, -44.21641540527344, 193.944580078125, -44.62625503540039, -26.642841339111328, -45.220027923583984, -44.642486572265625, -43.50117492675781, -46.36710739135742]], "time": 31.925798198673874, "dp_mcmc_step_size": 0.001, "ep_mcmc_step_size": 0.001, "num_rounds": 20, "num_steps_per_round": 10, "num_chains": 10, "use_gradients": true, "use_stochasticity": true, "repair": true, "predict": true, "quench_rounds": 0, "tempering_schedule": [0.0, 0.40922248363494873, 0.6509819626808167, 0.7938079833984375, 0.8781864047050476, 0.9280352592468262, 0.9574848413467407, 0.9748830199241638, 0.9851614236831665, 0.9912337064743042, 0.9948210716247559, 0.9969404339790344, 0.9981924891471863, 0.9989321231842041, 0.9993691444396973, 0.9996272921562195, 0.9997798204421997, 0.9998699426651001, 0.9999231696128845, 0.9999545812606812]}