{"final_eps": [[[0.15123429894447327, 0.19816850125789642, 0.39167243242263794, 0.20711110532283783, 0.042117830365896225], [0.14988075196743011, 0.1590392142534256, 0.5593111515045166, 0.6485762000083923, 0.07624782621860504], [0.174454003572464, 0.13888777792453766, 0.9180648326873779, 0.6104505658149719, 0.07852256298065186], [0.17438960075378418, 0.13577672839164734, 0.3455064594745636, 0.5158742070198059, 0.05205918103456497], [0.1460813283920288, 0.2088848501443863, 0.5035468339920044, 0.13529081642627716, 0.04314485564827919], [0.14373084902763367, 0.17706890404224396, 0.9413886666297913, 0.5914536118507385, 0.06036635488271713], [0.14810235798358917, 0.24071402847766876, 0.6316872835159302, 0.8972597718238831, 0.08232742547988892], [0.17113067209720612, 0.1442362368106842, 0.6250450611114502, 0.8241011500358582, 0.1177540123462677], [0.1382882446050644, 0.19290481507778168, 0.22258919477462769, 0.17486371099948883, 0.07377631217241287], [0.1309446096420288, 0.19893470406532288, 0.6652924418449402, 0.322216272354126, 0.05960657075047493]], [[0.23822300136089325, 0.2635369896888733], [0.13938839733600616, 0.16014355421066284], [0.271261990070343, 0.15170985460281372], [0.2672550082206726, 0.13386797904968262], [0.16922390460968018, 0.18758077919483185], [0.10938164591789246, -0.023013845086097717], [0.14670391380786896, 0.2804819643497467], [0.1939712017774582, 0.1914321482181549], [0.24412418901920319, 0.19130100309848785], [-0.0023789876140654087, 0.2338162213563919]]], "ep_logprobs": [[1.9265594482421875, 2.7250709533691406, 2.126225709915161, 2.2059876918792725, 1.8863409757614136, 0.40189316868782043, 1.8948253393173218, 2.366394281387329, 1.376577377319336, 1.6084038019180298], [-16.893556594848633, -15.976335525512695, -11.923369407653809, -15.880337715148926, -16.92039680480957, -14.088415145874023, -12.070243835449219, -13.232528686523438, -16.869949340820312, -17.23684310913086], [-28.02841567993164, -27.018169403076172, -20.0772762298584, -26.559656143188477, -27.955764770507812, -22.485462188720703, -20.2955322265625, -22.303340911865234, -27.533876419067383, -28.3603515625], [-34.61300277709961, -33.54377746582031, -24.808332443237305, -32.87074279785156, -34.487003326416016, -27.104999542236328, -24.83534049987793, -27.634836196899414, -33.79366683959961, -34.87704086303711], [-38.48617172241211, -37.40155029296875, -27.44786834716797, -36.543495178222656, -38.32724380493164, -29.864240646362305, -27.593042373657227, -30.689462661743164, -37.4887580871582, -38.75800323486328], [-40.7751350402832, -39.68126678466797, -29.048629760742188, -38.73192596435547, -40.532447814941406, -31.37013053894043, -29.183263778686523, -32.455230712890625, -39.69921112060547, -41.05931854248047], [-42.12937545776367, -41.02454376220703, -29.93581771850586, -39.98918151855469, -41.872440338134766, -32.21488952636719, -29.878124237060547, -33.36016082763672, -40.95857238769531, -42.40450668334961], [-42.921607971191406, -41.817481994628906, -30.245702743530273, -40.75962829589844, -42.572933197021484, -32.58120346069336, -30.108129501342773, -33.76945877075195, -41.64093017578125, -43.16731262207031], [-43.36544418334961, -42.284523010253906, -30.426836013793945, -41.20160675048828, -43.02206802368164, -32.69929504394531, -30.42340850830078, -33.99111557006836, -42.054161071777344, -43.63906478881836], [-43.63021469116211, -42.53832244873047, -30.407085418701172, -41.4927978515625, -43.24539566040039, -32.728275299072266, -30.51467514038086, -34.0808219909668, -42.30226516723633, -43.91267013549805], [-43.77934265136719, -42.69869613647461, -30.343395233154297, -41.64516067504883, -43.396949768066406, -32.468528747558594, -30.232412338256836, -34.019248962402344, -42.40675354003906, -44.072669982910156], [-43.86056137084961, -42.78945541381836, -30.171127319335938, -41.749908447265625, -43.42508316040039, -32.338470458984375, -30.317123413085938, -33.96188735961914, -42.360694885253906, -44.17811584472656], [-43.91416931152344, -42.79154968261719, -29.931095123291016, -41.800716400146484, -43.45169448852539, -32.043701171875, -29.951683044433594, -33.56880569458008, -42.335567474365234, -44.248390197753906], [-43.9364013671875, -42.83186721801758, -29.852270126342773, -41.788963317871094, -43.465145111083984, -31.86712074279785, -29.548675537109375, -33.43207931518555, -42.31599426269531, -44.27758026123047], [-43.95270538330078, -42.840641021728516, -29.55140495300293, -41.80534744262695, -43.471534729003906, -31.677104949951172, -29.17965316772461, -33.393489837646484, -42.31810760498047, -44.29208755493164], [-43.9720573425293, -42.84905242919922, -29.355552673339844, -41.79792022705078, -43.46270751953125, -31.52348518371582, -29.00692367553711, -33.32764434814453, -42.23737335205078, -44.30710983276367], [-43.97392272949219, -42.867488861083984, -29.17405128479004, -41.8831787109375, -43.4683837890625, -31.2055606842041, -28.618318557739258, -33.237056732177734, -42.158504486083984, -44.289146423339844], [-43.98359298706055, -42.88438034057617, -29.056175231933594, -41.86481475830078, -43.462501525878906, -30.915943145751953, -28.33546257019043, -33.119598388671875, -42.13351821899414, -44.300636291503906], [-43.96157455444336, -42.874351501464844, -28.724246978759766, -41.84107208251953, -43.45697784423828, -30.616056442260742, -28.241052627563477, -32.87894821166992, -42.10597229003906, -44.295230865478516], [-43.95869064331055, -42.893089294433594, -28.633621215820312, -41.868797302246094, -43.44761657714844, -30.46622657775879, -28.06406021118164, -32.816165924072266, -42.0717658996582, -44.2957649230957]], "time": 28.929175274446607, "dp_mcmc_step_size": 0.001, "ep_mcmc_step_size": 0.001, "num_rounds": 20, "num_steps_per_round": 10, "num_chains": 10, "use_gradients": true, "use_stochasticity": true, "repair": true, "predict": true, "quench_rounds": 0, "tempering_schedule": [0.0, 0.40922248363494873, 0.6509819626808167, 0.7938079833984375, 0.8781864047050476, 0.9280352592468262, 0.9574848413467407, 0.9748830199241638, 0.9851614236831665, 0.9912337064743042, 0.9948210716247559, 0.9969404339790344, 0.9981924891471863, 0.9989321231842041, 0.9993691444396973, 0.9996272921562195, 0.9997798204421997, 0.9998699426651001, 0.9999231696128845, 0.9999545812606812]}