{"eps": {"object_position": [[0.045503586530685425, 0.13004666566848755], [-0.0073627266101539135, 0.037037309259176254], [-0.018177811056375504, -0.17314112186431885], [0.07376982271671295, -0.1334567368030548], [0.042900826781988144, -0.04904765263199806]], "object_rotation": [2.172978162765503, 1.7160868644714355, 0.12965251505374908, 1.2061336040496826, 1.8285908699035645], "distractor_position": [-0.23547843098640442, 0.6698406934738159, -1.0935924053192139, 0.10884959250688553, -1.358293890953064]}, "eps_trace": {"object_position": [[[0.04556978866457939, 0.13065682351589203], [-0.007021275348961353, 0.03749438375234604], [-0.018474619835615158, -0.17478512227535248], [0.07443149387836456, -0.13394075632095337], [0.043215278536081314, -0.04950501024723053]], [[0.0455341562628746, 0.13061054050922394], [-0.007018083240836859, 0.03748937323689461], [-0.018493840470910072, -0.17474547028541565], [0.07442967593669891, -0.13394145667552948], [0.04321076720952988, -0.04949922114610672]], [[0.045508287847042084, 0.13060054183006287], [-0.00702151283621788, 0.037487052381038666], [-0.01851481758058071, -0.17458581924438477], [0.07429191470146179, -0.13385210931301117], [0.04318208247423172, -0.04948117956519127]], [[0.04553986340761185, 0.13057588040828705], [-0.007024500984698534, 0.037477392703294754], [-0.018515750765800476, -0.17458301782608032], [0.07426616549491882, -0.1337524652481079], [0.04317757859826088, -0.04947080835700035]], [[0.04551601782441139, 0.13056273758411407], [-0.007044241763651371, 0.03748352453112602], [-0.018497737124562263, -0.17456980049610138], [0.07426618039608002, -0.1337524652481079], [0.04317895323038101, -0.049466945230960846]], [[0.04549631103873253, 0.1305459439754486], [-0.007046354003250599, 0.03748392313718796], [-0.01850310154259205, -0.17456869781017303], [0.07421720027923584, -0.13371478021144867], [0.04317748546600342, -0.049463268369436264]], [[0.04551538825035095, 0.13052798807621002], [-0.0070320554077625275, 0.03741348534822464], [-0.018527204170823097, -0.17457394301891327], [0.07421036064624786, -0.13371281325817108], [0.04317532479763031, -0.04946187138557434]], [[0.045539774000644684, 0.13051284849643707], [-0.0070330239832401276, 0.03741319477558136], [-0.018541812896728516, -0.17456765472888947], [0.07419663667678833, -0.13371062278747559], [0.04311981424689293, -0.049497559666633606]], [[0.045534923672676086, 0.13046926259994507], [-0.007030336651951075, 0.03741712123155594], [-0.01854849047958851, -0.17455214262008667], [0.07417265325784683, -0.13371361792087555], [0.043106697499752045, -0.049496397376060486]], [[0.04552095755934715, 0.13046742975711823], [-0.007051615975797176, 0.03743473440408707], [-0.01860789954662323, -0.17430026829242706], [0.07417206466197968, -0.1337098628282547], [0.04309486597776413, -0.04949874430894852]], [[0.04552135244011879, 0.13046742975711823], [-0.007053669076412916, 0.037435825914144516], [-0.01856418326497078, -0.17426390945911407], [0.07421045750379562, -0.13361261785030365], [0.04309486970305443, -0.049498774111270905]], [[0.045518700033426285, 0.13046763837337494], [-0.00708709005266428, 0.037361666560173035], [-0.01853521354496479, -0.174225315451622], [0.074223592877388, -0.1335761696100235], [0.04309577867388725, -0.049174871295690536]], [[0.045514460653066635, 0.1304624080657959], [-0.007090796250849962, 0.037363387644290924], [-0.01858069747686386, -0.17413130402565002], [0.07422394305467606, -0.13357433676719666], [0.0430908203125, -0.04917726665735245]], [[0.04552648961544037, 0.13040302693843842], [-0.007091443054378033, 0.03736418858170509], [-0.018555693328380585, -0.17398642003536224], [0.07422039657831192, -0.13357234001159668], [0.04303942248225212, -0.04911081865429878]], [[0.045525919646024704, 0.13040076196193695], [-0.007094488944858313, 0.03736182674765587], [-0.018544437363743782, -0.17398250102996826], [0.07422902435064316, -0.13353025913238525], [0.04303707182407379, -0.049109332263469696]], [[0.04551669582724571, 0.1303940713405609], [-0.007098389323800802, 0.03736855462193489], [-0.018531017005443573, -0.17386826872825623], [0.07401063293218613, -0.13345851004123688], [0.04305803403258324, -0.049094799906015396]], [[0.045516256242990494, 0.1303934007883072], [-0.00710600521415472, 0.037085410207509995], [-0.01854083128273487, -0.1738409698009491], [0.0740123987197876, -0.13345672190189362], [0.04305792599916458, -0.04909415915608406]], [[0.04550614580512047, 0.13037094473838806], [-0.0072004529647529125, 0.037113968282938004], [-0.018575171008706093, -0.17384321987628937], [0.07401913404464722, -0.13342887163162231], [0.04297490045428276, -0.04911079630255699]], [[0.045499347150325775, 0.1303654909133911], [-0.007205909118056297, 0.03711864352226257], [-0.01857542060315609, -0.17384183406829834], [0.07399236410856247, -0.13342352211475372], [0.04295216500759125, -0.04918503388762474]], [[0.04551161825656891, 0.13032779097557068], [-0.00720983138307929, 0.03709980845451355], [-0.018552808091044426, -0.17384348809719086], [0.07399328798055649, -0.13342277705669403], [0.04293185845017433, -0.04916219040751457]], [[0.045522868633270264, 0.13032160699367523], [-0.007219575345516205, 0.03710085526108742], [-0.018557365983724594, -0.1736719310283661], [0.07398223876953125, -0.13339801132678986], [0.04289095476269722, -0.04915095865726471]], [[0.04552048072218895, 0.13019496202468872], [-0.007216091733425856, 0.037039171904325485], [-0.018311701714992523, -0.17349058389663696], [0.07398208230733871, -0.13339632749557495], [0.042895685881376266, -0.04915734753012657]], [[0.04551934078335762, 0.13019385933876038], [-0.007222726009786129, 0.037033699452877045], [-0.018134156242012978, -0.1732175499200821], [0.07396887987852097, -0.13339024782180786], [0.04289602115750313, -0.04911545291543007]], [[0.04549644887447357, 0.1300789713859558], [-0.00721712177619338, 0.0370333306491375], [-0.018089234828948975, -0.1731569468975067], [0.07376822829246521, -0.13345801830291748], [0.04291525483131409, -0.04906180500984192]], [[0.045503586530685425, 0.13004666566848755], [-0.0073627266101539135, 0.037037309259176254], [-0.018177811056375504, -0.17314112186431885], [0.07376982271671295, -0.1334567368030548], [0.042900826781988144, -0.04904765263199806]]],