{"eps": {"object_position": [[-0.27901095151901245, 0.003976455423980951], [-0.11404940485954285, 0.1142754852771759], [0.00784352421760559, 0.07050900161266327], [0.07256453484296799, 0.14427132904529572], [-0.17108409106731415, -0.016783341765403748]], "object_rotation": [2.578061580657959, 0.2666355073451996, 2.240783214569092, 1.2501204013824463, 2.4802610874176025], "distractor_position": [-0.6856029629707336, -0.7243121862411499, -1.6477094888687134, -0.7124629616737366, -0.38631030917167664]}, "eps_trace": {"object_position": [[[-0.2808179259300232, 0.004245639778673649], [-0.11481578648090363, 0.11479915678501129], [0.007615656591951847, 0.07051967084407806], [0.07281669229269028, 0.14581872522830963], [-0.17248356342315674, -0.016922805458307266]], [[-0.2807856500148773, 0.004277551081031561], [-0.1148066446185112, 0.11481175571680069], [0.007608151063323021, 0.0705140084028244], [0.07281476259231567, 0.1458185464143753], [-0.17247001826763153, -0.016937358304858208]], [[-0.2807832956314087, 0.004266773816198111], [-0.11478855460882187, 0.1148165762424469], [0.007609269581735134, 0.07051088660955429], [0.07274706661701202, 0.14580900967121124], [-0.17242391407489777, -0.01699949987232685]], [[-0.2807494103908539, 0.004297587089240551], [-0.11477376520633698, 0.11472063511610031], [0.007598533760756254, 0.07050837576389313], [0.07278843224048615, 0.1456627994775772], [-0.1723393052816391, -0.01700507290661335]], [[-0.2807426452636719, 0.004287575837224722], [-0.11475493758916855, 0.1146516501903534], [0.007583742029964924, 0.07050439715385437], [0.07277824729681015, 0.14565643668174744], [-0.17231707274913788, -0.016995100304484367]], [[-0.28065958619117737, 0.004230187740176916], [-0.11466054618358612, 0.11462998390197754], [0.0075712502002716064, 0.0705098956823349], [0.07276692241430283, 0.14566269516944885], [-0.1723165363073349, -0.016994504258036613]], [[-0.2806503176689148, 0.00424873735755682], [-0.11464095115661621, 0.11459705978631973], [0.007571052294224501, 0.07050983607769012], [0.07276175916194916, 0.1456618458032608], [-0.17219392955303192, -0.016977088525891304]], [[-0.2806474566459656, 0.004261804278939962], [-0.11464150995016098, 0.11459691822528839], [0.007613974157720804, 0.07051175832748413], [0.07275259494781494, 0.14563977718353271], [-0.17217575013637543, -0.01696721278131008]], [[-0.28038081526756287, 0.0041708555072546005], [-0.11465078592300415, 0.11457216739654541], [0.007599291391670704, 0.07053202390670776], [0.07275492697954178, 0.14563040435314178], [-0.1720999777317047, -0.016973931342363358]], [[-0.2803812026977539, 0.00417158892378211], [-0.11459795385599136, 0.1145792007446289], [0.00760555500164628, 0.07053451985120773], [0.07276636362075806, 0.14557699859142303], [-0.17209184169769287, -0.01695886440575123]], [[-0.2803814113140106, 0.004146361257880926], [-0.11459001898765564, 0.1145809069275856], [0.007619260810315609, 0.07051802426576614], [0.07276477664709091, 0.14557640254497528], [-0.17203573882579803, -0.016984200105071068]], [[-0.28034764528274536, 0.004160929936915636], [-0.1145804226398468, 0.11452040076255798], [0.007748872973024845, 0.0705532506108284], [0.07268065959215164, 0.14556251466274261], [-0.1720266193151474, -0.01696597784757614]], [[-0.2803175747394562, 0.004142379388213158], [-0.11456669121980667, 0.11451388150453568], [0.007816193625330925, 0.07053973525762558], [0.07267309725284576, 0.1455664485692978], [-0.17180705070495605, -0.016917429864406586]], [[-0.2803175747394562, 0.0041422490030527115], [-0.11454374343156815, 0.11453002691268921], [0.007825239561498165, 0.07053591310977936], [0.0726119801402092, 0.14548422396183014], [-0.17180435359477997, -0.016902241855859756]], [[-0.2803126871585846, 0.004030532203614712], [-0.11455255001783371, 0.11450033634901047], [0.007819494232535362, 0.07052931934595108], [0.07267051935195923, 0.14530301094055176], [-0.17180438339710236, -0.01690305769443512]], [[-0.28004878759384155, 0.0039482684805989265], [-0.11448265612125397, 0.11446111649274826], [0.007808932568877935, 0.07052823901176453], [0.07267621159553528, 0.14529728889465332], [-0.17180435359477997, -0.016904378309845924]], [[-0.2800487279891968, 0.003948495723307133], [-0.11445289850234985, 0.11446487158536911], [0.007808644790202379, 0.07052851468324661], [0.07267504930496216, 0.14529818296432495], [-0.17170459032058716, -0.016925640404224396]], [[-0.27917540073394775, 0.003837975673377514], [-0.11443161219358444, 0.11445314437150955], [0.00780384661629796, 0.07052846997976303], [0.07274366915225983, 0.14498263597488403], [-0.17168381810188293, -0.016946030780673027]], [[-0.27917659282684326, 0.003845495404675603], [-0.11443034559488297, 0.11445363610982895], [0.007798940874636173, 0.07052591443061829], [0.07273421436548233, 0.14496667683124542], [-0.1714489907026291, -0.017017515376210213]], [[-0.27916863560676575, 0.003848134307190776], [-0.11441103368997574, 0.11437772214412689], [0.007811360061168671, 0.07052125781774521], [0.07272953540086746, 0.14496895670890808], [-0.17144231498241425, -0.01692681573331356]], [[-0.2791241705417633, 0.003938819747418165], [-0.11438070982694626, 0.1143815740942955], [0.007811581715941429, 0.07052093744277954], [0.07273389399051666, 0.14496874809265137], [-0.17111602425575256, -0.01674426719546318]], [[-0.27909886837005615, 0.0039304764941334724], [-0.11432697623968124, 0.1143764778971672], [0.007816423662006855, 0.07054580003023148], [0.07271067053079605, 0.14488071203231812], [-0.17111016809940338, -0.016738779842853546]], [[-0.27904006838798523, 0.003986915573477745], [-0.11418832838535309, 0.11422774195671082], [0.007809148170053959, 0.07052649557590485], [0.07254422456026077, 0.1443139761686325], [-0.17109909653663635, -0.016740700230002403]], [[-0.2790341377258301, 0.004006642382591963], [-0.11409566551446915, 0.11427723616361618], [0.00782459881156683, 0.07052604109048843], [0.07254435122013092, 0.1443137526512146], [-0.171105295419693, -0.01676834188401699]], [[-0.27901095151901245, 0.003976455423980951], [-0.11404940485954285, 0.1142754852771759], [0.00784352421760559, 0.07050900161266327], [0.07256453484296799, 0.14427132904529572], [-0.17108409106731415, -0.016783341765403748]]],