{"eps": {"drone_state": [[-9.999659538269043, 0.00019769708160310984, 0.9965649843215942, 0.00028742398717440665], [-10.005910873413086, -0.006002879701554775, 1.0094190835952759, 0.004295221995562315], [-9.999295234680176, 0.0006322608096525073, 0.9952007532119751, 0.0004172406916040927], [-10.018754959106445, 0.0017669751541689038, 1.0290935039520264, -1.6250894987024367e-05], [-10.011253356933594, 0.0057215276174247265, 1.0158382654190063, 0.005729629658162594]], "tree_locations": [[[-3.069124460220337, -3.87211012840271], [-3.7653002738952637, -0.5275272727012634], [-7.021083354949951, -3.4706103801727295], [-6.998073577880859, -0.9839362502098083], [-5.288427829742432, -1.5574581623077393]], [[-3.7947452068328857, -0.04131113737821579], [-7.348656177520752, -0.7286579012870789], [-2.17851185798645, 2.5040221214294434], [-1.564010500907898, -2.4695751667022705], [-6.573771953582764, 2.488818883895874]], [[-2.7288780212402344, -1.7910023927688599], [-5.075788974761963, -3.277662515640259], [-6.478965759277344, 3.461010694503784], [-7.305708408355713, -1.7715007066726685], [-7.875460147857666, -3.0103065967559814]], [[-6.895013809204102, 0.9126419425010681], [-3.370293617248535, 3.4138588905334473], [-4.825352191925049, -3.5637967586517334], [-3.9264283180236816, 1.195183277130127], [-1.4675754308700562, 2.8029942512512207]], [[-3.13503360748291, 1.137129783630371], [-5.950754642486572, -3.878175735473633], [-4.883916854858398, -2.4290497303009033], [-5.752546787261963, 3.073469400405884], [-3.7448348999023438, 1.5416010618209839]]], "tree_velocities": [[[0.12245233356952667, -0.06857091188430786], [0.3839735686779022, 0.30291756987571716], [-0.1081496924161911, 0.07604710012674332], [0.24290762841701508, -0.08960048854351044], [-0.306555837392807, -0.005372897256165743]], [[0.07264615595340729, 0.008183245547115803], [0.11561596393585205, 0.07445228099822998], [0.19516493380069733, -0.13431857526302338], [-0.32038596272468567, -0.19066539406776428], [0.3164907395839691, 0.17690923810005188]], [[0.16429798305034637, -0.05274389311671257], [-0.39183229207992554, 0.06716249138116837], [-0.19248174130916595, 0.31493136286735535], [-0.2653822600841522, -0.16347894072532654], [0.24500450491905212, -0.05770533159375191]], [[0.12384424358606339, 0.0991068184375763], [-0.026511047035455704, 0.043667763471603394], [0.196316659450531, -0.3457804024219513], [0.19613765180110931, -0.25683191418647766], [0.2828630208969116, 0.1734502762556076]], [[0.19407892227172852, 0.08648008108139038], [0.01163724809885025, 0.10028351098299026], [0.0900711864233017, -0.007932036183774471], [0.01625189743936062, -0.03626513108611107], [0.2540464997291565, -0.13466200232505798]]], "wind_speed": [[0.0027004429139196873, 0.003711739555001259], [-0.005053573753684759, 0.027743402868509293], [0.003981447778642178, 0.01170417107641697], [-0.03621339052915573, 0.03171277046203613], [-0.02614639699459076, 0.044987063854932785]]}, "eps_trace": {"drone_state": [[[-10.092498779296875, -0.06867417693138123, 1.0041838884353638, 0.06511319428682327], [-9.959733009338379, 0.03454821929335594, 0.9990701079368591, -0.09166152030229568], [-9.925557136535645, -0.03583025187253952, 1.0444450378417969, 0.00809919647872448], [-10.000030517578125, -4.801021532330196e-06, 0.9961360692977905, -2.823836803145241e-05], [-9.900117874145508, 0.11450076848268509, 1.0099231004714966, 0.011909390799701214]], [[-10.05760669708252, -0.04262229800224304, 1.000760793685913, 0.041181016713380814], [-9.979069709777832, 0.01818712428212166, 0.9991977214813232, -0.04865536838769913], [-9.952160835266113, -0.02222723513841629, 1.005476951599121, 0.004593940451741219], [-10.000323295593262, -0.0002634916454553604, 0.9993513822555542, 0.0017566806636750698], [-9.932538986206055, 0.07708572596311569, 1.0052827596664429, 0.009222086519002914]], [[-10.022997856140137, -0.01698840968310833, 0.9998226165771484, 0.015837525948882103], [-9.996869087219238, 0.001961361849680543, 1.001578450202942, -0.005578700453042984], [-9.996135711669922, -0.001983970869332552, 0.9990421533584595, 8.243683259934187e-05], [-10.000267028808594, -1.963155227713287e-05, 1.0045616626739502, 0.0007329119835048914], [-9.963180541992188, 0.04071906581521034, 0.9970790147781372, 0.008483193814754486]], [[-9.999995231628418, 1.0091389412991703e-07, 1.0011553764343262, 8.812494343146682e-06], [-10.000041007995605, 2.464822136971634e-05, 0.9964719414710999, -0.00011089426698163152], [-10.000001907348633, 1.7446374840801582e-05, 1.005182147026062, -8.203833203879185e-06], [-10.000211715698242, 9.955875430023298e-05, 0.9945794343948364, -3.48922039847821e-05], [-9.996171951293945, 0.004629513714462519, 1.0013866424560547, 0.0009786004666239023]], [[-9.999659538269043, 0.00019769708160310984, 0.9965649843215942, 0.00028742398717440665], [-10.005910873413086, -0.006002879701554775, 1.0094190835952759, 0.004295221995562315], [-9.999295234680176, 0.0006322608096525073, 0.9952007532119751, 0.0004172406916040927], [-10.018754959106445, 0.0017669751541689038, 1.0290935039520264, -1.6250894987024367e-05], [-10.011253356933594, 0.0057215276174247265, 1.0158382654190063, 0.005729629658162594]]],