{"eps": {"drone_state": [[-10.118270874023438, -0.07486546039581299, 1.0070420503616333, 0.06925442069768906], [-9.941349983215332, 0.05418694019317627, 0.9946243166923523, -0.12911908328533173], [-9.916407585144043, -0.05381603166460991, 1.0543016195297241, 0.004682857543230057], [-9.9987211227417, 0.02670769952237606, 0.9871681928634644, -0.0027006822638213634], [-9.865791320800781, 0.14445169270038605, 1.0276117324829102, 0.02216491289436817]], "tree_locations": [[[-3.0714046955108643, -3.9541878700256348], [-3.7650058269500732, -0.5431071519851685], [-7.016936779022217, -3.468155860900879], [-6.9922099113464355, -0.9851226806640625], [-5.2860636711120605, -1.5512140989303589]], [[-3.7934772968292236, -0.05026157572865486], [-7.3502349853515625, -0.7376893758773804], [-2.2041027545928955, 2.5294997692108154], [-1.5648547410964966, -2.4696359634399414], [-6.5879130363464355, 2.4688165187835693]], [[-2.732761859893799, -1.7835172414779663], [-5.073443412780762, -3.277458906173706], [-6.473217964172363, 3.457185745239258], [-7.307980060577393, -1.773861050605774], [-7.981773853302002, -3.015270948410034]], [[-6.899353981018066, 0.902475118637085], [-3.3703088760375977, 3.405107021331787], [-4.823340892791748, -3.5650923252105713], [-3.9592018127441406, 1.2253531217575073], [-1.4701520204544067, 2.8033037185668945]], [[-3.1310503482818604, 1.142310380935669], [-5.94549560546875, -3.969029426574707], [-4.881288051605225, -2.4179434776306152], [-5.713824272155762, 3.0794014930725098], [-3.7735514640808105, 1.5819015502929688]]], "tree_velocities": [[[0.17343410849571228, -0.09056101739406586], [0.5210311412811279, 0.41573163866996765], [-0.14327645301818848, 0.10347273200750351], [0.33189958333969116, -0.1324746310710907], [-0.415523499250412, -0.011663665063679218]], [[0.10448812693357468, 0.00905622635036707], [0.1673896759748459, 0.1064763069152832], [0.2723461389541626, -0.15336833894252777], [-0.45489078760147095, -0.26999610662460327], [0.4543078541755676, 0.24820883572101593]], [[0.21439728140830994, -0.06645233929157257], [-0.5464170575141907, 0.08520353585481644], [-0.25578969717025757, 0.4110465943813324], [-0.3631784915924072, -0.21583519876003265], [0.33277374505996704, -0.07459311932325363]], [[0.16451218724250793, 0.13932853937149048], [-0.03734926879405975, 0.07003390043973923], [0.27347734570503235, -0.47996777296066284], [0.24221336841583252, -0.28462979197502136], [0.3900889754295349, 0.23754791915416718]], [[0.3193119168281555, 0.14628875255584717], [0.02606206014752388, 0.16927731037139893], [0.14369609951972961, -0.011643177829682827], [0.05212444067001343, -0.02988305129110813], [0.37869739532470703, -0.15168872475624084]]], "wind_speed": [[-0.12453668564558029, 0.03411758691072464], [-0.038581185042858124, 0.0690230131149292], [0.11287594586610794, -0.005660056136548519], [0.06477881222963333, 0.034837767481803894], [-0.029043128713965416, 0.04384258762001991]]}, "eps_trace": {"drone_state": [[[-10.126300811767578, -0.0908392146229744, 1.0208308696746826, 0.08532263338565826], [-9.940000534057617, 0.050644002854824066, 1.0006263256072998, -0.1342162787914276], [-9.905423164367676, -0.0457281693816185, 1.0759894847869873, 0.011179623194038868], [-10.001179695129395, 0.02267136611044407, 0.9849510192871094, -0.013768495060503483], [-9.866561889648438, 0.1482844352722168, 1.030240774154663, 0.014383128844201565]], [[-10.122698783874512, -0.08713576197624207, 1.0065861940383911, 0.07945595681667328], [-9.939724922180176, 0.050098877400159836, 0.9996002912521362, -0.13285474479198456], [-9.910428047180176, -0.04641066864132881, 1.0731425285339355, 0.010758834891021252], [-9.998588562011719, 0.022885620594024658, 0.9837999939918518, -0.010988281108438969], [-9.866462707519531, 0.1454159915447235, 1.0266541242599487, 0.015670567750930786]], [[-10.122822761535645, -0.0777745395898819, 1.0073058605194092, 0.0693804994225502], [-9.940732955932617, 0.05263114348053932, 0.9968281984329224, -0.13022476434707642], [-9.91431713104248, -0.054170962423086166, 1.06423020362854, 0.0015112251276150346], [-9.997871398925781, 0.023257609456777573, 0.9843081831932068, -0.010274538770318031], [-9.870892524719238, 0.14621898531913757, 1.0265601873397827, 0.019353825598955154]], [[-10.122283935546875, -0.07613661885261536, 1.0106796026229858, 0.07091154903173447], [-9.94000244140625, 0.05256035178899765, 0.9969303607940674, -0.12978433072566986], [-9.914580345153809, -0.054911304265260696, 1.06414794921875, -0.0014798273332417011], [-9.998828887939453, 0.02268807217478752, 0.9848146438598633, -0.005942878779023886], [-9.869561195373535, 0.14536945521831512, 1.0265650749206543, 0.021304437890648842]], [[-10.118270874023438, -0.07486546039581299, 1.0070420503616333, 0.06925442069768906], [-9.941349983215332, 0.05418694019317627, 0.9946243166923523, -0.12911908328533173], [-9.916407585144043, -0.05381603166460991, 1.0543016195297241, 0.004682857543230057], [-9.9987211227417, 0.02670769952237606, 0.9871681928634644, -0.0027006822638213634], [-9.865791320800781, 0.14445169270038605, 1.0276117324829102, 0.02216491289436817]]],