{"eps": {"drone_state": [[-9.906129837036133, 0.04109411686658859, 0.9975466728210449, -0.015925319865345955], [-10.051674842834473, -0.08191118389368057, 0.9868469834327698, 0.001461618929170072], [-9.862592697143555, 0.06589482724666595, 1.0132343769073486, -0.11269475519657135], [-10.101710319519043, 0.04531063139438629, 1.1141420602798462, 0.09938415884971619], [-10.103118896484375, -0.09837722033262253, 0.9724287986755371, 0.02339976467192173]], "tree_locations": [[[-1.2858192920684814, 2.6233584880828857], [-3.3629748821258545, -3.0663554668426514], [-6.558110237121582, 3.7817282676696777], [-2.9311208724975586, -1.8256568908691406], [-2.1940252780914307, 2.258634328842163]], [[-1.7729681730270386, 0.8218145966529846], [-6.121920585632324, -3.065769910812378], [-4.378434181213379, -0.10933942347764969], [-7.53523063659668, -3.7338874340057373], [-3.1248321533203125, 0.003948904573917389]], [[-2.2320027351379395, 0.9145159125328064], [-4.501743793487549, 2.0022542476654053], [-4.190914630889893, 3.905681848526001], [-6.626725196838379, 0.18114809691905975], [-1.1807085275650024, -3.2868635654449463]], [[-2.1306915283203125, -0.6664876341819763], [-2.4414124488830566, -2.49822735786438], [-5.886751651763916, -3.8426427841186523], [-3.36411190032959, 0.6079994440078735], [-4.070070743560791, 0.5546253323554993]], [[-1.887152075767517, 3.8869898319244385], [-5.776298522949219, 0.08570980280637741], [-6.355033874511719, -3.810398578643799], [-4.024198055267334, -2.2461771965026855], [-2.9818735122680664, 2.0713014602661133]]], "tree_velocities": [[[0.30934616923332214, 0.22746890783309937], [0.34314480423927307, -0.2701181173324585], [-0.1573697179555893, 0.3527083396911621], [-0.11992037296295166, 0.3204573094844818], [0.25946617126464844, -0.0716010108590126]], [[-0.11894924938678741, 0.001773096970282495], [0.008611329831182957, 0.10616262257099152], [-0.5742120146751404, -0.3504243791103363], [0.03584578260779381, -0.18570633232593536], [-0.10932186990976334, -0.2477177232503891]], [[-0.18525700271129608, 0.04227682575583458], [-0.21785308420658112, 0.4039832055568695], [0.1948053240776062, 0.2579975426197052], [0.02392653189599514, -0.29186752438545227], [-0.19221064448356628, 0.11724785715341568]], [[-0.24979554116725922, 0.23920755088329315], [0.037851255387067795, 0.09022761881351471], [-0.22336098551750183, -0.2207595258951187], [0.2880786657333374, -0.25594663619995117], [-0.05785319209098816, -0.04101170226931572]], [[0.05601848289370537, 0.29512450098991394], [-0.2175377905368805, -0.19047103822231293], [-0.05834389850497246, 0.10515061765909195], [0.0957992896437645, 0.2877795100212097], [-0.03677821904420853, -0.1486276388168335]]], "wind_speed": [[0.02370385266840458, -0.03898702934384346], [-0.13602899014949799, -0.09354740381240845], [-0.05870147421956062, 0.04103979840874672], [-0.017789272591471672, -0.09569944441318512], [-0.027558479458093643, -0.11936401575803757]]}, "eps_trace": {"drone_state": [[[-9.897640228271484, 0.0457736998796463, 1.0001091957092285, -0.009551615454256535], [-10.05388069152832, -0.08801648765802383, 0.9767012596130371, 0.0020156295504420996], [-9.855297088623047, 0.07179223001003265, 1.0105414390563965, -0.11261266469955444], [-10.112831115722656, 0.05845896527171135, 1.1406620740890503, 0.1205148845911026], [-10.110546112060547, -0.10313987731933594, 0.9722687602043152, 0.02831815741956234]], [[-9.901535034179688, 0.0443740114569664, 0.9977128505706787, -0.012223863042891026], [-10.055315971374512, -0.08376343548297882, 0.9822621941566467, 0.0020077174995094538], [-9.85744857788086, 0.06724819540977478, 1.013124704360962, -0.11259216070175171], [-10.11174201965332, 0.05478820577263832, 1.136336088180542, 0.1216784119606018], [-10.109530448913574, -0.10277481377124786, 0.973395049571991, 0.028229858726263046]], [[-9.901619911193848, 0.041473809629678726, 0.9979860186576843, -0.012386087328195572], [-10.055278778076172, -0.08435384929180145, 0.9820699095726013, 0.0021876217797398567], [-9.859335899353027, 0.06544852256774902, 1.016337513923645, -0.11228590458631516], [-10.109640121459961, 0.0474444217979908, 1.1314936876296997, 0.12324797362089157], [-10.10780143737793, -0.10061558336019516, 0.9711628556251526, 0.025324860587716103]], [[-9.902557373046875, 0.040370091795921326, 0.9982678294181824, -0.014122813940048218], [-10.051955223083496, -0.08203669637441635, 0.9852229356765747, 0.0015534284757450223], [-9.860865592956543, 0.06505434960126877, 1.0153948068618774, -0.11238589882850647], [-10.105366706848145, 0.04825790598988533, 1.1191445589065552, 0.10143178701400757], [-10.1056489944458, -0.09731798619031906, 0.9703261852264404, 0.023752890527248383]], [[-9.906129837036133, 0.04109411686658859, 0.9975466728210449, -0.015925319865345955], [-10.051674842834473, -0.08191118389368057, 0.9868469834327698, 0.001461618929170072], [-9.862592697143555, 0.06589482724666595, 1.0132343769073486, -0.11269475519657135], [-10.101710319519043, 0.04531063139438629, 1.1141420602798462, 0.09938415884971619], [-10.103118896484375, -0.09837722033262253, 0.9724287986755371, 0.02339976467192173]]],