{"eps": {"object_position": [[0.12700535356998444, 0.05734589695930481], [-0.013885237276554108, 0.02278207242488861], [-0.029482241719961166, 0.0313553661108017], [-0.20856285095214844, -0.3475155830383301], [-0.05198447406291962, 0.07392104715108871]], "object_rotation": [1.3383958339691162, 2.109083652496338, 0.9032862782478333, 2.162208318710327, 0.8943244218826294], "distractor_position": [-0.42784082889556885, 0.4922928512096405, -0.7345526814460754, 0.31247755885124207, -0.3951011300086975]}, "eps_trace": {"object_position": [[[0.017038343474268913, -0.03232039138674736], [0.1449187695980072, -0.09041378647089005], [-0.0338398739695549, 0.1434684544801712], [0.108175128698349, 0.30880945920944214], [0.29486268758773804, 0.006243403535336256]], [[0.017038343474268913, -0.03232039138674736], [0.0077870190143585205, -0.09953009337186813], [-0.0338398739695549, 0.1434684544801712], [-0.2050858438014984, -0.06133565306663513], [0.29486268758773804, 0.006243403535336256]], [[0.08063345402479172, -0.11901000142097473], [-0.010412968695163727, 0.0686463937163353], [0.07835536450147629, -0.06249682605266571], [-0.2050858438014984, -0.06133565306663513], [0.29486268758773804, 0.006243403535336256]], [[0.08063345402479172, -0.11901000142097473], [0.16025692224502563, 0.019338279962539673], [-0.0340825691819191, 0.13006718456745148], [0.030803382396697998, -0.11304719746112823], [0.06042933464050293, 0.07972948998212814]], [[0.08063345402479172, -0.11901000142097473], [0.16025692224502563, 0.019338279962539673], [-0.0340825691819191, 0.13006718456745148], [0.03544044494628906, 0.004671610891819], [-0.07070839405059814, -0.1213221326470375]], [[0.08063345402479172, -0.11901000142097473], [0.16025692224502563, 0.019338279962539673], [0.05593005567789078, 0.027298636734485626], [0.03544044494628906, 0.004671610891819], [0.11827242374420166, -0.02497749775648117]], [[0.08063345402479172, -0.11901000142097473], [0.0315575897693634, 0.1436888575553894], [-0.11709602922201157, 0.1727887988090515], [0.009568115696310997, 0.04820435494184494], [0.11827242374420166, -0.02497749775648117]], [[-0.03515467047691345, 0.13618725538253784], [-0.03592707961797714, 0.0306079164147377], [-0.11709602922201157, 0.1727887988090515], [0.009568115696310997, 0.04820435494184494], [0.11827242374420166, -0.02497749775648117]], [[0.13608816266059875, 0.008367732167243958], [-0.03592707961797714, 0.0306079164147377], [0.026646040380001068, -0.07231123745441437], [0.14550195634365082, 0.06111215800046921], [0.11827242374420166, -0.02497749775648117]], [[0.13608816266059875, 0.008367732167243958], [-0.03592707961797714, 0.0306079164147377], [0.026646040380001068, -0.07231123745441437], [0.14550195634365082, 0.06111215800046921], [0.1506514996290207, 0.04952578246593475]], [[-0.03170415759086609, -0.02692165970802307], [-0.03592707961797714, 0.0306079164147377], [0.026646040380001068, -0.07231123745441437], [0.14550195634365082, 0.06111215800046921], [0.19197943806648254, -0.07815445959568024]], [[-0.03170415759086609, -0.02692165970802307], [-0.03592707961797714, 0.0306079164147377], [-0.12247356027364731, -0.11485162377357483], [0.18860891461372375, 0.05203736200928688], [-0.15596017241477966, -0.015346117317676544]], [[-0.04227229580283165, -0.10371585935354233], [0.00423053652048111, -0.03272515535354614], [-0.07472708076238632, -0.0892598032951355], [0.06845050305128098, 0.09708654135465622], [0.03385111689567566, -0.05862634629011154]], [[-0.04227229580283165, -0.10371585935354233], [0.00423053652048111, -0.03272515535354614], [-0.09970656037330627, 0.002707071602344513], [0.13527148962020874, 0.03791798651218414], [0.06387991458177567, 0.06277765333652496]], [[-0.04227229580283165, -0.10371585935354233], [0.00423053652048111, -0.03272515535354614], [-0.0629047229886055, -0.06454211473464966], [0.13527148962020874, 0.03791798651218414], [0.06901276111602783, 0.04167772829532623]], [[-0.04227229580283165, -0.10371585935354233], [0.00423053652048111, -0.03272515535354614], [-0.0629047229886055, -0.06454211473464966], [0.05330480635166168, 0.11894024163484573], [0.23391251266002655, 0.03236539661884308]], [[-0.01741691492497921, 0.19846311211585999], [0.10399535298347473, -0.1359950602054596], [-0.0629047229886055, -0.06454211473464966], [0.05330480635166168, 0.11894024163484573], [0.23391251266002655, 0.03236539661884308]], [[0.02365170605480671, 0.18201930820941925], [0.10399535298347473, -0.1359950602054596], [-0.08563542366027832, -0.0530896857380867], [0.05330480635166168, 0.11894024163484573], [0.23391251266002655, 0.03236539661884308]], [[0.058703795075416565, -0.16007189452648163], [-0.013885237276554108, 0.02278207242488861], [-0.08563542366027832, -0.0530896857380867], [0.05330480635166168, 0.11894024163484573], [0.23391251266002655, 0.03236539661884308]], [[0.058703795075416565, -0.16007189452648163], [-0.013885237276554108, 0.02278207242488861], [0.004290468990802765, 0.10860828310251236], [-0.10541163384914398, -0.13423308730125427], [0.23391251266002655, 0.03236539661884308]], [[0.01577126979827881, -0.04914788901805878], [-0.013885237276554108, 0.02278207242488861], [0.004290468990802765, 0.10860828310251236], [-0.10541163384914398, -0.13423308730125427], [0.23391251266002655, 0.03236539661884308]], [[0.01577126979827881, -0.04914788901805878], [-0.013885237276554108, 0.02278207242488861], [0.1149442121386528, 0.10745153576135635], [-0.10541163384914398, -0.13423308730125427], [-0.05198447406291962, 0.07392104715108871]], [[0.01577126979827881, -0.04914788901805878], [-0.013885237276554108, 0.02278207242488861], [-0.027321048080921173, 0.2192564457654953], [-0.10541163384914398, -0.13423308730125427], [-0.05198447406291962, 0.07392104715108871]], [[0.12700535356998444, 0.05734589695930481], [-0.013885237276554108, 0.02278207242488861], [-0.029482241719961166, 0.0313553661108017], [-0.10541163384914398, -0.13423308730125427], [-0.05198447406291962, 0.07392104715108871]], [[0.12700535356998444, 0.05734589695930481], [-0.013885237276554108, 0.02278207242488861], [-0.029482241719961166, 0.0313553661108017], [-0.20856285095214844, -0.3475155830383301], [-0.05198447406291962, 0.07392104715108871]]],