{"eps": {"object_position": [[-0.1344379484653473, 0.06809481978416443], [-0.10056885331869125, -0.28891924023628235], [0.04008769243955612, -0.045537956058979034], [0.05700831860303879, -0.08056856691837311], [0.09732748568058014, 0.015518560074269772]], "object_rotation": [0.8726639747619629, 2.403242588043213, 0.5619269013404846, 2.46586537361145, 1.6368861198425293], "distractor_position": [-0.7048363089561462, -0.13132955133914948, -1.000449776649475, 0.36720970273017883, -0.3603755831718445]}, "eps_trace": {"object_position": [[[-0.24246002733707428, -0.077537901699543], [-0.19578878581523895, -0.11621139198541641], [-0.01769706979393959, -0.04939332604408264], [-0.13617883622646332, 0.08132962882518768], [0.30693620443344116, -0.013589978218078613]], [[-0.23729416728019714, 0.0723947286605835], [-0.12454045563936234, -0.23522505164146423], [-0.056722331792116165, -0.0003826264292001724], [-0.03210579603910446, 0.11024301499128342], [0.17845457792282104, -0.11887212842702866]], [[1.8388032913208008e-05, -0.004248619079589844], [-0.14208650588989258, -0.254233717918396], [-0.06199324131011963, -0.07895427942276001], [0.08077573776245117, 0.007181696593761444], [0.16371983289718628, -0.08803276717662811]], [[0.05917660892009735, -0.028426848351955414], [-0.14815717935562134, -0.270067423582077], [-0.038921598345041275, -0.07437293231487274], [0.07338736206293106, -0.029309969395399094], [0.1288580596446991, -0.06966660916805267]], [[-0.1344379484653473, 0.06809481978416443], [-0.10056885331869125, -0.28891924023628235], [0.04008769243955612, -0.045537956058979034], [0.05700831860303879, -0.08056856691837311], [0.09732748568058014, 0.015518560074269772]]], "object_rotation": [[0.9330416917800903, 2.3848655223846436, 0.7945786118507385, 2.390615701675415, 1.3459759950637817], [0.9017349481582642, 2.3584442138671875, 0.6895533204078674, 2.320435047149658, 1.5228785276412964], [0.8871970176696777, 2.245734930038452, 0.6567419171333313, 2.3277249336242676, 1.532923936843872], [0.9137369394302368, 2.278557538986206, 0.6405613422393799, 2.413647174835205, 1.6289674043655396], [0.8726639747619629, 2.403242588043213, 0.5619269013404846, 2.46586537361145, 1.6368861198425293]], "distractor_position": [[-0.5445439219474792, 0.2672690451145172, -1.1269402503967285, 0.2390972077846527, -0.3914211094379425], [-0.7328813076019287, 0.15401041507720947, -1.029464840888977, 0.33851853013038635, -0.43855878710746765], [-0.6528120040893555, 0.10056240856647491, -1.0301001071929932, 0.2491144835948944, -0.4320460557937622], [-0.6305215358734131, 0.00405362993478775, -0.9458245635032654, 0.3480578362941742, -0.3986838459968567], [-0.7048363089561462, -0.13132955133914948, -1.000449776649475, 0.36720970273017883, -0.3603755831718445]]}, "object_type": "mug", "L": 10.0, "failure_level": 0.2, "dp_logprior_scale": 1.0, "dp_mcmc_step_size": 0.001, "ep_mcmc_step_size": 0.001, "num_rounds": 5, "num_steps_per_round": 5, "num_chains": 5, "use_gradients": true, "use_stochasticity": true, "repair": true, "predict": true, "quench_rounds": 3, "tempering_schedule": [0.9816843867301941, 0.9999991655349731, 1.0, 1.0, 1.0], "ep_logprobs": [[-32.244140625, -33.29320526123047, -32.20586395263672, -33.03580093383789, -33.59236526489258], [-32.945533752441406, -33.21824645996094, -31.223003387451172, -31.717435836791992, -31.8582706451416], [-29.003549575805664, -33.91701126098633, -30.777427673339844, -31.538604736328125, -30.831331253051758], [-29.623620986938477, -34.19336700439453, -31.193281173706055, -31.75535011291504, -30.883522033691406], [-30.48996353149414, -34.62451934814453, -30.64815330505371, -31.801788330078125, -30.164119720458984]], "dp_logprobs": [[-1.727386713027954, -2.061030626296997, -2.402965784072876, -1.4082818031311035, -1.2098002433776855], [-2.3800530433654785, -1.2643731832504272, -2.33219838142395, -0.7952361106872559, -1.509268045425415], [-1.8992396593093872, -1.2228256464004517, -2.998664140701294, -1.1065576076507568, -1.6776793003082275], [-2.905150890350342, -1.1428983211517334, -3.8996388912200928, -1.156670093536377, -2.205655574798584], [-2.637186050415039, -0.5686469078063965, -3.3770687580108643, -0.7735403776168823, -1.1768028736114502]]}