{"eps": {"object_position": [[-0.04222775250673294, 0.004239071160554886], [0.08803482353687286, 0.1535160094499588], [-0.0357675701379776, 0.11476809531450272], [-0.03065718337893486, 0.17210730910301208], [0.03754332661628723, -0.041680723428726196], [0.19540436565876007, 0.08778839558362961], [0.07181385159492493, -0.11643246561288834], [0.03216216713190079, 0.030927568674087524], [-0.0663827657699585, 0.05726391822099686], [0.026615820825099945, 0.1852453649044037]], "object_rotation": [3.439331531524658, 1.2744426727294922, 2.055935859680176, 2.1047523021698, 2.1640207767486572, 0.9145172834396362, 0.37042051553726196, 1.027109980583191, 1.0294163227081299, 3.1591391563415527], "distractor_position": [-0.31806519627571106, -0.7350746393203735, -0.31738710403442383, -0.6935297250747681, -0.7275462746620178, -0.3301771283149719, -0.05524656921625137, 0.058908309787511826, -0.6010043025016785, -0.5972076654434204]}, "object_type": "box", "L": 1.0, "failure_level": 0.4, "dp_logprior_scale": 1.0, "dp_mcmc_step_size": 0.001, "ep_mcmc_step_size": 0.001, "num_rounds": 50, "num_steps_per_round": 1, "num_chains": 10, "use_gradients": true, "use_stochasticity": true, "repair": false, "predict": true, "quench_rounds": 0, "tempering_schedule": [0.0, 0.5579473972320557, 0.804589569568634, 0.9136183261871338, 0.9618147611618042, 0.9831201434135437, 0.9925382137298584, 0.9967014789581299, 0.9985418915748596, 0.9993554353713989, 0.9997150897979736, 0.9998740553855896, 0.9999443292617798, 0.9999753832817078, 0.9999890923500061, 0.9999951720237732, 0.9999978542327881, 0.9999990463256836, 0.9999995827674866, 0.9999998211860657, 0.9999999403953552, 0.9999999403953552, 1.0, 1.0, 1.0, 1.0, 1.0, 1.0, 1.0, 1.0, 1.0, 1.0, 1.0, 1.0, 1.0, 1.0, 1.0, 1.0, 1.0, 1.0, 1.0, 1.0, 1.0, 1.0, 1.0, 1.0, 1.0, 1.0, 1.0, 1.0], "ep_logprobs": [[-0.6261823177337646, 0.6404629349708557, 1.2273495197296143, -0.4602527320384979, 1.0290852785110474, 1.4007601737976074, -0.29588747024536133, 0.3473576307296753, 1.1795709133148193, -0.8174947500228882], [-26.583019256591797, -25.204458236694336, -24.416988372802734, -26.166460037231445, -25.08209800720215, -24.46751594543457, -26.061983108520508, -25.41714096069336, -24.249990463256836, -27.24917984008789], [-37.9321174621582, -36.650238037109375, -35.6545524597168, -37.52995681762695, -36.56098556518555, -36.386966705322266, -37.39897155761719, -36.835182189941406, -35.663658142089844, -38.65122604370117], [-42.879676818847656, -41.70987319946289, -40.77174758911133, -42.14640426635742, -42.67213821411133, -41.52220153808594, -42.42694854736328, -42.2114372253418, -40.80369567871094, -43.06349563598633], [-45.46321105957031, -44.761104583740234, -43.03855895996094, -45.38582229614258, -43.793365478515625, -43.93709182739258, -44.63060760498047, -44.25261688232422, -43.03593444824219, -45.35492706298828], [-47.16770553588867, -45.75563049316406, -44.0216178894043, -44.96925735473633, -44.39952850341797, -44.25786590576172, -45.60719299316406, -45.672447204589844, -44.282798767089844, -46.34175491333008], [-47.97400665283203, -46.18821716308594, -44.64167785644531, -46.04820251464844, -44.85337829589844, -44.512359619140625, -46.0364875793457, -45.88985824584961, -44.85383605957031, -47.387210845947266], [-48.71857833862305, -46.37944030761719, -44.78791809082031, -46.240814208984375, -44.9986686706543, -44.67363739013672, -45.77867889404297, -45.856014251708984, -45.21141052246094, -47.18010330200195], [-49.31615447998047, -46.46397399902344, -44.87310028076172, -46.54313659667969, -45.07643127441406, -44.628841400146484, -46.041709899902344, -45.41996383666992, -45.29679489135742, -47.68601989746094], [-47.52533721923828, -46.501338958740234, -44.7921257019043, -46.580684661865234, -45.139183044433594, -44.48332977294922, -45.97930145263672, -45.95896530151367, -46.0684700012207, -47.73126983642578], [-47.54181671142578, -46.517860412597656, -44.96495056152344, -46.0711784362793, -45.15589141845703, -44.49979019165039, -45.99037551879883, -45.90105438232422, -46.45737838745117, -47.22996520996094], [-47.54909896850586, -46.27204513549805, -45.39825439453125, -46.81094741821289, -45.07138442993164, -44.50706481933594, -45.780094146728516, -45.707496643066406, -45.86786651611328, -46.99958419799805], [-49.24989318847656, -46.275306701660156, -45.55296325683594, -45.655906677246094, -45.160247802734375, -44.87112808227539, -45.783294677734375, -45.49796676635742, -46.2598876953125, -46.7661247253418], [-49.251312255859375, -46.32693862915039, -45.030982971191406, -45.12109375, -45.1068115234375, -44.70099639892578, -45.784706115722656, -46.206783294677734, -46.261329650878906, -46.76756286621094], [-48.88047790527344, -46.87042236328125, -45.445762634277344, -45.19525909423828, -44.91816711425781, -44.66398620605469, -45.78533172607422, -46.26290512084961, -46.51919937133789, -47.0549430847168], [-50.09416198730469, -46.161964416503906, -45.629638671875, -45.116764068603516, -45.09919738769531, -44.5722541809082, -46.223052978515625, -46.26318359375, -45.44971466064453, -47.05522537231445], [-50.09428405761719, -47.33554458618164, -45.241119384765625, -45.26720428466797, -45.32905960083008, -45.024078369140625, -46.54863357543945, -47.16507339477539, -45.29502487182617, -46.7216682434082], [-49.929527282714844, -47.335601806640625, -45.25848388671875, -45.26725769042969, -46.20050048828125, -45.02413558959961, -46.16621780395508, -46.79791259765625, -45.29507827758789, -47.029354095458984], [-49.373260498046875, -46.830135345458984, -45.31389617919922, -45.13935089111328, -46.7633056640625, -44.959205627441406, -46.16624069213867, -46.76481628417969, -45.01011657714844, -47.96290588378906], [-48.315128326416016, -46.27472686767578, -45.24462890625, -45.6204719543457, -46.09320068359375, -44.945499420166016, -46.16625213623047, -45.84239196777344, -45.010128021240234, -48.19907760620117], [-48.47172927856445, -46.7322883605957, -45.34434509277344, -46.648197174072266, -46.093204498291016, -44.92659378051758, -45.71297836303711, -45.84394073486328, -45.09713363647461, -47.61552429199219], [-48.447967529296875, -46.7322883605957, -46.54096603393555, -46.189414978027344, -46.11866760253906, -44.979434967041016, -45.82283401489258, -45.74416732788086, -45.33619689941406, -47.14152908325195], [-48.44797134399414, -46.485267639160156, -45.60472106933594, -46.53401565551758, -46.11867141723633, -44.81209945678711, -45.822837829589844, -45.744171142578125, -45.33620071411133, -47.18077850341797], [-48.55106735229492, -47.264862060546875, -46.49916076660156, -47.39236068725586, -46.10354232788086, -44.6524658203125, -45.822837829589844, -45.25423049926758, -45.16142272949219, -47.567996978759766], [-48.67027282714844, -46.431617736816406, -45.92473602294922, -47.12633514404297, -46.10354232788086, -44.524200439453125, -46.66481018066406, -45.366477966308594, -45.16142272949219, -47.89639663696289], [-49.60218811035156, -45.31399154663086, -45.95565414428711, -45.62273025512695, -45.97819519042969, -44.812896728515625, -46.43794250488281, -44.936729431152344, -45.621097564697266, -49.21396255493164], [-49.60218811035156, -45.381561279296875, -45.95565414428711, -45.9854621887207, -46.64252853393555, -44.812896728515625, -46.42939758300781, -45.09590148925781, -45.83938217163086, -49.21396255493164], [-48.71171188354492, -45.381561279296875, -44.93734359741211, -45.9854621887207, -46.537506103515625, -44.85148239135742, -46.80380630493164, -45.09590148925781, -45.2607536315918, -49.21396255493164], [-46.970115661621094, -45.381561279296875, -44.894412994384766, -45.9854621887207, -46.75505828857422, -45.31017303466797, -46.543575286865234, -45.09590148925781, -46.55599594116211, -48.93634796142578], [-46.834136962890625, -44.95793151855469, -44.77762222290039, -45.799949645996094, -46.6391487121582, -45.097755432128906, -46.58281707763672, -45.18527603149414, -46.55599594116211, -48.326786041259766], [-47.36865234375, -45.19932556152344, 