{"eps": {"object_position": [[-0.09502922743558884, -0.04365114867687225], [0.04063081741333008, 0.08818335086107254], [-0.16620321571826935, -0.03809008747339249], [0.05244770273566246, -0.05535304546356201], [-0.13270315527915955, 0.11697854101657867], [-0.0480232909321785, -0.11765679717063904], [-0.023863472044467926, 0.018403060734272003], [0.004140697419643402, -0.012745391577482224], [0.03115610033273697, -0.16939954459667206], [0.028361035510897636, 0.017251329496502876]], "object_rotation": [2.078331232070923, 1.9815905094146729, 1.1603165864944458, 0.9677828550338745, 1.7305171489715576, 1.6648098230361938, 1.7120203971862793, 3.450875759124756, 1.1935712099075317, 3.6306426525115967], "distractor_position": [-0.6239054799079895, -0.6920245885848999, -0.7298572063446045, -0.5543714165687561, 0.07346180081367493, -0.05602821707725525, -0.040452420711517334, -0.18743948638439178, -0.7630587816238403, -0.6285006999969482]}, "object_type": "box", "L": 1.0, "failure_level": 0.4, "dp_logprior_scale": 1.0, "dp_mcmc_step_size": 0.001, "ep_mcmc_step_size": 0.001, "num_rounds": 50, "num_steps_per_round": 1, "num_chains": 10, "use_gradients": false, "use_stochasticity": true, "repair": false, "predict": true, "quench_rounds": 0, "tempering_schedule": null, "ep_logprobs": [[-45.155277252197266, -45.76143264770508, -47.83279037475586, -45.937904357910156, -44.88871383666992, -44.97389221191406, -45.6529541015625, -47.91609191894531, -44.7951545715332, -47.45767593383789], [-45.14418029785156, -45.56587219238281, -48.318260192871094, -45.85987091064453, -44.77614212036133, -45.552494049072266, -45.6529541015625, -47.78131866455078, -44.7133674621582, -47.197784423828125], [-45.32236099243164, -46.67185592651367, -48.336669921875, -45.84022521972656, -44.77614212036133, -45.242366790771484, -45.09885787963867, -47.86375427246094, -44.9919319152832, -47.29592514038086], [-45.340023040771484, -47.368736267089844, -48.298622131347656, -46.23448944091797, -46.354732513427734, -45.65958786010742, -45.42339324951172, -48.947723388671875, -45.134742736816406, -47.21778869628906], [-45.203025817871094, -46.46834182739258, -48.13622283935547, -46.145355224609375, -46.74288558959961, -45.94554138183594, -45.7115592956543, -47.8310432434082, -45.552833557128906, -47.51763916015625], [-45.203025817871094, -45.702842712402344, -47.6686897277832, -46.2707633972168, -46.24418258666992, -45.39228439331055, -45.32634353637695, -47.8310432434082, -44.7043342590332, -47.75978088378906], [-45.18376541137695, -45.549217224121094, -47.6686897277832, -45.861839294433594, -46.64773941040039, -45.39228439331055, -45.32634353637695, -48.277408599853516, -44.866790771484375, -47.91701126098633], [-45.029781341552734, -45.549217224121094, -47.6686897277832, -45.861839294433594, -46.409461975097656, -45.32408905029297, -45.58538818359375, -48.16162109375, -44.64053726196289, -47.51836395263672], [-46.274253845214844, -45.27141189575195, -46.91978454589844, -46.63517379760742, -46.409461975097656, -45.49091720581055, -45.48748779296875, -48.372100830078125, -44.64053726196289, -47.491416931152344], [-47.56798553466797, -45.30636215209961, -47.4261474609375, -45.21251678466797, -46.646907806396484, -45.49091720581055, -47.10016632080078, -48.131404876708984, -44.80482482910156, -47.190792083740234], [-48.2977294921875, -45.28912353515625, -47.4261474609375, -45.192596435546875, -48.15271759033203, -46.00898361206055, -47.045082092285156, -47.752994537353516, -44.86471176147461, -47.190792083740234], [-47.990665435791016, -45.744056701660156, -47.4261474609375, -45.56736755371094, -48.15271759033203, -45.69721221923828, -47.131065368652344, -48.258522033691406, -45.71309280395508, -47.573970794677734], [-47.0758056640625, -45.5628547668457, -47.70770263671875, -45.651763916015625, -47.52590560913086, -45.150699615478516, -46.48933029174805, -48.258522033691406, -45.71309280395508, -47.573970794677734], [-47.0758056640625, -45.16775131225586, -46.88301467895508, -45.69422149658203, -47.52590560913086, -45.150699615478516, -46.48933029174805, -49.07795333862305, -45.87294387817383, -48.31618881225586], [-46.64341354370117, -45.16775131225586, -46.842018127441406, -45.69422149658203, -47.7421875, -45.150699615478516, -46.48933029174805, -49.07795333862305, -45.55042266845703, -47.40860366821289], [-46.64341354370117, -44.91189956665039, -46.89842224121094, -45.69422149658203, -47.7421875, -44.80097961425781, -46.89948272705078, -48.83677673339844, -45.29130172729492, -47.491214752197266], [-46.64341354370117, -44.91054916381836, -46.89842224121094, -46.6019287109375, -46.52458953857422, -44.687347412109375, -46.89948272705078, -48.09148025512695, -45.29130172729492, -47.695682525634766], [-45.691001892089844, -45.330928802490234, -46.89842224121094, -46.679718017578125, -45.85735321044922, -44.73459243774414, -46.89948272705078, -48.03043746948242, -45.39996337890625, -47.93169021606445], [-45.691001892089844, -44.718360900878906, -47.37564468383789, -46.679718017578125, -45.668663024902344, -44.9590950012207, -46.71270751953125, -48.55055618286133, -45.27821731567383, -47.790775299072266], [-45.691001892089844, -44.8670654296875, -48.217891693115234, -46.067935943603516, -46.00958251953125, -45.20783996582031, -46.71270751953125, -49.9499626159668, -45.75041961669922, -48.22967529296875], [-45.53508377075195, -44.776920318603516, -48.592254638671875, -46.29335403442383, -46.00958251953125, -45.3487663269043, -46.4547119140625, -49.9499626159668, -45.74540328979492, -48.70547103881836], [-45.53508377075195, -45.18947982788086, -46.83933639526367, -46.4525146484375, -46.183406829833984, -45.56612777709961, -45.87632369995117, -49.0266227722168, -45.38115692138672, -48.70547103881836], [-45.53508377075195, -44.835243225097656, -45.95308303833008, -46.16714096069336, -45.941646575927734, -45.271461486816406, -46.74443817138672, -49.0266227722168, -45.303890228271484, -48.81666946411133], [-45.51973342895508, -44.835243225097656, -46.154380798339844, -46.16714096069336, -45.41366195678711, -45.13851547241211, -46.61819839477539, -49.672122955322266, -45.394466400146484, -50.33984375], [-45.59556579589844, -44.8427619934082, -46.04979705810547, -46.16714096069336, -45.124473571777344, -45.19850540161133, -47.16267776489258, -49.672122955322266, -45.31208801269531, -50.40544128417969], [-45.549983978271484, -44.964744567871094, -46.89266586303711, -46.16714096069336, -45.453369140625, -45.609825134277344, -47.16267776489258, -49.672122955322266, -45.86820983886719, -50.40544128417969], [-45.151580810546875, -44.88405227661133, -46.844459533691406, -46.13013458251953, -45.77333450317383, -45.609825134277344, -45.63456726074219, -48.166202545166016, -45.58087158203125, -50.309627532958984], [-44.99482345581055, -44.69849395751953, -47.56904602050781, -46.24637985229492, -46.08909606933594, -45.846920013427734, -45.220489501953125, -48.166202545166016, -45.58087158203125, -49.693485260009766], [-44.99482345581055, -44.629859924316406, -46.25254440307617, -45.26994705200195, -46.08909606933594, -46.33089828491211, -44.82321548461914, -48.166202545166016, -46.19520950317383, -49.693485260009766], [-44.99482345581055, -44.63803482055664, -45.90547561645508, -45.01655960083008, -46.08909606933594, -45.84122848510742, -45.16682052612305, -48.80881118774414, -47.34803009033203, -49.57981491088867], [-45.663124084472656, -45.07877731323242, -45.82194900512695, -45.223968505859375, -46.08909606933594, -45.69173049926758, -45.0402946472168, -48.265625, -47.18102264404297, -49.233177185058594], [-45.28825378417969, -45.359859466552734, -46.54180908203125, -45.267974853515625, -46.08909606933594, -45.358299255371094, -45.722782135009766, -48.160770416259766, -46.40286636352539, -49.33538055419922], [-44.99320983886719, -45.359859466552734, -46.71544647216797, -45.328060150146484, -45.85657501220703, -45.676998138427734, -44.98056411743164, -48.160770416259766, -47.53462219238281, -48.920814514160156], 