{"eps": {"object_position": [[0.00024338500224985182, 0.0038712730165570974], [-0.011006331071257591, -0.01158484909683466], [-0.0011045578867197037, 0.0002400250523351133], [-0.008703107945621014, 0.001042499439790845], [0.04489704221487045, 0.004124029539525509]], "object_rotation": [1.1022453308105469, 2.108393669128418, 1.0189495086669922, 2.1336841583251953, 1.418925166130066], "distractor_position": [-0.5108146667480469, -0.018771346658468246, -0.9309254288673401, 0.0014747986570000648, -0.43490540981292725]}, "eps_trace": {"object_position": [[[0.01286664605140686, -0.02323245070874691], [-0.1871231347322464, -0.17264121770858765], [0.0011708287056535482, -0.11247722059488297], [0.029958821833133698, 0.11593914777040482], [0.284863144159317, 0.006147733889520168]], [[0.008695358410477638, -0.014144590124487877], [-0.1797003597021103, -0.1659402996301651], [0.0011331163113936782, -0.10247732698917389], [0.027603302150964737, 0.10622056573629379], [0.27486342191696167, 0.006072235759347677]], [[0.004507334902882576, -0.0050651878118515015], [-0.1722574234008789, -0.1592617928981781], [0.0011012771865352988, -0.09247742593288422], [0.025240380316972733, 0.09650378674268723], [0.26486408710479736, 0.005958203226327896]], [[0.0002748137339949608, 0.0039557646960020065], [-0.1648404747247696, -0.1525544375181198], [0.0010115877958014607, -0.0824778825044632], [0.021951189264655113, 0.08706025779247284], [0.25486472249031067, 0.0058459024876356125]], [[0.0003377148532308638, 0.004298989661037922], [-0.1572861522436142, -0.14600218832492828], [0.000981394201517105, -0.07247799634933472], [0.01899510994553566, 0.07750722020864487], [0.2448655664920807, 0.0057167368941009045]], [[0.00017948244931176305, 0.0039009880274534225], [-0.1498652845621109, -0.1392991691827774], [0.0004376168944872916, -0.06249287351965904], [0.01564224623143673, 0.06808613985776901], [0.23486630618572235, 0.00559562724083662]], [[0.0007924917154014111, 0.0033441008999943733], [-0.1424744874238968, -0.1325630098581314], [0.0003402058791834861, -0.05249347165226936], [0.013592170551419258, 0.05829862877726555], [0.22486688196659088, 0.005489390809088945]], [[0.00011435605119913816, 0.004059857688844204], [-0.13502611219882965, -0.1258905827999115], [0.00028493517311289907, -0.0424937978386879], [0.01154969073832035, 0.048509564250707626], [0.2148672491312027, 0.005404872819781303]], [[6.5065978560596704e-06, 0.0038133382331579924], [-0.12760210037231445, -0.11919104307889938], [0.00019941956270486116, -0.032494425773620605], [0.009187992662191391, 0.038792628794908524], [0.20486980676651, 0.005179469473659992]], [[0.00018019869457930326, 0.0036364838015288115], [-0.11946739256381989, -0.11337501555681229], [-0.0013994487235322595, -0.022623658180236816], [0.007146647199988365, 0.029003463685512543], [0.19487112760543823, 0.005017974879592657]], [[0.0001283516176044941, 0.0037840844597667456], [-0.11204437166452408, -0.10667438805103302], [-0.0012837235117331147, -0.012625264003872871], [0.005246290937066078, 0.019186168909072876], [0.1848718374967575, 0.005135537590831518]], [[0.00015797138621564955, 0.00382909900508821], [-0.10432791709899902, -0.10031390190124512], [-0.0010347079951316118, -0.0026320703327655792], [0.0021850604098290205, 0.009667315520346165], [0.17487195134162903, 0.0050917319022119045]], [[0.00024263144587166607, 0.003943363670259714], [-0.09696115553379059, -0.09355147927999496], [-0.00032865337561815977, 9.632576256990433e-05], [-0.004035533405840397, 0.0018380554392933846], [0.16487233340740204, 0.005006318911910057]], [[0.000368631212040782, 0.004531141836196184], [-0.08958052098751068, -0.08680418878793716], [-0.00021256926993373781, -0.000306073110550642], [0.005412796512246132, -0.0014333475846797228], [0.15487243235111237, 0.0049651311710476875]], [[0.00015956495190039277, 0.003920929040759802], [-0.08202868700027466, -0.0802491083741188], [-0.00013338730786927044, -0.0011305008083581924], [0.0047914208844304085, 0.005710208788514137], [0.14488154649734497, 0.005391707643866539]], [[0.0002033294877037406, 0.004100455436855555], [-0.07416137307882309, -0.07407620549201965], [-0.0005137220141477883, -0.0002614488475956023], [0.0042857760563492775, -0.004275989718735218], [0.1348816156387329, 0.005363937467336655]], [[0.0002376651973463595, 0.003992737736552954], [-0.06680592149496078, -0.06730151921510696], [-0.00026685764896683395, -0.0002782905357889831], [0.002974960021674633, -0.0030911387875676155], [0.12488237768411636, 0.005242541898041964]], [[0.00030275495373643935, 0.003942989278584719], [-0.05947177857160568, -0.06050378084182739], [0.0003016071568708867, 0.0002933594514615834], [-0.006904837675392628, -0.0015702600358054042], [0.11488296836614609, 0.005348340608179569]], [[0.00031027288059704006, 0.0039738137274980545], [-0.0521702915430069, -0.053671009838581085], [-0.0006419885903596878, -0.0014875084161758423], [0.0010217204689979553, -0.0008168193162418902], [0.10488349944353104, 0.005249039735645056]], [[0.0003144896181765944, 0.003974684048444033], [-0.044876132160425186, -0.046830449253320694], [0.00018702796660363674, -0.00019505072850733995], [0.002975811017677188, -0.0038474758621305227], [0.0948842316865921, 0.005131666548550129]], [[0.0002739718765951693, 0.0039432295598089695], [-0.037589408457279205, -0.039982013404369354], [8.334749873029068e-05, 0.00023068333393894136], [-0.0004180576652288437, -0.01325377356261015], [0.08488442003726959, 0.005080960690975189]], [[0.00028037893935106695, 0.003911571577191353], [-0.03038213588297367, -0.0330500528216362], [-0.00044639932457357645, -0.0004971363814547658], [0.0006582462228834629, -0.004577517509460449], [0.07488609850406647, 0.0049015856347978115]], [[0.00023933680495247245, 0.003815912641584873], [-0.026520080864429474, -0.02382592484354973], [-0.0007749685901217163, -0.00023437011986970901], [0.0013168144505470991, -0.0031326813623309135], [0.06488896906375885, 0.00466594472527504]], [[0.0002494000073056668, 0.003928291145712137], [-0.017811574041843414, -0.01891125738620758], [-0.0006300359382294118, -0.000232312100706622], [0.000787696277257055, -0.0020988350734114647], [0.05489478260278702, 0.004328731447458267]], [[0.00024338500224985182, 0.0038712730165570974], [-0.011006331071257591, -0.01158484909683466], [-0.0011045578867197037, 0.0002400250523351133], [-0.008703107945621014, 0.001042499439790845], [0.04489704221487045, 0.004124029539525509]]],