{"eps": {"object_position": [[0.045438360422849655, 0.1237722709774971], [-0.008975956588983536, 0.03267970681190491], [-0.015906214714050293, -0.1589171290397644], [0.06670156866312027, -0.12899352610111237], [0.039997398853302, -0.045630309730768204]], "object_rotation": [2.170271396636963, 1.7141597270965576, 0.13611306250095367, 1.2086821794509888, 1.8282487392425537], "distractor_position": [-0.23590144515037537, 0.6666035056114197, -1.092325210571289, 0.10542447865009308, -1.3592660427093506]}, "eps_trace": {"object_position": [[[0.04578091949224472, 0.13060049712657928], [-0.007028861436992884, 0.03747272863984108], [-0.018531935289502144, -0.17470009624958038], [0.07323351502418518, -0.13364815711975098], [0.043240174651145935, -0.04946403205394745]], [[0.04538721591234207, 0.13008904457092285], [-0.006932331249117851, 0.03732117637991905], [-0.018749356269836426, -0.17425164580345154], [0.07319001853466034, -0.1336648017168045], [0.04315550997853279, -0.04935537278652191]], [[0.04513247683644295, 0.1299905627965927], [-0.006939140148460865, 0.037316568195819855], [-0.01896725222468376, -0.17259332537651062], [0.07185885310173035, -0.13280142843723297], [0.042998600751161575, -0.049256693571805954]], [[0.04554084688425064, 0.12967167794704437], [-0.006962020415812731, 0.03724260628223419], [-0.01897827722132206, -0.17256022989749908], [0.07160123437643051, -0.1318044811487198], [0.04296958073973656, -0.049189887940883636]], [[0.04527904838323593, 0.12952733039855957], [-0.007173311430960894, 0.03730825334787369], [-0.01875634677708149, -0.17239734530448914], [0.07160808891057968, -0.13180403411388397], [0.0429714061319828, -0.04918476194143295]], [[0.04505012184381485, 0.12933222949504852], [-0.007224373519420624, 0.03731789067387581], [-0.018842479214072227, -0.1723797470331192], [0.07107922434806824, -0.13139708340168], [0.042975567281246185, -0.04919520020484924]], [[0.04530264064669609, 0.12909460067749023], [-0.007099885959178209, 0.036704640835523605], [-0.01872379705309868, -0.17235389351844788], [0.071011021733284, -0.1313774436712265], [0.04288237914443016, -0.04913495481014252]], [[0.04560055211186409, 0.1289096176624298], [-0.0070558818988502026, 0.036717891693115234], [-0.01893537864089012, -0.17226289212703705], [0.07092862576246262, -0.13136425614356995], [0.04233045503497124, -0.04948979243636131]], [[0.04554472118616104, 0.12840811908245087], [-0.007128801196813583, 0.03661131486296654], [-0.01901291124522686, -0.17208272218704224], [0.07068633288145065, -0.13139447569847107], [0.042279165238142014, -0.04948524758219719]], [[0.04538871720433235, 0.12838760018348694], [-0.007252925541251898, 0.03671404719352722], [-0.019581405445933342, -0.16967251896858215], [0.0706779956817627, -0.13134169578552246], [0.041845180094242096, -0.04957129806280136]], [[0.045393023639917374, 0.1283876746892929], [-0.007244864013046026, 0.03670976310968399], [-0.019139988347887993, -0.16930532455444336], [0.07105711102485657, -0.1303814798593521], [0.0418483205139637, -0.04960668087005615]], [[0.0455133356153965, 0.1283784955739975], [-0.0075538246892392635, 0.03602419048547745], [-0.018864981830120087, -0.16893897950649261], [0.07116604596376419, -0.13007919490337372], [0.04185713455080986, -0.046461377292871475]], [[0.04546754062175751, 0.128322035074234], [-0.007483696099370718, 0.03599159047007561], [-0.019290633499622345, -0.16805920004844666], [0.07116475701332092, -0.1300860196352005], [0.041731979697942734, -0.046521857380867004]], [[0.04562325030565262, 0.12755344808101654], [-0.007481205742806196, 0.03598851338028908], [-0.019088534638285637, -0.16688810288906097], [0.07112474739551544, -0.1300634890794754], [0.04129777103662491, -0.04596051573753357]], [[0.04561776667833328, 0.12753163278102875], [-0.007566384039819241, 0.03592244163155556], [-0.01899237558245659, -0.16685467958450317], [0.07120731472969055, -0.12966088950634003], [0.04123987257480621, -0.04592393711209297]], [[0.04556138440966606, 0.12749074399471283], [-0.007551131770014763, 0.03589613363146782], [-0.01885891892015934, -0.1657186895608902], [0.06897785514593124, -0.12892842292785645], [0.04130978137254715, -0.045875467360019684]], [[0.04555752873420715, 0.12748488783836365], [-0.007616685703396797, 0.03345901146531105], [-0.01897726021707058, -0.16538940370082855], [0.06895773112773895, -0.1289488822221756], [0.041309140622615814, -0.04587168991565704]], [[0.04545125737786293, 0.1272488385438919], [-0.007917200215160847, 0.03354988247156143], [-0.019270580261945724, -0.165408656001091], [0.06901605427265167, -0.12870772182941437], [0.04058058559894562, -0.046017684042453766]], [[0.045375362038612366, 0.12718787789344788], [-0.007911539636552334, 0.033545032143592834], [-0.01927388273179531, -0.16539037227630615], [0.06892812252044678, -0.12869016826152802], [0.0403670072555542, -0.04671506583690643]], [[0.04551298916339874, 0.12676510214805603], [-0.007949274964630604, 0.03336382657289505], [-0.019050635397434235, -0.16540664434432983], [0.06894190609455109, -0.12867912650108337], [0.040216803550720215, -0.046546101570129395]], [[0.04564032331109047, 0.1266951560974121], [-0.008030599914491177, 0.03337256237864494], [-0.019089827314019203, -0.16393131017684937], [0.06882594525814056, -0.12841914594173431], [0.03988013416528702, -0.04645365849137306]], [[0.04561524838209152, 0.1253652125597], [-0.00799196120351553, 0.032688386738300323], [-0.016760004684329033, -0.16221146285533905], [0.06882406771183014, -0.12839846312999725], [0.039922282099723816, -0.04651059955358505]], [[0.045603059232234955, 0.12535345554351807], [-0.008024206385016441, 0.03266178444027901], [-0.015095606446266174, -0.1596519649028778], [0.06871999800205231, -0.12835055589675903], [0.03992457315325737, -0.04622353985905647]], [[0.045359302312135696, 0.12412998825311661], [-0.007814775221049786, 0.032647982239723206], [-0.014709427021443844, -0.1591309756040573], [0.06661728024482727, -0.12906081974506378], [0.04010087251663208, -0.045731816440820694]], [[0.045438360422849655, 0.1237722709774971], [-0.008975956588983536, 0.03267970681190491], [-0.015906214714050293, -0.1589171290397644], [0.06670156866312027, -0.12899352610111237], [0.039997398853302, -0.045630309730768204]]],