{"eps": {"object_position": [[0.014408596791327, -0.02803715318441391], [-0.1779896318912506, -0.1686890721321106], [0.0005974721862003207, -0.11418869346380234], [0.02888493984937668, 0.11935961991548538], [0.2811621427536011, 0.00713551277294755]], "object_rotation": [0.8888100981712341, 2.323315382003784, 0.7739844918251038, 2.371293067932129, 1.3671627044677734], "distractor_position": [-0.5286347270011902, 0.23516330122947693, -1.1803537607192993, 0.23043207824230194, -0.3590281009674072]}, "eps_trace": {"object_position": [[[0.017254536971449852, -0.03245251253247261], [-0.19479073584079742, -0.17908497154712677], [0.000620352104306221, -0.12209365516901016], [0.03189835324883461, 0.12526650726795197], [0.294572651386261, 0.005857504904270172]], [[0.017244823276996613, -0.03244735300540924], [-0.19455264508724213, -0.17872540652751923], [0.0008852850296534598, -0.12193364650011063], [0.03192723169922829, 0.125071719288826], [0.2941100001335144, 0.005841829814016819]], [[0.01725277677178383, -0.032476797699928284], [-0.19442281126976013, -0.1787802129983902], [0.0015469866339117289, -0.12149573862552643], [0.03194504603743553, 0.1237519383430481], [0.2941059172153473, 0.005833406466990709]], [[0.017436396330595016, -0.03233170509338379], [-0.19382226467132568, -0.1791839301586151], [0.0011909917229786515, -0.12055989354848862], [0.03188065439462662, 0.12372086197137833], [0.2933538854122162, 0.006278372835367918]], [[0.01694375090301037, -0.03245440870523453], [-0.1899927407503128, -0.1778237521648407], [0.0011939036194235086, -0.12053050845861435], [0.03190397098660469, 0.12369552254676819], [0.2931820750236511, 0.006883909460157156]], [[0.0169378574937582, -0.032504044473171234], [-0.1893729269504547, -0.1766287237405777], [0.0011850828304886818, -0.12052607536315918], [0.0315164215862751, 0.12366371601819992], [0.29255110025405884, 0.007181371562182903]], [[0.017178192734718323, -0.032554756850004196], [-0.18914467096328735, -0.1766798049211502], [0.0011751566780731082, -0.1205206960439682], [0.03151627629995346, 0.1236654743552208], [0.2923932373523712, 0.0073211402632296085]], [[0.017406338825821877, -0.03284458443522453], [-0.189234659075737, -0.17652848362922668], [0.0010201509576290846, -0.12006299942731857], [0.031530506908893585, 0.12364999949932098], [0.2923615276813507, 0.007210853975266218]], [[0.017406266182661057, -0.03284476324915886], [-0.18922823667526245, -0.17539376020431519], [0.0008400328806601465, -0.12000056356191635], [0.03140778839588165, 0.12330184876918793], [0.2923193871974945, 0.007290824316442013]], [[0.013981761410832405, -0.029586249962449074], [-0.18920667469501495, -0.17538759112358093], [0.0009526823996566236, -0.11994107067584991], [0.03132486343383789, 0.12331411987543106], [0.2915940582752228, 0.005829223897308111]], [[0.013293067924678326, -0.029271407052874565], [-0.18898002803325653, -0.17549748718738556], [0.0009319447563029826, -0.11994149535894394], [0.03129526600241661, 0.12322308868169785], [0.29162466526031494, 0.005604396108537912]], [[0.013214999809861183, -0.029365569353103638], [-0.18855084478855133, -0.17544998228549957], [0.0005738873733207583, -0.11857198178768158], [0.031340163201093674, 0.12300919741392136], [0.29151633381843567, 0.005628116428852081]], [[0.013202371075749397, -0.029394086450338364], [-0.18656814098358154, -0.1714695543050766], [0.0005670575774274766, -0.1184672936797142], [0.031226519495248795, 0.12304481118917465], [0.29065990447998047, 0.006660014390945435]], [[0.01324496790766716, -0.02952059730887413], [-0.18492603302001953, -0.17093978822231293], [0.0005479306564666331, -0.11846563220024109], [0.031014451757073402, 0.12298496067523956], [0.28948116302490234, 0.006984030362218618]], [[0.013252136297523975, -0.02952149510383606], [-0.184794619679451, -0.17083770036697388], [0.0005785298417322338, -0.11846712976694107], [0.031028250232338905, 0.12293027341365814], [0.28734368085861206, 0.00605856254696846]], [[0.013254198245704174, -0.029499707743525505], [-0.18473447859287262, -0.17088481783866882], [0.0005989430355839431, -0.11841205507516861], [0.030907345935702324, 0.12281857430934906], [0.28681260347366333, 0.005982852075248957]], [[0.013161559589207172, -0.029520926997065544], [-0.18436267971992493, -0.17092366516590118], [0.0007786221103742719, -0.11834260821342468], [0.03086857870221138, 0.12280502170324326], [0.28653252124786377, 0.005796314682811499]], [[0.013478963635861874, -0.029204068705439568], [-0.18362633883953094, -0.17058111727237701], [0.00106876902282238, -0.11762183159589767], [0.0306868739426136, 0.12275790423154831], [0.2861059308052063, 0.00579704949632287]], [[0.013077650219202042, -0.028839999809861183], [-0.18256114423274994, -0.16951754689216614], [0.0009230724535882473, -0.11752787977457047], [0.030380362644791603, 0.12250815331935883], [0.2841535806655884, 0.007230285555124283]], [[0.014030561782419682, -0.028349442407488823], [-0.18049438297748566, -0.16880205273628235], [0.000560121494345367, -0.11693818122148514], [0.030926626175642014, 0.12220456451177597], [0.28350165486335754, 0.0076393848285079]], [[0.014203512109816074, -0.028388483449816704], [-0.18047602474689484, -0.16881731152534485], [0.0006325952126644552, -0.11635002493858337], [0.0303389560431242, 0.12157659232616425], [0.28289535641670227, 0.006912290118634701]], [[0.014166537672281265, -0.02837880700826645], [-0.18000291287899017, -0.16885538399219513], [0.0007874681032262743, -0.11619848757982254], [0.030397767201066017, 0.12153933197259903], [0.282654732465744, 0.007405684795230627]], [[0.014033001847565174, -0.02860681526362896], [-0.17847947776317596, -0.16903001070022583], [0.0007037940667942166, -0.11575830727815628], [0.029320670291781425, 0.1204603835940361], [0.28257375955581665, 0.007254381664097309]], [[0.014395657926797867, -0.02807001769542694], [-0.17842860519886017, -0.1691218465566635], [0.0009247378911823034, -0.11450850963592529], [0.029108159244060516, 0.11977551877498627], [0.28141501545906067, 0.006499516777694225]], [[0.014408596791327, -0.02803715318441391], [-0.1779896318912506, -0.1686890721321106], [0.0005974721862003207, -0.11418869346380234], [0.02888493984937668, 0.11935961991548538], [0.2811621427536011, 0.00713551277294755]]],