{"eps": {"object_position": [[0.046662457287311554, -0.00033464375883340836], [-0.020457515493035316, -0.07883783429861069], [-0.11785802245140076, -0.03206354007124901], [0.038155317306518555, -0.04157036915421486], [-0.017993411049246788, -0.029350318014621735]], "object_rotation": [1.3528562784194946, 0.9541299939155579, 2.7743337154388428, 1.0969945192337036, 0.9238815903663635], "distractor_position": [-1.2506253719329834, 0.10054803639650345, -1.1275464296340942, -1.467746615409851, -0.8754352331161499]}, "eps_trace": {"object_position": [[[0.05017654597759247, 0.0020560785196721554], [-0.020975053310394287, -0.0802914947271347], [-0.1241559088230133, -0.03368838131427765], [0.03850676119327545, -0.04397832974791527], [-0.021836047992110252, -0.03159404918551445]], [[0.050172824412584305, 0.0018972870893776417], [-0.021096108481287956, -0.08027483522891998], [-0.12421821802854538, -0.03333468362689018], [0.03860054910182953, -0.043941937386989594], [-0.021806402131915092, -0.031594958156347275]], [[0.04998309165239334, 0.00190335838124156], [-0.02106395736336708, -0.08031043410301208], [-0.12418699264526367, -0.033252499997615814], [0.03866522014141083, -0.04383963346481323], [-0.0218063797801733, -0.03157644718885422]], [[0.04992915317416191, 0.00192402268294245], [-0.020633639767766, -0.0811348706483841], [-0.12403744459152222, -0.03280763328075409], [0.03866541385650635, -0.04384011775255203], [-0.021803366020321846, -0.031580179929733276]], [[0.050109799951314926, 0.0016553413588553667], [-0.02079876698553562, -0.08074461668729782], [-0.12351921945810318, -0.03285280987620354], [0.03883204609155655, -0.043749842792749405], [-0.021481117233633995, -0.03145330026745796]], [[0.05016196891665459, 0.0015739926602691412], [-0.020795097574591637, -0.080747589468956], [-0.12347599118947983, -0.032891012728214264], [0.03883402422070503, -0.04375071078538895], [-0.02143724076449871, -0.03138718381524086]], [[0.047878287732601166, 0.0005224590422585607], [-0.020780807361006737, -0.08073793351650238], [-0.12338888645172119, -0.03267182782292366], [0.0388420931994915, -0.04374083876609802], [-0.021318351849913597, -0.03091062791645527]], [[0.047870274633169174, 0.0005188458599150181], [-0.020772580057382584, -0.08066501468420029], [-0.12298708409070969, -0.03263363242149353], [0.0387718603014946, -0.043478935956954956], [-0.021286286413669586, -0.030809607356786728]], [[0.0482453927397728, 0.0007389573729597032], [-0.02078375779092312, -0.08065903931856155], [-0.12275384366512299, -0.032618921250104904], [0.03878406435251236, -0.043195370584726334], [-0.02119968831539154, -0.030863070860505104]], [[0.04826227203011513, 0.0007564760162495077], [-0.020788300782442093, -0.08066030591726303], [-0.12272482365369797, -0.0326157845556736], [0.03867141902446747, -0.043185897171497345], [-0.021201983094215393, -0.030860375612974167]], [[0.04784853756427765, 0.0009203862864524126], [-0.02141331322491169, -0.0798223465681076], [-0.1225995197892189, -0.03313256427645683], [0.03843875229358673, -0.04305126890540123], [-0.021161049604415894, -0.030821451917290688]], [[0.047705717384815216, 0.0009049736545421183], [-0.021376589313149452, -0.07970494031906128], [-0.12242045998573303, -0.033149316906929016], [0.03817874193191528, -0.04276089370250702], [-0.021167436614632607, -0.030805367976427078]], [[0.04760856181383133, 0.0010957978665828705], [-0.021389873698353767, -0.07958724349737167], [-0.1221761554479599, -0.03331353887915611], [0.0384267196059227, -0.04255932569503784], [-0.021124493330717087, -0.030804794281721115]], [[0.047107480466365814, 0.0007209353498183191], [-0.021414246410131454, -0.07955743372440338], [-0.1213596910238266, -0.033593665808439255], [0.03843514993786812, -0.04257173463702202], [-0.02029285952448845, -0.0314662829041481]], [[0.047130025923252106, 0.0007173026097007096], [-0.02154769003391266, -0.07922448217868805], [-0.12120971083641052, -0.033687930554151535], [0.0380573570728302, -0.042596690356731415], [-0.019899409264326096, -0.030999721959233284]], [[0.047201767563819885, 0.0004695376555901021], [-0.021443596109747887, -0.0790090262889862], [-0.12108665704727173, -0.03292016312479973], [0.037896882742643356, -0.042640745639801025], [-0.019829146564006805, -0.031022584065794945]], [[0.04709627479314804, 0.000496135326102376], [-0.021255528554320335, -0.0790618285536766], [-0.12105296552181244, -0.03296327963471413], [0.037919782102108, -0.04253538325428963], [-0.01961270160973072, -0.031166745349764824]], [[0.047085605561733246, 0.0004420584300532937], [-0.021060600876808167, -0.07920161634683609], [-0.12110733240842819, -0.03280344232916832], [0.03782632201910019, -0.042506858706474304], [-0.01930510252714157, -0.031177088618278503]], [[0.0470653735101223, 0.000401261611841619], [-0.021106066182255745, -0.07916219532489777], [-0.1210395023226738, -0.03276751562952995], [0.037899259477853775, -0.042492806911468506], [-0.019267700612545013, -0.031120892614126205]], [[0.0469675287604332, -7.942522643133998e-05], [-0.021203964948654175, -0.0790012925863266], [-0.11855505406856537, -0.03232550248503685], [0.03799764811992645, -0.041767507791519165], [-0.019419031217694283, -0.030640486627817154]], [[0.04686181992292404, -4.123625694774091e-05], [-0.020965205505490303, -0.07908712327480316], [-0.11840047687292099, -0.03225190192461014], [0.0379946231842041, -0.04177558049559593], [-0.019000312313437462, -0.030136948451399803]], [[0.04660056531429291, -0.00027474312810227275], [-0.02062222920358181, -0.07914264500141144], [-0.1183946430683136, -0.03224191069602966], [0.03843487799167633, -0.04166683927178383], [-0.019013497978448868, -0.03004338964819908]], [[0.04656454548239708, -0.00030851855990476906], [-0.020434517413377762, -0.07894536107778549], [-0.11810684949159622, -0.03200504183769226], [0.038585443049669266, -0.041612375527620316], [-0.019023671746253967, -0.030001407489180565]], [[0.046649251133203506, -0.00025602386449463665], [-0.02042374387383461, -0.07886792719364166], [-0.11804832518100739, -0.032008785754442215], [0.03822018951177597, -0.04146217182278633], [-0.01898377574980259, -0.03001275844871998]], [[0.046662457287311554, -0.00033464375883340836], [-0.020457515493035316, -0.07883783429861069], [-0.11785802245140076, -0.03206354007124901], [0.038155317306518555, -0.04157036915421486], [-0.017993411049246788, -0.029350318014621735]]],