{"eps": {"object_position": [[-0.13963790237903595, 0.07091714441776276], [-0.09084473550319672, -0.057308487594127655], [0.06266209483146667, -0.05150100588798523], [-0.18066269159317017, -0.04864276200532913], [-0.16435018181800842, -0.21792304515838623]], "object_rotation": [2.693237066268921, 2.6342201232910156, 0.9019747376441956, 0.6300339102745056, 1.9985294342041016], "distractor_position": [-0.3839283585548401, 0.1873580515384674, -1.1234419345855713, 0.3067633807659149, -0.8848148584365845]}, "eps_trace": {"object_position": [[[0.056834496557712555, 0.0876600369811058], [0.07525331526994705, 0.010009869933128357], [0.17304140329360962, 0.015380285680294037], [-0.1045151874423027, 0.053002916276454926], [-0.044266194105148315, -0.017210185527801514]], [[0.10713277757167816, 0.18269476294517517], [-0.017536472529172897, 0.018629640340805054], [-0.0760248601436615, -0.0880233570933342], [-0.08888116478919983, -0.004054699093103409], [0.0614786371588707, -0.0011570136994123459]], [[0.04518257826566696, 0.22473332285881042], [-0.269326776266098, -0.10128758102655411], [-0.017277009785175323, 0.12353989481925964], [-0.005116447806358337, 0.0030594468116760254], [0.015902064740657806, 0.1126081794500351]], [[-0.17994727194309235, 0.20255614817142487], [-0.2251461148262024, -0.1800864338874817], [0.015258092433214188, 0.09351526200771332], [-0.06805624812841415, 0.017376691102981567], [0.08093100041151047, -0.009281892329454422]], [[-0.13963790237903595, 0.07091714441776276], [-0.09084473550319672, -0.057308487594127655], [0.06266209483146667, -0.05150100588798523], [-0.18066269159317017, -0.04864276200532913], [-0.16435018181800842, -0.21792304515838623]]], "object_rotation": [[2.1719250679016113, 1.834255337715149, 0.4516371786594391, 1.0335255861282349, 1.9392287731170654], [2.5537831783294678, 1.7599581480026245, 0.5491360425949097, 0.9313158988952637, 2.0472607612609863], [2.527437686920166, 1.858882188796997, 0.7829461097717285, 0.7449610233306885, 1.8465336561203003], [2.497134208679199, 1.9267523288726807, 0.9652068614959717, 0.7031363248825073, 1.7941969633102417], [2.693237066268921, 2.6342201232910156, 0.9019747376441956, 0.6300339102745056, 1.9985294342041016]], "distractor_position": [[-0.06972898542881012, 0.4745539426803589, -0.8047897219657898, -0.0974007099866867, -1.2149380445480347], [0.02061871439218521, 0.16152863204479218, -0.959286093711853, 0.06530912220478058, -1.2504113912582397], [0.03463763743638992, 0.3153679370880127, -1.1055172681808472, 0.47320592403411865, -1.1579477787017822], [-0.6575273275375366, 0.252239853143692, -1.2777172327041626, 0.267997682094574, -1.0937491655349731], [-0.3839283585548401, 0.1873580515384674, -1.1234419345855713, 0.3067633807659149, -0.8848148584365845]]}, "object_type": "box", "L": 10.0, "failure_level": 0.2, "dp_logprior_scale": 1.0, "dp_mcmc_step_size": 0.01, "ep_mcmc_step_size": 0.01, "num_rounds": 5, "num_steps_per_round": 5, "num_chains": 5, "use_gradients": true, "use_stochasticity": true, "repair": true, "predict": true, "quench_rounds": 0, "tempering_schedule": [0.9816843867301941, 0.9999991655349731, 1.0, 1.0, 1.0], "ep_logprobs": [[-31.36117172241211, -32.47074508666992, -33.286460876464844, -31.0408878326416, -31.130111694335938], [-35.22786331176758, -32.417564392089844, -33.501033782958984, -32.7681999206543, -32.861610412597656], [-35.52556610107422, -36.14215087890625, -33.348201751708984, -34.12343215942383, -33.21672058105469], [-36.06221389770508, -36.136924743652344, -33.218055725097656, -33.42416000366211, -32.57931137084961], [-33.71076202392578, -33.41438293457031, -33.17278289794922, -35.48347854614258, -34.58406066894531]], "dp_logprobs": [[-0.44253718852996826, -1.0409421920776367, -0.8258332014083862, -0.5568229556083679, 0.07020658254623413], [0.22461867332458496, 0.047561705112457275, -0.06396269798278809, 0.20581471920013428, 0.01751643419265747], [0.26849937438964844, 0.09010446071624756, 0.2592813968658447, -0.12465351819992065, -0.11049997806549072], [-0.32033592462539673, 0.07992100715637207, -0.07136213779449463, -0.0548170804977417, -0.11058247089385986], [-0.1241295337677002, -0.03747999668121338, -0.13097643852233887, -0.0954594612121582, -0.27438223361968994]]}