{"seeker_traj": {"trajectories": [[[0.45883628726005554, 0.04611426219344139], [0.8566888570785522, -0.5164853930473328], [-1.0963819026947021, -0.5383076071739197], [-0.9220267534255981, -0.5644305944442749], [-1.2518036365509033, 0.2337152063846588]], [[0.16747796535491943, 0.5986919403076172], [0.5886037349700928, -0.23559895157814026], [0.9493952989578247, -0.6140841841697693], [1.2097254991531372, 0.3332271873950958], [1.2835875749588013, 0.6390087008476257]], [[-0.2865048050880432, 0.5082876682281494], [0.5811701416969299, 0.558710515499115], [-1.1034904718399048, 0.33494114875793457], [0.3869563937187195, 0.1484622359275818], [-1.2321443557739258, -0.6273612976074219]]]}, "hider_trajs": {"trajectories": [[[[0.797806441783905, -0.5233278274536133], [0.2816920876502991, -0.5909076929092407], [0.7763189077377319, -0.3369537889957428], [1.1253750324249268, 0.3306565582752228], [-0.8010279536247253, 0.615042507648468]], [[-0.6883167624473572, 0.2931823134422302], [0.7351298928260803, 0.2879803776741028], [1.1580027341842651, -0.16793322563171387], [-0.0795769914984703, -0.5619432926177979], [-1.1713253259658813, -0.5280963778495789]], [[-0.3099646270275116, 0.10403303802013397], [-0.7299079298973083, -0.4650929272174835], [-1.1393533945083618, -0.3927108347415924], [0.5837522149085999, -0.20406073331832886], [-1.1286308765411377, 0.25956469774246216]], [[1.1164129972457886, 0.058906715363264084], [1.2190065383911133, 0.48487433791160583], [1.2598387002944946, 0.6393699645996094], [1.2889678478240967, 0.6706944108009338], [1.335253357887268, 0.7182176113128662]], [[-0.8740739822387695, -0.5587793588638306], [0.9342576265335083, -0.6072419285774231], [0.5041678547859192, -0.6357511878013611], [1.2301843166351318, -0.6568120121955872], [1.3329544067382812, -0.7293373346328735]], [[1.101791262626648, -0.5135860443115234], [1.1518105268478394, -0.5745935440063477], [1.1917392015457153, -0.6059673428535461], [1.2262482643127441, -0.5864126086235046], [1.324568748474121, -0.15402357280254364]], [[1.0946099758148193, 0.2897494435310364], [1.1919574737548828, -0.5165446996688843], [1.2471143007278442, -0.569656252861023], [1.2957463264465332, -0.6232596039772034], [1.3574800491333008, -0.6772307753562927]], [[-0.915475070476532, -0.6652822494506836], [-1.225557565689087, -0.6518944501876831], [-1.2233948707580566, 0.04877825453877449], [-1.1915594339370728, 0.5408037304878235], [0.01906617172062397, 0.061124928295612335]], [[-0.3778003752231598, 0.4677118957042694], [-1.0657047033309937, 0.39661404490470886], [-0.8487032055854797, -0.31582167744636536], [-1.0943316221237183, 0.16135279834270477], [0.6503747701644897, 0.2912443280220032]], [[-0.09054796397686005, -0.43541252613067627], [-0.06612619012594223, 0.2633083462715149], [-0.46919307112693787, -0.05910574272274971], [-0.6741899847984314, 0.5978711247444153], [-0.8740403652191162, 0.4432273209095001]]], [[[1.138196349143982, -0.5605229139328003], [0.8567243814468384, -0.6201381683349609], [-0.35502099990844727, -0.6425682306289673], [0.8825762271881104, -0.6702498197555542], [0.21012265980243683, -0.6974518299102783]], [[0.7041752338409424, 0.4808329641819], [1.1841189861297607, 0.5856142044067383], [1.2272075414657593, 0.6318228840827942], [1.2550493478775024, 0.655580461025238], [1.3135740756988525, 0.7227599024772644]], [[-1.1501116752624512, -0.4306412637233734], [-1.1680068969726562, -0.46334677934646606], [-1.186385154724121, -0.446795254945755], [-1.1466881036758423, 0.4390660226345062], [-0.47135448455810547, -0.08474958688020706]], [[0.9742270112037659, 0.36676153540611267], [1.1556415557861328, 0.5981125235557556], [1.2590258121490479, 0.6407569050788879], [1.2883808612823486, 0.6712977886199951], [1.335166096687317, 0.7184125781059265]], [[0.4585455656051636, -0.6060963273048401], [-0.7918996810913086, -0.6659792065620422], [-0.07810325175523758, -0.6886916756629944], [-0.917471170425415, -0.689211905002594], [-0.49889659881591797, -0.6634230017662048]], [[-0.7174112200737, 0.5228378176689148], [-1.0739059448242188, 0.169692724943161], [0.5983933210372925, -0.5756137371063232], [0.8283442258834839, -0.5639074444770813], [-0.5912560224533081, -0.05445334315299988]], [[0.2650041878223419, 0.6302706003189087], [-0.5360357165336609, 0.6890974044799805], [0.3171098530292511, 0.7106872200965881], [-1.020118236541748, 0.7049652338027954], [-1.1281298398971558, 0.673767626285553]], [[0.9795862436294556, -0.5110653638839722], [1.0460313558578491, 0.048386670649051666], [-0.9615899920463562, -0.45013105869293213], [-1.103217363357544, 0.026794971898198128], [-1.1681591272354126, -0.1971338987350464]], [[1.038672685623169, -0.26024362444877625], [-0.6967357397079468, -0.0811673104763031], [1.064178705215454, -0.32322782278060913], [-0.8008019328117371, 0.5826637148857117], [0.4396818280220032, -0.09595344960689545]], [[1.0965971946716309, 0.3515174090862274], [1.0037895441055298, -0.3457754850387573], [0.42650169134140015, -0.5414638519287109], [0.06135944277048111, -0.39913883805274963], [1.167771339416504, -0.22624190151691437]]], [[[-1.0684763193130493, 0.6211060285568237], [-1.1294302940368652, 0.5964857935905457], [-0.9685825705528259, -0.06530562788248062], [0.9511535167694092, 0.3583451807498932], [1.2213736772537231, -0.34812504053115845]], [[-0.9971262216567993, 0.47138527035713196], [-0.17832210659980774, 0.5355366468429565], [0.43658971786499023, 0.5682361125946045], [-0.11006572842597961, 0.24423223733901978], [0.2224566787481308, -0.0609561912715435]], [[-0.17899873852729797, -0.5277025103569031], [-0.1473075896501541, 0.18309906125068665], [0.922447919845581, -0.3211756944656372], [-0.6245970129966736, 0.03721580654382706], [-1.1401971578598022, -0.29453372955322266]], [[0.45343202352523804, 0.5621030926704407], [0.7774627804756165, 0.6238565444946289], [1.26254403591156, 0.6466208100318909], [1.224923849105835, 0.6666191816329956], [1.3273831605911255, 0.7129393219947815]], [[-0.8290263414382935, -0.5205284357070923], [0.04131454974412918, -0.3322940170764923], [0.01821167767047882, -0.44340014457702637], [1.0509727001190186, 0.1486550122499466], [0.8239366412162781, -0.19022506475448608]], [[0.2923728823661804, -0.315633624792099], [0.5090610384941101, 0.2981754541397095], [1.057572841644287, -0.12039336562156677], [0.7990930080413818, 0.36265572905540466], [0.5846241116523743, -0.21100948750972748]], [[0.1496472954750061, 0.028667567297816277], [1.240625262260437, 0.6020053625106812], [1.2614871263504028, 0.641853928565979], [1.2825217247009277, 0.6670948266983032], [1.3264936208724976, 0.7045790553092957]], [[0.1539749652147293, -0.024557221680879593], [1.153371810913086, 0.4495125412940979], [-0.4926154911518097, 0.606105387210846], [-0.9335842132568359, 0.056757453829050064], [-0.6917470097541809, -0.28769734501838684]], [[0.649335503578186, -0.30263471603393555], [-1.052346110343933, -0.548479437828064], [-0.44073227047920227, -0.5912143588066101], [-1.0259239673614502, 0.1905282437801361], [0.39491724967956543, 0.13554444909095764]], [[0.05591579154133797, -0.17241762578487396], [0.550602912902832, 0.4580850601196289], [-0.49733176827430725, 0.43967702984809875], [-1.0426678657531738, 0.5531877875328064], [0.05835755541920662, 0.6064983010292053]]], [[[0.7323598861694336, 0.5507435202598572], [1.1581916809082031, 0.6328027248382568], [1.1769187450408936, 0.6731610298156738], [1.147593379020691, 0.6962918043136597], [0.04134686291217804, 0.6921305656433105]], [[-0.4046061933040619, 0.6546153426170349], [0.011576654389500618, 0.6971727609634399], [-0.3606874346733093, 0.6973102688789368], [-1.1762093305587769, 0.6685184836387634], [-1.2674764394760132, 0.6645313501358032]], [[-0.7641969323158264, 0.07747457921504974], [1.0949403047561646, 0.3514057397842407], [0.33155837655067444, -0.07252731174230576], [1.0247820615768433, 0.41142725944519043], [-0.4754238426685333, -0.1419999897480011]], [[0.1987205445766449, 0.5564915537834167], [1.2507649660110474, 0.058519065380096436], 