{"eps": {"object_position": [[-0.04008559137582779, -0.006165468133985996], [-4.1019084164872766e-05, 0.00013019546167925], [6.033229874446988e-05, -0.0004490393621381372], [0.00014119900879450142, 5.579594289883971e-05], [0.00010114358883583918, -0.00023945860448293388]], "object_rotation": [2.32869553565979, 0.516508162021637, 2.01788067817688, 1.357405424118042, 2.2304320335388184], "distractor_position": [-0.5825842022895813, -0.6539079546928406, -1.3979721069335938, -0.6541216373443604, -0.46043527126312256]}, "eps_trace": {"object_position": [[[-0.23085527122020721, 0.003337942762300372], [-0.07911515235900879, 0.07983362674713135], [0.0019102874211966991, 0.02213636413216591], [0.051162831485271454, 0.1008668765425682], [-0.12272687256336212, -0.01207154430449009]], [[-0.18085718154907227, 0.0031485692597925663], [-0.04337027296423912, 0.044896408915519714], [0.0010453363647684455, -0.0017484058625996113], [0.03489290177822113, 0.05532713234424591], [-0.07294093817472458, -0.007465799804776907]], [[-0.13087378442287445, 0.0020521271508187056], [-0.007714700885117054, 0.01205215323716402], [0.0006854597013443708, -0.0004370069655124098], [0.01254194974899292, 0.011292961426079273], [-0.023155272006988525, -0.004953724332153797]], [[-0.08109094202518463, 0.004205891862511635], [-0.0002746651880443096, 0.00031942548230290413], [-5.428291842690669e-05, -0.00053803576156497], [-0.00098855746909976, 0.0014142415020614862], [0.0024690134450793266, -0.0005737721221521497]], [[-0.04008559137582779, -0.006165468133985996], [-4.1019084164872766e-05, 0.00013019546167925], [6.033229874446988e-05, -0.0004490393621381372], [0.00014119900879450142, 5.579594289883971e-05], [0.00010114358883583918, -0.00023945860448293388]]], "object_rotation": [[2.528643846511841, 0.31653666496276855, 2.1906867027282715, 1.2748994827270508, 2.430365800857544], [2.478654623031616, 0.3665304183959961, 2.142094135284424, 1.2981188297271729, 2.3803794384002686], [2.428666830062866, 0.41652363538742065, 2.097263813018799, 1.3195161819458008, 2.3303945064544678], [2.378680467605591, 0.46651625633239746, 2.0559513568878174, 1.339234471321106, 2.280411958694458], [2.32869553565979, 0.516508162021637, 2.01788067817688, 1.357405424118042, 2.2304320335388184]], "distractor_position": [[-0.6510337591171265, -0.6809947490692139, -1.5979658365249634, -0.7060270309448242, -0.4074538052082062], [-0.6234380006790161, -0.6652265787124634, -1.5479670763015747, -0.6994525790214539, -0.4245724081993103], [-0.6024816036224365, -0.6640846729278564, -1.4979684352874756, -0.6612762808799744, -0.43848857283592224], [-0.5964440107345581, -0.6538255214691162, -1.4479702711105347, -0.6532390117645264, -0.45071738958358765], [-0.5825842022895813, -0.6539079546928406, -1.3979721069335938, -0.6541216373443604, -0.46043527126312256]]}, "object_type": "bowl", "L": 1.0, "failure_level": 0.2, "dp_logprior_scale": 1.0, "dp_mcmc_step_size": 0.01, "ep_mcmc_step_size": 0.01, "num_rounds": 5, "num_steps_per_round": 5, "num_chains": 5, "use_gradients": true, "use_stochasticity": false, "repair": true, "predict": true, "quench_rounds": 0, "tempering_schedule": null, "ep_logprobs": [[-33.946773529052734, -32.464881896972656, -33.23674011230469, -31.28192138671875, -31.866588592529297], [-32.67163848876953, -31.6981143951416, -32.954185485839844, -30.434223175048828, -31.300168991088867], [-31.913976669311523, -31.63433265686035, -32.70882034301758, -30.380279541015625, -30.995534896850586], [-31.130573272705078, -31.528671264648438, -32.480838775634766, -30.583402633666992, -30.905860900878906], [-30.629045486450195, -31.401216506958008, -32.26760482788086, -30.560382843017578, -30.848684310913086]], "dp_logprobs": [[-0.7661259770393372, -0.7661259770393372, -0.7661259770393372, -0.7661259770393372, -0.7661259770393372], [-0.7654252052307129, -0.7654252052307129, -0.7654252052307129, -0.7654252052307129, -0.7654252052307129], [-0.7659115195274353, -0.7659115195274353, -0.7659115195274353, -0.7659115195274353, -0.7659115195274353], [-0.7651195526123047, -0.7651195526123047, -0.7651195526123047, -0.7651195526123047, -0.7651195526123047], [-0.7641651034355164, -0.7641651034355164, -0.7641651034355164, -0.7641651034355164, -0.7641651034355164]]}