{"trajs": {"trajectories": [[[-0.9469505548477173, -0.6641358137130737], [-1.119950771331787, 0.1007194072008133], [0.25554195046424866, 0.5530869364738464]], [[-0.9511470198631287, -0.4392554461956024], [-0.7597798109054565, -0.9620553851127625], [1.2133327722549438, 0.42606276273727417]], [[-1.0913364887237549, -0.034760598093271255], [-0.5690233111381531, 0.06130598112940788], [0.3323959410190582, -0.09720443934202194]], [[-0.8373180627822876, 0.12557455897331238], [0.9797191619873047, 0.3844233453273773], [-0.5030552744865417, 0.11913782358169556]], [[-0.7489378452301025, -0.530925452709198], [0.19113492965698242, -1.0564842224121094], [0.6394450664520264, 0.27347683906555176]], [[-0.9178504943847656, -0.26553571224212646], [0.12059932947158813, 0.08797769248485565], [0.4086538255214691, -0.446289986371994]], [[-1.1463196277618408, 0.3391150236129761], [0.4587551951408386, -0.7429494261741638], [0.9051086902618408, 0.5766454339027405]], [[-0.8684681057929993, 0.8142855763435364], [-0.41553810238838196, -0.6660504341125488], [0.21842597424983978, 0.3468259572982788]], [[-0.8587201237678528, 0.7424623370170593], [1.0697529315948486, -0.5796752572059631], [-0.27454569935798645, 0.5141170620918274]], [[-0.9292383790016174, 0.6232872605323792], [-0.33370956778526306, -0.1654524952173233], [0.575548529624939, -0.6182728409767151]]]}, "best_eps_idx": 3, "time": 2089.641908563004, "n": 10, "T": 3, "width": 3.2, "height": 3.0, "R": 0.5, "max_wind_thrust": 0.5, "duration": 30.0, "dp_mcmc_step_size": 0.001, "ep_mcmc_step_size": 0.001, "num_rounds": 50, "num_mcmc_steps_per_round": 5, "num_chains": 5, "use_gradients": true, "use_stochasticity": true, "repair": true, "predict": true, "quench_rounds": 5, "tempering_schedule": null}