{"eps": {"object_position": [[0.05049954727292061, 0.0022684044670313597], [-0.020883701741695404, -0.08043058961629868], [-0.1243235245347023, -0.03384285792708397], [0.038366034626960754, -0.044076573103666306], [-0.021682022139430046, -0.031725071370601654]], "object_rotation": [1.3536033630371094, 0.9551506042480469, 2.7761917114257812, 1.0975512266159058, 0.9228555560112], "distractor_position": [-1.249622106552124, 0.10208219289779663, -1.1302831172943115, -1.4687738418579102, -0.8767003417015076]}, "eps_trace": {"object_position": [[[0.05049954727292061, 0.0022684044670313597], [-0.020883701741695404, -0.08043058961629868], [-0.1243235245347023, -0.03384285792708397], [0.038366034626960754, -0.044076573103666306], [-0.021682022139430046, -0.031725071370601654]], [[0.05049954727292061, 0.0022684044670313597], [-0.020883701741695404, -0.08043058961629868], [-0.1243235245347023, -0.03384285792708397], [0.038366034626960754, -0.044076573103666306], [-0.021682022139430046, -0.031725071370601654]], [[0.05049954727292061, 0.0022684044670313597], [-0.020883701741695404, -0.08043058961629868], [-0.1243235245347023, -0.03384285792708397], [0.038366034626960754, -0.044076573103666306], [-0.021682022139430046, -0.031725071370601654]], [[0.05049954727292061, 0.0022684044670313597], [-0.020883701741695404, -0.08043058961629868], [-0.1243235245347023, -0.03384285792708397], [0.038366034626960754, -0.044076573103666306], [-0.021682022139430046, -0.031725071370601654]], [[0.05049954727292061, 0.0022684044670313597], [-0.020883701741695404, -0.08043058961629868], [-0.1243235245347023, -0.03384285792708397], [0.038366034626960754, -0.044076573103666306], [-0.021682022139430046, -0.031725071370601654]]], "object_rotation": [[1.3536033630371094, 0.9551506042480469, 2.7761917114257812, 1.0975512266159058, 0.9228555560112], [1.3536033630371094, 0.9551506042480469, 2.7761917114257812, 1.0975512266159058, 0.9228555560112], [1.3536033630371094, 0.9551506042480469, 2.7761917114257812, 1.0975512266159058, 0.9228555560112], [1.3536033630371094, 0.9551506042480469, 2.7761917114257812, 1.0975512266159058, 0.9228555560112], [1.3536033630371094, 0.9551506042480469, 2.7761917114257812, 1.0975512266159058, 0.9228555560112]], "distractor_position": [[-1.249622106552124, 0.10208219289779663, -1.1302831172943115, -1.4687738418579102, -0.8767003417015076], [-1.249622106552124, 0.10208219289779663, -1.1302831172943115, -1.4687738418579102, -0.8767003417015076], [-1.249622106552124, 0.10208219289779663, -1.1302831172943115, -1.4687738418579102, -0.8767003417015076], [-1.249622106552124, 0.10208219289779663, -1.1302831172943115, -1.4687738418579102, -0.8767003417015076], [-1.249622106552124, 0.10208219289779663, -1.1302831172943115, -1.4687738418579102, -0.8767003417015076]]}, "object_type": "box", "L": 1.0, "failure_level": 0.2, "dp_logprior_scale": 1.0, "dp_mcmc_step_size": 0.001, "ep_mcmc_step_size": 0.001, "num_rounds": 5, "num_steps_per_round": 5, "num_chains": 5, "use_gradients": true, "use_stochasticity": false, "repair": true, "predict": true, "quench_rounds": 0, "tempering_schedule": null, "ep_logprobs": [[-31.56463623046875, -31.375051498413086, -33.15110778808594, -32.45347595214844, -30.953989028930664], [-31.59103012084961, -31.393095016479492, -33.153011322021484, -32.49063491821289, -30.973543167114258], [-31.61437225341797, -31.408702850341797, -33.15376663208008, -32.52463150024414, -30.992162704467773], [-31.645278930664062, -31.427364349365234, -33.15302276611328, -32.556129455566406, -31.00881004333496], [-31.67052459716797, -31.444339752197266, -33.154537200927734, -32.584991455078125, -31.02652931213379]], "dp_logprobs": [[-1.0390057563781738, -1.0390057563781738, -1.0390057563781738, -1.0390057563781738, -1.0390057563781738], [-1.0156117677688599, -1.0156117677688599, -1.0156117677688599, -1.0156117677688599, -1.0156117677688599], [-0.9952649474143982, -0.9952649474143982, -0.9952649474143982, -0.9952649474143982, -0.9952649474143982], [-0.9743168354034424, -0.9743168354034424, -0.9743168354034424, -0.9743168354034424, -0.9743168354034424], [-0.955322265625, -0.955322265625, -0.955322265625, -0.955322265625, -0.955322265625]]}