{"eps": {"object_position": [[-0.25584617257118225, 0.004368061665445566], [-0.09949362277984619, 0.10401217639446259], [0.0050239237025380135, 0.04567530378699303], [0.06241178140044212, 0.12354403734207153], [-0.14763104915618896, -0.014477399177849293]], "object_rotation": [2.5536365509033203, 0.29065650701522827, 2.2156755924224854, 1.2605875730514526, 2.4553613662719727], "distractor_position": [-0.6683664321899414, -0.7015387415885925, -1.6229664087295532, -0.696746289730072, -0.3813258409500122]}, "eps_trace": {"object_position": [[[-0.2758454978466034, 0.004319436848163605], [-0.1112971231341362, 0.11305761337280273], [0.00705168629065156, 0.06556320935487747], [0.0710381343960762, 0.14129416644573212], [-0.16751812398433685, -0.016399433836340904]], [[-0.27084556221961975, 0.004344393499195576], [-0.107487253844738, 0.1098378449678421], [0.006460416596382856, 0.060598358511924744], [0.06868273764848709, 0.1368870884180069], [-0.16254711151123047, -0.015863826498389244]], [[-0.26584574580192566, 0.004369851667433977], [-0.10400567948818207, 0.1062493696808815], [0.0058625247329473495, 0.055634427815675735], [0.06647931039333344, 0.13240113854408264], [-0.15757767856121063, -0.01531536690890789]], [[-0.2608461081981659, 0.004353886004537344], [-0.10222426801919937, 0.10601098835468292], [0.005324893165379763, 0.05066351965069771], [0.06469809263944626, 0.1279841661453247], [-0.15260858833789825, -0.014762921258807182]], [[-0.25584617257118225, 0.004368061665445566], [-0.09949362277984619, 0.10401217639446259], [0.0050239237025380135, 0.04567530378699303], [0.06241178140044212, 0.12354403734207153], [-0.14763104915618896, -0.014477399177849293]]], "object_rotation": [[2.573634624481201, 0.2715418040752411, 2.235665798187256, 1.2497841119766235, 2.4753551483154297], [2.5686349868774414, 0.27654141187667847, 2.23066782951355, 1.2523362636566162, 2.4703567028045654], [2.5636355876922607, 0.2815409004688263, 2.225670576095581, 1.255639672279358, 2.465358257293701], [2.55863618850708, 0.2856571078300476, 2.2206733226776123, 1.2584336996078491, 2.460359811782837], [2.5536365509033203, 0.29065650701522827, 2.2156755924224854, 1.2605875730514526, 2.4553613662719727]], "distractor_position": [[-0.681862473487854, -0.7209892868995667, -1.6429649591445923, -0.7086762189865112, -0.3815699815750122], [-0.6785935163497925, -0.7159895896911621, -1.6379653215408325, -0.7036779522895813, -0.37866732478141785], [-0.6749683022499084, -0.7109909057617188, -1.6329656839370728, -0.702913224697113, -0.3792494833469391], [-0.6719558835029602, -0.7059910893440247, -1.627966046333313, -0.6990097165107727, -0.38061922788619995], [-0.6683664321899414, -0.7015387415885925, -1.6229664087295532, -0.696746289730072, -0.3813258409500122]]}, "object_type": "box", "L": 1.0, "failure_level": 0.2, "dp_logprior_scale": 1.0, "dp_mcmc_step_size": 0.001, "ep_mcmc_step_size": 0.001, "num_rounds": 5, "num_steps_per_round": 5, "num_chains": 5, "use_gradients": true, "use_stochasticity": false, "repair": true, "predict": true, "quench_rounds": 0, "tempering_schedule": null, "ep_logprobs": [[-34.90054702758789, -32.780235290527344, -33.67621612548828, -31.772369384765625, -32.489036560058594], [-34.7529182434082, -32.6993293762207, -33.61673355102539, -31.79631805419922, -32.39155197143555], [-34.610557556152344, -32.599395751953125, -33.56428909301758, -31.655994415283203, -32.30149841308594], [-34.46632766723633, -32.73115158081055, -33.509559631347656, -31.676162719726562, -32.246620178222656], [-34.326210021972656, -32.50051498413086, -33.45474624633789, -31.324533462524414, -32.19937515258789]], "dp_logprobs": [[-0.9265286922454834, -0.9265286922454834, -0.9265286922454834, -0.9265286922454834, -0.9265286922454834], [-0.9305222630500793, -0.9305222630500793, -0.9305222630500793, -0.9305222630500793, -0.9305222630500793], [-0.8769894242286682, -0.8769894242286682, -0.8769894242286682, -0.8769894242286682, -0.8769894242286682], [-0.9190900325775146, -0.9190900325775146, -0.9190900325775146, -0.9190900325775146, -0.9190900325775146], [-0.8472961783409119, -0.8472961783409119, -0.8472961783409119, -0.8472961783409119, -0.8472961783409119]]}