{"eps": {"object_position": [[-0.27882376313209534, 0.004281450528651476], [-0.11417274177074432, 0.114322230219841], [0.007203425746411085, 0.06990821659564972], [0.07262689620256424, 0.1453532874584198], [-0.17170217633247375, -0.016524240374565125]], "object_rotation": [2.5783872604370117, 0.2667360305786133, 2.240539312362671, 1.2493603229522705, 2.4804136753082275], "distractor_position": [-0.6855230331420898, -0.7251045107841492, -1.6475098133087158, -0.7129586935043335, -0.38667166233062744]}, "eps_trace": {"object_position": [[[-0.2801915407180786, 0.004017462022602558], [-0.11467991769313812, 0.11480650305747986], [0.007536976132541895, 0.07052192091941833], [0.07274991273880005, 0.14580325782299042], [-0.17210781574249268, -0.016716934740543365]], [[-0.27930396795272827, 0.004174898378551006], [-0.11460170894861221, 0.11481118947267532], [0.007429603952914476, 0.07041721045970917], [0.07271859794855118, 0.14563964307308197], [-0.17200234532356262, -0.016649791970849037]], [[-0.27926138043403625, 0.004236354026943445], [-0.11435870826244354, 0.11472507566213608], [0.007307379972189665, 0.07039649039506912], [0.07264687120914459, 0.1455075740814209], [-0.17183616757392883, -0.01661229319870472]], [[-0.27909940481185913, 0.0041459049098193645], [-0.11413709074258804, 0.11444509774446487], [0.007220047060400248, 0.07015984505414963], [0.07262872904539108, 0.1455094963312149], [-0.17175179719924927, -0.01644856669008732]], [[-0.27882376313209534, 0.004281450528651476], [-0.11417274177074432, 0.114322230219841], [0.007203425746411085, 0.06990821659564972], [0.07262689620256424, 0.1453532874584198], [-0.17170217633247375, -0.016524240374565125]]], "object_rotation": [[2.5787312984466553, 0.2664470970630646, 2.2406749725341797, 1.249749779701233, 2.4802184104919434], [2.5783517360687256, 0.26651954650878906, 2.240508556365967, 1.2494463920593262, 2.4802002906799316], [2.5784077644348145, 0.2665608823299408, 2.240523099899292, 1.2494184970855713, 2.480313301086426], [2.5784687995910645, 0.26670873165130615, 2.240431308746338, 1.2494076490402222, 2.48030948638916], [2.5783872604370117, 0.2667360305786133, 2.240539312362671, 1.2493603229522705, 2.4804136753082275]], "distractor_position": [[-0.685370922088623, -0.7250134348869324, -1.6477323770523071, -0.7130031585693359, -0.3867930471897125], [-0.6855608224868774, -0.725069522857666, -1.6476486921310425, -0.7130016684532166, -0.3866861164569855], [-0.685536801815033, -0.7251219153404236, -1.6476187705993652, -0.7128469347953796, -0.386803537607193], [-0.6854227781295776, -0.7251054644584656, -1.6474708318710327, -0.7128599882125854, -0.3866751790046692], [-0.6855230331420898, -0.7251045107841492, -1.6475098133087158, -0.7129586935043335, -0.38667166233062744]]}, "object_type": "box", "L": 1.0, "failure_level": 0.2, "dp_logprior_scale": 1.0, "dp_mcmc_step_size": 0.001, "ep_mcmc_step_size": 0.001, "num_rounds": 5, "num_steps_per_round": 5, "num_chains": 5, "use_gradients": true, "use_stochasticity": true, "repair": true, "predict": true, "quench_rounds": 0, "tempering_schedule": null, "ep_logprobs": [[-34.718406677246094, -33.215415954589844, -33.67203140258789, -31.928152084350586, -32.350807189941406], [-34.69365310668945, -33.214412689208984, -33.670562744140625, -31.92822265625, -32.348941802978516], [-34.69260025024414, -33.210628509521484, -33.6700325012207, -31.925485610961914, -32.34620666503906], [-34.68833923339844, -33.206756591796875, -33.66664123535156, -31.925344467163086, -32.34680938720703], [-34.680782318115234, -33.2076301574707, -33.592079162597656, -31.923038482666016, -32.34547424316406]], "dp_logprobs": [[-1.0100361108779907, -1.009972333908081, -1.0099444389343262, -1.0100057125091553, -1.0099259614944458], [-1.0096440315246582, -1.0096392631530762, -1.0095442533493042, -1.0096867084503174, -1.0095714330673218], [-1.0091233253479004, -1.0088597536087036, -1.008962631225586, -1.0089640617370605, -1.008967399597168], [-1.0091431140899658, -1.0090019702911377, -1.008847713470459, -1.0091153383255005, -1.0089709758758545], [-1.008230447769165, -1.0081983804702759, -1.008019208908081, -1.0082396268844604, -1.008225917816162]]}