{"eps": {"object_position": [[0.016718493774533272, -0.03213861957192421], [-0.19402866065502167, -0.17834585905075073], [0.0012018791167065501, -0.12170541286468506], [0.03162628784775734, 0.12397965788841248], [0.2932775616645813, 0.0061342171393334866]], "object_rotation": [0.8889087438583374, 2.327751398086548, 0.7709761261940002, 2.3710968494415283, 1.3697847127914429], "distractor_position": [-0.5276346802711487, 0.23105542361736298, -1.1805710792541504, 0.23148544132709503, -0.3567083477973938]}, "eps_trace": {"object_position": [[[0.0170613843947649, -0.032251663506031036], [-0.1946410834789276, -0.1789182424545288], [0.0010524720419198275, -0.12238100171089172], [0.03222006559371948, 0.12534332275390625], [0.2945552170276642, 0.006341143045574427]], [[0.016970735043287277, -0.0321170911192894], [-0.1945101022720337, -0.1786630004644394], [0.0010603684931993484, -0.1223592609167099], [0.032010018825531006, 0.12482021003961563], [0.29430922865867615, 0.006314182188361883]], [[0.016973979771137238, -0.03210989385843277], [-0.19443316757678986, -0.1785222291946411], [0.001126128830946982, -0.12219253182411194], [0.03194732591509819, 0.12470279633998871], [0.2942054271697998, 0.00641131866723299]], [[0.01676066778600216, -0.03211414813995361], [-0.19435535371303558, -0.1783471703529358], [0.0011934255016967654, -0.12188159674406052], [0.03169490024447441, 0.12406164407730103], [0.2933736741542816, 0.006171172950416803]], [[0.016718493774533272, -0.03213861957192421], [-0.19402866065502167, -0.17834585905075073], [0.0012018791167065501, -0.12170541286468506], [0.03162628784775734, 0.12397965788841248], [0.2932775616645813, 0.0061342171393334866]]], "object_rotation": [[0.8888744711875916, 2.327840566635132, 0.7710007429122925, 2.3717048168182373, 1.3699332475662231], [0.8888765573501587, 2.32792067527771, 0.7710360884666443, 2.3714725971221924, 1.3698543310165405], [0.8888840079307556, 2.3276171684265137, 0.7710817456245422, 2.371260643005371, 1.3700324296951294], [0.8889217376708984, 2.3276546001434326, 0.7711074948310852, 2.3711206912994385, 1.369884967803955], [0.8889087438583374, 2.327751398086548, 0.7709761261940002, 2.3710968494415283, 1.3697847127914429]], "distractor_position": [[-0.5276538729667664, 0.23119591176509857, -1.1809629201889038, 0.23191216588020325, -0.3573550581932068], [-0.52762371301651, 0.23128873109817505, -1.1809850931167603, 0.23143698275089264, -0.3570590019226074], [-0.5276406407356262, 0.23110003769397736, -1.1810262203216553, 0.23141007125377655, -0.3571156859397888], [-0.5276191830635071, 0.23103846609592438, -1.180869698524475, 0.2315252423286438, -0.3567136228084564], [-0.5276346802711487, 0.23105542361736298, -1.1805710792541504, 0.23148544132709503, -0.3567083477973938]]}, "object_type": "box", "L": 1.0, "failure_level": 0.2, "dp_logprior_scale": 1.0, "dp_mcmc_step_size": 0.001, "ep_mcmc_step_size": 0.001, "num_rounds": 5, "num_steps_per_round": 5, "num_chains": 5, "use_gradients": true, "use_stochasticity": true, "repair": true, "predict": true, "quench_rounds": 0, "tempering_schedule": null, "ep_logprobs": [[-30.432958602905273, -34.85647964477539, -32.65215301513672, -32.61055374145508, -34.44207000732422], [-30.425626754760742, -34.849918365478516, -32.651912689208984, -32.601280212402344, -34.4346809387207], [-30.424100875854492, -34.84498977661133, -32.64991760253906, -32.59858322143555, -34.43195343017578], [-30.445907592773438, -34.84016036987305, -32.64570236206055, -32.59977340698242, -34.39923095703125], [-30.445972442626953, -34.833953857421875, -32.64292907714844, -32.598445892333984, -34.39671325683594]], "dp_logprobs": [[-1.2148160934448242, -1.2148799896240234, -1.2147709131240845, -1.2148535251617432, -1.2148138284683228], [-1.2145745754241943, -1.2144427299499512, -1.2146694660186768, -1.214487075805664, -1.2145726680755615], [-1.21675443649292, -1.2166705131530762, -1.2168954610824585, -1.2167402505874634, -1.2167308330535889], [-1.2172787189483643, -1.217132806777954, -1.217332363128662, -1.217199683189392, -1.2172716856002808], [-1.2107975482940674, -1.2107079029083252, -1.2107332944869995, -1.2106775045394897, -1.2107757329940796]]}