{"eps": {"object_position": [[-0.06846101582050323, -0.07768476754426956], [-0.0348312146961689, -0.06560058891773224], [0.014655409380793571, 0.09989926218986511], [0.16095325350761414, 0.10494138300418854], [0.004572100471705198, 0.03261866793036461], [-0.07081462442874908, 0.014212963171303272], [0.07249924540519714, 0.11483919620513916], [-0.07478886842727661, 0.16457431018352509], [0.048092130571603775, -0.022075574845075607], [-0.05994400382041931, 0.05400034785270691]], "object_rotation": [2.406808376312256, 1.9833261966705322, 1.4569931030273438, 1.0898889303207397, 1.4519075155258179, 2.029174566268921, 1.886889934539795, 2.973626136779785, 1.3098117113113403, 3.055405616760254], "distractor_position": [-1.0852981805801392, -0.5359577536582947, -0.8363860845565796, -0.1734362244606018, -0.0783427357673645, 0.0011706352233886719, -0.40204280614852905, -1.0017613172531128, -0.6737860441207886, -0.38428792357444763]}, "eps_trace": {"object_position": [[[0.025295201689004898, -0.01819382794201374], [4.721998266177252e-05, -0.11380020529031754], [-0.014493510127067566, -0.1898861527442932], [0.012001429684460163, 0.08779673278331757], [0.004572100471705198, 0.03261866793036461], [-0.07081462442874908, 0.014212963171303272], [0.07249924540519714, 0.11483919620513916], [-0.07478886842727661, 0.16457431018352509], [0.048092130571603775, -0.022075574845075607], [0.05392128974199295, 0.13616089522838593]], [[0.025295201689004898, -0.01819382794201374], [4.721998266177252e-05, -0.11380020529031754], [-0.014493510127067566, -0.1898861527442932], [0.012001429684460163, 0.08779673278331757], [0.004572100471705198, 0.03261866793036461], [-0.07081462442874908, 0.014212963171303272], [0.07249924540519714, 0.11483919620513916], [-0.07478886842727661, 0.16457431018352509], [0.048092130571603775, -0.022075574845075607], [0.05392128974199295, 0.13616089522838593]], [[-0.10195668041706085, -0.02422414906322956], [4.721998266177252e-05, -0.11380020529031754], [-0.014493510127067566, -0.1898861527442932], [0.012001429684460163, 0.08779673278331757], [0.004572100471705198, 0.03261866793036461], [-0.07081462442874908, 0.014212963171303272], [0.07249924540519714, 0.11483919620513916], [-0.07478886842727661, 0.16457431018352509], [0.048092130571603775, -0.022075574845075607], [0.05392128974199295, 0.13616089522838593]], [[-0.10195668041706085, -0.02422414906322956], [4.721998266177252e-05, -0.11380020529031754], [-0.014493510127067566, -0.1898861527442932], [0.012001429684460163, 0.08779673278331757], [0.004572100471705198, 0.03261866793036461], [-0.07081462442874908, 0.014212963171303272], [0.07249924540519714, 0.11483919620513916], [-0.07478886842727661, 0.16457431018352509], [0.048092130571603775, -0.022075574845075607], [0.05392128974199295, 0.13616089522838593]], [[-0.10195668041706085, -0.02422414906322956], [4.721998266177252e-05, -0.11380020529031754], [0.014655409380793571, 0.09989926218986511], [0.012001429684460163, 0.08779673278331757], [0.004572100471705198, 0.03261866793036461], [-0.07081462442874908, 0.014212963171303272], [0.07249924540519714, 0.11483919620513916], [-0.07478886842727661, 0.16457431018352509], [0.048092130571603775, -0.022075574845075607], [0.05392128974199295, 0.13616089522838593]], [[-0.06846101582050323, -0.07768476754426956], [4.721998266177252e-05, -0.11380020529031754], [0.014655409380793571, 0.09989926218986511], [0.012001429684460163, 0.08779673278331757], [0.004572100471705198, 0.03261866793036461], [-0.07081462442874908, 0.014212963171303272], [0.07249924540519714, 0.11483919620513916], [-0.07478886842727661, 0.16457431018352509], [0.048092130571603775, -0.022075574845075607], [0.05392128974199295, 0.13616089522838593]], [[-0.06846101582050323, -0.07768476754426956], [-0.0348312146961689, -0.06560058891773224], [0.014655409380793571, 0.09989926218986511], [0.16095325350761414, 0.10494138300418854], [0.004572100471705198, 0.03261866793036461], [-0.07081462442874908, 0.014212963171303272], [0.07249924540519714, 0.11483919620513916], [-0.07478886842727661, 0.16457431018352509], [0.048092130571603775, -0.022075574845075607], [-0.05994400382041931, 0.05400034785270691]], [[-0.06846101582050323, -0.07768476754426956], [-0.0348312146961689, -0.06560058891773224], [0.014655409380793571, 0.09989926218986511], [0.16095325350761414, 0.10494138300418854], [0.004572100471705198, 0.03261866793036461], [-0.07081462442874908, 0.014212963171303272], [0.07249924540519714, 0.11483919620513916], [-0.07478886842727661, 0.16457431018352509], [0.048092130571603775, -0.022075574845075607], [-0.05994400382041931, 0.05400034785270691]], [[-0.06846101582050323, -0.07768476754426956], [-0.0348312146961689, -0.06560058891773224], [0.014655409380793571, 0.09989926218986511], [0.16095325350761414, 0.10494138300418854], [0.004572100471705198, 0.03261866793036461], [-0.07081462442874908, 0.014212963171303272], [0.07249924540519714, 0.11483919620513916], [-0.07478886842727661, 0.16457431018352509], [0.048092130571603775, -0.022075574845075607], [-0.05994400382041931, 0.05400034785270691]], [[-0.06846101582050323, -0.07768476754426956], [-0.0348312146961689, -0.06560058891773224], [0.014655409380793571, 0.09989926218986511], [0.16095325350761414, 0.10494138300418854], [0.004572100471705198, 0.03261866793036461], [-0.07081462442874908, 0.014212963171303272], [0.07249924540519714, 0.11483919620513916], [-0.07478886842727661, 0.16457431018352509], [0.048092130571603775, -0.022075574845075607], [-0.05994400382041931, 0.05400034785270691]]], "object_rotation": [[2.226624011993408, 1.8361133337020874, 1.0730390548706055, 1.007934808731079, 1.4519075155258179, 2.029174566268921, 1.886889934539795, 2.973626136779785, 1.3098117113113403, 2.735687017440796], [2.226624011993408, 1.8361133337020874, 1.0730390548706055, 1.007934808731079, 1.4519075155258179, 2.029174566268921, 1.886889934539795, 2.973626136779785, 1.3098117113113403, 2.735687017440796], [2.14385724067688, 1.8361133337020874, 1.0730390548706055, 1.007934808731079, 1.4519075155258179, 2.029174566268921, 1.886889934539795, 2.973626136779785, 1.3098117113113403, 2.735687017440796], [2.14385724067688, 1.8361133337020874, 1.0730390548706055, 1.007934808731079, 1.4519075155258179, 2.029174566268921, 1.886889934539795, 2.973626136779785, 1.3098117113113403, 2.735687017440796], [2.14385724067688, 1.8361133337020874, 1.4569931030273438, 1.007934808731079, 1.4519075155258179, 2.029174566268921, 1.886889934539795, 2.973626136779785, 1.3098117113113403, 2.735687017440796], [2.406808376312256, 1.8361133337020874, 1.4569931030273438, 1.007934808731079, 1.4519075155258179, 2.029174566268921, 1.886889934539795, 2.973626136779785, 1.3098117113113403, 2.735687017440796], [2.406808376312256, 1.9833261966705322, 1.4569931030273438, 1.0898889303207397, 1.4519075155258179, 2.029174566268921, 1.886889934539795, 2.973626136779785, 1.3098117113113403, 3.055405616760254], [2.406808376312256, 1.9833261966705322, 1.4569931030273438, 1.0898889303207397, 1.4519075155258179, 2.029174566268921, 1.886889934539795, 2.973626136779785, 1.3098117113113403, 3.055405616760254], [2.406808376312256, 1.9833261966705322, 1.4569931030273438, 1.0898889303207397, 1.4519075155258179, 2.029174566268921, 1.886889934539795, 2.973626136779785, 1.3098117113113403, 3.055405616760254], [2.406808376312256, 1.9833261966705322, 1.4569931030273438, 1.0898889303207397, 1.4519075155258179, 2.029174566268921, 1.886889934539795, 2.973626136779785, 1.3098117113113403, 3.055405616760254]],