{"eps": {"object_position": [[-0.07814215123653412, -0.035879068076610565], [-0.14964503049850464, -0.1288471221923828], [-0.22101277112960815, 0.04085700586438179], [0.016512418165802956, -0.15670083463191986], [-0.061942677944898605, -0.013817940838634968], [-0.05314295366406441, -0.01650015078485012], [0.022073954343795776, -0.04709913954138756], [0.08820271492004395, -0.06578772515058517], [0.037426646798849106, -0.08399759232997894], [-0.21626900136470795, -0.14169876277446747]], "object_rotation": [3.9518136978149414, 1.7029645442962646, 1.4778048992156982, 2.6092779636383057, 2.3459134101867676, 0.9657036662101746, 0.004576489329338074, 0.8830861449241638, 1.293540120124817, 3.544846773147583], "distractor_position": [0.10667699575424194, -0.7892265915870667, -0.8051143288612366, -0.4571799635887146, -0.5047484636306763, -0.42329853773117065, -0.04986276477575302, -0.0881229043006897, -0.7172369956970215, -1.0469056367874146]}, "eps_trace": {"object_position": [[[-0.029091879725456238, -0.11895976215600967], [0.002229010919108987, 0.1161126121878624], [0.08363332599401474, 0.014312639832496643], [0.029696185141801834, -0.18734681606292725], [-0.061942677944898605, -0.013817940838634968], [-0.05314295366406441, -0.01650015078485012], [-0.03876570239663124, 0.04178474470973015], [-0.0003246538108214736, 0.007712879218161106], [0.037426646798849106, -0.08399759232997894], [-0.054440777748823166, -0.0018072841921821237]], [[-0.029091879725456238, -0.11895976215600967], [0.002229010919108987, 0.1161126121878624], [0.08363332599401474, 0.014312639832496643], [0.016512418165802956, -0.15670083463191986], [-0.061942677944898605, -0.013817940838634968], [-0.05314295366406441, -0.01650015078485012], [0.022073954343795776, -0.04709913954138756], [-0.0003246538108214736, 0.007712879218161106], [0.037426646798849106, -0.08399759232997894], [-0.054440777748823166, -0.0018072841921821237]], [[-0.029091879725456238, -0.11895976215600967], [0.002229010919108987, 0.1161126121878624], [0.08363332599401474, 0.014312639832496643], [0.016512418165802956, -0.15670083463191986], [-0.061942677944898605, -0.013817940838634968], [-0.05314295366406441, -0.01650015078485012], [0.022073954343795776, -0.04709913954138756], [-0.0003246538108214736, 0.007712879218161106], [0.037426646798849106, -0.08399759232997894], [-0.054440777748823166, -0.0018072841921821237]], [[-0.029091879725456238, -0.11895976215600967], [0.002229010919108987, 0.1161126121878624], [0.08363332599401474, 0.014312639832496643], [0.016512418165802956, -0.15670083463191986], [-0.061942677944898605, -0.013817940838634968], [-0.05314295366406441, -0.01650015078485012], [0.022073954343795776, -0.04709913954138756], [-0.0003246538108214736, 0.007712879218161106], [0.037426646798849106, -0.08399759232997894], [-0.06538103520870209, -0.2580556571483612]], [[-0.07814215123653412, -0.035879068076610565], [0.002229010919108987, 0.1161126121878624], [0.08363332599401474, 0.014312639832496643], [0.016512418165802956, -0.15670083463191986], [-0.061942677944898605, -0.013817940838634968], [-0.05314295366406441, -0.01650015078485012], [0.022073954343795776, -0.04709913954138756], [-0.0003246538108214736, 0.007712879218161106], [0.037426646798849106, -0.08399759232997894], [-0.06538103520870209, -0.2580556571483612]], [[-0.07814215123653412, -0.035879068076610565], [0.002229010919108987, 0.1161126121878624], [0.08363332599401474, 0.014312639832496643], [0.016512418165802956, -0.15670083463191986], [-0.061942677944898605, -0.013817940838634968], [-0.05314295366406441, -0.01650015078485012], [0.022073954343795776, -0.04709913954138756], [0.08820271492004395, -0.06578772515058517], [0.037426646798849106, -0.08399759232997894], [-0.21626900136470795, -0.14169876277446747]], [[-0.07814215123653412, -0.035879068076610565], [0.002229010919108987, 0.1161126121878624], [0.08363332599401474, 0.014312639832496643], [0.016512418165802956, -0.15670083463191986], [-0.061942677944898605, -0.013817940838634968], [-0.05314295366406441, -0.01650015078485012], [0.022073954343795776, -0.04709913954138756], [0.08820271492004395, -0.06578772515058517], [0.037426646798849106, -0.08399759232997894], [-0.21626900136470795, -0.14169876277446747]], [[-0.07814215123653412, -0.035879068076610565], [0.002229010919108987, 0.1161126121878624], [0.08363332599401474, 0.014312639832496643], [0.016512418165802956, -0.15670083463191986], [-0.061942677944898605, -0.013817940838634968], [-0.05314295366406441, -0.01650015078485012], [0.022073954343795776, -0.04709913954138756], [0.08820271492004395, -0.06578772515058517], [0.037426646798849106, -0.08399759232997894], [-0.21626900136470795, -0.14169876277446747]], [[-0.07814215123653412, -0.035879068076610565], [0.002229010919108987, 0.1161126121878624], [0.08363332599401474, 0.014312639832496643], [0.016512418165802956, -0.15670083463191986], [-0.061942677944898605, -0.013817940838634968], [-0.05314295366406441, -0.01650015078485012], [0.022073954343795776, -0.04709913954138756], [0.08820271492004395, -0.06578772515058517], [0.037426646798849106, -0.08399759232997894], [-0.21626900136470795, -0.14169876277446747]], [[-0.07814215123653412, -0.035879068076610565], [-0.14964503049850464, -0.1288471221923828], [-0.22101277112960815, 0.04085700586438179], [0.016512418165802956, -0.15670083463191986], [-0.061942677944898605, -0.013817940838634968], [-0.05314295366406441, -0.01650015078485012], [0.022073954343795776, -0.04709913954138756], [0.08820271492004395, -0.06578772515058517], [0.037426646798849106, -0.08399759232997894], [-0.21626900136470795, -0.14169876277446747]]], "object_rotation": [[3.042548179626465, 1.5280267000198364, 2.1857800483703613, 2.3626368045806885, 2.3459134101867676, 0.9657036662101746, 0.21436846256256104, 1.1231694221496582, 1.293540120124817, 3.345048427581787], [3.042548179626465, 1.5280267000198364, 2.1857800483703613, 2.6092779636383057, 2.3459134101867676, 0.9657036662101746, 0.004576489329338074, 1.1231694221496582, 1.293540120124817, 3.345048427581787], [3.042548179626465, 1.5280267000198364, 2.1857800483703613, 2.6092779636383057, 2.3459134101867676, 0.9657036662101746, 0.004576489329338074, 1.1231694221496582, 1.293540120124817, 3.345048427581787], [3.042548179626465, 1.5280267000198364, 2.1857800483703613, 2.6092779636383057, 2.3459134101867676, 0.9657036662101746, 0.004576489329338074, 1.1231694221496582, 1.293540120124817, 3.369091272354126], [3.9518136978149414, 1.5280267000198364, 2.1857800483703613, 2.6092779636383057, 2.3459134101867676, 0.9657036662101746, 0.004576489329338074, 1.1231694221496582, 1.293540120124817, 3.369091272354126], [3.9518136978149414, 1.5280267000198364, 2.1857800483703613, 2.6092779636383057, 2.3459134101867676, 0.9657036662101746, 0.004576489329338074, 0.8830861449241638, 1.293540120124817, 3.544846773147583], [3.9518136978149414, 1.5280267000198364, 2.1857800483703613, 2.6092779636383057, 2.3459134101867676, 0.9657036662101746, 0.004576489329338074, 0.8830861449241638, 1.293540120124817, 3.544846773147583], [3.9518136978149414, 1.5280267000198364, 2.1857800483703613, 2.6092779636383057, 2.3459134101867676, 0.9657036662101746, 0.004576489329338074, 0.8830861449241638, 1.293540120124817, 3.544846773147583], [3.9518136978149414, 1.5280267000198364, 2.1857800483703613, 2.6092779636383057, 2.3459134101867676, 0.9657036662101746, 0.004576489329338074, 0.8830861449241638, 1.293540120124817, 3.544846773147583], [3.9518136978149414, 1.7029645442962646, 1.4778048992156982, 2.6092779636383057, 2.3459134101867676, 0.9657036662101746, 0.004576489329338074, 0.8830861449241638, 1.293540120124817, 3.544846773147583]],