{"eps": {"object_position": [[-0.12408817559480667, 0.0967627540230751], [-0.10198734700679779, -0.20190341770648956], [0.09477736800909042, 0.01733725517988205], [-0.048146240413188934, -0.06876291334629059], [0.1575654000043869, 0.028866620734333992]], "object_rotation": [2.0543007850646973, -0.38072359561920166, 2.3199801445007324, 1.0334454774856567, 1.8097563982009888], "distractor_position": [-0.578117311000824, -0.14496856927871704, -1.5003008842468262, -0.4796150028705597, -1.074131965637207]}, "eps_trace": {"object_position": [[[-0.051359642297029495, 0.1810716986656189], [-0.04330587387084961, 0.09441500902175903], [0.007612572051584721, 0.07053124904632568], [-0.09981326013803482, -0.040153659880161285], [-0.034462377429008484, -0.0031693149358034134]], [[0.021600961685180664, 0.010058671236038208], [0.1481243371963501, 0.11668932437896729], [0.007612572051584721, 0.07053124904632568], [-0.061603039503097534, 0.09447092562913895], [-0.0135456882417202, 0.002139071002602577]], [[-0.0033714771270751953, 0.15124699473381042], [0.16036206483840942, 0.10632988810539246], [-0.02276570349931717, 0.10484722256660461], [-0.061603039503097534, 0.09447092562913895], [0.1335390955209732, 0.08397045731544495]], [[0.013906806707382202, -0.056609973311424255], [-0.17095604538917542, -0.09003490954637527], [0.031088128685951233, 0.05711767077445984], [0.021088048815727234, 0.08913968503475189], [0.09585883468389511, 0.045948706567287445]], [[-0.12408817559480667, 0.0967627540230751], [-0.10198734700679779, -0.20190341770648956], [0.09477736800909042, 0.01733725517988205], [-0.048146240413188934, -0.06876291334629059], [0.1575654000043869, 0.028866620734333992]]], "object_rotation": [[2.485410690307617, 0.001767430454492569, 2.24066424369812, 1.172864556312561, 2.4480440616607666], [2.252110481262207, -0.1913612186908722, 2.24066424369812, 1.2061880826950073, 2.6303625106811523], [2.373049020767212, -0.1423880010843277, 2.0794856548309326, 1.2061880826950073, 2.368755578994751], [2.1780307292938232, -0.6125571727752686, 2.1551873683929443, 1.1416053771972656, 1.9564824104309082], [2.0543007850646973, -0.38072359561920166, 2.3199801445007324, 1.0334454774856567, 1.8097563982009888]], "distractor_position": [[-0.6481979489326477, -0.5376362800598145, -1.647964596748352, -0.6853203773498535, -0.4850720167160034], [-0.7367627024650574, -0.16992129385471344, -1.647964596748352, -0.6841550469398499, -0.8328763246536255], [-0.8524205684661865, 0.04376579076051712, -1.6131306886672974, -0.6841550469398499, -0.9107680320739746], [-0.7817181944847107, -0.16558486223220825, -1.7227098941802979, -0.6942930817604065, -1.1277861595153809], [-0.578117311000824, -0.14496856927871704, -1.5003008842468262, -0.4796150028705597, -1.074131965637207]]}, "object_type": "bowl", "L": 10.0, "failure_level": 0.2, "dp_logprior_scale": 1.0, "dp_mcmc_step_size": 0.01, "ep_mcmc_step_size": 0.01, "num_rounds": 5, "num_steps_per_round": 5, "num_chains": 5, "use_gradients": false, "use_stochasticity": true, "repair": true, "predict": true, "quench_rounds": 0, "tempering_schedule": null, "ep_logprobs": [[-29.75891876220703, -33.374839782714844, -34.352806091308594, -29.831518173217773, -28.727556228637695], [-30.35399627685547, -34.31146240234375, -32.80313491821289, -29.881643295288086, -30.868114471435547], [-31.30291175842285, -34.98461151123047, -32.890869140625, -30.281213760375977, -32.30580139160156], [-31.336591720581055, -36.02714538574219, -33.552162170410156, -30.460464477539062, -31.813804626464844], [-30.716148376464844, -37.20444869995117, -33.237754821777344, -31.142276763916016, -32.318946838378906]], "dp_logprobs": [[-2.5450799465179443, 0.6059937477111816, 0.6059937477111816, 0.6059937477111816, -2.0040714740753174], [-1.8211517333984375, -2.28403377532959, -2.2879037857055664, -1.807950735092163, -1.5115211009979248], [-1.4357190132141113, -1.136956810951233, -1.850200891494751, -0.968596875667572, -1.220529317855835], [-1.2943147420883179, -1.5390063524246216, -2.033736228942871, -1.6166231632232666, -1.644836187362671], [-1.238024353981018, -1.1010496616363525, -1.4618362188339233, -1.261304259300232, -1.2020423412322998]]}