{"eps": {"object_position": [[0.0015857713297009468, 0.0011999581474810839], [-0.00273966696113348, 0.004004195332527161], [-0.0001936074550030753, -0.00010912768630078062], [3.2168813049793243e-05, 0.0026508390437811613], [0.004028840456157923, 0.010843543335795403]], "object_rotation": [1.4315648078918457, 1.1665598154067993, 2.5262324810028076, 1.2389400005340576, 1.1353687047958374], "distractor_position": [-0.9996427297592163, -0.14787906408309937, -0.8803153038024902, -1.2187849283218384, -0.6738583445549011]}, "eps_trace": {"object_position": [[[0.002405768260359764, 1.1892756447196007e-05], [-0.008044329471886158, -0.032146207988262177], [-0.07611538469791412, -0.020612316206097603], [0.006471069995313883, -0.005615901201963425], [0.004692131653428078, 0.0009639678173698485]], [[1.1948286555707455e-06, -0.0010323113529011607], [0.005583347752690315, 0.0014631315134465694], [-0.02766355499625206, -0.00833825021982193], [-0.00022196804638952017, 0.0019350291695445776], [0.0025549877900630236, -0.002519526518881321]], [[-0.0003629568382166326, -0.000754601031076163], [-0.008844316005706787, -0.0010768831707537174], [0.00026238703867420554, 0.0016562677919864655], [-0.0008354219025932252, 0.0020032909233123064], [0.001989549957215786, 0.000404479680582881]], [[0.0019701658748090267, 0.001038521178998053], [-0.0029860069043934345, -0.0003952290862798691], [0.00014116015518084168, 0.0009805667214095592], [-0.00022838206496089697, 0.003844705643132329], [0.0014155344106256962, 0.0022331434302031994]], [[0.0015857713297009468, 0.0011999581474810839], [-0.00273966696113348, 0.004004195332527161], [-0.0001936074550030753, -0.00010912768630078062], [3.2168813049793243e-05, 0.0026508390437811613], [0.004028840456157923, 0.010843543335795403]]], "object_rotation": [[1.377161979675293, 1.0009140968322754, 2.726198673248291, 1.1314560174942017, 0.9722235798835754], [1.394048810005188, 1.0440926551818848, 2.676206111907959, 1.1603360176086426, 1.0208890438079834], [1.4092446565628052, 1.0871467590332031, 2.626214027404785, 1.1906262636184692, 1.0630855560302734], [1.4221718311309814, 1.1303435564041138, 2.5762226581573486, 1.214477300643921, 1.0992568731307983], [1.4315648078918457, 1.1665598154067993, 2.5262324810028076, 1.2389400005340576, 1.1353687047958374]], "distractor_position": [[-1.1996251344680786, 0.052086811512708664, -1.0802873373031616, -1.4187756776809692, -0.8267126679420471], [-1.1496285200119019, 0.00209240335971117, -1.0302923917770386, -1.3687775135040283, -0.7767294049263], [-1.0996325016021729, -0.04789990186691284, -0.9802984595298767, -1.318779706954956, -0.7275744080543518], [-1.0496370792388916, -0.09788980334997177, -0.9303059577941895, -1.268782138824463, -0.6961362361907959], [-0.9996427297592163, -0.14787906408309937, -0.8803153038024902, -1.2187849283218384, -0.6738583445549011]]}, "object_type": "mug", "L": 1.0, "failure_level": 0.2, "dp_logprior_scale": 1.0, "dp_mcmc_step_size": 0.01, "ep_mcmc_step_size": 0.01, "num_rounds": 5, "num_steps_per_round": 5, "num_chains": 5, "use_gradients": true, "use_stochasticity": false, "repair": true, "predict": true, "quench_rounds": 0, "tempering_schedule": null, "ep_logprobs": [[-31.495838165283203, -31.34436798095703, -32.55497741699219, -32.33857727050781, -30.981985092163086], [-31.360445022583008, -31.148908615112305, -32.083343505859375, -32.1376838684082, -30.87346649169922], [-31.2266902923584, -30.901262283325195, -31.853479385375977, -31.947444915771484, -30.798803329467773], [-31.10558319091797, -30.775529861450195, -31.681743621826172, -31.772371292114258, -30.326791763305664], [-31.002044677734375, -30.663938522338867, -31.521320343017578, -31.611051559448242, -30.602685928344727]], "dp_logprobs": [[-0.7752591967582703, -0.7752591967582703, -0.7752591967582703, -0.7752591967582703, -0.7752591967582703], [-0.7799274921417236, -0.7799274921417236, -0.7799274921417236, -0.7799274921417236, -0.7799274921417236], [-0.7785208225250244, -0.7785208225250244, -0.7785208225250244, -0.7785208225250244, -0.7785208225250244], [-0.8004316091537476, -0.8004316091537476, -0.8004316091537476, -0.8004316091537476, -0.8004316091537476], [-0.8029005527496338, -0.8029005527496338, -0.8029005527496338, -0.8029005527496338, -0.8029005527496338]]}