{"eps": {"object_position": [[-0.1958325207233429, 0.02516874670982361], [0.1228405237197876, 0.01815682277083397], [0.09817869961261749, 0.21125167608261108], [-0.13954144716262817, -0.12033520638942719], [-0.13924944400787354, -0.07917717099189758]], "object_rotation": [2.022387981414795, 1.5847264528274536, -0.4864251911640167, 1.2874743938446045, 1.8881733417510986], "distractor_position": [-0.1310988813638687, 0.8033080697059631, -1.012384057044983, -0.005175985395908356, -1.3769128322601318]}, "eps_trace": {"object_position": [[[0.04556615278124809, 0.13065779209136963], [0.05067892372608185, 0.12970489263534546], [-0.01410064846277237, -0.10119571536779404], [0.043259233236312866, -0.13852690160274506], [0.07375651597976685, -0.10450172424316406]], [[5.367770791053772e-05, 0.08367010951042175], [0.05067892372608185, 0.12970489263534546], [0.05480000376701355, -0.17928050458431244], [0.010133031755685806, -0.17008057236671448], [-0.0033867955207824707, -0.10511106252670288]], [[-0.07548214495182037, 0.05177745223045349], [0.04064924642443657, 0.0979982241988182], [-0.0026275217533111572, -0.1899658739566803], [0.021502181887626648, -0.12261582911014557], [-0.023809727281332016, -0.010373421013355255]], [[-0.04974661022424698, 0.05735013261437416], [0.04064924642443657, 0.0979982241988182], [0.006704568862915039, -0.1779235601425171], [0.01792365498840809, -0.15197917819023132], [0.030194677412509918, -0.026604650542140007]], [[-0.023996002972126007, 0.08876515179872513], [0.0020536594092845917, 0.18705055117607117], [-0.0028810231015086174, -0.16501785814762115], [0.003041515126824379, -0.11621645092964172], [-0.054334767162799835, -0.05047775059938431]], [[-0.014749194495379925, 0.15467435121536255], [0.0020536594092845917, 0.18705055117607117], [0.010043091140687466, -0.2084125429391861], [0.003041515126824379, -0.11621645092964172], [0.02582307904958725, -0.09838220477104187]], [[-0.010652092285454273, 0.19396156072616577], [-0.005686212796717882, 0.143151193857193], [0.014286035671830177, -0.20618656277656555], [0.02386734075844288, -0.1277724951505661], [-0.11260823160409927, -0.10146145522594452]], [[0.02072877064347267, 0.1518656313419342], [0.018951192498207092, 0.12774644792079926], [0.06979689002037048, -0.1663760244846344], [0.008663568645715714, -0.18640539050102234], [-0.14301061630249023, 0.015568144619464874]], [[-0.0014183148741722107, 0.17169594764709473], [0.005686238408088684, 0.11226819455623627], [0.046949103474617004, -0.1700197458267212], [0.004458414390683174, -0.19267044961452484], [-0.2139785885810852, -0.029738206416368484]], [[0.014659080654382706, 0.11171472817659378], [-0.019994059577584267, 0.05292985588312149], [0.05158311128616333, -0.1852760910987854], [-0.054133884608745575, -0.1933632344007492], [-0.2160264402627945, 0.0008900556713342667]], [[-0.034993115812540054, 0.13741639256477356], [0.0477481335401535, 0.053883474320173264], [0.04852263256907463, -0.1840253621339798], [-0.05802919715642929, -0.11238450556993484], [-0.17704066634178162, -0.06345140188932419]], [[-0.06766220927238464, 0.07492752373218536], [0.053572602570056915, -0.0411158911883831], [0.002950608730316162, -0.1244376078248024], [-0.05802919715642929, -0.11238450556993484], [-0.1861332803964615, -0.1362336128950119]], [[-0.055580537766218185, 0.022370662540197372], [-0.0038993284106254578, 0.0005627907812595367], [0.007463532965630293, -0.07811587303876877], [-0.04719478264451027, -0.18072107434272766], [-0.22420558333396912, -0.1376580446958542]], [[-0.14709623157978058, 0.04768553003668785], [0.002767313737422228, -0.04698459804058075], [-0.010191695764660835, 0.01886766403913498], [-0.04719429090619087, -0.1864515244960785], [-0.07974524796009064, -0.10683456063270569]], [[-0.15947841107845306, 0.014949645847082138], [0.002767313737422228, -0.04698459804058075], [-0.010191695764660835, 0.01886766403913498], [-0.0460381917655468, -0.21970127522945404], [-0.07974524796009064, -0.10683456063270569]], [[-0.2006290704011917, 0.04411625117063522], [0.002767313737422228, -0.04698459804058075], [-0.029502807185053825, 0.09438605606555939], [-0.0023851506412029266, -0.2043178379535675], [0.03938283026218414, -0.17070287466049194]], [[-0.28276389837265015, 0.027425775304436684], [0.043555956333875656, -0.018103983253240585], [-0.03929588571190834, 0.15705351531505585], [-0.0023851506412029266, -0.2043178379535675], [0.014410417526960373, -0.1195010244846344]], [[-0.2554464042186737, 0.06244120001792908], [0.03117169812321663, -0.01645994931459427], [-0.011065158993005753, 0.14409670233726501], [0.02693205140531063, -0.25501760840415955], [-0.01921539381146431, -0.11718277633190155]], [[-0.2554464042186737, 0.06244120001792908], [-0.018059048801660538, -0.07077974081039429], [-0.011065158993005753, 0.14409670233726501], [-0.09215936809778214, -0.22493687272071838], [0.01626449078321457, -0.11699765920639038]], [[-0.25925686955451965, 0.012882597744464874], [-0.0037172334268689156, -0.046648040413856506], [0.04364229366183281, 0.12825539708137512], [-0.03512488305568695, -0.11877213418483734], [0.001408897340297699, -0.16739371418952942]], [[-0.25925686955451965, 0.012882597744464874], [0.047300878912210464, -0.056340958923101425], [0.08070921897888184, 0.1016278937458992], [-0.09362237900495529, -0.11876368522644043], [0.018005404621362686, -0.22459644079208374]], [[-0.26647740602493286, 0.01441145595163107], [0.047300878912210464, -0.056340958923101425], [0.11220335215330124, 0.20800946652889252], [-0.13184338808059692, -0.16456732153892517], [0.01220774743705988, -0.16741149127483368]], [[-0.24081338942050934, -0.012543507851660252], [0.1111430823802948, -0.06246708333492279], [0.22865544259548187, 0.2336510419845581], [-0.11136367917060852, -0.05834248661994934], [0.0760946124792099, -0.17017117142677307]], [[-0.24081338942050934, -0.012543507851660252], [0.14362624287605286, 0.01778455078601837], [0.14779624342918396, 0.17792969942092896], [-0.13337311148643494, -0.0657595694065094], [0.02377738058567047, -0.12520679831504822]], [[-0.1958325207233429, 0.02516874670982361], [0.1228405237197876, 0.01815682277083397], [0.09817869961261749, 0.21125167608261108], [-0.13954144716262817, -0.12033520638942719], [-0.13924944400787354, -0.07917717099189758]]],