{"eps": {"object_position": [[0.17782528698444366, 0.2093200981616974], [-0.12279286980628967, 0.10159509629011154], [0.09866220504045486, 0.009886208921670914], [-0.04400771111249924, 0.07574358582496643], [0.08657991141080856, 0.05627384036779404]], "object_rotation": [2.533378839492798, 1.9294393062591553, 0.39839988946914673, 0.9463270902633667, 1.751355767250061], "distractor_position": [-0.23678702116012573, 0.41956260800361633, -1.2368505001068115, 0.3267764449119568, -1.5039983987808228]}, "eps_trace": {"object_position": [[[0.08976184576749802, 0.1455225646495819], [0.07588934898376465, 0.11956062912940979], [0.10040806978940964, -0.027721060439944267], [0.11759533733129501, -0.13429680466651917], [0.07885146886110306, -0.0682523101568222]], [[0.21198123693466187, 0.16393430531024933], [-0.12898758053779602, 0.0865153968334198], [0.025893131271004677, -0.0675036683678627], [-0.005167014896869659, -0.12563899159431458], [0.0629490315914154, -0.06389085948467255]], [[0.2043868601322174, 0.2033080905675888], [-0.1493951380252838, 0.08296244591474533], [0.011432921513915062, 0.02367941290140152], [-0.10979318618774414, -0.09155568480491638], [0.09384632110595703, 0.05279695242643356]], [[0.1676083356142044, 0.24921371042728424], [-0.1426355093717575, 0.054679110646247864], [0.09866220504045486, 0.009886208921670914], [0.021931495517492294, -0.0026742443442344666], [0.13371171057224274, 0.06105770915746689]], [[0.17782528698444366, 0.2093200981616974], [-0.12279286980628967, 0.10159509629011154], [0.09866220504045486, 0.009886208921670914], [-0.04400771111249924, 0.07574358582496643], [0.08657991141080856, 0.05627384036779404]]], "object_rotation": [[2.230369806289673, 1.7079551219940186, 0.16688655316829681, 1.1028697490692139, 1.845646858215332], [2.3468379974365234, 1.6471304893493652, 0.192352756857872, 1.0903794765472412, 1.7808524370193481], [2.4104650020599365, 1.64645516872406, 0.29223892092704773, 0.9779859781265259, 1.749611258506775], [2.4692037105560303, 1.664381504058838, 0.39839988946914673, 0.9341411590576172, 1.7106505632400513], [2.533378839492798, 1.9294393062591553, 0.39839988946914673, 0.9463270902633667, 1.751355767250061]], "distractor_position": [[-0.16290201246738434, 0.667579710483551, -1.059941053390503, 0.05407044291496277, -1.35890531539917], [-0.11843268573284149, 0.5845742225646973, -1.115282416343689, 0.2030012607574463, -1.3328360319137573], [-0.13425251841545105, 0.4222579002380371, -1.1653039455413818, 0.39864054322242737, -1.4474636316299438], [-0.31931421160697937, 0.3953477442264557, -1.2368505001068115, 0.39972051978111267, -1.5762653350830078], [-0.23678702116012573, 0.41956260800361633, -1.2368505001068115, 0.3267764449119568, -1.5039983987808228]]}, "object_type": "bowl", "L": 10.0, "failure_level": 0.2, "dp_logprior_scale": 1.0, "dp_mcmc_step_size": 0.001, "ep_mcmc_step_size": 0.001, "num_rounds": 5, "num_steps_per_round": 5, "num_chains": 5, "use_gradients": true, "use_stochasticity": true, "repair": true, "predict": true, "quench_rounds": 0, "tempering_schedule": [0.9816843867301941, 0.9999991655349731, 1.0, 1.0, 1.0], "ep_logprobs": [[-31.690927505493164, -34.065616607666016, -33.779720306396484, -32.99468994140625, -32.72206497192383], [-32.75002670288086, -33.46666717529297, -33.6362190246582, -31.967449188232422, -32.48556900024414], [-33.8471565246582, -31.96820068359375, -32.120391845703125, -33.48994064331055, -32.28493881225586], [-33.55982208251953, -31.58930015563965, -32.596961975097656, -31.44800567626953, -33.23112487792969], [-33.53669738769531, -32.16694641113281, -32.65278244018555, -31.12979507446289, -32.553401947021484]], "dp_logprobs": [[-0.06453531980514526, 0.4642601013183594, -0.715294599533081, -0.8303794860839844, 0.23293346166610718], [-0.458516001701355, 0.24097990989685059, -0.5438519716262817, -2.136152982711792, -1.2973798513412476], [-2.2185754776000977, -0.5278109312057495, -1.1124180555343628, -0.44183117151260376, -0.5859121084213257], [-2.4383668899536133, -0.41571271419525146, -3.0325303077697754, -1.2798632383346558, -1.4613391160964966], [-2.589364528656006, -0.6154333353042603, -2.7556662559509277, -1.2305790185928345, -1.8070502281188965]]}