{"eps": {"object_position": [[-0.1281140297651291, 0.02223997563123703], [-0.12820324301719666, 0.012603677809238434], [0.06281580775976181, 0.05925082415342331], [0.062324829399585724, 0.08937981724739075], [-0.05042161047458649, 0.09466049075126648]], "object_rotation": [2.266004800796509, 0.2064051479101181, 2.3246943950653076, 1.0175169706344604, 2.6162357330322266], "distractor_position": [-0.5184746384620667, -0.4558173418045044, -1.7197749614715576, -0.49496617913246155, -0.5601657032966614]}, "eps_trace": {"object_position": [[[-0.14450916647911072, -0.01854396052658558], [-0.12108441442251205, 0.1864202618598938], [-0.06165212020277977, -0.05691016465425491], [0.0700705274939537, 0.11604376137256622], [-0.24505826830863953, 0.11407444626092911]], [[-0.11962965130805969, -0.07310082018375397], [-0.08231040090322495, 0.23152440786361694], [-0.05476747825741768, -0.05103551968932152], [0.10381551086902618, 0.06153051182627678], [-0.21659386157989502, 0.12844786047935486]], [[-0.0668177679181099, -0.02872782200574875], [0.015426479279994965, 0.239083930850029], [-0.1369476616382599, 0.0025216341018676758], [0.0371047779917717, 0.1611575335264206], [-0.13200217485427856, 0.09328198432922363]], [[-0.08060261607170105, 0.0005547106266021729], [-0.08846300840377808, 0.17495082318782806], [-0.031700119376182556, 0.03724129498004913], [0.09334145486354828, 0.1759708821773529], [-0.10637841373682022, 0.16967777907848358]], [[-0.1281140297651291, 0.02223997563123703], [-0.12820324301719666, 0.012603677809238434], [0.06281580775976181, 0.05925082415342331], [0.062324829399585724, 0.08937981724739075], [-0.05042161047458649, 0.09466049075126648]]], "object_rotation": [[2.4737040996551514, 0.1991644948720932, 2.357605457305908, 1.2286745309829712, 2.3580667972564697], [2.3979287147521973, 0.1705288141965866, 2.472485303878784, 1.1874641180038452, 2.4895846843719482], [2.407315731048584, 0.23724472522735596, 2.3520898818969727, 1.138818383216858, 2.4985358715057373], [2.292574882507324, 0.0915638655424118, 2.3852715492248535, 1.0910121202468872, 2.4975194931030273], [2.266004800796509, 0.2064051479101181, 2.3246943950653076, 1.0175169706344604, 2.6162357330322266]], "distractor_position": [[-0.6600633859634399, -0.6291821002960205, -1.6347124576568604, -0.6562319993972778, -0.43290120363235474], [-0.6863686442375183, -0.48742032051086426, -1.7253228425979614, -0.6032648682594299, -0.5284785032272339], [-0.5770518779754639, -0.39335817098617554, -1.7783544063568115, -0.6121787428855896, -0.5129590034484863], [-0.5037816166877747, -0.4603785276412964, -1.8877391815185547, -0.628440797328949, -0.5583117604255676], [-0.5184746384620667, -0.4558173418045044, -1.7197749614715576, -0.49496617913246155, -0.5601657032966614]]}, "object_type": "bowl", "L": 10.0, "failure_level": 0.2, "dp_logprior_scale": 1.0, "dp_mcmc_step_size": 0.001, "ep_mcmc_step_size": 0.001, "num_rounds": 5, "num_steps_per_round": 5, "num_chains": 5, "use_gradients": true, "use_stochasticity": true, "repair": true, "predict": true, "quench_rounds": 0, "tempering_schedule": [0.9816843867301941, 0.9999991655349731, 1.0, 1.0, 1.0], "ep_logprobs": [[-31.00865936279297, -31.371273040771484, -34.63933563232422, -28.28169059753418, -30.869728088378906], [-32.242454528808594, -32.16128158569336, -35.242942810058594, -30.73138999938965, -32.89811706542969], [-30.274402618408203, -33.279029846191406, -34.96208190917969, -30.581859588623047, -32.469844818115234], [-29.315093994140625, -32.168067932128906, -33.91421127319336, -30.65627670288086, -30.81487274169922], [-30.040908813476562, -31.229150772094727, -33.36952590942383, -30.22388458251953, -30.207462310791016]], "dp_logprobs": [[0.3788294792175293, 0.5488178730010986, -0.2434266209602356, 0.12374264001846313, 0.4656183123588562], [-3.303095579147339, 0.4815061688423157, -2.605555534362793, 0.38131624460220337, -0.02123194932937622], [-3.2640066146850586, -1.1927542686462402, -3.2700982093811035, -1.1217681169509888, -1.7391157150268555], [-2.007974863052368, -1.9861748218536377, -2.4065661430358887, -3.3582675457000732, -2.849236249923706], [-2.9184305667877197, -2.536268711090088, -1.719780683517456, -3.414547920227051, -2.597108840942383]]}