{"eps": {"object_position": [[0.0029274336993694305, 0.0608714297413826], [-0.10247930139303207, -0.08630102127790451], [0.051535189151763916, -0.05862812325358391], [-0.02630639262497425, 0.0445237010717392], [0.13993532955646515, 0.046108223497867584]], "object_rotation": [0.8263126611709595, 2.5254828929901123, 0.6437496542930603, 2.4641878604888916, 1.6206666231155396], "distractor_position": [-0.6061505079269409, -0.03023584373295307, -0.8401556611061096, 0.3767683506011963, -0.3893302083015442]}, "eps_trace": {"object_position": [[[-0.046069905161857605, -0.08470645546913147], [-0.15028175711631775, -0.12845566868782043], [-0.016705788671970367, -0.04740288853645325], [-0.1235080361366272, 0.07712040841579437], [0.30719029903411865, -0.013213641941547394]], [[0.004710766486823559, 0.04964706674218178], [-0.07491669058799744, -0.12141600251197815], [-0.08666134625673294, 0.03689272701740265], [-0.027758009731769562, 0.10397087037563324], [0.22364439070224762, -0.08808869123458862]], [[0.0935271680355072, -0.005564369261264801], [-0.08439886569976807, -0.08886376023292542], [-0.09337073564529419, -0.04445231705904007], [-0.001240672543644905, 0.03153649717569351], [0.20758818089962006, -0.05634297803044319]], [[0.1515703648328781, -0.02806675434112549], [-0.15348845720291138, -0.06853650510311127], [-0.02205377072095871, 0.005728814750909805], [-0.00740053690969944, -0.006355706602334976], [0.17298682034015656, -0.03870861604809761]], [[0.0029274336993694305, 0.0608714297413826], [-0.10247930139303207, -0.08630102127790451], [0.051535189151763916, -0.05862812325358391], [-0.02630639262497425, 0.0445237010717392], [0.13993532955646515, 0.046108223497867584]]], "object_rotation": [[0.9416676163673401, 2.4161815643310547, 0.7952579855918884, 2.3591625690460205, 1.347609519958496], [0.8621440529823303, 2.429023265838623, 0.7034338712692261, 2.2956621646881104, 1.5070717334747314], [0.863507866859436, 2.397247076034546, 0.6795899868011475, 2.3146262168884277, 1.5169334411621094], [0.8922322988510132, 2.4052698612213135, 0.6799055933952332, 2.4005322456359863, 1.6119492053985596], [0.8263126611709595, 2.5254828929901123, 0.6437496542930603, 2.4641878604888916, 1.6206666231155396]], "distractor_position": [[-0.528070330619812, 0.24241726100444794, -1.1269402503967285, 0.24856619536876678, -0.39342033863067627], [-0.6499696373939514, 0.2194838523864746, -0.9509139657020569, 0.32606270909309387, -0.4670582413673401], [-0.5813784003257751, 0.20267413556575775, -0.9515496492385864, 0.2536054253578186, -0.4610739052295685], [-0.5609655976295471, 0.1043752059340477, -0.7920704483985901, 0.35034605860710144, -0.4264891743659973], [-0.6061505079269409, -0.03023584373295307, -0.8401556611061096, 0.3767683506011963, -0.3893302083015442]]}, "object_type": "bowl", "L": 10.0, "failure_level": 0.2, "dp_logprior_scale": 1.0, "dp_mcmc_step_size": 0.001, "ep_mcmc_step_size": 0.001, "num_rounds": 5, "num_steps_per_round": 5, "num_chains": 5, "use_gradients": true, "use_stochasticity": true, "repair": true, "predict": true, "quench_rounds": 0, "tempering_schedule": [0.9816843867301941, 0.9999991655349731, 1.0, 1.0, 1.0], "ep_logprobs": [[-28.29509925842285, -34.002052307128906, -31.954647064208984, -32.71663284301758, -33.36391067504883], [-30.14554214477539, -32.92629623413086, -31.649282455444336, -31.71865463256836, -33.51960372924805], [-30.75272560119629, -32.044002532958984, -30.078811645507812, -30.588092803955078, -33.06957244873047], [-31.790050506591797, -31.4204044342041, -29.724794387817383, -31.583349227905273, -31.83350372314453], [-29.49991226196289, -31.110912322998047, -30.812429428100586, -31.281536102294922, -30.812192916870117]], "dp_logprobs": [[-0.3333032727241516, -0.49204960465431213, -2.1929397583007812, -0.9736698865890503, -2.0720314979553223], [-0.8447098731994629, -0.876771092414856, -1.660083532333374, -0.7620425224304199, -1.2643440961837769], [-1.0078374147415161, -1.2258344888687134, -2.1309337615966797, -2.5789566040039062, -2.2231526374816895], [-1.2045789957046509, -1.7392547130584717, -1.6661673784255981, -1.457669973373413, -1.7689015865325928], [-2.0303165912628174, -1.927211046218872, -1.2701611518859863, -1.5003328323364258, -1.6885919570922852]]}