{"eps": {"object_position": [[-0.12144134938716888, 0.0885256677865982], [-0.1413242220878601, 0.1319725066423416], [0.051766037940979004, 0.040818288922309875], [0.05237063020467758, 0.058413952589035034], [-0.12033842504024506, -0.03601305931806564]], "object_rotation": [2.30495023727417, 0.2825978100299835, 2.3849923610687256, 1.1586649417877197, 2.5141828060150146], "distractor_position": [-0.5422590970993042, -0.4790396988391876, -1.7115877866744995, -0.42793774604797363, -0.6494339108467102]}, "eps_trace": {"object_position": [[[-0.1455971747636795, -0.016213709488511086], [-0.0826454684138298, 0.2165137082338333], [-0.06090231239795685, -0.05399871617555618], [0.0705932229757309, 0.11689628660678864], [-0.24976655840873718, 0.11430813372135162]], [[-0.12252500653266907, -0.07029278576374054], [-0.04327956587076187, 0.2639116942882538], [-0.0801074430346489, -0.052478548139333725], [0.11852691322565079, 0.1053539514541626], [-0.2079874724149704, 0.01888427697122097]], [[-0.07348334789276123, -0.025641687214374542], [0.05400362238287926, 0.2734893262386322], [-0.14698149263858795, -0.0034449268132448196], [0.05688268691301346, 0.14823977649211884], [-0.21011105179786682, -0.013609805144369602]], [[-0.07404215633869171, 0.06886854022741318], [-0.06368489563465118, 0.29087910056114197], [-0.04322785884141922, 0.03007034957408905], [0.08303190767765045, 0.1465538889169693], [-0.18898914754390717, -0.0012544495984911919]], [[-0.12144134938716888, 0.0885256677865982], [-0.1413242220878601, 0.1319725066423416], [0.051766037940979004, 0.040818288922309875], [0.05237063020467758, 0.058413952589035034], [-0.12033842504024506, -0.03601305931806564]]], "object_rotation": [[2.477703094482422, 0.23370689153671265, 2.3626036643981934, 1.2281540632247925, 2.363065481185913], [2.4039270877838135, 0.20207150280475616, 2.422328233718872, 1.1957932710647583, 2.4254448413848877], [2.4173128604888916, 0.26478785276412964, 2.332368850708008, 1.1610416173934937, 2.4462835788726807], [2.326521873474121, 0.1563870906829834, 2.369549512863159, 1.1406188011169434, 2.3211748600006104], [2.30495023727417, 0.2825978100299835, 2.3849923610687256, 1.1586649417877197, 2.5141828060150146]], "distractor_position": [[-0.6620185971260071, -0.6070119738578796, -1.6397122144699097, -0.6570835709571838, -0.43145403265953064], [-0.6900252103805542, -0.4662505090236664, -1.7293715476989746, -0.6041944622993469, -0.5705804824829102], [-0.5827077627182007, -0.37383443117141724, -1.809700846672058, -0.5616700053215027, -0.664497435092926], [-0.5259861946105957, -0.4552261531352997, -1.9230854511260986, -0.5648759603500366, -0.6606805920600891], [-0.5422590970993042, -0.4790396988391876, -1.7115877866744995, -0.42793774604797363, -0.6494339108467102]]}, "object_type": "bowl", "L": 10.0, "failure_level": 0.2, "dp_logprior_scale": 1.0, "dp_mcmc_step_size": 0.001, "ep_mcmc_step_size": 0.001, "num_rounds": 5, "num_steps_per_round": 5, "num_chains": 5, "use_gradients": false, "use_stochasticity": true, "repair": true, "predict": true, "quench_rounds": 0, "tempering_schedule": null, "ep_logprobs": [[-31.797019958496094, -33.13564682006836, -35.24003601074219, -28.96723747253418, -31.498092651367188], [-32.87385940551758, -32.6083984375, -34.99983596801758, -30.902761459350586, -32.667236328125], [-30.693002700805664, -34.371238708496094, -34.18088150024414, -31.07093620300293, -32.623077392578125], [-29.041202545166016, -34.0941162109375, -34.45561981201172, -30.788013458251953, -31.11980438232422], [-30.03094482421875, -31.08005142211914, -32.964393615722656, -30.033235549926758, -30.519689559936523]], "dp_logprobs": [[0.40374404191970825, 0.5763142704963684, -0.22987204790115356, 0.1380416750907898, 0.4908180236816406], [-3.178579330444336, 0.3477053642272949, -2.11567759513855, 0.38160407543182373, 0.1016840934753418], [-2.6165459156036377, -1.9078376293182373, -3.1933224201202393, -0.16085606813430786, -1.742558240890503], [-1.3449819087982178, -2.0962181091308594, -2.5440685749053955, -1.3403239250183105, -2.7557668685913086], [-2.2856838703155518, -2.4563982486724854, -2.0943706035614014, -3.0617599487304688, -2.6664700508117676]]}