{"eps": {"object_position": [[-0.05648862570524216, -0.11887592077255249], [0.1703377217054367, -0.08313758671283722], [-0.03864924609661102, -0.07788967341184616], [0.1223108246922493, 0.09380325675010681], [0.024714283645153046, 0.09794841706752777]], "object_rotation": [1.0376286506652832, 1.147984504699707, 2.7335925102233887, 0.9071032404899597, 0.8782950043678284], "distractor_position": [-1.319061040878296, -0.045769043266773224, -1.0356427431106567, -1.6386568546295166, -0.8351457118988037]}, "eps_trace": {"object_position": [[[0.13910293579101562, 0.008871222846210003], [-0.0718592181801796, 0.1024240106344223], [-0.14467748999595642, -0.10148351639509201], [0.01364469900727272, -0.062308281660079956], [0.00065036112209782, 0.03489122539758682]], [[0.13112126290798187, 0.028826572000980377], [-0.07297055423259735, 0.07521151006221771], [-0.05042485147714615, -0.035398855805397034], [0.08829805254936218, 0.07411262392997742], [0.04625279828906059, 0.01758238859474659]], [[0.05187985673546791, -0.03544863313436508], [0.029024571180343628, 0.0067332834005355835], [-0.07474730908870697, 0.004319053143262863], [0.10708945989608765, 0.003915373235940933], [-0.012625493109226227, -0.006710227578878403]], [[0.0006136298179626465, -0.11084990203380585], [0.09433437138795853, -0.030631208792328835], [-0.13270679116249084, 0.03421299159526825], [0.17041799426078796, 0.13958096504211426], [-0.08590257167816162, 0.07837826013565063]], [[-0.05648862570524216, -0.11887592077255249], [0.1703377217054367, -0.08313758671283722], [-0.03864924609661102, -0.07788967341184616], [0.1223108246922493, 0.09380325675010681], [0.024714283645153046, 0.09794841706752777]]], "object_rotation": [[1.3903660774230957, 1.0103446245193481, 2.750270128250122, 0.9330562353134155, 0.8863168358802795], [1.278663992881775, 1.1439855098724365, 2.8333609104156494, 0.9060290455818176, 0.8058775067329407], [1.2027682065963745, 1.2174123525619507, 2.8736391067504883, 0.8838097453117371, 0.7825577855110168], [1.0868544578552246, 1.145877718925476, 2.753187656402588, 0.8620288372039795, 0.7972291111946106], [1.0376286506652832, 1.147984504699707, 2.7335925102233887, 0.9071032404899597, 0.8782950043678284]], "distractor_position": [[-1.2575795650482178, 0.008083097636699677, -1.1814601421356201, -1.5544471740722656, -0.9843065738677979], [-1.2217339277267456, -0.04011598974466324, -1.192163109779358, -1.5626552104949951, -0.9665062427520752], [-1.3028708696365356, -0.07171604782342911, -1.2110698223114014, -1.6268640756607056, -0.8825130462646484], [-1.1950435638427734, -0.1689469963312149, -1.1186048984527588, -1.6907581090927124, -0.809242308139801], [-1.319061040878296, -0.045769043266773224, -1.0356427431106567, -1.6386568546295166, -0.8351457118988037]]}, "object_type": "bowl", "L": 10.0, "failure_level": 0.2, "dp_logprior_scale": 1.0, "dp_mcmc_step_size": 0.001, "ep_mcmc_step_size": 0.001, "num_rounds": 5, "num_steps_per_round": 5, "num_chains": 5, "use_gradients": false, "use_stochasticity": true, "repair": true, "predict": true, "quench_rounds": 0, "tempering_schedule": null, "ep_logprobs": [[-33.198917388916016, -32.37228012084961, -35.124786376953125, -33.8151741027832, -32.59685516357422], [-32.51176834106445, -31.27208709716797, -33.50545883178711, -33.337242126464844, -31.599117279052734], [-31.198999404907227, -29.86031723022461, -32.619144439697266, -33.31965255737305, -31.078716278076172], [-32.08903884887695, -30.525312423706055, -31.711942672729492, -35.22581481933594, -30.34818458557129], [-32.68760299682617, -32.626155853271484, -32.214481353759766, -33.77137756347656, -30.38431167602539]], "dp_logprobs": [[0.0781523585319519, 0.49726665019989014, 0.2369406819343567, 0.20980030298233032, 0.2612413167953491], [-0.8082147240638733, -0.08037954568862915, 0.5381678342819214, -1.1818060874938965, -0.7509579658508301], [-0.40830355882644653, -1.5210554599761963, -0.9713512659072876, -1.2897071838378906, -1.5758135318756104], [-1.4999995231628418, -1.2259306907653809, -1.5280557870864868, -1.82332444190979, -1.528193473815918], [-1.926367998123169, -1.387605905532837, -1.9729746580123901, -2.284392833709717, -1.1994671821594238]]}