{"eps": {"object_position": [[0.004135110415518284, -0.0009568374953232706], [8.250435348600149e-05, -0.007234437856823206], [-0.008113319985568523, -0.0031447308138012886], [0.0022752101067453623, -0.004322349093854427], [-0.0009435445535928011, -0.0027837352827191353]], "object_rotation": [1.3646694421768188, 0.9798421859741211, 2.7295467853546143, 1.1153600215911865, 0.9481114745140076], "distractor_position": [-1.1781502962112427, 0.04490092769265175, -1.0701860189437866, -1.3764069080352783, -0.8407834768295288]}, "eps_trace": {"object_position": [[[0.04492504894733429, -0.000516179483383894], [-0.018648510798811913, -0.07237712293863297], [-0.1117502897977829, -0.03054036945104599], [0.03448827192187309, -0.03993077203631401], [-0.01965547353029251, -0.028233209624886513]], [[0.040435176342725754, -0.00033719511702656746], [-0.016651833429932594, -0.06521619856357574], [-0.10059469938278198, -0.027561703696846962], [0.03116423450410366, -0.035236556082963943], [-0.017694218084216118, -0.025424284860491753]], [[0.03633369877934456, 4.424818325787783e-05], [-0.015037593431770802, -0.058769065886735916], [-0.09051091969013214, -0.024870362132787704], [0.027986302971839905, -0.03146035224199295], [-0.015883712098002434, -0.022855358198285103]], [[0.03267846256494522, 0.00017363321967422962], [-0.01353821624070406, -0.05302297696471214], [-0.08124680072069168, -0.022230440750718117], [0.025199271738529205, -0.027961669489741325], [-0.014254769310355186, -0.02116791345179081]], [[0.029031939804553986, 0.0009074863628484309], [-0.012202773243188858, -0.04770737513899803], [-0.07307519018650055, -0.019881438463926315], [0.022622106596827507, -0.025096533820033073], [-0.012719252146780491, -0.019101358950138092]], [[0.02608395554125309, 0.000930689973756671], [-0.010643868707120419, -0.042949605733156204], [-0.06595902144908905, -0.018078098073601723], [0.020264150574803352, -0.02245347574353218], [-0.011569583788514137, -0.016845375299453735]], [[0.02246791310608387, 0.00434561911970377], [-0.00962729100137949, -0.03872247040271759], [-0.0594024620950222, -0.016245799139142036], [0.018113723024725914, -0.020025141537189484], [-0.010574459098279476, -0.014804812148213387]], [[0.019306590780615807, 0.0041083479300141335], [-0.008665094152092934, -0.0349729023873806], [-0.053206685930490494, -0.015044402331113815], [0.016199646517634392, -0.01779594086110592], [-0.009604302234947681, -0.012866663746535778]], [[0.01755865104496479, 0.00359480082988739], [-0.0077751921489834785, -0.03154051676392555], [-0.04772649332880974, -0.013415096327662468], [0.014495191164314747, -0.01580560766160488], [-0.008621939457952976, -0.011586399748921394]], [[0.015917418524622917, 0.003246570937335491], [-0.006950947921723127, -0.028464218601584435], [-0.04300757497549057, -0.011616788804531097], [0.012958786450326443, -0.014030718244612217], [-0.0081858541816473, -0.009416469372808933]], [[0.014473955146968365, 0.003079704474657774], [-0.0060692597180604935, -0.025645054876804352], [-0.03863942623138428, -0.01036800816655159], [0.011598843149840832, -0.012417927384376526], [-0.007592611014842987, -0.008505290374159813]], [[0.01224436890333891, -0.0007423399947583675], [-0.005265483632683754, -0.02315051294863224], [-0.034727249294519424, -0.009402398020029068], [0.010398673824965954, -0.011073009110987186], [-0.007795223966240883, -0.007656805217266083]], [[0.011310179717838764, -0.0006790464394725859], [-0.004754262510687113, -0.020970633253455162], [-0.03104962222278118, -0.008105583488941193], [0.009351147338747978, -0.009857917204499245], [-0.007216740865260363, -0.0066190180368721485]], [[0.010409426875412464, -0.0006745524005964398], [-0.004279428627341986, -0.019073402509093285], [-0.027845410630106926, -0.007199414540082216], [0.008423187769949436, -0.00868306029587984], [-0.006431425455957651, -0.005932359024882317]], [[0.009569767862558365, -0.0006964362692087889], [-0.0038536228239536285, -0.017258258536458015], [-0.0247499942779541, -0.006102351471781731], [0.007563973776996136, -0.007661435287445784], [-0.006032597739249468, -0.005766181740909815]], [[0.00847498420625925, -0.0019619185477495193], [-0.00343175046145916, -0.015771299600601196], [-0.022280843928456306, -0.005554337054491043], [0.006771058775484562, -0.007138761691749096], [-0.005039438139647245, -0.004876632243394852]], [[0.007748427800834179, -0.0017305932706221938], [-0.002668390516191721, -0.013788467273116112], [-0.020141271874308586, -0.004986483603715897], [0.006193562876433134, -0.007123816292732954], [-0.0044924914836883545, -0.004366301000118256]], [[0.007092418149113655, -0.0015130636747926474], [-0.002116383519023657, -0.012575103901326656], [-0.018227051943540573, -0.00445523951202631], [0.005500360857695341, -0.006894142832607031], [-0.004010093864053488, -0.0043087066151201725]], [[0.006503556855022907, -0.0013397183502092957], [-0.001886373502202332, -0.011458094231784344], [-0.01651705615222454, -0.003940247464925051], [0.004567535128444433, -0.0076091839000582695], [-0.0032010343857109547, -0.003187436144798994]], [[0.006003709975630045, -0.001199472462758422], [-0.001443167682737112, -0.010485035367310047], [-0.015052178874611855, -0.0034347574692219496], [0.004001135006546974, -0.007302975747734308], [-0.0028372060041874647, -0.002846855903044343]], [[0.005608197767287493, -0.0012139406753703952], [-0.0011274486314505339, -0.00974139291793108], [-0.01209039706736803, -0.003728639567270875], [0.003590579377487302, -0.006627417169511318], [-0.002406494226306677, -0.0029180420096963644]], [[0.005188541486859322, -0.0010774219408631325], [-0.0006117767770774662, -0.009349281899631023], [-0.010916737839579582, -0.0036189004313200712], [0.0033457274548709393, -0.005719983018934727], [-0.0019795624539256096, -0.003044453449547291]], [[0.004793616943061352, -0.0010097473859786987], [-0.0004258613334968686, -0.008117398247122765], [-0.009844588115811348, -0.0034894924610853195], [0.0028165443800389767, -0.0055573019199073315], [-0.0016024147626012564, -0.0029425129760056734]], [[0.004434867296367884, -0.0009433535160496831], [-0.0001342465402558446, -0.0076530613005161285], [-0.00891699455678463, -0.003441707929596305], [0.0025674353819340467, -0.004621196072548628], [-0.0012587779201567173, -0.0028554010204970837]], [[0.004135110415518284, -0.0009568374953232706], [8.250435348600149e-05, -0.007234437856823206], [-0.008113319985568523, -0.0031447308138012886], [0.0022752101067453623, -0.004322349093854427], [-0.0009435445535928011, -0.0027837352827191353]]],