{"eps": {"object_position": [[0.00397742073982954, 0.008620434440672398], [-0.00972075667232275, 0.024097885936498642], [-0.003321440424770117, -0.019342822954058647], [0.004214741289615631, -0.015777431428432465], [0.004331073258072138, -0.0031231422908604145]], "object_rotation": [2.149462938308716, 1.6859935522079468, 0.18691425025463104, 1.2238699197769165, 1.8182233572006226], "distractor_position": [-0.2630728483200073, 0.5294605493545532, -1.0371736288070679, 0.05109613016247749, -1.2762960195541382]}, "eps_trace": {"object_position": [[[0.041200801730155945, 0.1177845373749733], [-0.01082991436123848, 0.027415655553340912], [-0.016881627961993217, -0.15780296921730042], [0.06806311756372452, -0.11879749596118927], [0.038828879594802856, -0.04472990334033966]], [[0.037124134600162506, 0.10626183450222015], [-0.018859338015317917, 0.042049091309309006], [-0.015205717645585537, -0.1422102004289627], [0.06158372759819031, -0.10772517323493958], [0.03507677838206291, -0.040014367550611496]], [[0.03343500941991806, 0.09616027027368546], [-0.01710718683898449, 0.037920478731393814], [-0.01377179566770792, -0.12783102691173553], [0.05570381507277489, -0.09736792743206024], [0.03165585920214653, -0.03579685091972351]], [[0.03030248172581196, 0.08692628890275955], [-0.015509962104260921, 0.0343591645359993], [-0.012538230046629906, -0.11491651087999344], [0.050221946090459824, -0.08807475864887238], [0.028577465564012527, -0.03210018202662468]], [[0.027424627915024757, 0.07858689874410629], [-0.014179629273712635, 0.031066911295056343], [-0.009290707297623158, -0.1032155379652977], [0.045677948743104935, -0.08006516844034195], [0.025799715891480446, -0.028767883777618408]], [[0.02488911896944046, 0.07098382711410522], [-0.013503174297511578, 0.0289374478161335], [-0.008016598410904408, -0.09299691766500473], [0.04155609756708145, -0.07191978394985199], [0.023250872269272804, -0.025840556249022484]], [[0.022780269384384155, 0.06363653391599655], [-0.012566541321575642, 0.026920335367321968], [-0.007335152011364698, -0.08337469398975372], [0.03736327216029167, -0.0649397149682045], [0.020954985171556473, -0.023223329335451126]], [[0.02076556347310543, 0.05730067193508148], [-0.012964989058673382, 0.026254938915371895], [-0.006472471635788679, -0.0758509412407875], [0.033664558082818985, -0.058631591498851776], [0.018949896097183228, -0.020838409662246704]], [[0.018932851031422615, 0.051707517355680466], [-0.013680596835911274, 0.028168603777885437], [-0.006186055950820446, -0.06826533377170563], [0.030029233545064926, -0.05368215590715408], [0.017236756160855293, -0.01882571540772915]], [[0.01712716929614544, 0.046832844614982605], [-0.015593340620398521, 0.048761941492557526], [-0.0051254103891551495, -0.061231017112731934], [0.026886753737926483, -0.048776835203170776], [0.015584144741296768, -0.01695919781923294]], [[0.015562613494694233, 0.04239632561802864], [-0.014162138104438782, 0.04392365738749504], [-0.0039002099074423313, -0.05529354512691498], [0.02411516197025776, -0.04419558495283127], [0.014102858491241932, -0.015327871777117252]], [[0.014077062718570232, 0.03812554478645325], [-0.012866087257862091, 0.03961153328418732], [-0.0033785616979002953, -0.05007486417889595], [0.021642165258526802, -0.039780549705028534], [0.012788902036845684, -0.013778400607407093]], [[0.012631815858185291, 0.03415175899863243], [-0.01163896732032299, 0.03552667424082756], [-0.0027943861205130816, -0.044529907405376434], [0.019450509920716286, -0.03594782575964928], [0.011842159554362297, -0.0116199292242527]], [[0.011366653256118298, 0.030591050162911415], [-0.010524896904826164, 0.03196721151471138], [-0.0022892700508236885, -0.040452975779771805], [0.017565011978149414, -0.03241398185491562], [0.010785371996462345, -0.011030690744519234]], [[0.01023455522954464, 0.027340324595570564], [-0.009846768341958523, 0.02871507778763771], [-0.01607464626431465, -0.039000872522592545], [0.016092507168650627, -0.030073577538132668], [0.009649922139942646, -0.009756441228091717]], [[0.009293090552091599, 0.024172382429242134], [-0.012702160514891148, 0.028357740491628647], [-0.014369528740644455, -0.035292480140924454], [0.014471538364887238, -0.02712170034646988], [0.008801975287497044, -0.008661343716084957]], [[0.00836518406867981, 0.0198783278465271], [-0.015122235752642155, 0.030942711979150772], [-0.012769872322678566, -0.03198286518454552], [0.01305622048676014, -0.02443375438451767], [0.00807586032897234, -0.0075981877744197845]], [[0.007587850093841553, 0.01774752512574196], [-0.014046113938093185, 0.03143847733736038], [-0.011350087821483612, -0.029205096885561943], [0.011792877689003944, -0.022208794951438904], [0.00733255036175251, -0.006818319205194712]], [[0.006907241884618998, 0.015895379707217216], [-0.01415214966982603, 0.03261195868253708], [-0.010265101678669453, -0.026651348918676376], [0.01061632763594389, -0.020144008100032806], [0.006717429030686617, -0.006011347286403179]], [[0.006279587745666504, 0.014257318340241909], [-0.014152159914374352, 0.035788316279649734], [-0.008955868892371655, -0.024299440905451775], [0.008675153367221355, -0.020986899733543396], [0.006197364069521427, -0.005355699919164181]], [[0.00571246026083827, 0.012758034281432629], [-0.013363877311348915, 0.03117799200117588], [-0.007922338321805, -0.02208752930164337], [0.007801953237503767, -0.019077762961387634], [0.0057180155999958515, -0.004689266439527273]], [[0.005245738662779331, 0.011667661368846893], [-0.01245233602821827, 0.030040955170989037], [-0.005914149805903435, -0.021524930372834206], [0.007030153647065163, -0.017387568950653076], [0.005282820202410221, -0.004184363409876823]], [[0.004748154431581497, 0.010637431405484676], [-0.011253263801336288, 0.02709539793431759], [-0.005201604682952166, -0.019820919260382652], [0.006018724292516708, -0.016776084899902344], [0.0049214353784918785, -0.003750009462237358]], [[0.004350390750914812, 0.009550953283905983], [-0.010156979784369469, 0.024393584579229355], [-0.004738077521324158, -0.018130365759134293], [0.005016032140702009, -0.01635109633207321], [0.004606907721608877, -0.003398152766749263]], [[0.00397742073982954, 0.008620434440672398], [-0.00972075667232275, 0.024097885936498642], [-0.003321440424770117, -0.019342822954058647], [0.004214741289615631, -0.015777431428432465], [0.004331073258072138, -0.0031231422908604145]]],