{"eps": {"object_position": [[-0.029091879725456238, -0.11895976215600967], [0.002229010919108987, 0.1161126121878624], [-0.13301867246627808, 0.06584201008081436], [0.029696185141801834, -0.18734681606292725], [-0.061942677944898605, -0.013817940838634968], [-0.05314295366406441, -0.01650015078485012], [-0.03876570239663124, 0.04178474470973015], [-0.29954150319099426, 0.10514001548290253], [0.037426646798849106, -0.08399759232997894], [-0.054440777748823166, -0.0018072841921821237]], "object_rotation": [3.042548179626465, 1.5280267000198364, 1.4929767847061157, 2.3626368045806885, 2.3459134101867676, 0.9657036662101746, 0.21436846256256104, 0.29177743196487427, 1.293540120124817, 3.345048427581787], "distractor_position": [-0.537492036819458, -0.9597764015197754, -0.6935015916824341, -0.3806454837322235, -0.5047484636306763, -0.42329853773117065, 0.01379483938217163, -0.2961561679840088, -0.7172369956970215, -0.43377596139907837]}, "eps_trace": {"object_position": [[[-0.029091879725456238, -0.11895976215600967], [0.002229010919108987, 0.1161126121878624], [0.08363332599401474, 0.014312639832496643], [0.029696185141801834, -0.18734681606292725], [-0.061942677944898605, -0.013817940838634968], [-0.05314295366406441, -0.01650015078485012], [-0.03876570239663124, 0.04178474470973015], [-0.0003246538108214736, 0.007712879218161106], [0.037426646798849106, -0.08399759232997894], [-0.054440777748823166, -0.0018072841921821237]], [[-0.029091879725456238, -0.11895976215600967], [0.002229010919108987, 0.1161126121878624], [0.08363332599401474, 0.014312639832496643], [0.029696185141801834, -0.18734681606292725], [-0.061942677944898605, -0.013817940838634968], [-0.05314295366406441, -0.01650015078485012], [-0.03876570239663124, 0.04178474470973015], [-0.0003246538108214736, 0.007712879218161106], [0.037426646798849106, -0.08399759232997894], [-0.054440777748823166, -0.0018072841921821237]], [[-0.029091879725456238, -0.11895976215600967], [0.002229010919108987, 0.1161126121878624], [0.08363332599401474, 0.014312639832496643], [0.029696185141801834, -0.18734681606292725], [-0.061942677944898605, -0.013817940838634968], [-0.05314295366406441, -0.01650015078485012], [-0.03876570239663124, 0.04178474470973015], [-0.0003246538108214736, 0.007712879218161106], [0.037426646798849106, -0.08399759232997894], [-0.054440777748823166, -0.0018072841921821237]], [[-0.029091879725456238, -0.11895976215600967], [0.002229010919108987, 0.1161126121878624], [0.08363332599401474, 0.014312639832496643], [0.029696185141801834, -0.18734681606292725], [-0.061942677944898605, -0.013817940838634968], [-0.05314295366406441, -0.01650015078485012], [-0.03876570239663124, 0.04178474470973015], [0.1931246668100357, -0.0870007872581482], [0.037426646798849106, -0.08399759232997894], [-0.054440777748823166, -0.0018072841921821237]], [[-0.029091879725456238, -0.11895976215600967], [0.002229010919108987, 0.1161126121878624], [0.08363332599401474, 0.014312639832496643], [0.029696185141801834, -0.18734681606292725], [-0.061942677944898605, -0.013817940838634968], [-0.05314295366406441, -0.01650015078485012], [-0.03876570239663124, 0.04178474470973015], [0.1931246668100357, -0.0870007872581482], [0.037426646798849106, -0.08399759232997894], [-0.054440777748823166, -0.0018072841921821237]], [[-0.029091879725456238, -0.11895976215600967], [0.002229010919108987, 0.1161126121878624], [0.08363332599401474, 0.014312639832496643], [0.029696185141801834, -0.18734681606292725], [-0.061942677944898605, -0.013817940838634968], [-0.05314295366406441, -0.01650015078485012], [-0.03876570239663124, 0.04178474470973015], [0.2108645737171173, -0.11425484716892242], [0.037426646798849106, -0.08399759232997894], [-0.054440777748823166, -0.0018072841921821237]], [[-0.029091879725456238, -0.11895976215600967], [0.002229010919108987, 0.1161126121878624], [0.08363332599401474, 0.014312639832496643], [0.029696185141801834, -0.18734681606292725], [-0.061942677944898605, -0.013817940838634968], [-0.05314295366406441, -0.01650015078485012], [-0.03876570239663124, 0.04178474470973015], [0.2108645737171173, -0.11425484716892242], [0.037426646798849106, -0.08399759232997894], [-0.054440777748823166, -0.0018072841921821237]], [[-0.029091879725456238, -0.11895976215600967], [0.002229010919108987, 0.1161126121878624], [0.08363332599401474, 0.014312639832496643], [0.029696185141801834, -0.18734681606292725], [-0.061942677944898605, -0.013817940838634968], [-0.05314295366406441, -0.01650015078485012], [-0.03876570239663124, 0.04178474470973015], [0.2108645737171173, -0.11425484716892242], [0.037426646798849106, -0.08399759232997894], [-0.054440777748823166, -0.0018072841921821237]], [[-0.029091879725456238, -0.11895976215600967], [0.002229010919108987, 0.1161126121878624], [0.08363332599401474, 0.014312639832496643], [0.029696185141801834, -0.18734681606292725], [-0.061942677944898605, -0.013817940838634968], [-0.05314295366406441, -0.01650015078485012], [-0.03876570239663124, 0.04178474470973015], [-0.29954150319099426, 0.10514001548290253], [0.037426646798849106, -0.08399759232997894], [-0.054440777748823166, -0.0018072841921821237]], [[-0.029091879725456238, -0.11895976215600967], [0.002229010919108987, 0.1161126121878624], [-0.13301867246627808, 0.06584201008081436], [0.029696185141801834, -0.18734681606292725], [-0.061942677944898605, -0.013817940838634968], [-0.05314295366406441, -0.01650015078485012], [-0.03876570239663124, 0.04178474470973015], [-0.29954150319099426, 0.10514001548290253], [0.037426646798849106, -0.08399759232997894], [-0.054440777748823166, -0.0018072841921821237]]], "object_rotation": [[3.042548179626465, 1.5280267000198364, 2.1857800483703613, 2.3626368045806885, 2.3459134101867676, 0.9657036662101746, 0.21436846256256104, 1.1231694221496582, 1.293540120124817, 3.345048427581787], [3.042548179626465, 1.5280267000198364, 2.1857800483703613, 2.3626368045806885, 2.3459134101867676, 0.9657036662101746, 0.21436846256256104, 1.1231694221496582, 1.293540120124817, 3.345048427581787], [3.042548179626465, 1.5280267000198364, 2.1857800483703613, 2.3626368045806885, 2.3459134101867676, 0.9657036662101746, 0.21436846256256104, 1.1231694221496582, 1.293540120124817, 3.345048427581787], [3.042548179626465, 1.5280267000198364, 2.1857800483703613, 2.3626368045806885, 2.3459134101867676, 0.9657036662101746, 0.21436846256256104, 1.1624526977539062, 1.293540120124817, 3.345048427581787], [3.042548179626465, 1.5280267000198364, 2.1857800483703613, 2.3626368045806885, 2.3459134101867676, 0.9657036662101746, 0.21436846256256104, 1.1624526977539062, 1.293540120124817, 3.345048427581787], [3.042548179626465, 1.5280267000198364, 2.1857800483703613, 2.3626368045806885, 2.3459134101867676, 0.9657036662101746, 0.21436846256256104, 0.9197534322738647, 1.293540120124817, 3.345048427581787], [3.042548179626465, 1.5280267000198364, 2.1857800483703613, 2.3626368045806885, 2.3459134101867676, 0.9657036662101746, 0.21436846256256104, 0.9197534322738647, 1.293540120124817, 3.345048427581787], [3.042548179626465, 1.5280267000198364, 2.1857800483703613, 2.3626368045806885, 2.3459134101867676, 0.9657036662101746, 0.21436846256256104, 0.9197534322738647, 1.293540120124817, 3.345048427581787], [3.042548179626465, 1.5280267000198364, 2.1857800483703613, 2.3626368045806885, 2.3459134101867676, 0.9657036662101746, 0.21436846256256104, 0.29177743196487427, 1.293540120124817, 3.345048427581787], [3.042548179626465, 1.5280267000198364, 1.4929767847061157, 2.3626368045806885, 2.3459134101867676, 0.9657036662101746, 0.21436846256256104, 0.29177743196487427, 1.293540120124817, 3.345048427581787]],