{"eps": {"object_position": [[-0.06190907582640648, -0.09124428033828735], [-0.12950317561626434, -0.0536678284406662], [0.05819761008024216, 0.08402913063764572], [0.028516922146081924, 0.21411855518817902], [0.06748517602682114, -0.02812795341014862], [0.07471554726362228, 0.058428674936294556], [0.0389242023229599, 0.04712614417076111], [0.01577618531882763, 0.0782814472913742], [0.12589122354984283, -0.06681183725595474], [0.00310458499006927, 0.06246166676282883]], "object_rotation": [0.693267822265625, 1.6118683815002441, 2.280932664871216, 2.2832324504852295, 0.667238712310791, 0.6201713681221008, -0.0007473332807421684, 3.19594407081604, 2.068368434906006, 2.225213050842285], "distractor_position": [-1.339911937713623, -1.7981688976287842, 0.35686802864074707, 0.22534267604351044, -0.4069685637950897, -0.028317710384726524, -0.4585520923137665, -1.1882725954055786, -1.1996458768844604, -0.22445088624954224]}, "eps_trace": {"object_position": [[[-0.08345344662666321, -0.09641194343566895], [-0.14788185060024261, -0.017783241346478462], [0.0697246566414833, 0.09718256443738937], [0.03739983215928078, 0.25509631633758545], [0.09274868667125702, -0.0327678844332695], [0.07790467888116837, 0.06279144436120987], [0.07139090448617935, 0.05636921897530556], [0.03193827345967293, 0.08483491092920303], [0.18545052409172058, -0.0802493616938591], [-0.0029877061024308205, 0.06342095881700516]], [[-0.08136635273694992, -0.0992465391755104], [-0.14789503812789917, -0.017699552699923515], [0.06988804787397385, 0.09695053100585938], [0.03931131586432457, 0.2517397105693817], [0.0955558642745018, -0.03616413474082947], [0.07713984698057175, 0.06313476711511612], [0.07355239987373352, 0.05489921569824219], [0.031736258417367935, 0.08484973758459091], [0.17950469255447388, -0.07616126537322998], [-0.004660394974052906, 0.062355272471904755]], [[-0.09303221106529236, -0.09679484367370605], [-0.14089982211589813, -0.017058605328202248], [0.06978588551282883, 0.09681505709886551], [0.040520504117012024, 0.2500825524330139], [0.09541895985603333, -0.035923849791288376], [0.07684504240751266, 0.06356433033943176], [0.07420345395803452, 0.055183034390211105], [0.027761196717619896, 0.07553364336490631], [0.1805415004491806, -0.07709167897701263], [-0.005557573400437832, 0.061386846005916595]], [[-0.07226841896772385, -0.0994172990322113], [-0.1408858299255371, -0.017448564991354942], [0.06862029433250427, 0.09524359554052353], [0.03940076380968094, 0.24993878602981567], [0.08271685987710953, -0.04380203038454056], [0.0760648250579834, 0.06385979801416397], [0.07424559444189072, 0.056512244045734406], [0.02282276563346386, 0.07473374158143997], [0.1816321611404419, -0.07568216323852539], [-0.006348407827317715, 0.06298309564590454]], [[-0.07227233052253723, -0.09861042350530624], [-0.13387447595596313, -0.031733784824609756], [0.0632961094379425, 0.0908297747373581], [0.03883868083357811, 0.24861305952072144], [0.08508598059415817, -0.0427628792822361], [0.07403562217950821, 0.06369756907224655], [0.06698855012655258, 0.05635935813188553], [0.023416658863425255, 0.07130555808544159], [0.1803426295518875, -0.07648567110300064], [-0.004111668094992638, 0.06639792770147324]], [[-0.062303271144628525, -0.09915477782487869], [-0.13151469826698303, -0.02951677516102791], [0.06313683837652206, 0.09020158648490906], [0.03859629109501839, 0.2486715465784073], [0.08350896835327148, -0.0429733544588089], [0.07397781312465668, 0.06368540227413177], [0.06697787344455719, 0.054065074771642685], [0.019357431679964066, 0.07034674286842346], [0.1692066639661789, -0.08267412334680557], [-0.0017245495691895485, 0.06421040743589401]], [[-0.06560519337654114, -0.09297256171703339], [-0.13067781925201416, -0.038302116096019745], [0.05806063860654831, 0.08881708234548569], [0.03744146227836609, 0.24737651646137238], [0.06940579414367676, -0.02693667821586132], [0.07317427545785904, 0.06311436742544174], [0.06749051064252853, 0.05494559556245804], [0.017873622477054596, 0.06929092854261398], [0.16628868877887726, -0.065753273665905], [-0.0007975000189617276, 0.06552410870790482]], [[-0.06609269231557846, -0.09144262224435806], [-0.13243918120861053, -0.042965952306985855], [0.06038612127304077, 0.08714644610881805], [0.03174407407641411, 0.23803380131721497], [0.06865916401147842, -0.027947770431637764], [0.07482559233903885, 0.05934524908661842], [0.06662167608737946, 0.05539712309837341], [0.016967279836535454, 0.06930550932884216], [0.16119013726711273, -0.051959652453660965], [-0.0009666153346188366, 0.0680239126086235]], [[-0.06359723955392838, -0.09507383406162262], [-0.13219940662384033, -0.04431897774338722], [0.057862766087055206, 0.08778087794780731], [0.02628764510154724, 0.2176201194524765], [0.0683896541595459, -0.02851426601409912], [0.07443809509277344, 0.05926729366183281], [0.04053891450166702, 0.035499926656484604], [0.016688890755176544, 0.06809339672327042], [0.16192057728767395, -0.05209449306130409], [0.002844314556568861, 0.0649048238992691]], [[-0.06190907582640648, -0.09124428033828735], [-0.12950317561626434, -0.0536678284406662], [0.05819761008024216, 0.08402913063764572], [0.028516922146081924, 0.21411855518817902], [0.06748517602682114, -0.02812795341014862], [0.07471554726362228, 0.058428674936294556], [0.0389242023229599, 0.04712614417076111], [0.01577618531882763, 0.0782814472913742], [0.12589122354984283, -0.06681183725595474], [0.00310458499006927, 0.06246166676282883]]], "object_rotation": [[0.7149040699005127, 1.6113744974136353, 2.2871344089508057, 2.266402244567871, 0.662988543510437, 0.6181118488311768, 0.016923541203141212, 3.2221086025238037, 2.0384268760681152, 2.214822769165039], [0.7170194387435913, 1.6116830110549927, 2.2857484817504883, 2.269033908843994, 0.6629155278205872, 0.6171520948410034, 0.016682565212249756, 3.224238634109497, 2.0359654426574707, 2.214507818222046], [0.7114508748054504, 1.614992618560791, 2.2857375144958496, 2.2725989818573, 0.6630844473838806, 0.6180390119552612, 0.014081792905926704, 3.220388650894165, 2.0342118740081787, 2.213571310043335], [0.6896945238113403, 1.6161354780197144, 2.2834012508392334, 2.2735698223114014, 0.67087322473526, 0.6190256476402283, 0.014718455262482166, 3.22178053855896, 2.0348575115203857, 2.213761568069458], [0.6888900995254517, 1.6199251413345337, 2.27864408493042, 2.2757015228271484, 0.6702138781547546, 0.6202308535575867, 0.008997296914458275, 3.221264362335205, 2.0353591442108154, 2.217639923095703], [0.6867035031318665, 1.6172893047332764, 2.283381938934326, 2.275742530822754, 0.6658140420913696, 0.6200143694877625, 0.003620379138737917, 3.219942808151245, 2.0327582359313965, 2.2204363346099854], [0.6897384524345398, 1.6178209781646729, 2.281141519546509, 2.2745983600616455, 0.6699997186660767, 0.6208726763725281, 0.0031255099456757307, 3.2218735218048096, 2.0391831398010254, 2.220506191253662], [0.6882852911949158, 1.619149088859558, 2.2786569595336914, 2.2836146354675293, 0.6677955389022827, 0.6200069189071655, 0.004737399518489838, 3.2219815254211426, 2.0658891201019287, 2.227261543273926], [0.6905527114868164, 1.620322823524475, 2.2798500061035156, 2.280473470687866, 0.668295681476593, 0.6195502281188965, 0.007798369042575359, 3.221388816833496, 2.06270432472229, 2.2250518798828125], [0.693267822265625, 1.6118683815002441, 2.280932664871216, 2.2832324504852295, 0.667238712310791, 0.6201713681221008, -0.0007473332807421684, 3.19594407081604, 2.068368434906006, 2.225213050842285]],