{"eps": {"object_position": [[0.004218538757413626, -0.0005149142234586179], [-0.00408767769113183, -0.0038088462315499783], [-0.008560934104025364, -0.0034790022764354944], [0.0028503690846264362, -0.004042574670165777], [-0.0015503698959946632, -0.0030949192587286234]], "object_rotation": [1.3622368574142456, 0.9796223044395447, 2.7282779216766357, 1.116362452507019, 0.9486110210418701], "distractor_position": [-1.1781502962112427, 0.044753026217222214, -1.0701892375946045, -1.3764069080352783, -0.8407843112945557]}, "eps_trace": {"object_position": [[[0.04546556621789932, 0.0020871853921562433], [-0.018876753747463226, -0.07240429520606995], [-0.11171592026948929, -0.030690526589751244], [0.034599918872117996, -0.03971138969063759], [-0.019506189972162247, -0.028599807992577553]], [[0.04089483246207237, 0.0019448436796665192], [-0.0171674694865942, -0.06509339809417725], [-0.10023030638694763, -0.027763279154896736], [0.030809970572590828, -0.03542807325720787], [-0.017593801021575928, -0.025626270100474358]], [[0.036669425666332245, 0.0018675581086426973], [-0.01560362521559, -0.05846119299530983], [-0.08999323844909668, -0.025231314823031425], [0.02780371904373169, -0.03190592676401138], [-0.015848062932491302, -0.023074304684996605]], [[0.03296336159110069, 0.0018318435177206993], [-0.014121728017926216, -0.05264220014214516], [-0.08121314644813538, -0.022436900064349174], [0.025046460330486298, -0.028876028954982758], [-0.014304048381745815, -0.020798582583665848]], [[0.029679086059331894, 0.0017270855605602264], [-0.012834956869482994, -0.04732254892587662], [-0.07308194786310196, -0.020268667489290237], [0.02251552976667881, -0.026178743690252304], [-0.012886797077953815, -0.018801003694534302]], [[0.026727430522441864, 0.0016603328986093402], [-0.011683763936161995, -0.042426541447639465], [-0.0656268522143364, -0.018426842987537384], [0.020248157903552055, -0.023695021867752075], [-0.01165948435664177, -0.016957268118858337]], [[0.024061789736151695, 0.001505851629190147], [-0.010611942037940025, -0.03828909993171692], [-0.058961495757102966, -0.016774671152234077], [0.0182357020676136, -0.02146366983652115], [-0.010588141158223152, -0.015301274135708809]], [[0.021663328632712364, 0.0014225030317902565], [-0.00961906835436821, -0.034443940967321396], [-0.05307125672698021, -0.01524326205253601], [0.016330793499946594, -0.019374649971723557], [-0.009600851684808731, -0.013834826648235321]], [[0.019491802901029587, 0.0012385958107188344], [-0.008792019449174404, -0.030873658135533333], [-0.04760732874274254, -0.014001038856804371], [0.014771399088203907, -0.017596377059817314], [-0.008740631863474846, -0.01248855423182249]], [[0.017555728554725647, 0.0010590825695544481], [-0.008039782755076885, -0.02772209234535694], [-0.0428776852786541, -0.01266864500939846], [0.014548974111676216, -0.017146216705441475], [-0.007976951077580452, -0.011296410113573074]], [[0.015813255682587624, 0.0009324554703198373], [-0.00732435705140233, -0.024848200380802155], [-0.03808296471834183, -0.011986269615590572], [0.01293631549924612, -0.015721511095762253], [-0.007233182433992624, -0.010246403515338898]], [[0.014231206849217415, 0.0008495294023305178], [-0.006784851662814617, -0.022189993411302567], [-0.03412250801920891, -0.010986415669322014], [0.011913582682609558, -0.014596240594983101], [-0.006565860006958246, -0.009300056844949722]], [[0.012824730016291142, 0.0007106345146894455], [-0.006347853224724531, -0.019777078181505203], [-0.03050435148179531, -0.010077150538563728], [0.010905602015554905, -0.013468865305185318], [-0.005956917069852352, -0.008463187143206596]], [[0.011579534038901329, 0.0005675596767105162], [-0.00595836853608489, -0.017605260014533997], [-0.027463728561997414, -0.009062420576810837], [0.008934829384088516, -0.011286979541182518], [-0.005411176942288876, -0.007697668857872486]], [[0.010429737158119678, 0.00043545415974222124], [-0.005625926423817873, -0.01564154587686062], [-0.02472747676074505, -0.0081537626683712], [0.008091232739388943, -0.010271807201206684], [-0.004913152661174536, -0.007010915316641331]], [[0.009413482621312141, 0.0003294787020422518], [-0.0053428784012794495, -0.01385272666811943], [-0.022237662225961685, -0.007418522611260414], [0.007331063970923424, -0.009352377615869045], [-0.004472699481993914, -0.006361173465847969]], [[0.008529099635779858, 0.00021989623201079667], [-0.005149277858436108, -0.012231195345520973], [-0.02001214399933815, -0.006751850713044405], [0.006647257134318352, -0.008545625023543835], [-0.0040853251703083515, -0.0057538095861673355]], [[0.007775356061756611, 3.5106626455672085e-05], [-0.00494407257065177, -0.010773004963994026], [-0.018014052882790565, -0.006174685899168253], [0.006040105130523443, -0.007791233714669943], [-0.0037341080605983734, -0.005208064801990986]], [[0.007098525296896696, -0.00012509585940279067], [-0.0045384750701487064, -0.009672274813055992], [-0.01621958427131176, -0.005635388661175966], [0.00548150110989809, -0.007109964266419411], [-0.003337385831400752, -0.004808265715837479]], [[0.006454207934439182, -0.00022256397642195225], [-0.004390832968056202, -0.00849250890314579], [-0.014608281664550304, -0.005147940944880247], [0.004980121739208698, -0.006479140371084213], [-0.0029562595300376415, -0.004452874884009361]], [[0.005888588726520538, -0.00031093176221475005], [-0.004282457288354635, -0.007405126467347145], [-0.013163086026906967, -0.0046888128854334354], [0.004507196135818958, -0.005947880446910858], [-0.002615606877952814, -0.004127576947212219]], [[0.005415074992924929, -0.0004023694491479546], [-0.004183367360383272, -0.006392138544470072], [-0.011840256862342358, -0.0043372903019189835], [0.003832058049738407, -0.005173657555133104], [-0.002307433867827058, -0.0038288342766463757]], [[0.004971925634890795, -0.0004305593902245164], [-0.0040858592838048935, -0.005532449577003717], [-0.01067989319562912, -0.00391194736585021], [0.003473582910373807, -0.00478467857465148], [-0.0020353253930807114, -0.0035562622360885143]], [[0.00458312826231122, -0.0004699178389273584], [-0.004007560200989246, -0.004691395442932844], [-0.009568770416080952, -0.003630701918154955], [0.003125107614323497, -0.004388735629618168], [-0.0017864848487079144, -0.003309312043711543]], [[0.004218538757413626, -0.0005149142234586179], [-0.00408767769113183, -0.0038088462315499783], [-0.008560934104025364, -0.0034790022764354944], [0.0028503690846264362, -0.004042574670165777], [-0.0015503698959946632, -0.0030949192587286234]]],