{"eps": {"object_position": [[-0.03171573579311371, -6.397449760697782e-05], [0.0009079151786863804, 0.003614338580518961], [0.00019160071678925306, 8.115256787277758e-05], [0.0013461550697684288, 0.003995366860181093], [-0.0006203584489412606, 0.0019728033803403378]], "object_rotation": [2.3286995887756348, 0.49453985691070557, 2.015251636505127, 1.3020334243774414, 2.230545997619629], "distractor_position": [-0.5899310111999512, -0.5664840936660767, -1.3979721069335938, -0.5786857008934021, -0.41430580615997314]}, "eps_trace": {"object_position": [[[-0.230910986661911, 0.005851390305906534], [-0.08279231935739517, 0.07674431800842285], [0.0020332145504653454, 0.020845113322138786], [0.05079837888479233, 0.1010553315281868], [-0.12264186143875122, -0.013697869144380093]], [[-0.1809339076280594, 0.004467101767659187], [-0.044534433633089066, 0.04980367794632912], [-0.0008436923380941153, 0.001082466566003859], [0.03456484526395798, 0.07183060795068741], [-0.07312687486410141, -0.007735369727015495]], [[-0.13170847296714783, -0.0003598069306463003], [-0.01367155835032463, 0.022329749539494514], [-0.001062130555510521, 0.0008338188054040074], [0.012454139068722725, 0.027026571333408356], [-0.023691311478614807, -0.00044436741154640913]], [[-0.08171385526657104, -0.0002708076499402523], [0.003852585796266794, -0.0017094931099563837], [-0.00038560049142688513, 0.0012632693396881223], [-0.003875007387250662, 0.000574938952922821], [0.018926851451396942, 0.003696814412251115]], [[-0.03171573579311371, -6.397449760697782e-05], [0.0009079151786863804, 0.003614338580518961], [0.00019160071678925306, 8.115256787277758e-05], [0.0013461550697684288, 0.003995366860181093], [-0.0006203584489412606, 0.0019728033803403378]]], "object_rotation": [[2.5286433696746826, 0.31653687357902527, 2.1906864643096924, 1.2752573490142822, 2.430366039276123], [2.4786550998687744, 0.36653122305870056, 2.14188814163208, 1.270364761352539, 2.3803789615631104], [2.4286704063415527, 0.4165244400501251, 2.0969696044921875, 1.288385272026062, 2.3303933143615723], [2.3786845207214355, 0.4445491135120392, 2.055436134338379, 1.2880418300628662, 2.280526876449585], [2.3286995887756348, 0.49453985691070557, 2.015251636505127, 1.3020334243774414, 2.230545997619629]], "distractor_position": [[-0.7089570760726929, -0.6848424077033997, -1.5979658365249634, -0.6736893057823181, -0.3919142782688141], [-0.6899041533470154, -0.6547299027442932, -1.5479670763015747, -0.663692057132721, -0.41475963592529297], [-0.6477097272872925, -0.624727189540863, -1.4979684352874756, -0.6269813179969788, -0.421639621257782], [-0.6099838614463806, -0.5909547805786133, -1.4479702711105347, -0.6129457354545593, -0.39669930934906006], [-0.5899310111999512, -0.5664840936660767, -1.3979721069335938, -0.5786857008934021, -0.41430580615997314]]}, "object_type": "box", "L": 1.0, "failure_level": 0.2, "dp_logprior_scale": 1.0, "dp_mcmc_step_size": 0.01, "ep_mcmc_step_size": 0.01, "num_rounds": 5, "num_steps_per_round": 5, "num_chains": 5, "use_gradients": true, "use_stochasticity": false, "repair": true, "predict": true, "quench_rounds": 0, "tempering_schedule": null, "ep_logprobs": [[-33.98548126220703, -32.009342193603516, -33.23737335205078, -30.88177490234375, -31.82325553894043], [-32.62218475341797, -31.501420974731445, -32.95309829711914, -30.724491119384766, -31.062803268432617], [-31.9438533782959, -31.233379364013672, -32.70638656616211, -30.27274513244629, -30.823301315307617], [-31.355419158935547, -31.191190719604492, -32.47903060913086, -30.261829376220703, -30.835296630859375], [-31.024507522583008, -31.434188842773438, -32.26566696166992, -30.50440216064453, -30.854206085205078]], "dp_logprobs": [[-0.832021951675415, -0.832021951675415, -0.832021951675415, -0.832021951675415, -0.832021951675415], [-0.9281890392303467, -0.9281890392303467, -0.9281890392303467, -0.9281890392303467, -0.9281890392303467], [-0.8880837559700012, -0.8880837559700012, -0.8880837559700012, -0.8880837559700012, -0.8880837559700012], [-0.8920761942863464, -0.8920761942863464, -0.8920761942863464, -0.8920761942863464, -0.8920761942863464], [-0.7835984230041504, -0.7835984230041504, -0.7835984230041504, -0.7835984230041504, -0.7835984230041504]]}