{"eps": {"object_position": [[-0.2598436772823334, 0.003875511698424816], [-0.10946759581565857, 0.10950728505849838], [0.003641025396063924, 0.06413490325212479], [0.0706004947423935, 0.1410197764635086], [-0.16438338160514832, -0.01207665167748928]], "object_rotation": [2.576643228530884, 0.26993411779403687, 2.2390196323394775, 1.2469393014907837, 2.4804255962371826], "distractor_position": [-0.6868386268615723, -0.7248008251190186, -1.643172264099121, -0.7105951309204102, -0.3894174098968506]}, "eps_trace": {"object_position": [[[-0.2737811505794525, 0.0013648116728290915], [-0.11422549933195114, 0.11469263583421707], [0.006858808919787407, 0.07040850073099136], [0.07196580618619919, 0.1449170559644699], [-0.1684066355228424, -0.01474076509475708]], [[-0.2649368345737457, 0.0027146043721586466], [-0.11370216310024261, 0.1148015707731247], [0.005531680304557085, 0.06924641877412796], [0.07166153937578201, 0.14302974939346313], [-0.16758953034877777, -0.013871296308934689]], [[-0.2643812894821167, 0.0035635638050734997], [-0.1111130565404892, 0.11408121883869171], [0.004496559500694275, 0.06892255693674088], [0.07078705728054047, 0.14156773686408997], [-0.16571378707885742, -0.013440020382404327]], [[-0.2626877427101135, 0.0027008524630218744], [-0.1088438406586647, 0.1110575869679451], [0.003730782074853778, 0.0665801614522934], [0.07090011984109879, 0.14144662022590637], [-0.16480623185634613, -0.0115479351952672]], [[-0.2598436772823334, 0.003875511698424816], [-0.10946759581565857, 0.10950728505849838], [0.003641025396063924, 0.06413490325212479], [0.0706004947423935, 0.1410197764635086], [-0.16438338160514832, -0.01207665167748928]]], "object_rotation": [[2.579878807067871, 0.2666075527667999, 2.240405321121216, 1.250665307044983, 2.4789488315582275], [2.5762012004852295, 0.26733478903770447, 2.23842453956604, 1.2472275495529175, 2.478259801864624], [2.576535940170288, 0.2679732143878937, 2.238770008087158, 1.246877908706665, 2.4796791076660156], [2.5775370597839355, 0.26946935057640076, 2.238002300262451, 1.2470871210098267, 2.479597330093384], [2.576643228530884, 0.26993411779403687, 2.2390196323394775, 1.2469393014907837, 2.4804255962371826]], "distractor_position": [[-0.6864224076271057, -0.7253512144088745, -1.6456272602081299, -0.7122376561164856, -0.3903011679649353], [-0.6878890991210938, -0.7256118655204773, -1.6446704864501953, -0.7121901512145996, -0.38949301838874817], [-0.6874765753746033, -0.7258822321891785, -1.6443595886230469, -0.7103716135025024, -0.3907812833786011], [-0.6859036087989807, -0.7254539728164673, -1.642819881439209, -0.7103268504142761, -0.3894188702106476], [-0.6868386268615723, -0.7248008251190186, -1.643172264099121, -0.7105951309204102, -0.3894174098968506]]}, "object_type": "box", "L": 1.0, "failure_level": 0.2, "dp_logprior_scale": 1.0, "dp_mcmc_step_size": 0.01, "ep_mcmc_step_size": 0.01, "num_rounds": 5, "num_steps_per_round": 5, "num_chains": 5, "use_gradients": true, "use_stochasticity": true, "repair": true, "predict": true, "quench_rounds": 0, "tempering_schedule": null, "ep_logprobs": [[-34.857757568359375, -33.096744537353516, -33.72785186767578, -31.567874908447266, -32.49860763549805], [-34.614646911621094, -33.09080505371094, -33.709041595458984, -31.643850326538086, -32.4805793762207], [-34.59963607788086, -33.12798309326172, -33.70750045776367, -31.586973190307617, -32.4641227722168], [-34.5555534362793, -32.97864532470703, -33.68370819091797, -31.58705711364746, -32.43974685668945], [-34.47929763793945, -32.97246551513672, -33.670135498046875, -31.58523178100586, -32.434471130371094]], "dp_logprobs": [[-0.9568181037902832, -0.9571530222892761, -0.9572234749794006, -0.9572755694389343, -0.9571319818496704], [-0.9594576954841614, -0.9600212574005127, -0.9599601626396179, -0.9599857330322266, -0.9599153399467468], [-0.9351766109466553, -0.9358424544334412, -0.9353318810462952, -0.935251772403717, -0.9356455206871033], [-0.9231417179107666, -0.9253422617912292, -0.9240118265151978, -0.9235600233078003, -0.9236918091773987], [-0.9417294859886169, -0.9427167177200317, -0.9426156878471375, -0.9419218301773071, -0.9424790740013123]]}