{"eps": {"object_position": [[-0.28084543347358704, 0.0042972201481461525], [-0.11485040187835693, 0.1147889643907547], [0.1513715386390686, 0.021554697304964066], [0.07285899668931961, 0.14589354395866394], [0.05994422733783722, 0.2119455635547638]], "object_rotation": [2.578634262084961, 0.2665424346923828, 2.2715282440185547, 1.249703049659729, 2.9489827156066895], "distractor_position": [-0.6852453351020813, -0.7248637676239014, -1.4006836414337158, -0.7129955291748047, 0.2772258222103119]}, "eps_trace": {"object_position": [[[-0.28084543347358704, 0.0042972201481461525], [-0.11485040187835693, 0.1147889643907547], [0.007612572051584721, 0.07053124904632568], [0.07285899668931961, 0.14589354395866394], [-0.17249120771884918, -0.016916824504733086]], [[-0.28084543347358704, 0.0042972201481461525], [-0.11485040187835693, 0.1147889643907547], [0.007612572051584721, 0.07053124904632568], [0.07285899668931961, 0.14589354395866394], [-0.17249120771884918, -0.016916824504733086]], [[-0.28084543347358704, 0.0042972201481461525], [-0.11485040187835693, 0.1147889643907547], [0.007612572051584721, 0.07053124904632568], [0.07285899668931961, 0.14589354395866394], [-0.17249120771884918, -0.016916824504733086]], [[-0.28084543347358704, 0.0042972201481461525], [-0.11485040187835693, 0.1147889643907547], [0.007612572051584721, 0.07053124904632568], [0.07285899668931961, 0.14589354395866394], [-0.17249120771884918, -0.016916824504733086]], [[-0.28084543347358704, 0.0042972201481461525], [-0.11485040187835693, 0.1147889643907547], [0.007612572051584721, 0.07053124904632568], [0.07285899668931961, 0.14589354395866394], [-0.17249120771884918, -0.016916824504733086]], [[-0.28084543347358704, 0.0042972201481461525], [-0.11485040187835693, 0.1147889643907547], [0.007612572051584721, 0.07053124904632568], [0.07285899668931961, 0.14589354395866394], [0.011132508516311646, 0.007137062028050423]], [[-0.28084543347358704, 0.0042972201481461525], [-0.11485040187835693, 0.1147889643907547], [0.007612572051584721, 0.07053124904632568], [0.07285899668931961, 0.14589354395866394], [0.011132508516311646, 0.007137062028050423]], [[-0.28084543347358704, 0.0042972201481461525], [-0.11485040187835693, 0.1147889643907547], [0.007612572051584721, 0.07053124904632568], [0.07285899668931961, 0.14589354395866394], [0.011132508516311646, 0.007137062028050423]], [[-0.28084543347358704, 0.0042972201481461525], [-0.11485040187835693, 0.1147889643907547], [0.007612572051584721, 0.07053124904632568], [0.07285899668931961, 0.14589354395866394], [0.11352495849132538, 0.1685858964920044]], [[-0.28084543347358704, 0.0042972201481461525], [-0.11485040187835693, 0.1147889643907547], [0.007612572051584721, 0.07053124904632568], [0.07285899668931961, 0.14589354395866394], [0.12433972209692001, 0.11521866917610168]], [[-0.28084543347358704, 0.0042972201481461525], [-0.11485040187835693, 0.1147889643907547], [0.007612572051584721, 0.07053124904632568], [0.07285899668931961, 0.14589354395866394], [0.12433972209692001, 0.11521866917610168]], [[-0.28084543347358704, 0.0042972201481461525], [-0.11485040187835693, 0.1147889643907547], [0.007612572051584721, 0.07053124904632568], [0.07285899668931961, 0.14589354395866394], [0.12433972209692001, 0.11521866917610168]], [[-0.28084543347358704, 0.0042972201481461525], [-0.11485040187835693, 0.1147889643907547], [0.007612572051584721, 0.07053124904632568], [0.07285899668931961, 0.14589354395866394], [0.12433972209692001, 0.11521866917610168]], [[-0.28084543347358704, 0.0042972201481461525], [-0.11485040187835693, 0.1147889643907547], [0.007612572051584721, 0.07053124904632568], [0.07285899668931961, 0.14589354395866394], [0.12433972209692001, 0.11521866917610168]], [[-0.28084543347358704, 0.0042972201481461525], [-0.11485040187835693, 0.1147889643907547], [0.007612572051584721, 0.07053124904632568], [0.07285899668931961, 0.14589354395866394], [0.12433972209692001, 0.11521866917610168]], [[-0.28084543347358704, 0.0042972201481461525], [-0.11485040187835693, 0.1147889643907547], [0.1513715386390686, 0.021554697304964066], [0.07285899668931961, 0.14589354395866394], [0.06191074848175049, -0.0528775155544281]], [[-0.28084543347358704, 0.0042972201481461525], [-0.11485040187835693, 0.1147889643907547], [0.1513715386390686, 0.021554697304964066], [0.07285899668931961, 0.14589354395866394], [0.06191074848175049, -0.0528775155544281]], [[-0.28084543347358704, 0.0042972201481461525], [-0.11485040187835693, 0.1147889643907547], [0.1513715386390686, 0.021554697304964066], [0.07285899668931961, 0.14589354395866394], [0.06191074848175049, -0.0528775155544281]], [[-0.28084543347358704, 0.0042972201481461525], [-0.11485040187835693, 0.1147889643907547], [0.1513715386390686, 0.021554697304964066], [0.07285899668931961, 0.14589354395866394], [0.06191074848175049, -0.0528775155544281]], [[-0.28084543347358704, 0.0042972201481461525], [-0.11485040187835693, 0.1147889643907547], [0.1513715386390686, 0.021554697304964066], [0.07285899668931961, 0.14589354395866394], [0.06191074848175049, -0.0528775155544281]], [[-0.28084543347358704, 0.0042972201481461525], [-0.11485040187835693, 0.1147889643907547], [0.1513715386390686, 0.021554697304964066], [0.07285899668931961, 0.14589354395866394], [0.06191074848175049, -0.0528775155544281]], [[-0.28084543347358704, 0.0042972201481461525], [-0.11485040187835693, 0.1147889643907547], [0.1513715386390686, 0.021554697304964066], [0.07285899668931961, 0.14589354395866394], [0.07286626100540161, -0.059190575033426285]], [[-0.28084543347358704, 0.0042972201481461525], [-0.11485040187835693, 0.1147889643907547], [0.1513715386390686, 0.021554697304964066], [0.07285899668931961, 0.14589354395866394], [-0.14356154203414917, -0.06392845511436462]], [[-0.28084543347358704, 0.0042972201481461525], [-0.11485040187835693, 0.1147889643907547], [0.1513715386390686, 0.021554697304964066], [0.07285899668931961, 0.14589354395866394], [0.05994422733783722, 0.2119455635547638]], [[-0.28084543347358704, 0.0042972201481461525], [-0.11485040187835693, 0.1147889643907547], [0.1513715386390686, 0.021554697304964066], [0.07285899668931961, 0.14589354395866394], [0.05994422733783722, 0.2119455635547638]]],