{"eps": {"object_position": [[-0.17593267560005188, 0.03232571482658386], [-0.007023244630545378, 0.03748876228928566], [-0.22728130221366882, -0.038410164415836334], [-0.07376153767108917, 0.08533959835767746], [-0.1243022084236145, 0.09304851293563843]], "object_rotation": [1.9554985761642456, 1.7163875102996826, -0.9719115495681763, 1.3425878286361694, 2.232313871383667], "distractor_position": [-0.0994105339050293, 0.6702172756195068, -0.45387783646583557, 0.17294125258922577, -1.0230391025543213]}, "eps_trace": {"object_position": [[[-0.2587307095527649, -0.2812618613243103], [-0.007023244630545378, 0.03748876228928566], [-0.016088366508483887, 0.1283242106437683], [0.07455994188785553, -0.13397212326526642], [0.043202467262744904, -0.049526095390319824]], [[-0.1073339432477951, -0.015467703342437744], [-0.007023244630545378, 0.03748876228928566], [-0.016088366508483887, 0.1283242106437683], [-0.010242246091365814, 0.038467079401016235], [0.043202467262744904, -0.049526095390319824]], [[-0.1073339432477951, -0.015467703342437744], [-0.007023244630545378, 0.03748876228928566], [-0.016088366508483887, 0.1283242106437683], [-0.010242246091365814, 0.038467079401016235], [0.043202467262744904, -0.049526095390319824]], [[0.024990379810333252, 0.046824872493743896], [-0.007023244630545378, 0.03748876228928566], [0.028711002320051193, -0.031234726309776306], [-0.0015246234834194183, -0.15017494559288025], [0.043202467262744904, -0.049526095390319824]], [[0.09236499667167664, 0.14549894630908966], [-0.007023244630545378, 0.03748876228928566], [0.06435306370258331, -0.05382189899682999], [-0.01178477331995964, 0.04821568727493286], [0.043202467262744904, -0.049526095390319824]], [[0.09236499667167664, 0.14549894630908966], [-0.007023244630545378, 0.03748876228928566], [0.06435306370258331, -0.05382189899682999], [-0.07401266694068909, -0.03532010316848755], [0.043202467262744904, -0.049526095390319824]], [[0.03013826534152031, 0.1702333390712738], [-0.007023244630545378, 0.03748876228928566], [0.023762229830026627, -0.08796613663434982], [-0.07401266694068909, -0.03532010316848755], [0.043202467262744904, -0.049526095390319824]], [[0.09214416146278381, -0.05062060058116913], [-0.007023244630545378, 0.03748876228928566], [0.1685139238834381, 0.22728532552719116], [0.005910083651542664, -0.07792921364307404], [0.043202467262744904, -0.049526095390319824]], [[0.09214416146278381, -0.05062060058116913], [-0.007023244630545378, 0.03748876228928566], [-0.05065220594406128, -0.06918707489967346], [-0.03255503252148628, -0.030861105769872665], [0.043202467262744904, -0.049526095390319824]], [[0.059027183800935745, -0.14395323395729065], [-0.007023244630545378, 0.03748876228928566], [0.019098572432994843, -0.07110986858606339], [-0.03255503252148628, -0.030861105769872665], [-0.08078090101480484, 0.07625424861907959]], [[0.059027183800935745, -0.14395323395729065], [-0.007023244630545378, 0.03748876228928566], [0.008745469152927399, -0.04767373204231262], [-0.03255503252148628, -0.030861105769872665], [-0.08078090101480484, 0.07625424861907959]], [[-0.11236459016799927, -0.18129602074623108], [-0.007023244630545378, 0.03748876228928566], [0.008745469152927399, -0.04767373204231262], [-0.03255503252148628, -0.030861105769872665], [-0.08078090101480484, 0.07625424861907959]], [[-0.005416311323642731, -0.17173218727111816], [-0.007023244630545378, 0.03748876228928566], [0.005316241644322872, 0.1311279535293579], [-0.07846730202436447, -0.0712416023015976], [-0.08078090101480484, 0.07625424861907959]], [[-0.3226335644721985, 0.009168893098831177], [-0.007023244630545378, 0.03748876228928566], [0.005316241644322872, 0.1311279535293579], [-0.07846730202436447, -0.0712416023015976], [-0.08078090101480484, 0.07625424861907959]], [[-0.10799336433410645, -0.09725665301084518], [-0.007023244630545378, 0.03748876228928566], [0.005316241644322872, 0.1311279535293579], [0.019478432834148407, -0.20914264023303986], [-0.08078090101480484, 0.07625424861907959]], [[-0.10799336433410645, -0.09725665301084518], [-0.007023244630545378, 0.03748876228928566], [0.005316241644322872, 0.1311279535293579], [0.13140924274921417, 0.011797383427619934], [-0.08078090101480484, 0.07625424861907959]], [[-0.10799336433410645, -0.09725665301084518], [-0.007023244630545378, 0.03748876228928566], [0.005316241644322872, 0.1311279535293579], [-0.07376153767108917, 0.08533959835767746], [-0.06809648871421814, 0.04514797031879425]], [[-0.10799336433410645, -0.09725665301084518], [-0.007023244630545378, 0.03748876228928566], [0.005316241644322872, 0.1311279535293579], [-0.07376153767108917, 0.08533959835767746], [-0.10564136505126953, -0.03111061453819275]], [[-0.10799336433410645, -0.09725665301084518], [-0.007023244630545378, 0.03748876228928566], [0.005316241644322872, 0.1311279535293579], [-0.07376153767108917, 0.08533959835767746], [-0.10564136505126953, -0.03111061453819275]], [[0.005997158586978912, -0.0071386173367500305], [-0.007023244630545378, 0.03748876228928566], [0.005316241644322872, 0.1311279535293579], [-0.07376153767108917, 0.08533959835767746], [-0.041580066084861755, -0.1744004338979721]], [[0.005997158586978912, -0.0071386173367500305], [-0.007023244630545378, 0.03748876228928566], [0.12571951746940613, -0.041905879974365234], [-0.07376153767108917, 0.08533959835767746], [0.0749782919883728, -0.1966554969549179]], [[-0.1436624526977539, -0.03914569318294525], [-0.007023244630545378, 0.03748876228928566], [0.12571951746940613, -0.041905879974365234], [-0.07376153767108917, 0.08533959835767746], [-0.02285344898700714, 0.12287043035030365]], [[-0.1436624526977539, -0.03914569318294525], [-0.007023244630545378, 0.03748876228928566], [0.12571951746940613, -0.041905879974365234], [-0.07376153767108917, 0.08533959835767746], [0.19636955857276917, -0.04439553618431091]], [[-0.17593267560005188, 0.03232571482658386], [-0.007023244630545378, 0.03748876228928566], [-0.22728130221366882, -0.038410164415836334], [-0.07376153767108917, 0.08533959835767746], [-0.1243022084236145, 0.09304851293563843]], [[-0.17593267560005188, 0.03232571482658386], [-0.007023244630545378, 0.03748876228928566], [-0.22728130221366882, -0.038410164415836334], [-0.07376153767108917, 0.08533959835767746], [-0.1243022084236145, 0.09304851293563843]]],