{"eps": {"drone_state": [[-10.000113487243652, 3.3258456824114546e-05, 0.995610237121582, 0.002778290305286646], [-10.000048637390137, 2.146596489183139e-05, 1.002663016319275, -0.0004637760575860739], [-10.000011444091797, 1.885363417386543e-06, 1.0069162845611572, 0.00023542108829133213], [-10.003792762756348, 0.0020598468836396933, 0.9992772936820984, 0.004284698981791735], [-9.999999046325684, -4.459893261810066e-06, 1.0043463706970215, 5.0378301239106804e-05]], "tree_locations": [[[-1.2825249433517456, 2.62251353263855], [-3.3646717071533203, -3.066427230834961], [-6.554293632507324, 3.7797491550445557], [-2.928384304046631, -1.8248896598815918], [-2.188023805618286, 2.257688283920288]], [[-1.7728151082992554, 0.8224433064460754], [-6.126423358917236, -3.065833330154419], [-4.378793716430664, -0.112620510160923], [-7.535586357116699, -3.7316172122955322], [-3.124023675918579, -0.001560088712722063]], [[-2.224790573120117, 0.9253782629966736], [-4.4977192878723145, 2.0022122859954834], [-4.193292617797852, 3.866136312484741], [-6.6195173263549805, 0.18940186500549316], [-1.183424472808838, -3.2889273166656494]], [[-2.1321945190429688, -0.6606162786483765], [-2.4380502700805664, -2.485398054122925], [-5.8777689933776855, -3.850106954574585], [-3.361103057861328, 0.6060559749603271], [-4.093199729919434, 0.5549363493919373]], [[-1.8911831378936768, 3.863259792327881], [-5.781832218170166, 0.08515515178442001], [-6.355800151824951, -3.80633807182312], [-4.0253472328186035, -2.2435710430145264], [-2.983863115310669, 2.0714917182922363]]], "tree_velocities": [[[0.0, 0.0], [0.0, 0.0], [0.0, 0.0], [0.0, 0.0], [0.0, 0.0]], [[0.0, 0.0], [0.0, 0.0], [0.0, 0.0], [0.0, 0.0], [0.0, 0.0]], [[0.0, 0.0], [0.0, 0.0], [0.0, 0.0], [0.0, 0.0], [0.0, 0.0]], [[0.0, 0.0], [0.0, 0.0], [0.0, 0.0], [0.0, 0.0], [0.0, 0.0]], [[0.0, 0.0], [0.0, 0.0], [0.0, 0.0], [0.0, 0.0], [0.0, 0.0]]], "wind_speed": [[-0.003341187257319689, -0.0003387625911273062], [-0.0021098260767757893, 0.00012450253416318446], [-0.0010849864920601249, -0.0002243957424070686], [-0.002095937728881836, 0.00027144415071234107], [-0.0002255599101772532, -0.0004180948599241674]]}, "eps_trace": {"drone_state": [[[-9.94156265258789, 0.02652309648692608, 1.0000849962234497, -0.004171276930719614], [-10.031030654907227, -0.05176360532641411, 0.9983859658241272, 0.0010207302402704954], [-9.886455535888672, 0.05355812609195709, 1.0024853944778442, -0.08572860807180405], [-10.100945472717285, 0.05514218658208847, 1.0937261581420898, 0.11293000727891922], [-10.078588485717773, -0.07294177263975143, 0.9936726093292236, 0.020812861621379852]], [[-9.986961364746094, 0.005965083371847868, 0.9999034404754639, -0.0004302526358515024], [-10.005364418029785, -0.00893330480903387, 0.9999098181724548, 0.00023587106261402369], [-9.923773765563965, 0.035939548164606094, 1.000275731086731, -0.05759270861744881], [-10.086663246154785, 0.047301821410655975, 1.0493420362472534, 0.09687335789203644], [-10.042933464050293, -0.039856940507888794, 0.9996533989906311, 0.011472648940980434]], [[-9.99926471710205, 0.004152339417487383, 0.9960349798202515, 0.00435599172487855], [-10.000045776367188, -8.63296190800611e-06, 1.0026153326034546, -4.6231074520619586e-05], [-9.961109161376953, 0.01841246522963047, 1.0000066757202148, -0.029330041259527206], [-10.064988136291504, 0.03546737879514694, 1.0138113498687744, 0.07259652763605118], [-10.007091522216797, -0.006247528828680515, 0.9998907446861267, 0.0022693444043397903]], [[-10.00014591217041, 0.00010245797602692619, 1.0056599378585815, 0.001026735408231616], [-10.000028610229492, -2.50508983299369e-05, 0.992666482925415, -0.0006170105189085007], [-9.998648643493652, 0.0006704858969897032, 0.9973610043525696, -0.0022384817712008953], [-10.035208702087402, 0.019206032156944275, 1.0003420114517212, 0.0391487292945385], [-9.999995231628418, -0.00013569698785431683, 0.994362473487854, -0.0009303443366661668]], [[-10.000113487243652, 3.3258456824114546e-05, 0.995610237121582, 0.002778290305286646], [-10.000048637390137, 2.146596489183139e-05, 1.002663016319275, -0.0004637760575860739], [-10.000011444091797, 1.885363417386543e-06, 1.0069162845611572, 0.00023542108829133213], [-10.003792762756348, 0.0020598468836396933, 0.9992772936820984, 0.004284698981791735], [-9.999999046325684, -4.459893261810066e-06, 1.0043463706970215, 5.0378301239106804e-05]]],