{"eps": {"drone_state": [[-10.060080528259277, 0.08452927321195602, 1.0320713520050049, -0.020854990929365158], [-10.102737426757812, 0.10693530738353729, 1.0144834518432617, -0.08256179839372635], [-9.990924835205078, -0.06595160812139511, 0.9436896443367004, 0.020492997020483017], [-9.819793701171875, 0.0024975889828056097, 0.9350060224533081, -0.055634405463933945], [-10.028881072998047, 0.08511058241128922, 0.9981672763824463, -0.08083805441856384]], "tree_locations": [[[-6.493687629699707, 1.742252230644226], [-2.1134936809539795, 3.4618566036224365], [-1.6091803312301636, 1.625001072883606], [-7.52894401550293, 3.37420916557312], [-4.328787326812744, -3.506706953048706]], [[-1.2240145206451416, -0.37654128670692444], [-6.701710224151611, 2.1200883388519287], [-1.4729682207107544, -2.52652907371521], [-1.9004592895507812, -0.13533303141593933], [-1.2276346683502197, -0.9606770277023315]], [[-5.616920471191406, 1.614103078842163], [-7.266360759735107, -3.7553794384002686], [-2.041097402572632, 3.6416409015655518], [-1.527555227279663, 1.0838205814361572], [-6.979316234588623, 1.4238765239715576]], [[-5.710692882537842, 2.111063241958618], [-5.733799457550049, -1.630327820777893], [-6.038599014282227, -3.6763808727264404], [-2.5177416801452637, -3.9122626781463623], [-5.500635147094727, 1.496030569076538]], [[-1.3228764533996582, -2.6257574558258057], [-1.6318213939666748, -0.4860990047454834], [-4.286067962646484, -1.3756918907165527], [-4.452586650848389, -0.09391722083091736], [-1.4589502811431885, -2.458643674850464]]], "tree_velocities": [[[0.005467632785439491, 0.0009641730575822294], [-0.0034875001292675734, 0.0003261735837440938], [0.0008775577880442142, -0.0019686215091496706], [0.010820823721587658, 0.007425205782055855], [0.0014955759979784489, -0.0020826735999435186]], [[0.0024182929191738367, 0.01082633901387453], [-0.001659945584833622, 0.002448911312967539], [0.006488925311714411, 0.004955771844834089], [0.0015309463487938046, 0.006258005741983652], [0.0014389277203008533, -0.0012094798730686307]], [[0.0018680605571717024, -0.004599097650498152], [-0.00152279541362077, 0.0032336697913706303], [0.0026066347490996122, -0.0061822799034416676], [0.010894072242081165, 0.0030499573331326246], [0.0004238708352204412, 0.007485830690711737]], [[-0.00846182182431221, -0.010555529035627842], [-0.0016734221717342734, -0.004226569086313248], [0.003990687429904938, -0.0025100097991526127], [0.00014079839456826448, 0.0004379372112452984], [0.001158591010607779, 0.003564924467355013]], [[-0.0012889269273728132, 0.0002884358400478959], [0.00379739748314023, -0.006110103335231543], [-0.004801690578460693, -0.0014456858625635505], [0.0023556039668619633, -0.008765676990151405], [-0.0022331331856548786, -0.0020630091894418]]], "wind_speed": [[-0.14564888179302216, -0.008918967097997665], [0.0017809218261390924, 0.04900576174259186], [-0.012707033194601536, -0.07815410196781158], [0.09778522700071335, -0.1325424164533615], [0.006397368386387825, -0.013789250515401363]]}, "eps_trace": {"drone_state": [[[-10.047900199890137, 0.0885399654507637, 1.0461379289627075, -0.03250714763998985], [-10.103720664978027, 0.10627353191375732, 1.0101361274719238, -0.09436040371656418], [-9.985274314880371, -0.07111277431249619, 0.9284369349479675, 0.027884049341082573], [-9.818705558776855, 0.00412338599562645, 0.9309454560279846, -0.057971153408288956], [-10.036395072937012, 0.09167154878377914, 1.0018582344055176, -0.09316874295473099]], [[-10.049764633178711, 0.08979830890893936, 1.0425381660461426, -0.030187008902430534], [-10.104673385620117, 0.10609622299671173, 1.0146780014038086, -0.09472119063138962], [-9.98478889465332, -0.07349174469709396, 0.9316176772117615, 0.026621123775839806], [-9.819364547729492, 0.0040435707196593285, 0.9311062097549438, -0.057758208364248276], [-10.034218788146973, 0.0896906927227974, 1.0039308071136475, -0.09181984513998032]], [[-10.054100036621094, 0.08810518682003021, 1.0387616157531738, -0.02800055406987667], [-10.104194641113281, 0.10786261409521103, 1.01321542263031, -0.08988745510578156], [-9.987151145935059, -0.06994003057479858, 0.9383153915405273, 0.02430853620171547], [-9.820463180541992, 0.0017978078685700893, 0.9340826869010925, -0.05828370153903961], [-10.031115531921387, 0.08881238102912903, 0.9957118630409241, -0.0861428827047348]], [[-10.062911987304688, 0.08510377258062363, 1.0338294506072998, -0.023471102118492126], [-10.104548454284668, 0.10824673622846603, 1.013030767440796, -0.0891735851764679], [-9.990899085998535, -0.06673670560121536, 0.942835807800293, 0.021335776895284653], [-9.821654319763184, 0.0022521703504025936, 0.9332374334335327, -0.05670049041509628], [-10.030646324157715, 0.08900640904903412, 0.9961925745010376, -0.08166153728961945]], [[-10.060080528259277, 0.08452927321195602, 1.0320713520050049, -0.020854990929365158], [-10.102737426757812, 0.10693530738353729, 1.0144834518432617, -0.08256179839372635], [-9.990924835205078, -0.06595160812139511, 0.9436896443367004, 0.020492997020483017], [-9.819793701171875, 0.0024975889828056097, 0.9350060224533081, -0.055634405463933945], [-10.028881072998047, 0.08511058241128922, 0.9981672763824463, -0.08083805441856384]]],