{"final_eps": [[1152.5853271484375, 1230.77197265625, 1133181.75, 0.28590095043182373, -248.82424926757812], [1942.68310546875, 0.7251628041267395, -0.1328073889017105, 0.7387415170669556, 0.7379903793334961], [1561.86083984375, 0.388180136680603, 35.870758056640625, 0.054983895272016525, 3.07145094871521], [1453.224609375, -52.953758239746094, 82.40190887451172, -0.8827953934669495, 50.76950454711914], [1598.3389892578125, 0.15680238604545593, -1.3847637176513672, 0.17073291540145874, 0.12087584286928177], [1285.692626953125, -0.47608956694602966, -2.0641589164733887, -0.3791031837463379, -0.4842192232608795], [1456.8780517578125, 0.8450842499732971, -13.911518096923828, -0.07319322973489761, -0.8412892818450928], [1614.3856201171875, 0.17745493352413177, -0.8776779174804688, 0.1954672932624817, 0.17171092331409454], [1711.684326171875, 0.39111828804016113, -0.5907407402992249, 0.3658822476863861, 0.343681275844574], [1368.6920166015625, -0.18109391629695892, -16.133163452148438, -0.1903320848941803, -1.7685762643814087]], "ep_logprobs": [[-13.658683776855469, -18.338834762573242, -6.392098903656006, -6.290187835693359, -6.755446910858154, -9.009795188903809, -6.269781589508057, -6.96768856048584, -8.940320014953613, -7.226201057434082], [-14.412663459777832, -26.802457809448242, -14.896574974060059, -7.362466812133789, -15.26235294342041, -10.016075134277344, -7.341679096221924, -15.475242614746094, -17.446374893188477, -8.28876781463623], [-14.997662544250488, -33.69227600097656, -21.830060958862305, -8.271076202392578, -22.197507858276367, -10.870079040527344, -8.239118576049805, -22.41074562072754, -24.378915786743164, -9.176473617553711], [-15.56632137298584, -39.29881286621094, -27.482519149780273, -9.012933731079102, -27.85101890563965, -11.535584449768066, -9.01451301574707, -28.064353942871094, -30.02840805053711, -9.929020881652832], [-15.875646591186523, -43.85902404785156, -32.09044647216797, -9.68614387512207, -32.459503173828125, -12.128192901611328, -9.687070846557617, -32.6727409362793, -34.63174057006836, -10.592981338500977], [-16.18500518798828, -47.566219329833984, -35.84673309326172, -10.205101013183594, -36.2159423828125, -12.574043273925781, -10.19682502746582, -36.428916931152344, -38.382102966308594, -11.085328102111816], [-16.463603973388672, -50.57788848876953, -38.90861129760742, -10.718876838684082, -39.277626037597656, -12.982929229736328, -10.710023880004883, -39.49021530151367, -41.436973571777344, -11.51381778717041], [-16.658401489257812, -53.02252960205078, -41.404335021972656, -11.11872673034668, -41.772911071777344, -13.286261558532715, -11.136245727539062, -41.984989166259766, -43.92481994628906, -11.876455307006836], [-16.676837921142578, -55.0048828125, -43.43844985961914, -11.482278823852539, -43.806339263916016, -13.534049034118652, -11.45939826965332, -44.0178337097168, -45.950347900390625, -12.199539184570312], [-16.70401382446289, -56.610321044921875, -45.09614944458008, -11.744951248168945, -45.463165283203125, -13.628113746643066, -11.732563018798828, -45.67400360107422, -47.59888458251953, -12.383753776550293], [-16.758554458618164, -57.90846252441406, -46.44690704345703, -11.97222900390625, -46.81294631958008, -13.780941009521484, -12.012096405029297, -47.023075103759766, -48.9400634765625, -12.54571533203125], [-16.854904174804688, -58.956119537353516, -47.54745101928711, -12.228904724121094, -47.912357330322266, -13.879632949829102, -12.105846405029297, -48.12171173095703, -50.03064727783203, -12.774608612060547], [-16.709209442138672, -59.79957580566406, -48.44396209716797, -12.299357414245605, -48.8076171875, -14.031440734863281, -12.279427528381348, -49.01618576049805, -50.916893005371094, -12.810578346252441], [55.83713150024414, -60.4765625, -49.174163818359375, -12.475757598876953, -49.536521911621094, -13.999913215637207, -12.418614387512207, -49.744258880615234, -51.636566162109375, -12.913928985595703], [-20.354225158691406, -59.26411437988281, -41.83473205566406, -13.972559928894043, -42.192691802978516, -14.847902297973633, -13.956812858581543, -42.38870620727539, -48.5708122253418, -14.204237937927246], [-18.219919204711914, -59.49396514892578, -43.29969787597656, -13.54539680480957, -46.60958480834961, -14.517277717590332, -13.596837997436523, -46.82472229003906, -48.779083251953125, -13.664448738098145], [-20.54242706298828, -59.75518035888672, -42.44216537475586, -13.428712844848633, -44.75725555419922, -14.512380599975586, -13.519041061401367, -44.9680061340332, -47.02095031738281, -13.639778137207031], [-20.37921142578125, -59.98469924926758, -42.692100524902344, -13.087482452392578, -44.97416305541992, -11.596780776977539, -13.181877136230469, -45.18903350830078, -48.05260467529297, -13.553342819213867], [-19.0911808013916, -56.48345184326172, -40.42871856689453, -2545.105224609375, -42.880287170410156, -16.830080032348633, -17.10251235961914, -43.121864318847656, -47.511444091796875, -16.145654678344727], [-42446.6953125, -56.55680847167969, -40.5605354309082, -2529.0068359375, -42.88889694213867, -16.844873428344727, -664.86328125, -43.13351058959961, -47.59736251831055, -16.16061019897461], [-42168.1328125, -56.53992462158203, -40.66682815551758, -2513.141357421875, -42.86684036254883, -16.638893127441406, -660.4269409179688, -43.112247467041016, -47.657081604003906, -16.167306900024414], [-41890.25, -56.45668029785156, -40.757659912109375, -2497.505615234375, -42.8681640625, -16.76150131225586, -655.9292602539062, -43.108028411865234, -47.69823455810547, -930.2863159179688], [-41609.078125, -56.419471740722656, -40.85090255737305, -2481.996826171875, -42.44740295410156, -17.00878143310547, -651.6934814453125, -43.186981201171875, -47.74798583984375, -924.9028930664062], [-41319.52734375, -56.32118225097656, -40.9033317565918, -2466.69091796875, -41.87907409667969, -16.869022369384766, -647.2288818359375, -43.136417388916016, -47.71636199951172, -919.5684814453125], [-4546409529344.0, -56.246490478515625, -40.101078033447266, -2451.593505859375, -41.42041015625, -18.22016716003418, -642.68896484375, -43.24427032470703, -47.776580810546875, -914.2689208984375], [-4518420938752.0, -56.14826202392578, -38.971195220947266, -2436.63671875, -41.3599967956543, -18.208179473876953, -637.9725952148438, -42.79507064819336, -47.62681579589844, -909.0077514648438], [-4490681384960.0, -55.99360656738281, -18.651609420776367, -2421.8779296875, -41.224327087402344, -16.731292724609375, -633.038330078125, -42.06528854370117, -47.616085052490234, -903.8203735351562], [-4463176712192.0, -55.88202667236328, -13.166308403015137, -2407.154541015625, -41.38615798950195, -17.70598602294922, -627.9940795898438, -41.9245491027832, -47.48731994628906, -898.9788208007812], [-4435890667520.0, -55.776153564453125, -13.451509475708008, -2392.611572265625, -41.416446685791016, -15.806992530822754, -622.9109497070312, -41.81781768798828, -47.373497009277344, -898.06103515625], [-4408813813760.0, -55.60723114013672, -14.521196365356445, -2378.2080078125, -43.78151321411133, -15.898126602172852, -617.9585571289062, -43.903324127197266, -47.580101013183594, -879.8234252929688], [-4381935403008.0, -55.520233154296875, -14.256025314331055, -2363.90380859375, -43.7697639465332, -15.844635009765625, -613.2214965820312, -43.89390182495117, -47.519954681396484, -874.4440307617188], [-4355247833088.0, -55.56744384765625, -13.997137069702148, -2326.9892578125, -41.94343185424805, -15.81796646118164, -607.9866943359375, -42.631202697753906, -47.50642395019531, -870.3646850585938], [-4328745598976.0, -55.78133010864258, -14.128401756286621, -2311.961669921875, -41.40081024169922, -15.963626861572266, -602.737548828125, -41.565303802490234, -45.49462890625, -865.811767578125], [-4302422671360.0, -55.579750061035156, -14.319242477416992, -2295.0361328125, -43.89119338989258, -16.180797576904297, -596.704345703125, -44.02970504760742, -47.41956329345703, -860.954345703125], [-4276274593792.0, -55.97622299194336, 