{"final_eps": [[1152.318603515625, -0.45169350504875183, -1.2061127424240112, -0.5893375277519226, -0.17525482177734375], [1942.79443359375, 0.63887619972229, 0.02718820795416832, 0.6774571537971497, 0.572324812412262], [1562.3216552734375, 0.032516732811927795, -1.27989661693573, -0.30255356431007385, 0.033482491970062256], [1453.214111328125, -0.47851988673210144, -1.2445435523986816, -0.14157314598560333, -0.169638991355896], [1598.1329345703125, 0.35023343563079834, -0.45972082018852234, 0.31597721576690674, 0.39227673411369324], [1285.3260498046875, -0.5266290307044983, -1.2006248235702515, -1.0366114377975464, -0.383152574300766], [1456.9234619140625, 0.18105006217956543, -1.403948426246643, -0.17297351360321045, 0.23050282895565033], [1614.6474609375, 0.0615641251206398, -0.1886071264743805, 0.03048386611044407, 0.215378075838089], [1711.7020263671875, 0.4806821346282959, -0.2819603383541107, 0.04573274776339531, 0.4760827124118805], [1368.4344482421875, -0.12273157387971878, -1.2382248640060425, -0.40102332830429077, -0.3512840270996094]], "ep_logprobs": [[-13.470969200134277, -18.121856689453125, -6.365394115447998, -6.265110492706299, -6.715298175811768, -9.106709480285645, -6.29721212387085, -7.217353820800781, -9.042092323303223, -7.3079328536987305], [-13.905816078186035, -26.293596267700195, -14.885086059570312, -7.3741888999938965, -15.271383285522461, -9.831791877746582, -7.398263931274414, -15.650876998901367, -17.483291625976562, -8.262283325195312], [-14.822258949279785, -33.091243743896484, -21.100711822509766, -8.156688690185547, -22.167110443115234, -10.58675479888916, -8.296008110046387, -22.45056915283203, -24.582422256469727, -9.2203950881958], [-15.407937049865723, -39.232513427734375, -27.31256103515625, -9.116066932678223, -27.684885025024414, -11.137165069580078, -9.043803215026855, -28.316781997680664, -30.252391815185547, -9.873655319213867], [-15.851850509643555, -44.03327178955078, -26.104045867919922, -11.21994400024414, -32.23851776123047, -11.745016098022461, -9.538612365722656, -32.86722183227539, -34.71885681152344, -10.397354125976562], [-16.125232696533203, -47.974918365478516, -32.06243133544922, -9.925149917602539, -36.05256271362305, -12.45652961730957, -9.941015243530273, -36.88410186767578, -38.50734329223633, -10.790535926818848], [-16.281064987182617, -50.871673583984375, -33.95112609863281, -10.321453094482422, -39.268375396728516, -12.998368263244629, -10.34306812286377, -40.04685592651367, -41.650596618652344, -11.35312271118164], [-16.328142166137695, -52.979705810546875, -37.299739837646484, -10.685087203979492, -40.99197006225586, -13.2938871383667, -10.658376693725586, -42.49958801269531, -44.15806198120117, -11.539458274841309], [-16.471860885620117, -54.80089569091797, -41.710845947265625, -11.00332260131836, -43.603858947753906, -13.7902250289917, -10.966096878051758, -44.66621780395508, -45.82496643066406, -11.73109245300293], [-16.710899353027344, -56.424129486083984, -39.76411819458008, -11.2503662109375, -45.24671173095703, -13.890379905700684, -11.207962036132812, -46.303218841552734, -47.48369598388672, -11.979736328125], [-16.838409423828125, -57.981632232666016, -44.53491973876953, -11.49421501159668, -46.66054916381836, -13.983637809753418, -11.356903076171875, -47.780128479003906, -48.93566131591797, -12.167047500610352], [-16.526670455932617, -58.84051513671875, -43.28887176513672, -13.310184478759766, -47.87325668334961, -14.128801345825195, -12.182289123535156, -48.92544937133789, -49.93892288208008, -12.279021263122559], [-16.281015396118164, -59.708431243896484, -44.18111038208008, -11.757556915283203, -48.78371047973633, -13.989202499389648, -11.809534072875977, -49.70179748535156, -50.7916259765625, -12.386003494262695], [-16.317541122436523, -60.81793975830078, -46.255226135253906, -12.270225524902344, -48.19837951660156, -14.045005798339844, -14.48748779296875, -50.25991439819336, -51.71527099609375, -12.434930801391602], [-16.37936782836914, -61.227699279785156, -43.975433349609375, -11.962671279907227, -50.19547653198242, -13.927940368652344, -12.227121353149414, -50.77198791503906, -52.29475021362305, -12.456798553466797], [-16.243772506713867, -61.13277816772461, -31.28481674194336, -12.095595359802246, -50.57965850830078, -14.1831693649292, -11.81458854675293, -51.17007827758789, -52.81159210205078, -12.555119514465332], [-16.224979400634766, -61.772850036621094, -34.750640869140625, -12.170476913452148, -51.020973205566406, -14.357878684997559, -12.131303787231445, -51.56673049926758, -53.05726623535156, -12.440950393676758], [-15.854467391967773, -61.814491271972656, -39.42094802856445, -12.28969669342041, -51.29414749145508, -14.381720542907715, -11.828468322753906, -52.06438064575195, -53.40806198120117, -12.535804748535156], [-15.694510459899902, -61.83808135986328, -38.25520706176758, -13.355047225952148, -51.78855895996094, -14.55380630493164, -12.053983688354492, -52.58625411987305, -53.58914566040039, -12.532686233520508], [-15.586188316345215, -61.849334716796875, -35.70573425292969, -13.231201171875, -52.076324462890625, -14.912325859069824, -12.36618423461914, -52.750083923339844, -53.5654411315918, -13.348876953125], [-15.649238586425781, -61.85816955566406, -26.2105770111084, -12.517629623413086, -50.925926208496094, -14.890926361083984, -12.222993850708008, -52.83828353881836, -53.49338912963867, -12.514680862426758], [-15.450199127197266, -62.20252990722656, -34.50119400024414, -12.498659133911133, -52.46105194091797, -15.032636642456055, -12.26475715637207, -52.93856430053711, -53.52250289916992, -12.536893844604492], [-15.36544132232666, -62.35076904296875, -24.71295738220215, -12.647196769714355, -52.487422943115234, -14.860729217529297, -12.372537612915039, -53.08854293823242, -53.61384582519531, -12.883338928222656], [-15.092392921447754, -62.48342514038086, -24.019596099853516, -12.965017318725586, -50.90470886230469, -14.840570449829102, -14.563961029052734, -52.98018264770508, -53.806976318359375, -16.162220001220703], [-15.074758529663086, -62.732208251953125, -24.812803268432617, -16.33441925048828, -52.70771408081055, -15.04932975769043, -15.370067596435547, -53.04926300048828, -53.88414001464844, -16.748191833496094], [-15.217811584472656, -62.65678405761719, -24.94533920288086, -13.321584701538086, -51.72762680053711, -14.822208404541016, -15.164083480834961, -53.232940673828125, -54.19869613647461, -14.990734100341797], [-15.35446834564209, -62.63639450073242, -26.46279525756836, -13.922636032104492, -52.82473373413086, -14.813698768615723, -14.921772956848145, -53.11243438720703, -54.438541412353516, -15.3930082321167], [-15.328177452087402, -62.97739791870117, -28.57461166381836, -15.67883586883545, -52.63442611694336, -14.840570449829102, -13.898443222045898, -52.99446487426758, -54.47768020629883, -15.875906944274902], [-15.246639251708984, -62.482948303222656, -29.987754821777344, -14.61777114868164, -52.4478645324707, -14.791367530822754, -13.049507141113281, -52.971561431884766, -54.50758361816406, -16.274394989013672], [-15.124856948852539, -62.41611862182617, -30.96121597290039, -16.708099365234375, -52.92355728149414, -14.948423385620117, -17.251283645629883, -52.937583923339844, -54.59183883666992, -16.126861572265625], [-15.313515663146973, -62.17818832397461, -28.14874839782715, -16.66132354736328, -52.2974853515625, -14.835783004760742, -15.64714241027832, -52.852840423583984, -54.43914031982422, -16.47991371154785], [-15.223321914672852, -61.7041015625, -31.404064178466797, -15.651609420776367, -53.32876968383789, -15.059483528137207, -15.193140029907227, -52.98704147338867, -54.53126907348633, -14.737871170043945], [-15.289052963256836, -61.59907150268555, -29.101699829101562, -15.439956665039062, -52.610137939453125, -15.192550659179688, -13.823678970336914, -52.978965759277344, -54.79563903808594, -13.759950637817383], [-15.377279281616211, -61.479679107666016, -24.285076141357422, -16.36001968383789, -50.76570129394531, 