{"eps": {"object_position": [[0.11420578509569168, 0.16183729469776154], [-0.10312916338443756, 0.11618226766586304], [-0.1364295333623886, 0.24323591589927673], [0.20468667149543762, 0.1072259247303009], [0.026665613055229187, 0.17787489295005798]], "object_rotation": [2.9028334617614746, 1.5510512590408325, 0.3973662555217743, 1.0626368522644043, 2.051933526992798], "distractor_position": [0.07721248269081116, -0.21461841464042664, -0.4807552099227905, -0.27638036012649536, -1.4497201442718506]}, "eps_trace": {"object_position": [[[0.04556615278124809, 0.13065779209136963], [-0.007023244630545378, 0.03748876228928566], [0.09675858169794083, -0.12002982199192047], [-0.0034701451659202576, -0.07662975788116455], [0.043202467262744904, -0.049526095390319824]], [[0.04556615278124809, 0.13065779209136963], [-0.007023244630545378, 0.03748876228928566], [0.1570059061050415, -0.028501711785793304], [-0.19356220960617065, -0.0655088946223259], [0.043202467262744904, -0.049526095390319824]], [[0.04556615278124809, 0.13065779209136963], [-0.0602404959499836, -0.09634089469909668], [0.1570059061050415, -0.028501711785793304], [0.1811278760433197, -0.016640886664390564], [0.043202467262744904, -0.049526095390319824]], [[0.04556615278124809, 0.13065779209136963], [-0.0602404959499836, -0.09634089469909668], [-0.08004350960254669, 0.20261898636817932], [0.2382565140724182, -0.048222124576568604], [0.043202467262744904, -0.049526095390319824]], [[0.04556615278124809, 0.13065779209136963], [-0.0602404959499836, -0.09634089469909668], [-0.18910938501358032, 0.19181247055530548], [0.2382565140724182, -0.048222124576568604], [-0.010958906263113022, 0.025348350405693054]], [[0.04556615278124809, 0.13065779209136963], [-0.0602404959499836, -0.09634089469909668], [-0.18910938501358032, 0.19181247055530548], [0.11040076613426208, -0.10628101229667664], [-0.010958906263113022, 0.025348350405693054]], [[0.02025068737566471, 0.1478574275970459], [-0.0602404959499836, -0.09634089469909668], [-0.218191996216774, 0.2671714425086975], [0.07455392926931381, -0.04213356971740723], [-0.010958906263113022, 0.025348350405693054]], [[0.02025068737566471, 0.1478574275970459], [-0.028719540685415268, -0.12689389288425446], [-0.218191996216774, 0.2671714425086975], [0.07455392926931381, -0.04213356971740723], [0.13487191498279572, -0.04348353296518326]], [[-0.13075244426727295, 0.031122229993343353], [-0.028719540685415268, -0.12689389288425446], [-0.218191996216774, 0.2671714425086975], [0.07455392926931381, -0.04213356971740723], [-0.03285945951938629, -0.07096683979034424]], [[-0.11844227463006973, -0.05655617266893387], [-0.028719540685415268, -0.12689389288425446], [-0.218191996216774, 0.2671714425086975], [0.07455392926931381, -0.04213356971740723], [0.09469765424728394, 0.006400279700756073]], [[-0.11844227463006973, -0.05655617266893387], [-0.041192203760147095, -0.1560271680355072], [-0.218191996216774, 0.2671714425086975], [0.031996484845876694, 0.04071564972400665], [0.1190706193447113, 0.1795113980770111]], [[-0.03930246829986572, -0.04018814116716385], [-0.0909186527132988, -0.13413362205028534], [-0.218191996216774, 0.2671714425086975], [0.04868707433342934, 0.12828311324119568], [0.14194974303245544, 0.1670767068862915]], [[-0.05600954592227936, 0.14560654759407043], [0.11583194881677628, -0.041392385959625244], [-0.218191996216774, 0.2671714425086975], [0.04868707433342934, 0.12828311324119568], [0.14194974303245544, 0.1670767068862915]], [[-0.07473228126764297, 0.11101657152175903], [0.11583194881677628, -0.041392385959625244], [-0.218191996216774, 0.2671714425086975], [-0.03402545675635338, -0.08273465931415558], [0.02335003763437271, 0.14915065467357635]], [[-0.07473228126764297, 0.11101657152175903], [0.11583194881677628, -0.041392385959625244], [-0.20797601342201233, 0.24533697962760925], [-0.03402545675635338, -0.08273465931415558], [0.02335003763437271, 0.14915065467357635]], [[-0.007820472121238708, 0.036072567105293274], [0.11583194881677628, -0.041392385959625244], [-0.24839915335178375, 0.18307249248027802], [0.20468667149543762, 0.1072259247303009], [0.02335003763437271, 0.14915065467357635]], [[-0.007820472121238708, 0.036072567105293274], [0.048906028270721436, -0.13169388473033905], [-0.3155757784843445, 0.06707780808210373], [0.20468667149543762, 0.1072259247303009], [0.02335003763437271, 0.14915065467357635]], [[-0.007820472121238708, 0.036072567105293274], [0.10399562865495682, 0.05863744020462036], [-0.3155757784843445, 0.06707780808210373], [0.20468667149543762, 0.1072259247303009], [0.0015153121203184128, 0.08957793563604355]], [[-0.007820472121238708, 0.036072567105293274], [0.10399562865495682, 0.05863744020462036], [-0.3155757784843445, 0.06707780808210373], [0.20468667149543762, 0.1072259247303009], [-0.0514090359210968, 0.24368801712989807]], [[-0.007820472121238708, 0.036072567105293274], [-0.13370856642723083, 0.08037657290697098], [-0.3155757784843445, 0.06707780808210373], [0.20468667149543762, 0.1072259247303009], [-0.0514090359210968, 0.24368801712989807]], [[-0.007820472121238708, 0.036072567105293274], [-0.13370856642723083, 0.08037657290697098], [-0.3155757784843445, 0.06707780808210373], [0.20468667149543762, 0.1072259247303009], [-0.11478206515312195, 0.10204769670963287]], [[0.098766028881073, -0.06153327226638794], [0.06502610445022583, 0.053046293556690216], [-0.3155757784843445, 0.06707780808210373], [0.20468667149543762, 0.1072259247303009], [-0.11478206515312195, 0.10204769670963287]], [[0.098766028881073, -0.06153327226638794], [-0.02089739590883255, 0.08466668426990509], [-0.1364295333623886, 0.24323591589927673], [0.20468667149543762, 0.1072259247303009], [-0.11478206515312195, 0.10204769670963287]], [[0.11420578509569168, 0.16183729469776154], [-0.08900157362222672, -0.012588277459144592], [-0.1364295333623886, 0.24323591589927673], [0.20468667149543762, 0.1072259247303009], [-0.11478206515312195, 0.10204769670963287]], [[0.11420578509569168, 0.16183729469776154], [-0.10312916338443756, 0.11618226766586304], [-0.1364295333623886, 0.24323591589927673], [0.20468667149543762, 0.1072259247303009], [0.026665613055229187, 0.17787489295005798]]],