{"eps": {"object_position": [[-0.09339457750320435, 0.20389536023139954], [-0.0912928432226181, 0.01615244150161743], [-0.12482015043497086, 0.24137622117996216], [-0.07215564697980881, 0.14285048842430115], [0.026665613055229187, 0.17787489295005798]], "object_rotation": [2.52095890045166, 1.6806966066360474, 0.48378780484199524, 1.4060029983520508, 2.0523533821105957], "distractor_position": [0.305844783782959, -0.16626757383346558, -0.4767102599143982, 0.2500137686729431, -1.4497201442718506]}, "eps_trace": {"object_position": [[[0.04556615278124809, 0.13065779209136963], [-0.007023244630545378, 0.03748876228928566], [0.09675858169794083, -0.12002982199192047], [-0.0034701451659202576, -0.07662975788116455], [0.043202467262744904, -0.049526095390319824]], [[0.04556615278124809, 0.13065779209136963], [-0.007023244630545378, 0.03748876228928566], [0.1570059061050415, -0.028501711785793304], [-0.19356220960617065, -0.0655088946223259], [0.043202467262744904, -0.049526095390319824]], [[0.04556615278124809, 0.13065779209136963], [-0.0602404959499836, -0.09634089469909668], [0.1570059061050415, -0.028501711785793304], [0.1811278760433197, -0.016640886664390564], [0.043202467262744904, -0.049526095390319824]], [[0.04556615278124809, 0.13065779209136963], [-0.0602404959499836, -0.09634089469909668], [-0.08004350960254669, 0.20261898636817932], [0.2382565140724182, -0.048222124576568604], [0.043202467262744904, -0.049526095390319824]], [[0.04556615278124809, 0.13065779209136963], [-0.0602404959499836, -0.09634089469909668], [-0.18910938501358032, 0.19181247055530548], [0.2382565140724182, -0.048222124576568604], [-0.010958906263113022, 0.025348350405693054]], [[0.04556615278124809, 0.13065779209136963], [-0.0602404959499836, -0.09634089469909668], [-0.18910938501358032, 0.19181247055530548], [0.11040076613426208, -0.10628101229667664], [-0.010958906263113022, 0.025348350405693054]], [[0.02025068737566471, 0.1478574275970459], [-0.0602404959499836, -0.09634089469909668], [-0.218191996216774, 0.2671714425086975], [0.07455392926931381, -0.04213356971740723], [-0.010958906263113022, 0.025348350405693054]], [[0.08021637052297592, 0.10643572360277176], [-0.028719540685415268, -0.12689389288425446], [-0.218191996216774, 0.2671714425086975], [0.07455392926931381, -0.04213356971740723], [0.13487191498279572, -0.04348353296518326]], [[0.08021637052297592, 0.10643572360277176], [-0.028719540685415268, -0.12689389288425446], [-0.218191996216774, 0.2671714425086975], [0.07455392926931381, -0.04213356971740723], [-0.03285945951938629, -0.07096683979034424]], [[0.09252654016017914, 0.018757320940494537], [-0.028719540685415268, -0.12689389288425446], [-0.218191996216774, 0.2671714425086975], [0.07455392926931381, -0.04213356971740723], [0.09469765424728394, 0.006400279700756073]], [[-0.11979953944683075, 0.16179165244102478], [-0.041192203760147095, -0.1560271680355072], [-0.218191996216774, 0.2671714425086975], [0.031996484845876694, 0.04071564972400665], [0.1190706193447113, 0.1795113980770111]], [[-0.04065973311662674, 0.1781596839427948], [-0.0909186527132988, -0.13413362205028534], [-0.12474513798952103, 0.3147251307964325], [0.04868707433342934, 0.12828311324119568], [0.14194974303245544, 0.1670767068862915]], [[-0.04065973311662674, 0.1781596839427948], [0.11583194881677628, -0.041392385959625244], [-0.12474513798952103, 0.3147251307964325], [0.04868707433342934, 0.12828311324119568], [0.14194974303245544, 0.1670767068862915]], [[-0.059382468461990356, 0.1435697078704834], [0.11583194881677628, -0.041392385959625244], [-0.12474513798952103, 0.3147251307964325], [-0.03402545675635338, -0.08273465931415558], [0.02335003763437271, 0.14915065467357635]], [[-0.059382468461990356, 0.1435697078704834], [0.11583194881677628, -0.041392385959625244], [-0.11452914774417877, 0.29289066791534424], [-0.03402545675635338, -0.08273465931415558], [0.02335003763437271, 0.14915065467357635]], [[0.00752934068441391, 0.06862570345401764], [0.11583194881677628, -0.041392385959625244], [-0.1549522876739502, 0.230626180768013], [-0.03402545675635338, -0.08273465931415558], [0.02335003763437271, 0.14915065467357635]], [[0.03764570504426956, 0.09317982196807861], [0.11583194881677628, -0.041392385959625244], [-0.22212891280651093, 0.11463149636983871], [-0.03402545675635338, -0.08273465931415558], [0.02335003763437271, 0.14915065467357635]], [[0.03764570504426956, 0.09317982196807861], [0.11583194881677628, -0.041392385959625244], [-0.22212891280651093, 0.11463149636983871], [0.16526679694652557, -0.07814545184373856], [0.0015153121203184128, 0.08957793563604355]], [[-0.10883433371782303, -0.019475214183330536], [0.11583194881677628, -0.041392385959625244], [-0.22212891280651093, 0.11463149636983871], [0.07017066329717636, 0.13698142766952515], [-0.0514090359210968, 0.24368801712989807]], [[-0.10883433371782303, -0.019475214183330536], [-0.12187223881483078, -0.019653255119919777], [-0.22212891280651093, 0.11463149636983871], [-0.026208877563476562, 0.21998290717601776], [-0.0514090359210968, 0.24368801712989807]], [[-0.10883433371782303, -0.019475214183330536], [-0.12187223881483078, -0.019653255119919777], [-0.22212891280651093, 0.11463149636983871], [0.09528984129428864, 0.09496006369590759], [-0.11478206515312195, 0.10204769670963287]], [[-0.10883433371782303, -0.019475214183330536], [0.07686243206262589, -0.04698353260755539], [-0.2443847954273224, 0.1619049608707428], [-0.1162506639957428, 0.16220754384994507], [-0.11478206515312195, 0.10204769670963287]], [[-0.10883433371782303, -0.019475214183330536], [-0.009061068296432495, -0.015363145619630814], [-0.2443847954273224, 0.1619049608707428], [-0.07215564697980881, 0.14285048842430115], [-0.11478206515312195, 0.10204769670963287]], [[-0.09339457750320435, 0.20389536023139954], [-0.07716524600982666, -0.1126181036233902], [-0.2443847954273224, 0.1619049608707428], [-0.07215564697980881, 0.14285048842430115], [-0.11478206515312195, 0.10204769670963287]], [[-0.09339457750320435, 0.20389536023139954], [-0.0912928432226181, 0.01615244150161743], [-0.12482015043497086, 0.24137622117996216], [-0.07215564697980881, 0.14285048842430115], [0.026665613055229187, 0.17787489295005798]]],