{"eps": {"object_position": [[0.003919089213013649, 0.002264381619170308], [0.0017737483140081167, -0.00761791318655014], [-0.009925450198352337, -0.008232311345636845], [0.0018924659816548228, -0.0016961207147687674], [0.0013294635573402047, -0.004841219168156385]], "object_rotation": [1.361795425415039, 0.9802244901657104, 2.7367630004882812, 1.1167755126953125, 0.9524064660072327], "distractor_position": [-1.1781501770019531, 0.04467464238405228, -1.0701903104782104, -1.3764069080352783, -0.8407835364341736]}, "eps_trace": {"object_position": [[[0.04534270614385605, 0.00224272720515728], [-0.018721824511885643, -0.07277806103229523], [-0.11196618527173996, -0.028787288814783096], [0.03445831686258316, -0.03968730941414833], [-0.019478820264339447, -0.02904539555311203]], [[0.04077966511249542, 0.002167219528928399], [-0.016739115118980408, -0.0657234713435173], [-0.09193949401378632, 0.005062174052000046], [0.031031686812639236, -0.03560277074575424], [-0.017545120790600777, -0.026219330728054047]], [[0.036890432238578796, 0.002171897329390049], [-0.01488084439188242, -0.059667203575372696], [-0.08292738348245621, 0.003349551698192954], [0.027909819036722183, -0.031985584646463394], [-0.01583576388657093, -0.023573655635118484]], [[0.03230375424027443, -0.00040974607691168785], [-0.01329286303371191, -0.05411778762936592], [-0.07485873997211456, 0.0021352218464016914], [0.025091638788580894, -0.028734158724546432], [-0.014336006715893745, -0.02133161574602127]], [[0.029185831546783447, -0.00014906763681210577], [-0.01149018295109272, -0.048978041857481], [-0.06738956272602081, 0.0009170417906716466], [0.02253780886530876, -0.025741394609212875], [-0.01292175892740488, -0.019274286925792694]], [[0.026288354769349098, 9.039956785272807e-05], [-0.010207511484622955, -0.04432075098156929], [-0.06067415326833725, -0.00013132498133927584], [0.020219644531607628, -0.02305273711681366], [-0.011697396636009216, -0.017482291907072067]], [[0.023649152368307114, 0.00027965271146968007], [-0.00890908669680357, -0.04016024246811867], [-0.05446851998567581, 0.00019911216804757714], [0.018108438700437546, -0.020557153970003128], [-0.010573901236057281, -0.01584276743233204]], [[0.021265126764774323, 0.00046696560457348824], [-0.007829411886632442, -0.03643836826086044], [-0.04915230721235275, -0.00020816430333070457], [0.016290754079818726, -0.01839582435786724], [-0.009591641835868359, -0.014369357377290726]], [[0.019115585833787918, 0.0006377354729920626], [-0.006831923965364695, -0.033081766217947006], [-0.044378556311130524, -0.0005426015704870224], [0.014622539281845093, -0.016500791534781456], [-0.0087602399289608, -0.0130351847037673]], [[0.017267143353819847, 0.0008064074791036546], [-0.005867857486009598, -0.0301135815680027], [-0.040543537586927414, 0.0008323807269334793], [0.01305827684700489, -0.014910436235368252], [-0.007976937107741833, -0.011752186343073845]], [[0.01558251678943634, 0.0008636932470835745], [-0.0043791732750833035, -0.027661990374326706], [-0.036164540797472, 0.0010305136675015092], [0.011628912761807442, -0.013633321970701218], [-0.007181560155004263, -0.010639260523021221]], [[0.014021230861544609, 0.0007428276003338397], [-0.0032155835069715977, -0.025305284187197685], [-0.0330718494951725, -0.0011258205631747842], [0.01034197211265564, -0.012418284080922604], [0.00557636609300971, -0.01855297014117241]], [[0.01267104409635067, 0.0009923704201355577], [-0.0025317261461168528, -0.023043319582939148], [-0.03002951294183731, -0.001861602533608675], [0.009187916293740273, -0.011240114457905293], [0.004945139400660992, -0.016769777983427048]], [[0.011486279778182507, 0.0012947942595928907], [-0.002069667214527726, -0.021012838929891586], [-0.027305305004119873, -0.0025216122157871723], [0.008162210695445538, -0.010168420150876045], [0.004463474731892347, -0.015017028898000717]], [[0.010824352502822876, 0.0025413569528609514], [-0.001593880821019411, -0.01909436471760273], [-0.024852663278579712, -0.0030981728341430426], [0.007211252581328154, -0.008991052396595478], [0.00405132956802845, -0.013443432748317719]], [[0.009777838364243507, 0.0024294457398355007], [-0.0011645059566944838, -0.016493022441864014], [-0.022644642740488052, -0.0035986455623060465], [0.006383493542671204, -0.008093678392469883], [0.003643597476184368, -0.012213442474603653]], [[0.008822772651910782, 0.0023354312870651484], [-0.00024702324299141765, -0.01517738401889801], [-0.020665500313043594, -0.003988557029515505], [0.005637528840452433, -0.007213967386633158], [0.003266876330599189, -0.011044468730688095]], [[0.008036683313548565, 0.0028758267872035503], [0.00012620724737644196, -0.013986372388899326], [-0.018922051414847374, -0.004669502377510071], [0.004968690685927868, -0.006394348107278347], [0.0028660453390330076, -0.009929479099810123]], [[0.007225614041090012, 0.0027516835834831], [0.000522024929523468, -0.012934193946421146], [-0.016769155859947205, -0.0041481973603367805], [0.004473942331969738, -0.005765045061707497], [0.002574620535597205, -0.008959639817476273]], [[0.0063457190990448, 0.0019253932405263186], [0.0007020952762104571, -0.011896929703652859], [-0.015088707208633423, -0.004792402498424053], [0.003948110621422529, -0.0049623665399849415], [0.002306608948856592, -0.008088713511824608]], [[0.005766826681792736, 0.001990285236388445], [0.0009026865009218454, -0.011064227670431137], [-0.013562497682869434, -0.0053175357170403], [0.003494428703561425, -0.004236169625073671], [0.0020707964431494474, -0.007300226017832756]], [[0.005236260127276182, 0.0020642681047320366], [0.001209885929711163, -0.010163950733840466], [-0.012210921384394169, -0.005833584815263748], [0.0031160516664385796, -0.0035189585760235786], [0.001851723762229085, -0.006575827952474356]], [[0.004750645253807306, 0.0021318108774721622], [0.0015850249910727143, -0.009191473945975304], [-0.011267073452472687, -0.007374193519353867], [0.0026632838416844606, -0.0028546866960823536], [0.0016430559335276484, -0.005929466336965561]], [[0.004313061945140362, 0.0021989920642226934], [0.0016227065352723002, -0.008294576779007912], [-0.010595930740237236, -0.0073782592080533504], [0.0022635648492723703, -0.0022480525076389313], [0.0014864893164485693, -0.005379879381507635]], [[0.003919089213013649, 0.002264381619170308], [0.0017737483140081167, -0.00761791318655014], [-0.009925450198352337, -0.008232311345636845], [0.0018924659816548228, -0.0016961207147687674], [0.0013294635573402047, -0.004841219168156385]]],