{"eps": {"object_position": [[-0.03101656399667263, 0.0003396559623070061], [-0.01400732435286045, -0.0007485025562345982], [0.0003815869858954102, 6.407295586541295e-06], [0.0007547566201537848, 0.0041973646730184555], [0.0023919048253446817, 0.0007997197099030018]], "object_rotation": [2.3287036418914795, 0.49695467948913574, 2.022578477859497, 1.3486227989196777, 2.2304279804229736], "distractor_position": [-0.5556471347808838, -0.549595296382904, -1.3979721069335938, -0.5895025134086609, -0.44502681493759155]}, "eps_trace": {"object_position": [[[-0.23086188733577728, 0.003025997895747423], [-0.07810714095830917, 0.0810275748372078], [0.0025628069415688515, 0.02079317346215248], [0.05153274908661842, 0.10072627663612366], [-0.12269333750009537, -0.013717126101255417]], [[-0.18089859187602997, 0.0012820808915421367], [-0.0427585169672966, 0.04567347466945648], [0.00043780155829153955, -0.001824892358854413], [0.032073725014925, 0.05509626120328903], [-0.07310225069522858, -0.008406908251345158]], [[-0.13097962737083435, -0.0011573053197935224], [-0.008546339347958565, 0.009290758520364761], [0.00049751898040995, 6.510037928819656e-05], [0.0065457080490887165, 0.01231954526156187], [-0.02392803132534027, 0.000501681468449533]], [[-0.08098951727151871, -0.0005502505227923393], [-0.002678594086319208, -0.004136290401220322], [0.0005217657308094203, 7.401546463370323e-05], [0.0012926638592034578, 0.002044226974248886], [0.0004899210762232542, 0.0025521726347506046]], [[-0.03101656399667263, 0.0003396559623070061], [-0.01400732435286045, -0.0007485025562345982], [0.0003815869858954102, 6.407295586541295e-06], [0.0007547566201537848, 0.0041973646730184555], [0.0023919048253446817, 0.0007997197099030018]]], "object_rotation": [[2.528644561767578, 0.29971104860305786, 2.190685272216797, 1.2720947265625, 2.430365562438965], [2.4786570072174072, 0.34970468282699585, 2.1430954933166504, 1.2911956310272217, 2.3803789615631104], [2.4286715984344482, 0.3996984660625458, 2.1000816822052, 1.312292456626892, 2.330392599105835], [2.3786864280700684, 0.44968825578689575, 2.059779167175293, 1.3388934135437012, 2.2804086208343506], [2.3287036418914795, 0.49695467948913574, 2.022578477859497, 1.3486227989196777, 2.2304279804229736]], "distractor_position": [[-0.6502532362937927, -0.7023980021476746, -1.5979658365249634, -0.6914721727371216, -0.4087279438972473], [-0.6225898861885071, -0.6626399159431458, -1.5479670763015747, -0.6629891991615295, -0.43583944439888], [-0.5948446989059448, -0.6355217695236206, -1.4979684352874756, -0.6410766243934631, -0.447518914937973], [-0.5761840343475342, -0.5921176671981812, -1.4479702711105347, -0.6079894304275513, -0.44971221685409546], [-0.5556471347808838, -0.549595296382904, -1.3979721069335938, -0.5895025134086609, -0.44502681493759155]]}, "object_type": "mug", "L": 1.0, "failure_level": 0.2, "dp_logprior_scale": 1.0, "dp_mcmc_step_size": 0.01, "ep_mcmc_step_size": 0.01, "num_rounds": 5, "num_steps_per_round": 5, "num_chains": 5, "use_gradients": true, "use_stochasticity": false, "repair": true, "predict": true, "quench_rounds": 0, "tempering_schedule": null, "ep_logprobs": [[-33.93568801879883, -32.11617660522461, -33.23417282104492, -30.844852447509766, -31.822267532348633], [-32.823036193847656, -31.480365753173828, -32.95407485961914, -30.403120040893555, -31.27218246459961], [-31.95020866394043, -31.1799259185791, -32.71065139770508, -30.228065490722656, -30.94901466369629], [-31.342758178710938, -31.44536018371582, -32.482173919677734, -30.548748016357422, -30.847532272338867], [-30.996606826782227, -31.02739715576172, -32.27000045776367, -30.54050064086914, -30.788419723510742]], "dp_logprobs": [[-0.7827680706977844, -0.7827680706977844, -0.7827680706977844, -0.7827680706977844, -0.7827680706977844], [-0.7710275053977966, -0.7710275053977966, -0.7710275053977966, -0.7710275053977966, -0.7710275053977966], [-0.7717227935791016, -0.7717224359512329, -0.7717227935791016, -0.7717468738555908, -0.7717227935791016], [-0.8773786425590515, -0.8773798942565918, -0.8773786425590515, -0.8773441910743713, -0.8773786425590515], [-0.7784740924835205, -0.7784730195999146, -0.7784765362739563, -0.7791065573692322, -0.7784740924835205]]}