{"eps": {"object_position": [[-0.26024216413497925, 0.003522559069097042], [-0.10935308784246445, 0.10966308414936066], [0.003656807355582714, 0.0641244426369667], [0.07062134891748428, 0.14134766161441803], [-0.1646220088005066, -0.012333151884377003]], "object_rotation": [2.576434373855591, 0.2697787582874298, 2.2389891147613525, 1.2469350099563599, 2.4797723293304443], "distractor_position": [-0.6873263120651245, -0.7255436182022095, -1.6431713104248047, -0.7104461789131165, -0.38883334398269653]}, "eps_trace": {"object_position": [[[-0.2739022672176361, 0.0012988209491595626], [-0.11366819590330124, 0.1147143542766571], [0.006852050311863422, 0.07040850818157196], [0.07225894927978516, 0.14516061544418335], [-0.16833384335041046, -0.014841419644653797]], [[-0.2654007375240326, 0.002636337885633111], [-0.11303578317165375, 0.11491967737674713], [0.005524535197764635, 0.0692436695098877], [0.07169491797685623, 0.1437419056892395], [-0.1674220710992813, -0.014133349061012268]], [[-0.26488804817199707, 0.003387588309124112], [-0.11060682684183121, 0.11418861150741577], [0.004502797964960337, 0.06890824437141418], [0.07092271745204926, 0.14234717190265656], [-0.16588705778121948, -0.013704783283174038]], [[-0.26306238770484924, 0.0023783582728356123], [-0.10863857716321945, 0.11162134259939194], [0.00373877608217299, 0.0665738508105278], [0.07106360048055649, 0.14220461249351501], [-0.16499243676662445, -0.011868881992995739]], [[-0.26024216413497925, 0.003522559069097042], [-0.10935308784246445, 0.10966308414936066], [0.003656807355582714, 0.0641244426369667], [0.07062134891748428, 0.14134766161441803], [-0.1646220088005066, -0.012333151884377003]]], "object_rotation": [[2.5798516273498535, 0.26626381278038025, 2.2404019832611084, 1.250472068786621, 2.4786555767059326], [2.576270341873169, 0.2672264873981476, 2.2384142875671387, 1.2475354671478271, 2.478207588195801], [2.576517105102539, 0.2677144706249237, 2.238757610321045, 1.2469950914382935, 2.4793949127197266], [2.5773324966430664, 0.2691134810447693, 2.237982749938965, 1.2471985816955566, 2.479163408279419], [2.576434373855591, 0.2697787582874298, 2.2389891147613525, 1.2469350099563599, 2.4797723293304443]], "distractor_position": [[-0.686576247215271, -0.7257983684539795, -1.6456183195114136, -0.712461531162262, -0.3906118869781494], [-0.6881207227706909, -0.7259756922721863, -1.6446574926376343, -0.7123042345046997, -0.38954591751098633], [-0.6877686977386475, -0.7263266444206238, -1.6443499326705933, -0.7104383111000061, -0.39040422439575195], [-0.6863709688186646, -0.7260905504226685, -1.6428145170211792, -0.7100594639778137, -0.388826847076416], [-0.6873263120651245, -0.7255436182022095, -1.6431713104248047, -0.7104461789131165, -0.38883334398269653]]}, "object_type": "mug", "L": 1.0, "failure_level": 0.2, "dp_logprior_scale": 1.0, "dp_mcmc_step_size": 0.01, "ep_mcmc_step_size": 0.01, "num_rounds": 5, "num_steps_per_round": 5, "num_chains": 5, "use_gradients": true, "use_stochasticity": true, "repair": true, "predict": true, "quench_rounds": 0, "tempering_schedule": null, "ep_logprobs": [[-35.08383560180664, -33.26356887817383, -33.73130798339844, -31.9046630859375, -32.453025817871094], [-34.89297866821289, -33.25691223144531, -33.715667724609375, -31.764371871948242, -32.447566986083984], [-34.877906799316406, -33.22348403930664, -33.711822509765625, -31.867834091186523, -32.44102096557617], [-34.83272171020508, -33.17207717895508, -33.686275482177734, -31.86531639099121, -32.42538070678711], [-34.756988525390625, -33.15369415283203, -33.67280578613281, -31.88390350341797, -32.42179489135742]], "dp_logprobs": [[-0.8117496967315674, -0.8107744455337524, -0.8116437196731567, -0.811896800994873, -0.8116026520729065], [-0.8193552494049072, -0.8188298940658569, -0.8186882734298706, -0.8189281821250916, -0.8187951445579529], [-0.8327621817588806, -0.8310350775718689, -0.8317816257476807, -0.8325636386871338, -0.8321983814239502], [-0.8030919432640076, -0.8029050827026367, -0.8032863140106201, -0.8036479353904724, -0.8029046058654785], [-0.8023630380630493, -0.8015942573547363, -0.8023769855499268, -0.8033332228660583, -0.8020373582839966]]}