{"trajs": {"trajectories": [[[-0.871056318283081, -0.7646235227584839], [-0.8647001385688782, 0.19846563041210175], [0.21292807161808014, 0.406281977891922]], [[-0.8710997700691223, -0.72816002368927], [-0.8014124631881714, -0.7521899938583374], [0.8220618963241577, 0.33122122287750244]], [[-0.8710772395133972, -0.5346831679344177], [-0.7323743104934692, -0.01093109417706728], [0.47433459758758545, 0.12235640734434128]], [[-0.8711481094360352, -0.3208797574043274], [0.8688483834266663, 0.5127126574516296], [-0.36419227719306946, 0.06654471904039383]], [[-0.8710889220237732, -0.10533981025218964], [-0.08235157281160355, -0.6833210587501526], [0.8954817652702332, 0.6309131979942322]], [[-0.8710775971412659, 0.1054355725646019], [0.2327832281589508, 0.339638352394104], [0.6380400657653809, -0.3247131407260895]], [[-0.8711448907852173, 0.32053595781326294], [0.6649866104125977, -0.637254536151886], [0.9480052590370178, 0.6904359459877014]], [[-0.871113121509552, 0.5347877740859985], [0.31647583842277527, -0.7717510461807251], [0.6885617971420288, -0.0031686145812273026]], [[-0.8710925579071045, 0.7281745076179504], [0.8681693077087402, -0.4263095259666443], [0.03643837198615074, 0.1312257945537567]], [[-0.8710814118385315, 0.764616072177887], [-0.7191316485404968, -0.5923983454704285], [0.8256734013557434, -0.7171198129653931]]]}, "best_eps_idx": 1, "time": 279.8845835821703, "n": 10, "T": 3, "width": 3.2, "height": 3.0, "R": 0.5, "max_wind_thrust": 0.5, "duration": 30.0, "dp_mcmc_step_size": 0.001, "ep_mcmc_step_size": 0.001, "num_rounds": 50, "num_mcmc_steps_per_round": 5, "num_chains": 5, "use_gradients": true, "use_stochasticity": false, "repair": true, "predict": true, "quench_rounds": 5, "tempering_schedule": null}