{"eps": {"object_position": [[-0.0900781974196434, -0.04988282546401024], [0.16581037640571594, -0.1567530632019043], [-0.10064280033111572, -0.1587340235710144], [0.14345726370811462, 0.10459984838962555], [-0.02128344029188156, 0.02882476896047592]], "object_rotation": [1.1153067350387573, 1.1647493839263916, 2.870065212249756, 1.0321370363235474, 0.878798246383667], "distractor_position": [-1.2024922370910645, -0.07863850891590118, -1.1433411836624146, -1.551627278327942, -0.6899410486221313]}, "eps_trace": {"object_position": [[[0.13618089258670807, 0.008871452882885933], [-0.0696311891078949, 0.1026342511177063], [-0.1008092537522316, -0.14089199900627136], [0.011045555584132671, -0.05894017964601517], [0.000290023279376328, 0.03812059760093689]], [[0.05056650936603546, 0.07443126291036606], [-0.05465101823210716, 0.07150240242481232], [0.02179206907749176, -0.07292354106903076], [0.012111976742744446, 0.0067914798855781555], [0.0636567622423172, 0.022563040256500244]], [[0.021164987236261368, 0.029834894463419914], [-0.029622307047247887, -0.011928621679544449], [-0.03199714422225952, -0.06065640598535538], [0.012111976742744446, 0.0067914798855781555], [-0.01065787672996521, -0.07219268381595612]], [[-0.03242718055844307, -0.0450090616941452], [0.06799456477165222, -0.09361367672681808], [-0.1991170346736908, -0.04819180443882942], [0.08935056626796722, 0.14443674683570862], [-0.1319044977426529, 0.005530156195163727]], [[-0.0900781974196434, -0.04988282546401024], [0.16581037640571594, -0.1567530632019043], [-0.10064280033111572, -0.1587340235710144], [0.14345726370811462, 0.10459984838962555], [-0.02128344029188156, 0.02882476896047592]]], "object_rotation": [[1.3933656215667725, 1.0108294486999512, 2.7361583709716797, 0.9327279329299927, 0.8845385313034058], [1.3512349128723145, 1.1068087816238403, 2.872039794921875, 0.8948105573654175, 0.7571675777435303], [1.2830653190612793, 1.2520742416381836, 2.9273977279663086, 0.8948105573654175, 0.7359215021133423], [1.164565920829773, 1.1534546613693237, 2.8946597576141357, 0.8959380388259888, 0.7997951507568359], [1.1153067350387573, 1.1647493839263916, 2.870065212249756, 1.0321370363235474, 0.878798246383667]], "distractor_position": [[-1.252579927444458, 0.0040839542634785175, -1.1730676889419556, -1.5494470596313477, -0.9803076386451721], [-1.1575223207473755, -0.03982877731323242, -1.171626329421997, -1.6688311100006104, -0.945975124835968], [-1.1943014860153198, -0.03966135531663895, -1.2370051145553589, -1.6688311100006104, -0.8210760951042175], [-1.0824743509292603, -0.22080357372760773, -1.231303095817566, -1.642625331878662, -0.6651862263679504], [-1.2024922370910645, -0.07863850891590118, -1.1433411836624146, -1.551627278327942, -0.6899410486221313]]}, "object_type": "mug", "L": 10.0, "failure_level": 0.2, "dp_logprior_scale": 1.0, "dp_mcmc_step_size": 0.001, "ep_mcmc_step_size": 0.001, "num_rounds": 5, "num_steps_per_round": 5, "num_chains": 5, "use_gradients": true, "use_stochasticity": true, "repair": true, "predict": true, "quench_rounds": 0, "tempering_schedule": [0.9816843867301941, 0.9999991655349731, 1.0, 1.0, 1.0], "ep_logprobs": [[-32.64448547363281, -31.604143142700195, -33.22914505004883, -32.754276275634766, -31.400606155395508], [-31.360916137695312, -31.319299697875977, -31.865943908691406, -33.5498161315918, -31.10198211669922], [-30.908876419067383, -30.31890869140625, -32.43195724487305, -32.72165298461914, -31.693256378173828], [-31.479228973388672, -31.183286666870117, -33.42138671875, -34.21115493774414, -30.678909301757812], [-31.68892478942871, -33.35011291503906, -32.15363311767578, -34.41656494140625, -30.82984733581543]], "dp_logprobs": [[-0.4913340210914612, -0.18256014585494995, -0.820970892906189, 0.03354072570800781, 0.27375978231430054], [-1.39764404296875, -0.8039737343788147, -1.2149814367294312, -0.7379443645477295, -0.7762094736099243], [-1.3343051671981812, -0.2393651008605957, -3.16031551361084, -1.1775903701782227, -1.8987253904342651], [-1.1625241041183472, -1.1567423343658447, -1.545938491821289, -1.094037652015686, -0.9064068794250488], [-1.4392385482788086, -1.511309266090393, -1.4708366394042969, -1.6996510028839111, -0.7056402564048767]]}