{"eps": {"object_position": [[-0.040285199880599976, 0.13234621286392212], [-0.09952791780233383, -0.20483830571174622], [0.0084028709679842, -0.03740352764725685], [-0.04234727472066879, -0.0009509250521659851], [0.15166018903255463, 0.008678030222654343]], "object_rotation": [0.854142427444458, 2.5738470554351807, 0.6691662669181824, 2.5419583320617676, 1.6913286447525024], "distractor_position": [-0.6392697691917419, 0.053992241621017456, -0.8452524542808533, 0.432599812746048, -0.410541832447052]}, "eps_trace": {"object_position": [[[-0.17052987217903137, -0.05462808161973953], [-0.1958247721195221, -0.11616340279579163], [-0.017760250717401505, -0.04947909340262413], [-0.13548950850963593, 0.08094846457242966], [0.3069060444831848, -0.013530410826206207]], [[-0.16369637846946716, 0.13820618391036987], [0.0004832819104194641, -0.13809022307395935], [-0.08667345345020294, 0.034250155091285706], [-0.025229662656784058, 0.12400010973215103], [0.1791498064994812, -0.11810668557882309]], [[0.0005197823047637939, 0.09967724978923798], [-0.014832299202680588, -0.16364505887031555], [-0.0421878919005394, 0.019480083137750626], [0.08653447031974792, 0.021324634552001953], [0.1526671051979065, -0.13487444818019867]], [[0.060334332287311554, 0.07242296636104584], [-0.08568798750638962, -0.14324983954429626], [-0.06796696037054062, 0.02354581281542778], [0.08045593649148941, -0.017709881067276], [0.11947411298751831, -0.11885873973369598]], [[-0.040285199880599976, 0.13234621286392212], [-0.09952791780233383, -0.20483830571174622], [0.0084028709679842, -0.03740352764725685], [-0.04234727472066879, -0.0009509250521659851], [0.15166018903255463, 0.008678030222654343]]], "object_rotation": [[0.9736601114273071, 2.3848655223846436, 0.7945101261138916, 2.3920087814331055, 1.3460187911987305], [0.9123463034629822, 2.397169828414917, 0.7026039958000183, 2.421321392059326, 1.5226401090621948], [0.906732976436615, 2.390848159790039, 0.6650823950767517, 2.425070285797119, 1.5967128276824951], [0.9314973950386047, 2.399055242538452, 0.709058403968811, 2.5110790729522705, 1.6919479370117188], [0.854142427444458, 2.5738470554351807, 0.6691662669181824, 2.5419583320617676, 1.6913286447525024]], "distractor_position": [[-0.5597876310348511, 0.2672690451145172, -1.1269402503967285, 0.23909708857536316, -0.3916371464729309], [-0.7222763895988464, 0.3702505826950073, -0.9509140253067017, 0.34610918164253235, -0.4391004145145416], [-0.6605392098426819, 0.2737312614917755, -0.9336018562316895, 0.25670498609542847, -0.448275089263916], [-0.6379798054695129, 0.17399783432483673, -0.7971439957618713, 0.3554455637931824, -0.41467663645744324], [-0.6392697691917419, 0.053992241621017456, -0.8452524542808533, 0.432599812746048, -0.410541832447052]]}, "object_type": "mug", "L": 10.0, "failure_level": 0.2, "dp_logprior_scale": 1.0, "dp_mcmc_step_size": 0.001, "ep_mcmc_step_size": 0.001, "num_rounds": 5, "num_steps_per_round": 5, "num_chains": 5, "use_gradients": true, "use_stochasticity": true, "repair": true, "predict": true, "quench_rounds": 0, "tempering_schedule": [0.9816843867301941, 0.9999991655349731, 1.0, 1.0, 1.0], "ep_logprobs": [[-30.675540924072266, -32.542625427246094, -32.52009582519531, -33.021602630615234, -33.60578155517578], [-31.616132736206055, -30.92068099975586, -30.85232925415039, -33.09064483642578, -32.02445983886719], [-29.419614791870117, -32.43137741088867, -31.008949279785156, -31.221332550048828, -31.7061767578125], [-30.768917083740234, -30.926660537719727, -30.7559814453125, -31.51619529724121, -30.574996948242188], [-30.50896644592285, -32.13827896118164, -31.156118392944336, -31.409465789794922, -31.576068878173828]], "dp_logprobs": [[-1.3136422634124756, -2.0603322982788086, -2.401759147644043, -1.4079058170318604, -1.210592269897461], [-1.9797148704528809, -1.3703396320343018, -2.282125949859619, -0.841812014579773, -0.9197126626968384], [-1.074468731880188, -2.085491895675659, -2.804509401321411, -1.300555944442749, -2.5987918376922607], [-1.4057247638702393, -1.4119586944580078, -3.3492074012756348, -0.9266179203987122, -3.091878652572632], [-1.769102692604065, -1.4666693210601807, -2.602945327758789, -1.4409761428833008, -1.9156279563903809]]}