{"eps": {"object_position": [[0.13431081175804138, 0.20128442347049713], [-0.1730051189661026, 0.0758780911564827], [0.11289077997207642, 0.0032953768968582153], [-0.05771538242697716, 0.060724664479494095], [0.1136387437582016, -0.003030739724636078]], "object_rotation": [2.499396324157715, 1.860817313194275, 0.20542341470718384, 0.8456411361694336, 1.7121076583862305], "distractor_position": [-0.25588634610176086, 0.4190150201320648, -1.2113596200942993, 0.30164361000061035, -1.369268536567688]}, "eps_trace": {"object_position": [[[0.13478770852088928, 0.0817847028374672], [0.07388440519571304, 0.1191064789891243], [0.09898403286933899, -0.026636790484189987], [0.11795972287654877, -0.1344226747751236], [0.12591013312339783, -0.02994358353316784]], [[0.19781596958637238, 0.12160280346870422], [-0.16015824675559998, 0.14149107038974762], [0.023396870121359825, -0.06511470675468445], [-0.02028629183769226, -0.03769154101610184], [0.1351245641708374, -0.04974372684955597]], [[0.1601918339729309, 0.19585666060447693], [-0.21856999397277832, 0.06376206874847412], [-0.03116000071167946, 0.059329867362976074], [-0.1261945366859436, -0.005132535472512245], [0.1650087833404541, 0.0642099678516388]], [[0.12386845797300339, 0.2413119673728943], [-0.2111569046974182, 0.03701586276292801], [0.07927977293729782, 0.046430040150880814], [0.009587280452251434, -0.016447752714157104], [0.16133666038513184, 0.0007267985492944717]], [[0.13431081175804138, 0.20128442347049713], [-0.1730051189661026, 0.0758780911564827], [0.11289077997207642, 0.0032953768968582153], [-0.05771538242697716, 0.060724664479494095], [0.1136387437582016, -0.003030739724636078]]], "object_rotation": [[2.1864821910858154, 1.7074854373931885, 0.16688647866249084, 1.1022931337356567, 1.9146788120269775], [2.3169147968292236, 1.6475999355316162, 0.19235248863697052, 1.0319217443466187, 1.7638435363769531], [2.373847723007202, 1.6152896881103516, 0.17116372287273407, 0.9181630611419678, 1.7319121360778809], [2.4340627193450928, 1.6334843635559082, 0.25931239128112793, 0.8338502645492554, 1.6720032691955566], [2.499396324157715, 1.860817313194275, 0.20542341470718384, 0.8456411361694336, 1.7121076583862305]], "distractor_position": [[-0.16752298176288605, 0.6675796508789062, -1.059941053390503, 0.0514383539557457, -1.313389539718628], [-0.11110848933458328, 0.5259131193161011, -1.115282416343689, 0.2607021927833557, -1.2915104627609253], [-0.15535202622413635, 0.46332332491874695, -1.1598252058029175, 0.45744606852531433, -1.4061381816864014], [-0.3384137749671936, 0.43441319465637207, -1.2072641849517822, 0.3745877146720886, -1.4415353536605835], [-0.25588634610176086, 0.4190150201320648, -1.2113596200942993, 0.30164361000061035, -1.369268536567688]]}, "object_type": "mug", "L": 10.0, "failure_level": 0.2, "dp_logprior_scale": 1.0, "dp_mcmc_step_size": 0.001, "ep_mcmc_step_size": 0.001, "num_rounds": 5, "num_steps_per_round": 5, "num_chains": 5, "use_gradients": true, "use_stochasticity": true, "repair": true, "predict": true, "quench_rounds": 0, "tempering_schedule": [0.9816843867301941, 0.9999991655349731, 1.0, 1.0, 1.0], "ep_logprobs": [[-32.39241027832031, -32.69767379760742, -32.97091293334961, -32.82080078125, -32.495689392089844], [-34.02132034301758, -33.327354431152344, -32.56782913208008, -31.821287155151367, -33.02434158325195], [-34.833412170410156, -34.5637092590332, -32.46004867553711, -33.66109848022461, -34.060115814208984], [-35.09189987182617, -33.54892349243164, -32.74380874633789, -32.09087371826172, -33.5269889831543], [-34.51456832885742, -32.97593688964844, -33.2061882019043, -31.951557159423828, -32.75086212158203]], "dp_logprobs": [[-0.8595506548881531, -0.32822704315185547, -0.5117384195327759, -0.31194013357162476, -0.4097771644592285], [-0.5528101325035095, -0.9864931702613831, -0.5668901205062866, -0.8774273991584778, -0.48030251264572144], [-0.5969078540802002, -0.38957804441452026, -1.3269376754760742, -0.07654136419296265, -0.6301091909408569], [-0.9045318961143494, -0.40504103899002075, -2.8052024841308594, -0.7328227758407593, -1.4401893615722656], [-0.5561534762382507, -0.6904700398445129, -3.0133707523345947, -0.4096393585205078, -0.9118412733078003]]}