{"eps": {"object_position": [[-0.15411558747291565, -0.04600096866488457], [-0.08417000621557236, 0.09026895463466644], [0.20167841017246246, 0.05108405649662018], [-0.07093068212270737, 0.017737161368131638], [-0.11823585629463196, -0.05720236152410507]], "object_rotation": [2.2878596782684326, 0.23879137635231018, 2.375622034072876, 1.223185658454895, 2.5587048530578613], "distractor_position": [-0.5064148306846619, -0.4742964804172516, -1.600090503692627, -0.5450840592384338, -0.5977882146835327]}, "eps_trace": {"object_position": [[[-0.1455971747636795, -0.016213709488511086], [-0.0826454684138298, 0.2165137082338333], [-0.08308413624763489, -0.08782442659139633], [-0.024590667337179184, 0.007959522306919098], [-0.24976655840873718, 0.11430813372135162]], [[-0.1890985667705536, -0.10365524888038635], [-0.02210991643369198, 0.2235574722290039], [-0.11178958415985107, -0.07862626016139984], [-0.08759047091007233, 0.050150442868471146], [-0.2345752865076065, -0.024381259456276894]], [[-0.13814198970794678, -0.034498631954193115], [0.0751732736825943, 0.23313510417938232], [-0.12139604240655899, -0.06777460128068924], [-0.08182621747255325, 0.053375568240880966], [-0.20957142114639282, -0.09926992654800415]], [[-0.1524980217218399, -0.008096251636743546], [-0.04251524433493614, 0.2505248785018921], [0.002542853355407715, -0.00443045049905777], [-0.04360493645071983, 0.10148745030164719], [-0.18688657879829407, -0.022443747147917747]], [[-0.15411558747291565, -0.04600096866488457], [-0.08417000621557236, 0.09026895463466644], [0.20167841017246246, 0.05108405649662018], [-0.07093068212270737, 0.017737161368131638], [-0.11823585629463196, -0.05720236152410507]]], "object_rotation": [[2.477703094482422, 0.23370689153671265, 2.32615065574646, 1.3358025550842285, 2.363065481185913], [2.3577322959899902, 0.17263424396514893, 2.404407024383545, 1.3321408033370972, 2.4728822708129883], [2.400782346725464, 0.2353505641222, 2.353437900543213, 1.2583980560302734, 2.3637139797210693], [2.2900400161743164, 0.12694983184337616, 2.372215747833252, 1.300710916519165, 2.365696907043457], [2.2878596782684326, 0.23879137635231018, 2.375622034072876, 1.223185658454895, 2.5587048530578613]], "distractor_position": [[-0.6620185971260071, -0.6070119738578796, -1.6303447484970093, -0.6397839784622192, -0.43145403265953064], [-0.6744271516799927, -0.49073025584220886, -1.6997268199920654, -0.6833957433700562, -0.5469040274620056], [-0.5818980932235718, -0.3983141779899597, -1.6887112855911255, -0.6732730865478516, -0.562350332736969], [-0.5064623355865479, -0.47970589995384216, -1.7916126251220703, -0.6776090860366821, -0.6090348958969116], [-0.5064148306846619, -0.4742964804172516, -1.600090503692627, -0.5450840592384338, -0.5977882146835327]]}, "object_type": "mug", "L": 10.0, "failure_level": 0.2, "dp_logprior_scale": 1.0, "dp_mcmc_step_size": 0.001, "ep_mcmc_step_size": 0.001, "num_rounds": 5, "num_steps_per_round": 5, "num_chains": 5, "use_gradients": true, "use_stochasticity": true, "repair": true, "predict": true, "quench_rounds": 0, "tempering_schedule": [0.9816843867301941, 0.9999991655349731, 1.0, 1.0, 1.0], "ep_logprobs": [[-29.297260284423828, -32.72264099121094, -30.866987228393555, -28.340959548950195, -32.252838134765625], [-30.00152015686035, -30.622360229492188, -32.37736511230469, -28.989974975585938, -31.075050354003906], [-27.440771102905273, -30.233604431152344, -30.661954879760742, -27.82942771911621, -28.56968879699707], [-27.259204864501953, -30.323570251464844, -30.630311965942383, -26.952194213867188, -28.277830123901367], [-26.674467086791992, -26.94046401977539, -29.50212860107422, -25.946651458740234, -26.90823745727539]], "dp_logprobs": [[-3.604306221008301, -0.8180519938468933, -2.8482303619384766, -1.4785089492797852, -1.9633731842041016], [-5.198530673980713, -2.186248540878296, -3.6138463020324707, -1.637195348739624, -7.063785552978516], [-5.322535037994385, -3.8575334548950195, -4.493715286254883, -4.424240589141846, -7.395240306854248], [-4.722126007080078, -2.997551679611206, -5.688974380493164, -6.297230243682861, -13.887861251831055], [-7.1358537673950195, -2.80031156539917, -7.317548751831055, -6.66663932800293, -14.529997825622559]]}