{"eps": {"object_position": [[-0.12661194801330566, 0.0006361827254295349], [-0.1072380393743515, 0.01213250681757927], [0.07115596532821655, -0.026508312672376633], [-0.06988465040922165, 0.08935786038637161], [-0.06139592081308365, -0.050858691334724426]], "object_rotation": [2.286989212036133, 0.21288073062896729, 2.4393579959869385, 1.328822135925293, 2.5206656455993652], "distractor_position": [-0.522479772567749, -0.488330215215683, -1.7188552618026733, -0.3478551208972931, -0.509336531162262]}, "eps_trace": {"object_position": [[[-0.14088241755962372, 0.047416143119335175], [-0.0826454684138298, 0.2165137082338333], [-0.06090231239795685, -0.05399871617555618], [-0.01659247651696205, 0.049257099628448486], [-0.22751250863075256, 0.05161590501666069]], [[-0.25017526745796204, -0.05731619521975517], [-0.02210991643369198, 0.2235574722290039], [-0.1326993703842163, -0.06041394919157028], [-0.02598533034324646, 0.1309996098279953], [-0.21893566846847534, -0.0887521505355835]], [[-0.2011336088180542, -0.012665100395679474], [0.0751732736825943, 0.23313510417938232], [-0.12483353167772293, -0.0548928827047348], [-0.08186529576778412, 0.17711055278778076], [-0.1393357813358307, -0.07490378618240356]], [[-0.21271033585071564, 0.034684501588344574], [-0.029598724097013474, 0.17103910446166992], [-0.021550551056861877, -0.05177973955869675], [-0.055716075003147125, 0.17542466521263123], [-0.1265091598033905, 0.013284017331898212]], [[-0.12661194801330566, 0.0006361827254295349], [-0.1072380393743515, 0.01213250681757927], [0.07115596532821655, -0.026508312672376633], [-0.06988465040922165, 0.08935786038637161], [-0.06139592081308365, -0.050858691334724426]]], "object_rotation": [[2.4691312313079834, 0.23370689153671265, 2.3626036643981934, 1.4303711652755737, 2.445441246032715], [2.336822271347046, 0.17263424396514893, 2.4361965656280518, 1.5058194398880005, 2.4976038932800293], [2.350208044052124, 0.2353505641222, 2.4126641750335693, 1.397325038909912, 2.4536819458007812], [2.2263755798339844, 0.08667001128196716, 2.495936393737793, 1.3769022226333618, 2.3690621852874756], [2.286989212036133, 0.21288073062896729, 2.4393579959869385, 1.328822135925293, 2.5206656455993652]], "distractor_position": [[-0.6867873668670654, -0.6070119738578796, -1.6397122144699097, -0.5967470407485962, -0.4493437707424164], [-0.6799744367599487, -0.49073025584220886, -1.7245981693267822, -0.5476389527320862, -0.4548083543777466], [-0.5726569890975952, -0.3983141779899597, -1.7378805875778198, -0.49499183893203735, -0.45018523931503296], [-0.4652826189994812, -0.46451666951179504, -1.8828195333480835, -0.4981977641582489, -0.5300387740135193], [-0.522479772567749, -0.488330215215683, -1.7188552618026733, -0.3478551208972931, -0.509336531162262]]}, "object_type": "mug", "L": 10.0, "failure_level": 0.2, "dp_logprior_scale": 1.0, "dp_mcmc_step_size": 0.001, "ep_mcmc_step_size": 0.001, "num_rounds": 5, "num_steps_per_round": 5, "num_chains": 5, "use_gradients": false, "use_stochasticity": true, "repair": true, "predict": true, "quench_rounds": 0, "tempering_schedule": null, "ep_logprobs": [[-33.380550384521484, -32.356075286865234, -35.16969299316406, -29.1333065032959, -34.15634536743164], [-34.32954025268555, -31.992393493652344, -35.48686218261719, -30.296966552734375, -32.27463912963867], [-32.63776397705078, -33.14585876464844, -34.65398406982422, -31.36056900024414, -33.117774963378906], [-32.107086181640625, -32.25271987915039, -34.31645965576172, -31.954063415527344, -31.776784896850586], [-30.058584213256836, -31.92973518371582, -32.939361572265625, -30.087133407592773, -30.275602340698242]], "dp_logprobs": [[0.004749655723571777, 0.045477986335754395, -0.6296203136444092, 0.16613036394119263, -0.22513055801391602], [-1.7222626209259033, -0.34956568479537964, -0.8505050539970398, 0.10717839002609253, -0.6343724727630615], [-1.8091285228729248, -0.7930763959884644, -2.0629262924194336, -1.8208224773406982, -1.7854318618774414], [-1.3862358331680298, -1.8153563737869263, -1.5928434133529663, -2.218137264251709, -1.673802137374878], [-2.179413080215454, -1.8045220375061035, -1.3427401781082153, -3.1551456451416016, -1.4896928071975708]]}