{"eps": {"object_position": [[-0.24809996783733368, -0.15257057547569275], [0.2806026339530945, -0.02281348407268524], [-2.8891488909721375e-05, -0.17225688695907593], [0.15914198756217957, -0.0015040887519717216], [-0.04448803514242172, 0.11714750528335571]], "object_rotation": [1.1167815923690796, 1.0454696416854858, 2.8300185203552246, 0.9316801428794861, 0.8229014873504639], "distractor_position": [-1.2079309225082397, -0.08916548639535904, -1.1609879732131958, -1.461185097694397, -0.8487766981124878]}, "eps_trace": {"object_position": [[[0.0912073478102684, -0.012866519391536713], [-0.010180838406085968, 0.12397635728120804], [-0.1255442500114441, -0.15024630725383759], [0.01364469900727272, -0.062308281660079956], [0.00065036112209782, 0.03489122539758682]], [[0.008376901037991047, 0.052602626383304596], [0.00987255945801735, 0.14282019436359406], [-0.08311131596565247, -0.15693730115890503], [0.1146610677242279, 0.004110010340809822], [0.06487356871366501, 0.020272115245461464]], [[-0.12202052772045135, -0.0853736400604248], [0.1392894983291626, 0.06705738604068756], [-0.04836852103471756, -0.13463427126407623], [0.07633481919765472, -0.011385967954993248], [0.029599718749523163, 0.02587282285094261]], [[-0.17328675091266632, -0.16077491641044617], [0.2045992910861969, 0.02969289757311344], [-0.07739853113889694, -0.16372078657150269], [0.10166884958744049, 0.03536215424537659], [-0.1551048904657364, 0.09757734835147858]], [[-0.24809996783733368, -0.15257057547569275], [0.2806026339530945, -0.02281348407268524], [-2.8891488909721375e-05, -0.17225688695907593], [0.15914198756217957, -0.0015040887519717216], [-0.04448803514242172, 0.11714750528335571]]], "object_rotation": [[1.377656102180481, 0.9546976089477539, 2.7742397785186768, 0.9330562353134155, 0.8863168358802795], [1.336055040359497, 1.1332004070281982, 2.9350295066833496, 0.8355927467346191, 0.7575613856315613], [1.278573989868164, 1.1148974895477295, 3.0038461685180664, 0.8065674901008606, 0.664843738079071], [1.1626602411270142, 1.0433628559112549, 2.9221861362457275, 0.7970207333564758, 0.7418355941772461], [1.1167815923690796, 1.0454696416854858, 2.8300185203552246, 0.9316801428794861, 0.8229014873504639]], "distractor_position": [[-1.1670122146606445, 0.00545935332775116, -1.155903935432434, -1.5544471740722656, -0.9843065738677979], [-1.0749543905258179, -0.08617395907640457, -1.1938340663909912, -1.5358270406723022, -0.9539735317230225], [-1.200491189956665, -0.11511249840259552, -1.213259220123291, -1.5762205123901367, -0.8851413726806641], [-1.0926638841629028, -0.21234343945980072, -1.194477915763855, -1.5471833944320679, -0.8228732347488403], [-1.2079309225082397, -0.08916548639535904, -1.1609879732131958, -1.461185097694397, -0.8487766981124878]]}, "object_type": "mug", "L": 10.0, "failure_level": 0.2, "dp_logprior_scale": 1.0, "dp_mcmc_step_size": 0.001, "ep_mcmc_step_size": 0.001, "num_rounds": 5, "num_steps_per_round": 5, "num_chains": 5, "use_gradients": false, "use_stochasticity": true, "repair": true, "predict": true, "quench_rounds": 0, "tempering_schedule": null, "ep_logprobs": [[-27.765470504760742, -29.068504333496094, -30.93001937866211, -31.00225067138672, -28.964826583862305], [-28.467565536499023, -28.1734561920166, -29.395959854125977, -30.17450714111328, -29.00910758972168], [-28.276729583740234, -27.017274856567383, -28.256715774536133, -29.682151794433594, -26.65994644165039], [-27.519397735595703, -26.333261489868164, -27.904216766357422, -27.129657745361328, -26.048206329345703], [-29.551307678222656, -29.389755249023438, -28.506250381469727, -27.633127212524414, -25.60877799987793]], "dp_logprobs": [[-3.4391164779663086, -4.9904561042785645, -3.1582417488098145, -2.170745372772217, -2.6163175106048584], [-4.4658966064453125, -6.408227443695068, -4.83944845199585, -4.482108116149902, -5.3669257164001465], [-6.085803031921387, -7.338874340057373, -4.8888702392578125, -7.660268306732178, -10.085036277770996], [-8.362624168395996, -7.220634460449219, -9.660776138305664, -8.728549003601074, -10.772714614868164], [-9.820778846740723, -10.453361511230469, -11.779098510742188, -9.61497974395752, -9.794012069702148]]}