{"eps": {"object_position": [[-0.08629454672336578, 0.10801617056131363], [0.014764582738280296, -0.23649832606315613], [-0.020976688712835312, -0.07318569719791412], [-0.05163342133164406, 0.03638757765293121], [0.10943494737148285, 0.01214328221976757]], "object_rotation": [0.8529875874519348, 2.5238945484161377, 0.6021386384963989, 2.4470579624176025, 1.636265516281128], "distractor_position": [-0.6678631901741028, 0.1150868684053421, -0.8222653865814209, 0.45258086919784546, -0.3622654378414154]}, "eps_trace": {"object_position": [[[-0.17021384835243225, -0.055821970105171204], [-0.19660641252994537, -0.1167871281504631], [-0.0409853421151638, -0.07867085933685303], [-0.13510170578956604, 0.08429162949323654], [0.3087252378463745, -0.013706721365451813]], [[-0.16623985767364502, 0.137617290019989], [-0.014823704957962036, -0.229309543967247], [-0.10988828539848328, 0.004051016643643379], [-0.03320538252592087, 0.1152077317237854], [0.1840561479330063, -0.11971617490053177]], [[-0.005142591893672943, 0.04356031492352486], [-0.02705741673707962, -0.19956202805042267], [-0.06865953654050827, -0.010898258537054062], [0.07447168231010437, 0.05582574009895325], [0.17070578038692474, -0.08915192633867264]], [[0.05741426721215248, 0.019580859690904617], [-0.03351476415991783, -0.21631795167922974], [-0.09646017104387283, -0.009901612997055054], [0.06984641402959824, 0.019431475549936295], [0.13954950869083405, -0.07225963473320007]], [[-0.08629454672336578, 0.10801617056131363], [0.014764582738280296, -0.23649832606315613], [-0.020976688712835312, -0.07318569719791412], [-0.05163342133164406, 0.03638757765293121], [0.10943494737148285, 0.01214328221976757]]], "object_rotation": [[0.9743754267692566, 2.3858652114868164, 0.7373921275138855, 2.394205093383789, 1.3468804359436035], [0.9118151664733887, 2.394604206085205, 0.6405693292617798, 2.323957681655884, 1.522638201713562], [0.9001789093017578, 2.3668270111083984, 0.6033113598823547, 2.3236911296844482, 1.5324028730392456], [0.9239053130149841, 2.3996827602386475, 0.6422936916351318, 2.4135961532592773, 1.6271694898605347], [0.8529875874519348, 2.5238945484161377, 0.6021386384963989, 2.4470579624176025, 1.636265516281128]], "distractor_position": [[-0.5590533018112183, 0.2682689428329468, -1.0861260890960693, 0.24109706282615662, -0.3934206962585449], [-0.7247360348701477, 0.35636386275291443, -0.9150992631912231, 0.34351828694343567, -0.44088444113731384], [-0.6401129364967346, 0.3419799506664276, -0.9017864465713501, 0.27168628573417664, -0.4351919889450073], [-0.6209017038345337, 0.24647104740142822, -0.7701815366744995, 0.3724267780780792, -0.4003690183162689], [-0.6678631901741028, 0.1150868684053421, -0.8222653865814209, 0.45258086919784546, -0.3622654378414154]]}, "object_type": "mug", "L": 10.0, "failure_level": 0.2, "dp_logprior_scale": 1.0, "dp_mcmc_step_size": 0.001, "ep_mcmc_step_size": 0.001, "num_rounds": 5, "num_steps_per_round": 5, "num_chains": 5, "use_gradients": false, "use_stochasticity": true, "repair": true, "predict": true, "quench_rounds": 0, "tempering_schedule": null, "ep_logprobs": [[-31.204771041870117, -32.58501434326172, -32.378631591796875, -33.858009338378906, -34.22491455078125], [-30.91757583618164, -33.068965911865234, -31.481019973754883, -32.55081558227539, -32.089569091796875], [-30.083396911621094, -33.42546844482422, -30.34540367126465, -31.32388687133789, -32.20983123779297], [-30.445079803466797, -31.76813507080078, -31.046493530273438, -31.98488426208496, -31.02621841430664], [-30.497711181640625, -32.24518966674805, -31.087024688720703, -31.731945037841797, -30.660064697265625]], "dp_logprobs": [[-1.3904942274093628, -2.095782995223999, -2.398787498474121, -1.437267780303955, -1.2485976219177246], [-1.9442777633666992, -1.782212495803833, -1.88716459274292, -0.83969646692276, -0.8923310041427612], [-1.5965282917022705, -1.6843986511230469, -2.334228992462158, -1.6139003038406372, -3.9147393703460693], [-2.4677019119262695, -1.7235608100891113, -3.358924627304077, -0.9260134696960449, -2.7037689685821533], [-1.6383142471313477, -1.7327038049697876, -2.474644660949707, -1.4995677471160889, -3.0588903427124023]]}