{"eps": {"object_position": [[-0.023386772722005844, 0.059870652854442596], [-0.019823560491204262, -0.25354138016700745], [-0.001044499920681119, -0.03053632378578186], [-0.09721231460571289, 0.07448635995388031], [0.2024375945329666, -0.0707242339849472]], "object_rotation": [0.8972017765045166, 2.3326499462127686, 0.6593486666679382, 2.5297720432281494, 1.573000431060791], "distractor_position": [-0.6926570534706116, 0.10803943872451782, -1.0409241914749146, 0.5799530744552612, -0.395948588848114]}, "eps_trace": {"object_position": [[[-0.046514540910720825, -0.08381074666976929], [-0.16134314239025116, -0.17026671767234802], [-0.032557301223278046, -0.06606144458055496], [-0.13510170578956604, 0.08429162949323654], [0.34255746006965637, -0.0809975117444992]], [[-0.044671881943941116, 0.06648680567741394], [0.021782169118523598, -0.19862891733646393], [-0.10146024078130722, 0.016660423949360847], [-0.09577799588441849, 0.11440295726060867], [0.21609251201152802, -0.14381998777389526]], [[0.045773737132549286, 0.01225903071463108], [0.040159761905670166, -0.2080238163471222], [-0.060231491923332214, 0.0017111487686634064], [0.03054659441113472, 0.06413581967353821], [0.17452628910541534, -0.2028486281633377]], [[0.10833059251308441, -0.011720423586666584], [-0.06810291111469269, -0.23336100578308105], [-0.07652798295021057, 0.03274775668978691], [0.02426750957965851, 0.05753026530146599], [0.16675721108913422, -0.1970997005701065]], [[-0.023386772722005844, 0.059870652854442596], [-0.019823560491204262, -0.25354138016700745], [-0.001044499920681119, -0.03053632378578186], [-0.09721231460571289, 0.07448635995388031], [0.2024375945329666, -0.0707242339849472]]], "object_rotation": [[0.940667986869812, 2.383251667022705, 0.8186548352241516, 2.394205093383789, 1.3826464414596558], [0.909917414188385, 2.372331142425537, 0.7218320369720459, 2.400052547454834, 1.5409295558929443], [0.907282829284668, 2.232574939727783, 0.6845740675926208, 2.3866727352142334, 1.5214029550552368], [0.9310092329978943, 2.2084381580352783, 0.6995037198066711, 2.496310234069824, 1.5761185884475708], [0.8972017765045166, 2.3326499462127686, 0.6593486666679382, 2.5297720432281494, 1.573000431060791]], "distractor_position": [[-0.5270703434944153, 0.2761508822441101, -1.2710645198822021, 0.24109706282615662, -0.43563809990882874], [-0.7158112525939941, 0.28363659977912903, -1.100037693977356, 0.4459165334701538, -0.49307429790496826], [-0.6500297784805298, 0.3548305928707123, -1.0867247581481934, 0.4232548773288727, -0.4494769275188446], [-0.6308185458183289, 0.23942361772060394, -0.9888404011726379, 0.4997990131378174, -0.4010385274887085], [-0.6926570534706116, 0.10803943872451782, -1.0409241914749146, 0.5799530744552612, -0.395948588848114]]}, "object_type": "mug", "L": 10.0, "failure_level": 0.2, "dp_logprior_scale": 1.0, "dp_mcmc_step_size": 0.001, "ep_mcmc_step_size": 0.001, "num_rounds": 5, "num_steps_per_round": 5, "num_chains": 5, "use_gradients": false, "use_stochasticity": true, "repair": true, "predict": true, "quench_rounds": 0, "tempering_schedule": null, "ep_logprobs": [[-27.677112579345703, -31.19401741027832, -30.084552764892578, -29.86955451965332, -34.42246627807617], [-26.72562026977539, -28.271442413330078, -28.630447387695312, -29.379539489746094, -28.646408081054688], [-26.31287384033203, -29.92970085144043, -28.537076950073242, -27.70123863220215, -29.445436477661133], [-27.521888732910156, -28.90444564819336, -28.376880645751953, -28.560487747192383, -29.988035202026367], [-25.671619415283203, -28.518030166625977, -26.23124122619629, -28.67169952392578, -27.87743377685547]], "dp_logprobs": [[-2.6005914211273193, -4.048440456390381, -6.771726131439209, -5.564236164093018, -2.41650128364563], [-4.5942769050598145, -5.313238143920898, -6.447852611541748, -5.871859073638916, -4.062005043029785], [-3.626981735229492, -3.827263832092285, -5.808656215667725, -6.878711223602295, -7.536208629608154], [-5.741931438446045, -5.019504070281982, -7.7301836013793945, -11.079483985900879, -8.793968200683594], [-5.743003845214844, -4.465874195098877, -7.697758674621582, -5.524681091308594, -9.25596809387207]]}