{"eps": {"object_position": [[-0.14797692000865936, -0.13211101293563843], [0.20613588392734528, -0.059002652764320374], [-0.05629085749387741, -0.1293112188577652], [0.10129985958337784, 0.0329870730638504], [-0.02411092072725296, 0.08880901336669922]], "object_rotation": [1.1690272092819214, 1.024228811264038, 2.7736294269561768, 0.843845009803772, 0.9235675930976868], "distractor_position": [-1.3831136226654053, -0.04843657463788986, -1.1398310661315918, -1.708156943321228, -0.7550084590911865]}, "eps_trace": {"object_position": [[[0.13910293579101562, 0.008871222846210003], [-0.021066345274448395, 0.052117928862571716], [-0.10351800918579102, -0.1415555328130722], [0.01364469900727272, -0.062308281660079956], [0.00065036112209782, 0.03489122539758682]], [[0.09078897535800934, 0.08929254859685898], [-0.028449416160583496, 0.0787816196680069], [0.015919629484415054, -0.07488692551851273], [0.07675924897193909, -0.0075073763728141785], [0.04625279828906059, 0.01758238859474659]], [[-0.03960844874382019, -0.04868372157216072], [0.10096751153469086, 0.003018811345100403], [-0.008402824401855469, -0.03516902029514313], [0.03258286044001579, -0.0315060093998909], [-0.012625493109226227, -0.006710227578878403]], [[-0.09087467193603516, -0.12408499419689178], [0.10671813040971756, 0.005215248093008995], [-0.15448132157325745, -0.08987849950790405], [0.09591138362884521, 0.10415959358215332], [-0.13472777605056763, 0.06923885643482208]], [[-0.14797692000865936, -0.13211101293563843], [0.20613588392734528, -0.059002652764320374], [-0.05629085749387741, -0.1293112188577652], [0.10129985958337784, 0.0329870730638504], [-0.02411092072725296, 0.08880901336669922]]], "object_rotation": [[1.3903660774230957, 0.9000837802886963, 2.735158681869507, 0.9330562353134155, 0.8863168358802795], [1.3916478157043457, 1.0800093412399292, 2.8708620071411133, 0.9011070132255554, 0.8058775067329407], [1.3341667652130127, 1.0617064237594604, 2.911140203475952, 0.8439111113548279, 0.7825577855110168], [1.2182530164718628, 1.0111920833587646, 2.885136604309082, 0.8221302032470703, 0.842501699924469], [1.1690272092819214, 1.024228811264038, 2.7736294269561768, 0.843845009803772, 0.9235675930976868]], "distractor_position": [[-1.2575795650482178, -0.04177948832511902, -1.1760674715042114, -1.5544471740722656, -0.9843065738677979], [-1.2413866519927979, -0.10378481447696686, -1.1786259412765503, -1.5679821968078613, -0.9665062427520752], [-1.366923451423645, -0.1327233463525772, -1.1975326538085938, -1.7342926263809204, -0.8825130462646484], [-1.2590961456298828, -0.1926012635231018, -1.251084804534912, -1.7981866598129272, -0.7291049957275391], [-1.3831136226654053, -0.04843657463788986, -1.1398310661315918, -1.708156943321228, -0.7550084590911865]]}, "object_type": "mug", "L": 10.0, "failure_level": 0.2, "dp_logprior_scale": 1.0, "dp_mcmc_step_size": 0.001, "ep_mcmc_step_size": 0.001, "num_rounds": 5, "num_steps_per_round": 5, "num_chains": 5, "use_gradients": false, "use_stochasticity": true, "repair": true, "predict": true, "quench_rounds": 0, "tempering_schedule": null, "ep_logprobs": [[-32.84492874145508, -31.027074813842773, -33.45088195800781, -33.83372497558594, -31.9671630859375], [-32.41996765136719, -30.818790435791016, -32.10490417480469, -32.58512878417969, -30.92601203918457], [-31.726001739501953, -31.646591186523438, -31.956279754638672, -33.975852966308594, -30.61571502685547], [-32.337493896484375, -31.26082992553711, -33.324798583984375, -34.74551010131836, -31.170549392700195], [-33.445350646972656, -33.76514434814453, -32.405296325683594, -34.55352783203125, -30.90758514404297]], "dp_logprobs": [[-0.4816839098930359, -0.15660560131072998, -0.878304123878479, 0.06202864646911621, 0.47977006435394287], [-1.021249771118164, -0.1987154483795166, -1.5474128723144531, -0.22283756732940674, -1.1353965997695923], [-0.9022446870803833, -1.7300242185592651, -1.6435041427612305, -1.3443965911865234, -0.7310777306556702], [-1.8815748691558838, -1.036880373954773, -1.0867352485656738, -0.4251094460487366, -1.6271862983703613], [-2.540548324584961, -1.4112001657485962, -1.4459576606750488, -0.9408435225486755, -1.2374650239944458]]}