{"eps": {"drone_state": [[-9.897111892700195, 0.04672117158770561, 1.0015453100204468, -0.008490989916026592], [-10.053118705749512, -0.08834397047758102, 0.9774346947669983, 0.0016187566798180342], [-9.851082801818848, 0.07036556303501129, 1.0089926719665527, -0.11353429406881332], [-10.110311508178711, 0.059489905834198, 1.1381254196166992, 0.12214857339859009], [-10.10964298248291, -0.10216774046421051, 0.97145676612854, 0.028906676918268204]], "tree_locations": [[[-1.2829846143722534, 2.622872829437256], [-3.3642730712890625, -3.067272424697876], [-6.555925369262695, 3.780651092529297], [-2.9278204441070557, -1.8258341550827026], [-2.186513662338257, 2.258678913116455]], [[-1.772607445716858, 0.822186291217804], [-6.125613212585449, -3.066131830215454], [-4.376473903656006, -0.11040256172418594], [-7.536039352416992, -3.731752872467041], [-3.123711585998535, -0.0004920983919873834]], [[-2.2249648571014404, 0.9242347478866577], [-4.497574806213379, 2.002178907394409], [-4.1919779777526855, 3.9079277515411377], [-6.6206560134887695, 0.17626547813415527], [-1.1818541288375854, -3.2885420322418213]], [[-2.131503105163574, -0.6612207293510437], [-2.4378795623779297, -2.486783027648926], [-5.878390312194824, -3.857573986053467], [-3.3613903522491455, 0.6068069338798523], [-4.088667869567871, 0.5555987358093262]], [[-1.891348958015442, 3.8869223594665527], [-5.778242111206055, 0.08140743523836136], [-6.355583667755127, -3.8077232837677], [-4.025378227233887, -2.243159770965576], [-2.9837706089019775, 2.0716238021850586]]], "tree_velocities": [[[1.6775647964095697e-05, 0.00014963223657105118], [-0.0002257168380310759, 0.0003362726711202413], [0.0005535063100978732, 0.0006073089316487312], [-7.329299114644527e-05, -0.0002146869373973459], [-0.00014625908806920052, 0.00012845870514865965]], [[-6.270035373745486e-05, 0.00026784586952999234], [-0.00021055508113931865, 0.0005635354318656027], [-0.00041265288018621504, -0.0001279228599742055], [-0.00027120730374008417, -0.0005188994109630585], [0.0002601139713078737, -0.0002846217539627105]], [[-0.0005470780306495726, -0.0006251047016121447], [-2.936289820354432e-05, 0.00028202004614286125], [-0.0009364273864775896, 9.001488251669798e-06], [-0.0002684667706489563, 0.00012896275438833982], [-0.00015070231165736914, 0.0012276113266125321]], [[0.00041035038884729147, -0.001531092100776732], [0.0011577007826417685, -0.00031207100255414844], [-0.00031852268148213625, 0.00029872474260628223], [-0.0010476113529875875, 0.00035166327143087983], [0.001184253953397274, -0.0006862139562144876]], [[-0.00018969198572449386, -0.00012983170745428652], [0.0003103685739915818, 1.8268729036208242e-05], [0.00012876055552624166, -0.00015386025188490748], [-0.0004758877621497959, -0.00019734300440177321], [-0.0003250108566135168, 0.00023323421191889793]]], "wind_speed": [[0.02852177619934082, -0.03687890246510506], [-0.13826222717761993, -0.09256178885698318], [-0.06016020104289055, 0.04236225411295891], [-0.01825050450861454, -0.1157684475183487], [-0.02830827608704567, -0.12466351687908173]]}, "eps_trace": {"drone_state": [[[-9.896417617797852, 0.04721592739224434, 1.0017502307891846, -0.007952200248837471], [-10.05351448059082, -0.0892195850610733, 0.9762306213378906, 0.001705682254396379], [-9.850059509277344, 0.0711212232708931, 1.0086181163787842, -0.11365077644586563], [-10.111472129821777, 0.060692381113767624, 1.1407880783081055, 0.12428898364305496], [-10.110260963439941, -0.10248512774705887, 0.9710042476654053, 0.029097720980644226]], [[-9.896692276000977, 0.046962399035692215, 1.001510500907898, -0.008257807232439518], [-10.053460121154785, -0.0885801613330841, 0.9770198464393616, 0.0016217700904235244], [-9.850276947021484, 0.07061060518026352, 1.0088642835617065, -0.1136259138584137], [-10.111374855041504, 0.0603562593460083, 1.1403979063034058, 0.12433473020792007], [-10.110100746154785, -0.10242363810539246, 0.9711818695068359, 0.02907750755548477]], [[-9.896756172180176, 0.046738769859075546, 1.001570701599121, -0.008289206773042679], [-10.053438186645508, -0.08864165097475052, 0.976997971534729, 0.001646457938477397], [-9.850517272949219, 0.07038809359073639, 1.0092463493347168, -0.11356092989444733], [-10.111100196838379, 0.0595909021794796, 1.1398861408233643, 0.12451951205730438], [-10.110058784484863, -0.1022503450512886, 0.9710794687271118, 0.028906475752592087]], [[-9.8968505859375, 0.04669022932648659, 1.0016416311264038, -0.008300285786390305], [-10.053153038024902, -0.08840861171483994, 0.9773051738739014, 0.0015772857004776597], [-9.850717544555664, 0.07040979713201523, 1.0091726779937744, -0.11354194581508636], [-10.110665321350098, 0.05976146087050438, 1.1386288404464722, 0.12243659794330597], [-10.109946250915527, -0.10205688327550888, 0.9710959196090698, 0.02890346199274063]], [[-9.897111892700195, 0.04672117158770561, 1.0015453100204468, -0.008490989916026592], [-10.053118705749512, -0.08834397047758102, 0.9774346947669983, 0.0016187566798180342], [-9.851082801818848, 0.07036556303501129, 1.0089926719665527, -0.11353429406881332], [-10.110311508178711, 0.059489905834198, 1.1381254196166992, 0.12214857339859009], [-10.10964298248291, -0.10216774046421051, 0.97145676612854, 0.028906676918268204]]],