{"eps": {"object_position": [[-0.17767426371574402, 0.1339210718870163], [-0.09472248703241348, -0.16177305579185486], [0.05916191264986992, -0.008390255272388458], [-0.005703319795429707, -0.06511485576629639], [-0.19075068831443787, -0.08759672939777374]], "object_rotation": [0.9282049536705017, 1.4986894130706787, 3.168262004852295, 1.3183386325836182, 1.16298508644104], "distractor_position": [-1.6049926280975342, 0.5045163631439209, -0.9892815351486206, -1.4084299802780151, -0.5364432334899902]}, "eps_trace": {"object_position": [[[0.05049954727292061, 0.0022684044670313597], [-0.020883701741695404, -0.08043058961629868], [-0.1243235245347023, -0.03384285792708397], [0.038366034626960754, -0.044076573103666306], [-0.021682022139430046, -0.031725071370601654]], [[0.024822652339935303, 0.19213946163654327], [0.09157466888427734, -0.15847519040107727], [-0.1243235245347023, -0.03384285792708397], [0.10131999105215073, 0.11521346867084503], [-0.18147282302379608, -0.008286984637379646]], [[0.11444675922393799, -0.03206934034824371], [0.109259694814682, -0.08811387419700623], [-0.1243235245347023, -0.03384285792708397], [0.10131999105215073, 0.11521346867084503], [-0.18147282302379608, -0.008286984637379646]], [[0.11444675922393799, -0.03206934034824371], [-0.023393049836158752, -0.05136602371931076], [0.10924965888261795, -0.1121157854795456], [0.10131999105215073, 0.11521346867084503], [-0.18147282302379608, -0.008286984637379646]], [[0.11719860881567001, -0.00031648576259613037], [-0.006453962996602058, 0.074002705514431], [0.10924965888261795, -0.1121157854795456], [0.10131999105215073, 0.11521346867084503], [-0.18147282302379608, -0.008286984637379646]], [[-0.05088268965482712, -0.10259577631950378], [0.2785756587982178, 0.016801457852125168], [0.10924965888261795, -0.1121157854795456], [0.10131999105215073, 0.11521346867084503], [-0.18147282302379608, -0.008286984637379646]], [[-0.05088268965482712, -0.10259577631950378], [0.25284045934677124, -0.1758476048707962], [0.04920182749629021, -0.1831110566854477], [0.13499872386455536, 0.046053096652030945], [-0.18147282302379608, -0.008286984637379646]], [[-0.05088268965482712, -0.10259577631950378], [0.25284045934677124, -0.1758476048707962], [0.04920182749629021, -0.1831110566854477], [0.13499872386455536, 0.046053096652030945], [-0.18147282302379608, -0.008286984637379646]], [[-0.05088268965482712, -0.10259577631950378], [0.25284045934677124, -0.1758476048707962], [-0.14233973622322083, -0.08074574917554855], [-0.029979810118675232, 0.16754655539989471], [-0.10672373324632645, 0.02026716060936451]], [[-0.12657707929611206, -0.09790901839733124], [0.25284045934677124, -0.1758476048707962], [-0.14233973622322083, -0.08074574917554855], [-0.029979810118675232, 0.16754655539989471], [-0.10672373324632645, 0.02026716060936451]], [[-0.12657707929611206, -0.09790901839733124], [0.2818228006362915, -0.036440446972846985], [-0.15371514856815338, 0.03356260806322098], [0.07705386728048325, 0.06021008640527725], [-0.10672373324632645, 0.02026716060936451]], [[-0.12858876585960388, -0.07143145054578781], [0.06088981032371521, 0.019269566982984543], [-0.07848487794399261, 0.114833764731884], [0.07705386728048325, 0.06021008640527725], [-0.1453222781419754, -0.09282410144805908]], [[-0.12858876585960388, -0.07143145054578781], [0.04618922248482704, -0.1687242090702057], [-0.07848487794399261, 0.114833764731884], [0.044189177453517914, -0.20996323227882385], [-0.1879219114780426, -0.10304879397153854]], [[-0.12858876585960388, -0.07143145054578781], [0.04618922248482704, -0.1687242090702057], [-0.11697649955749512, 0.0937698557972908], [-0.07643001526594162, -0.03913775086402893], [-0.1879219114780426, -0.10304879397153854]], [[-0.12858876585960388, -0.07143145054578781], [0.04618922248482704, -0.1687242090702057], [-0.11697649955749512, 0.0937698557972908], [0.02893728017807007, -0.13588179647922516], [-0.1879219114780426, -0.10304879397153854]], [[-0.12858876585960388, -0.07143145054578781], [0.04618922248482704, -0.1687242090702057], [-0.011462554335594177, 0.11519402265548706], [0.02893728017807007, -0.13588179647922516], [-0.1879219114780426, -0.10304879397153854]], [[-0.12858876585960388, -0.07143145054578781], [0.04618922248482704, -0.1687242090702057], [0.09639207273721695, 0.09387729316949844], [0.02893728017807007, -0.13588179647922516], [0.05281338095664978, -0.24916839599609375]], [[-0.12858876585960388, -0.07143145054578781], [-0.07855558395385742, -0.19183441996574402], [0.09639207273721695, 0.09387729316949844], [0.058313123881816864, -0.11399872601032257], [0.05281338095664978, -0.24916839599609375]], [[-0.12858876585960388, -0.07143145054578781], [-0.017586875706911087, -0.24112927913665771], [0.09639207273721695, 0.09387729316949844], [-0.04808711260557175, 0.05796337127685547], [0.05281338095664978, -0.24916839599609375]], [[-0.13945384323596954, 0.046510934829711914], [-0.017586875706911087, -0.24112927913665771], [0.09639207273721695, 0.09387729316949844], [-0.04808711260557175, 0.05796337127685547], [0.05281338095664978, -0.24916839599609375]], [[-0.2374105155467987, 0.08590652048587799], [0.029790889471769333, -0.2827240526676178], [0.09639207273721695, 0.09387729316949844], [-0.04808711260557175, 0.05796337127685547], [-0.12247291207313538, -0.17855535447597504]], [[-0.2031453400850296, 0.12079302966594696], [0.02473129890859127, -0.32289955019950867], [0.09639207273721695, 0.09387729316949844], [-0.016438480466604233, 0.006579775363206863], [-0.19075068831443787, -0.08759672939777374]], [[-0.2031453400850296, 0.12079302966594696], [0.03630387783050537, -0.2833229899406433], [0.05916191264986992, -0.008390255272388458], [-0.016438480466604233, 0.006579775363206863], [-0.19075068831443787, -0.08759672939777374]], [[-0.17767426371574402, 0.1339210718870163], [-0.1536044031381607, -0.19646716117858887], [0.05916191264986992, -0.008390255272388458], [-0.005703319795429707, -0.06511485576629639], [-0.19075068831443787, -0.08759672939777374]], [[-0.17767426371574402, 0.1339210718870163], [-0.09472248703241348, -0.16177305579185486], [0.05916191264986992, -0.008390255272388458], [-0.005703319795429707, -0.06511485576629639], [-0.19075068831443787, -0.08759672939777374]]],