{"eps": {"object_position": [[0.6673635840415955, -0.08247922360897064], [0.08512264490127563, -0.523652195930481], [-0.5989627838134766, -0.13617372512817383], [0.07149876654148102, 0.5774242281913757], [0.26991862058639526, -0.09694559872150421], [-0.3667744994163513, 0.1777494251728058], [-0.3499490022659302, 0.30531203746795654], [-0.2668337821960449, -0.2449735850095749], [0.6868996620178223, -0.0392468124628067], [-0.2026628702878952, -0.010421817190945148]], "object_rotation": [2.9180526733398438, 1.476543664932251, 1.6683601140975952, 1.7385706901550293, 1.9000098705291748, 0.3228437006473541, 1.498827338218689, 0.9828016757965088, 1.4680347442626953, 3.2936172485351562], "distractor_position": [-1.2284038066864014, -1.116956114768982, -1.0293471813201904, -1.2186503410339355, 0.1556054651737213, -0.16150899231433868, 0.06161501631140709, -0.1514192819595337, -1.0713307857513428, -0.07819095253944397]}, "eps_trace": {"object_position": [[[-0.029091879725456238, -0.11895976215600967], [0.002229010919108987, 0.1161126121878624], [0.08363332599401474, 0.014312639832496643], [0.029696185141801834, -0.18734681606292725], [-0.061942677944898605, -0.013817940838634968], [-0.05314295366406441, -0.01650015078485012], [-0.03876570239663124, 0.04178474470973015], [-0.0003246538108214736, 0.007712879218161106], [0.037426646798849106, -0.08399759232997894], [-0.054440777748823166, -0.0018072841921821237]], [[0.6673635840415955, -0.08247922360897064], [0.71126389503479, -0.031485460698604584], [-0.6154924631118774, 0.3267582058906555], [0.029696185141801834, -0.18734681606292725], [0.29823586344718933, 0.13805991411209106], [0.3292175531387329, -0.07177276164293289], [-0.03876570239663124, 0.04178474470973015], [-0.0686810091137886, 0.3626405596733093], [0.037426646798849106, -0.08399759232997894], [-0.054440777748823166, -0.0018072841921821237]], [[0.6673635840415955, -0.08247922360897064], [0.71126389503479, -0.031485460698604584], [-0.6154924631118774, 0.3267582058906555], [0.029696185141801834, -0.18734681606292725], [0.29823586344718933, 0.13805991411209106], [-0.18976187705993652, 0.1217622235417366], [-0.03876570239663124, 0.04178474470973015], [-0.0686810091137886, 0.3626405596733093], [0.7014305591583252, 0.14905093610286713], [-0.054440777748823166, -0.0018072841921821237]], [[0.6673635840415955, -0.08247922360897064], [0.71126389503479, -0.031485460698604584], [-0.6154924631118774, 0.3267582058906555], [0.029696185141801834, -0.18734681606292725], [0.29823586344718933, 0.13805991411209106], [-0.18976187705993652, 0.1217622235417366], [-0.3499490022659302, 0.30531203746795654], [0.13268941640853882, 0.21742551028728485], [0.7014305591583252, 0.14905093610286713], [-0.054440777748823166, -0.0018072841921821237]], [[0.6673635840415955, -0.08247922360897064], [0.71126389503479, -0.031485460698604584], [-0.5989627838134766, -0.13617372512817383], [0.07149876654148102, 0.5774242281913757], [0.29823586344718933, 0.13805991411209106], [-0.18976187705993652, 0.1217622235417366], [-0.3499490022659302, 0.30531203746795654], [-0.4051433801651001, -0.2896879315376282], [0.7014305591583252, 0.14905093610286713], [-0.2026628702878952, -0.010421817190945148]], [[0.6673635840415955, -0.08247922360897064], [0.71126389503479, -0.031485460698604584], [-0.5989627838134766, -0.13617372512817383], [0.07149876654148102, 0.5774242281913757], [0.26991862058639526, -0.09694559872150421], [-0.3488468527793884, -0.19070377945899963], [-0.3499490022659302, 0.30531203746795654], [-0.2668337821960449, -0.2449735850095749], [0.7014305591583252, 0.14905093610286713], [-0.2026628702878952, -0.010421817190945148]], [[0.6673635840415955, -0.08247922360897064], [0.71126389503479, -0.031485460698604584], [-0.5989627838134766, -0.13617372512817383], [0.07149876654148102, 0.5774242281913757], [0.26991862058639526, -0.09694559872150421], [-0.3488468527793884, -0.19070377945899963], [-0.3499490022659302, 0.30531203746795654], [-0.2668337821960449, -0.2449735850095749], [0.7014305591583252, 0.14905093610286713], [-0.2026628702878952, -0.010421817190945148]], [[0.6673635840415955, -0.08247922360897064], [0.08512264490127563, -0.523652195930481], [-0.5989627838134766, -0.13617372512817383], [0.07149876654148102, 0.5774242281913757], [0.26991862058639526, -0.09694559872150421], [-0.3488468527793884, -0.19070377945899963], [-0.3499490022659302, 0.30531203746795654], [-0.2668337821960449, -0.2449735850095749], [0.7014305591583252, 0.14905093610286713], [-0.2026628702878952, -0.010421817190945148]], [[0.6673635840415955, -0.08247922360897064], [0.08512264490127563, -0.523652195930481], [-0.5989627838134766, -0.13617372512817383], [0.07149876654148102, 0.5774242281913757], [0.26991862058639526, -0.09694559872150421], [-0.3488468527793884, -0.19070377945899963], [-0.3499490022659302, 0.30531203746795654], [-0.2668337821960449, -0.2449735850095749], [0.6868996620178223, -0.0392468124628067], [-0.2026628702878952, -0.010421817190945148]], [[0.6673635840415955, -0.08247922360897064], [0.08512264490127563, -0.523652195930481], [-0.5989627838134766, -0.13617372512817383], [0.07149876654148102, 0.5774242281913757], [0.26991862058639526, -0.09694559872150421], [-0.3667744994163513, 0.1777494251728058], [-0.3499490022659302, 0.30531203746795654], [-0.2668337821960449, -0.2449735850095749], [0.6868996620178223, -0.0392468124628067], [-0.2026628702878952, -0.010421817190945148]]], "object_rotation": [[3.042548179626465, 1.5280267000198364, 2.1857800483703613, 2.3626368045806885, 2.3459134101867676, 0.9657036662101746, 0.21436846256256104, 1.1231694221496582, 1.293540120124817, 3.345048427581787], [2.9180526733398438, 1.899411916732788, 1.5666329860687256, 2.3626368045806885, 2.5696394443511963, 0.5025944709777832, 0.21436846256256104, 0.8186882734298706, 1.293540120124817, 3.345048427581787], [2.9180526733398438, 1.899411916732788, 1.5666329860687256, 2.3626368045806885, 2.5696394443511963, 0.09978386759757996, 0.21436846256256104, 0.8186882734298706, 1.647929310798645, 3.345048427581787], [2.9180526733398438, 1.899411916732788, 1.5666329860687256, 2.3626368045806885, 2.5696394443511963, 0.09978386759757996, 1.498827338218689, 0.8548568487167358, 1.647929310798645, 3.345048427581787], [2.9180526733398438, 1.899411916732788, 1.6683601140975952, 1.7385706901550293, 2.5696394443511963, 0.09978386759757996, 1.498827338218689, 1.2367947101593018, 1.647929310798645, 3.2936172485351562], [2.9180526733398438, 1.899411916732788, 1.6683601140975952, 1.7385706901550293, 1.9000098705291748, 0.02469845861196518, 1.498827338218689, 0.9828016757965088, 1.647929310798645, 3.2936172485351562], [2.9180526733398438, 1.899411916732788, 1.6683601140975952, 1.7385706901550293, 1.9000098705291748, 0.02469845861196518, 1.498827338218689, 0.9828016757965088, 1.647929310798645, 3.2936172485351562], [2.9180526733398438, 1.476543664932251, 1.6683601140975952, 1.7385706901550293, 1.9000098705291748, 0.02469845861196518, 1.498827338218689, 0.9828016757965088, 1.647929310798645, 3.2936172485351562], [2.9180526733398438, 1.476543664932251, 1.6683601140975952, 1.7385706901550293, 1.9000098705291748, 0.02469845861196518, 1.498827338218689, 0.9828016757965088, 1.4680347442626953, 3.2936172485351562], [2.9180526733398438, 1.476543664932251, 1.6683601140975952, 1.7385706901550293, 1.9000098705291748, 0.3228437006473541, 1.498827338218689, 0.9828016757965088, 1.4680347442626953, 3.2936172485351562]],