{"eps": {"object_position": [[-0.017847634851932526, 0.14374542236328125], [0.1313069611787796, 0.10529094934463501], [0.1426684409379959, 0.116129569709301], [0.003296731971204281, 0.02415759675204754], [0.06163699924945831, 0.010795893147587776], [-0.14829093217849731, 0.06846771389245987], [0.4189724922180176, -0.050695475190877914], [-0.016787884756922722, -0.10295625030994415], [0.006242075469344854, -0.05645020678639412], [-0.04157444089651108, 0.29969051480293274]], "object_rotation": [1.7823699712753296, 3.004937171936035, 2.2236223220825195, 0.9946174621582031, 2.141174793243408, 2.0026235580444336, 2.3970344066619873, 0.5662773251533508, 1.7327038049697876, 1.3243991136550903], "distractor_position": [-0.3069918751716614, -0.08072055131196976, -1.5689586400985718, -0.8438441157341003, -0.11020475625991821, 0.23799139261245728, 0.06950338929891586, -0.47670936584472656, -0.8232712745666504, -0.8973357677459717]}, "eps_trace": {"object_position": [[[-0.12056390196084976, 0.04190699756145477], [-0.006080642342567444, 0.02450583130121231], [0.16590376198291779, 0.10818751901388168], [0.025881895795464516, 0.06051957234740257], [0.09520452469587326, 0.04652978479862213], [-0.1273219734430313, 0.02715294063091278], [0.358657568693161, 0.022477002814412117], [-0.01303212158381939, -0.1633787304162979], [0.0005320958443917334, -0.09475887566804886], [-0.11857400834560394, 0.1903240978717804]], [[-0.11723458021879196, 0.034164611250162125], [0.08341957628726959, 0.06918291747570038], [0.16220597922801971, 0.10348892956972122], [0.025956254452466965, 0.05968363583087921], [0.11156471818685532, 0.03644160181283951], [-0.12718676030635834, 0.027263972908258438], [0.3602597415447235, 0.02619331330060959], [-0.01322735846042633, -0.16363684833049774], [-0.0032072935719043016, -0.07783538103103638], [-0.11973991990089417, 0.19006401300430298]], [[-0.11794611811637878, 0.03434378281235695], [0.10440235584974289, 0.0686316266655922], [0.16347141563892365, 0.10270458459854126], [0.024313123896718025, 0.05696713924407959], [0.11417213082313538, 0.04389640688896179], [-0.1488608717918396, 0.02239406853914261], [0.4056626260280609, -0.005668215453624725], [-0.016766438260674477, -0.15810908377170563], [-0.0030653902795165777, -0.07784713804721832], [-0.1202281042933464, 0.1957564651966095]], [[-0.16073665022850037, 0.0015350393950939178], [0.12236536294221878, 0.07095199823379517], [0.16850416362285614, 0.10650120675563812], [0.0248463936150074, 0.056670911610126495], [0.08071783185005188, 0.04346499592065811], [-0.1532687246799469, 0.026507828384637833], [0.4059111773967743, -0.004561710637062788], [-0.01589161716401577, -0.15964555740356445], [-0.0021321848034858704, -0.07853911817073822], [-0.09753791987895966, 0.20367427170276642]], [[-0.15269233286380768, 0.01104369480162859], [0.09921924769878387, 0.07967261224985123], [0.15248341858386993, 0.11323008686304092], [0.02635299414396286, 0.051110558211803436], [0.07922261208295822, 0.0284144077450037], [-0.14397257566452026, 0.013767260126769543], [0.40141597390174866, 0.010044315829873085], [-0.007865328341722488, -0.14856445789337158], [0.0002439634408801794, -0.07595375180244446], [-0.0882948786020279, 0.195215106010437]], [[-0.1474895179271698, 0.011814824305474758], [0.13253679871559143, 0.10648676753044128], [0.14458051323890686, 0.11654198169708252], [0.017377518117427826, 0.040647491812705994], [0.07932715862989426, 0.032083749771118164], [-0.05935472249984741, 0.035677384585142136], [0.4106748104095459, 0.0035257982090115547], [-0.008583509363234043, -0.1472170054912567], [0.0030935429967939854, -0.07184451073408127], [-0.07255193591117859, 0.2069292813539505]], [[-0.10052822530269623, 0.11496486514806747], [0.14541590213775635, 0.10363385081291199], [0.17858031392097473, 0.11257047206163406], [0.018727455288171768, 0.03895324468612671], [0.07084614038467407, 0.02648712322115898], [-0.059820715337991714, 0.03583170473575592], [0.4050881266593933, 0.0022809579968452454], [-0.009190244600176811, -0.13466672599315643], [0.0038451990112662315, -0.0705018863081932], [-0.06867340207099915, 0.21348625421524048]], [[-0.09957529604434967, 0.11930869519710541], [0.14470328390598297, 0.1030624583363533], [0.15745246410369873, 0.11371628940105438], [0.01960453763604164, 0.03737353906035423], [0.08585380017757416, -0.004080738872289658], [-0.06199377775192261, 0.034728556871414185], [0.42318880558013916, -0.052803684026002884], [-0.007423055358231068, -0.132198765873909], [0.0035654285456985235, -0.068374864757061], [-0.07068584859371185, 0.2137278914451599]], [[-0.05891452729701996, 0.1525740623474121], [0.1303829699754715, 0.09547373652458191], [0.1561623513698578, 0.11338133364915848], [0.017950771376490593, 0.02196344919502735], [0.07679092139005661, 0.004998308606445789], [-0.06857279688119888, 0.04024471342563629], [0.420979768037796, -0.05508837103843689], [-0.016034778207540512, -0.10446343570947647], [0.004366088658571243, -0.06212611868977547], [-0.06878460943698883, 0.21408484876155853]], [[-0.017847634851932526, 0.14374542236328125], [0.1313069611787796, 0.10529094934463501], [0.1426684409379959, 0.116129569709301], [0.003296731971204281, 0.02415759675204754], [0.06163699924945831, 0.010795893147587776], [-0.14829093217849731, 0.06846771389245987], [0.4189724922180176, -0.050695475190877914], [-0.016787884756922722, -0.10295625030994415], [0.006242075469344854, -0.05645020678639412], [-0.04157444089651108, 0.29969051480293274]]], "object_rotation": [[1.7904844284057617, 3.051741123199463, 2.1841442584991455, 0.9768579602241516, 2.253016948699951, 2.019225835800171, 2.3681087493896484, 0.5815704464912415, 1.7515443563461304, 1.2604870796203613], [1.7811940908432007, 3.0263595581054688, 2.1923534870147705, 0.9763348698616028, 2.1979691982269287, 2.0194664001464844, 2.3695600032806396, 0.5811792016029358, 1.7391542196273804, 1.2649211883544922], [1.781000018119812, 3.029639720916748, 2.1928462982177734, 0.9802316427230835, 2.204521417617798, 2.031609058380127, 2.440208911895752, 0.5779828429222107, 1.7393888235092163, 1.257960557937622], [1.8131991624832153, 3.000732660293579, 2.1949615478515625, 0.9820361733436584, 2.216130256652832, 2.0258169174194336, 2.4402270317077637, 0.5748918652534485, 1.7349300384521484, 1.26991868019104], [1.8085192441940308, 3.011331558227539, 2.1884450912475586, 0.983910083770752, 2.2227509021759033, 2.0342705249786377, 2.4500296115875244, 0.564297080039978, 1.7343641519546509, 1.277800440788269], [1.809009313583374, 3.02070689201355, 2.1818606853485107, 0.9752812385559082, 2.214658260345459, 2.0325255393981934, 2.4108834266662598, 0.5641005039215088, 1.7349724769592285, 1.2806934118270874], [1.7888190746307373, 3.0047292709350586, 2.2292561531066895, 0.97621750831604, 2.173314332962036, 2.0328147411346436, 2.412285804748535, 0.5645294189453125, 1.737571120262146, 1.2871233224868774], [1.7890491485595703, 3.0038609504699707, 2.228461503982544, 0.978100597858429, 2.144066095352173, 2.033573865890503, 2.393026113510132, 0.5662638545036316, 1.7398767471313477, 1.290379285812378], [1.7766892910003662, 3.0125646591186523, 2.232976198196411, 0.987904965877533, 2.153069019317627, 2.023616075515747, 2.390990734100342, 0.5668208003044128, 1.7385704517364502, 1.2894848585128784], [1.7823699712753296, 3.004937171936035, 2.2236223220825195, 0.9946174621582031, 2.141174793243408, 2.0026235580444336, 2.3970344066619873, 0.5662773251533508, 1.7327038049697876, 1.3243991136550903]],