{"eps": {"object_position": [[-0.28237184882164, 0.06541219353675842], [-0.2801526188850403, 0.06605201959609985], [0.2509184777736664, 0.48584553599357605], [-0.4193536341190338, -0.146079882979393], [0.35912197828292847, -0.12185460329055786], [-0.24051523208618164, -0.5030809640884399], [0.33385947346687317, 0.022596556693315506], [-0.6381879448890686, 0.19183006882667542], [-0.023905932903289795, -0.14207036793231964], [-0.35237693786621094, 0.1771683543920517]], "object_rotation": [1.3294199705123901, 3.729731559753418, 1.9347230195999146, 1.313513159751892, 3.2100601196289062, 0.899063229560852, 2.3945438861846924, 0.1328689157962799, 1.520845651626587, 0.7192093729972839], "distractor_position": [0.19376443326473236, 0.0036619752645492554, -1.2196643352508545, -0.2982085645198822, -0.04741448909044266, 0.331589937210083, 0.10776633024215698, -0.36062484979629517, -0.03501582145690918, 0.4266318082809448]}, "eps_trace": {"object_position": [[[-0.12769824266433716, 0.03637128695845604], [-0.00524573540315032, 0.025854436680674553], [0.2509184777736664, 0.48584553599357605], [0.028584832325577736, 0.06397157907485962], [0.09472080320119858, 0.05229770764708519], [0.34331756830215454, 0.6788466572761536], [0.33385947346687317, 0.022596556693315506], [-0.01610395312309265, -0.16716620326042175], [0.0005254731513559818, -0.09479942917823792], [-0.13928614556789398, 0.17603351175785065]], [[-0.48476189374923706, 0.5335786938667297], [-0.00524573540315032, 0.025854436680674553], [0.2509184777736664, 0.48584553599357605], [0.028584832325577736, 0.06397157907485962], [0.35912197828292847, -0.12185460329055786], [0.34331756830215454, 0.6788466572761536], [0.33385947346687317, 0.022596556693315506], [-0.338882178068161, -0.08232938498258591], [0.0005254731513559818, -0.09479942917823792], [-0.35237693786621094, 0.1771683543920517]], [[-0.48476189374923706, 0.5335786938667297], [-0.00524573540315032, 0.025854436680674553], [0.2509184777736664, 0.48584553599357605], [0.028584832325577736, 0.06397157907485962], [0.35912197828292847, -0.12185460329055786], [0.34331756830215454, 0.6788466572761536], [0.33385947346687317, 0.022596556693315506], [-0.6446887850761414, -0.032835058867931366], [-0.7459336519241333, -0.17963209748268127], [-0.35237693786621094, 0.1771683543920517]], [[-0.28237184882164, 0.06541219353675842], [-0.00524573540315032, 0.025854436680674553], [0.2509184777736664, 0.48584553599357605], [-0.20910967886447906, -0.1019144207239151], [0.35912197828292847, -0.12185460329055786], [0.34331756830215454, 0.6788466572761536], [0.33385947346687317, 0.022596556693315506], [-0.6446887850761414, -0.032835058867931366], [-0.7459336519241333, -0.17963209748268127], [-0.35237693786621094, 0.1771683543920517]], [[-0.28237184882164, 0.06541219353675842], [-0.00524573540315032, 0.025854436680674553], [0.2509184777736664, 0.48584553599357605], [-0.20910967886447906, -0.1019144207239151], [0.35912197828292847, -0.12185460329055786], [0.34331756830215454, 0.6788466572761536], [0.33385947346687317, 0.022596556693315506], [-0.6446887850761414, -0.032835058867931366], [-0.7459336519241333, -0.17963209748268127], [-0.35237693786621094, 0.1771683543920517]], [[-0.28237184882164, 0.06541219353675842], [-0.16099785268306732, 0.5788137316703796], [0.2509184777736664, 0.48584553599357605], [-0.20910967886447906, -0.1019144207239151], [0.35912197828292847, -0.12185460329055786], [0.34331756830215454, 0.6788466572761536], [0.33385947346687317, 0.022596556693315506], [-0.6446887850761414, -0.032835058867931366], [-0.023905932903289795, -0.14207036793231964], [-0.35237693786621094, 0.1771683543920517]], [[-0.28237184882164, 0.06541219353675842], [-0.2801526188850403, 0.06605201959609985], [0.2509184777736664, 0.48584553599357605], [-0.20910967886447906, -0.1019144207239151], [0.35912197828292847, -0.12185460329055786], [0.34331756830215454, 0.6788466572761536], [0.33385947346687317, 0.022596556693315506], [-0.6446887850761414, -0.032835058867931366], [-0.023905932903289795, -0.14207036793231964], [-0.35237693786621094, 0.1771683543920517]], [[-0.28237184882164, 0.06541219353675842], [-0.2801526188850403, 0.06605201959609985], [0.2509184777736664, 0.48584553599357605], [-0.20910967886447906, -0.1019144207239151], [0.35912197828292847, -0.12185460329055786], [0.48619699478149414, 0.5854977965354919], [0.33385947346687317, 0.022596556693315506], [-0.6446887850761414, -0.032835058867931366], [-0.023905932903289795, -0.14207036793231964], [-0.35237693786621094, 0.1771683543920517]], [[-0.28237184882164, 0.06541219353675842], [-0.2801526188850403, 0.06605201959609985], [0.2509184777736664, 0.48584553599357605], [-0.20910967886447906, -0.1019144207239151], [0.35912197828292847, -0.12185460329055786], [0.5532503724098206, -0.0907132625579834], [0.33385947346687317, 0.022596556693315506], [-0.6446887850761414, -0.032835058867931366], [-0.023905932903289795, -0.14207036793231964], [-0.35237693786621094, 0.1771683543920517]], [[-0.28237184882164, 0.06541219353675842], [-0.2801526188850403, 0.06605201959609985], [0.2509184777736664, 0.48584553599357605], [-0.4193536341190338, -0.146079882979393], [0.35912197828292847, -0.12185460329055786], [-0.24051523208618164, -0.5030809640884399], [0.33385947346687317, 0.022596556693315506], [-0.6381879448890686, 0.19183006882667542], [-0.023905932903289795, -0.14207036793231964], [-0.35237693786621094, 0.1771683543920517]]], "object_rotation": [[1.8014700412750244, 3.043440103530884, 1.9347230195999146, 0.9754353165626526, 2.2990336418151855, 1.0120491981506348, 2.3945438861846924, 0.5842469930648804, 1.7516155242919922, 1.2847301959991455], [1.394154667854309, 3.043440103530884, 1.9347230195999146, 0.9754353165626526, 3.2100601196289062, 1.0120491981506348, 2.3945438861846924, 0.11575445532798767, 1.7516155242919922, 0.7192093729972839], [1.394154667854309, 3.043440103530884, 1.9347230195999146, 0.9754353165626526, 3.2100601196289062, 1.0120491981506348, 2.3945438861846924, 0.12926995754241943, 1.6478198766708374, 0.7192093729972839], [1.3294199705123901, 3.043440103530884, 1.9347230195999146, 0.9086349010467529, 3.2100601196289062, 1.0120491981506348, 2.3945438861846924, 0.12926995754241943, 1.6478198766708374, 0.7192093729972839], [1.3294199705123901, 3.043440103530884, 1.9347230195999146, 0.9086349010467529, 3.2100601196289062, 1.0120491981506348, 2.3945438861846924, 0.12926995754241943, 1.6478198766708374, 0.7192093729972839], [1.3294199705123901, 3.1968042850494385, 1.9347230195999146, 0.9086349010467529, 3.2100601196289062, 1.0120491981506348, 2.3945438861846924, 0.12926995754241943, 1.520845651626587, 0.7192093729972839], [1.3294199705123901, 3.729731559753418, 1.9347230195999146, 0.9086349010467529, 3.2100601196289062, 1.0120491981506348, 2.3945438861846924, 0.12926995754241943, 1.520845651626587, 0.7192093729972839], [1.3294199705123901, 3.729731559753418, 1.9347230195999146, 0.9086349010467529, 3.2100601196289062, 0.5620454549789429, 2.3945438861846924, 0.12926995754241943, 1.520845651626587, 0.7192093729972839], [1.3294199705123901, 3.729731559753418, 1.9347230195999146, 0.9086349010467529, 3.2100601196289062, 0.9305033683776855, 2.3945438861846924, 0.12926995754241943, 1.520845651626587, 0.7192093729972839], [1.3294199705123901, 3.729731559753418, 1.9347230195999146, 1.313513159751892, 3.2100601196289062, 0.899063229560852, 2.3945438861846924, 0.1328689157962799, 1.520845651626587, 0.7192093729972839]],