{"eps": {"drone_state": [[-10.1118803024292, -0.08227987587451935, 1.0122268199920654, 0.07645337283611298], [-9.94871997833252, 0.04429291561245918, 1.002220630645752, -0.1175687313079834], [-9.909876823425293, -0.043384209275245667, 1.0618984699249268, 0.009989011101424694], [-10.0001220703125, 0.013603709638118744, 0.9947177767753601, -0.008631479926407337], [-9.881539344787598, 0.13589884340763092, 1.0212119817733765, 0.013906074687838554]], "tree_locations": [[[-3.068927764892578, -3.942531108856201], [-3.769247055053711, -0.537682831287384], [-7.020477771759033, -3.469717502593994], [-6.996047496795654, -0.9837066531181335], [-5.288112640380859, -1.558027982711792]], [[-3.7923898696899414, -0.042459774762392044], [-7.350704193115234, -0.733742892742157], [-2.19682240486145, 2.533482313156128], [-1.560960292816162, -2.466813087463379], [-6.585475921630859, 2.470492362976074]], [[-2.729074239730835, -1.7915339469909668], [-5.077188014984131, -3.278783082962036], [-6.478288650512695, 3.4605352878570557], [-7.303773880004883, -1.7703737020492554], [-7.983315467834473, -3.009852647781372]], [[-6.902139663696289, 0.9108003377914429], [-3.369983673095703, 3.413635492324829], [-4.825716972351074, -3.5625386238098145], [-3.958566427230835, 1.2311168909072876], [-1.4667123556137085, 2.8031983375549316]], [[-3.136763572692871, 1.1384063959121704], [-5.9497904777526855, -3.9706764221191406], [-4.880187034606934, -2.4270970821380615], [-5.724928855895996, 3.0832908153533936], [-3.7751595973968506, 1.5812593698501587]]], "tree_velocities": [[[0.0, 0.0], [0.0, 0.0], [0.0, 0.0], [0.0, 0.0], [0.0, 0.0]], [[0.0, 0.0], [0.0, 0.0], [0.0, 0.0], [0.0, 0.0], [0.0, 0.0]], [[0.0, 0.0], [0.0, 0.0], [0.0, 0.0], [0.0, 0.0], [0.0, 0.0]], [[0.0, 0.0], [0.0, 0.0], [0.0, 0.0], [0.0, 0.0], [0.0, 0.0]], [[0.0, 0.0], [0.0, 0.0], [0.0, 0.0], [0.0, 0.0], [0.0, 0.0]]], "wind_speed": [[-0.11810464411973953, 0.03015345335006714], [-0.04151499643921852, 0.05645594000816345], [0.09857597202062607, -0.004371924325823784], [0.05594251677393913, 0.03122294694185257], [-0.02513798326253891, 0.03498415648937225]]}, "eps_trace": {"drone_state": [[[-10.124429702758789, -0.09156148135662079, 1.0187067985534668, 0.08556192368268967], [-9.941500663757324, 0.049794625490903854, 0.9999772906303406, -0.1331295222043991], [-9.905556678771973, -0.04525310918688774, 1.0752323865890503, 0.010524775832891464], [-10.000139236450195, 0.021810445934534073, 0.9873100519180298, -0.014172321185469627], [-9.873199462890625, 0.1454625278711319, 1.0285552740097046, 0.015130845829844475]], [[-10.12112808227539, -0.08913608640432358, 1.0180174112319946, 0.08298055827617645], [-9.942500114440918, 0.04905908927321434, 1.0028483867645264, -0.13014458119869232], [-9.906824111938477, -0.044632986187934875, 1.07050621509552, 0.010388322174549103], [-10.000285148620605, 0.020389333367347717, 0.9901198744773865, -0.01317896693944931], [-9.874338150024414, 0.14416757225990295, 1.026721477508545, 0.014827100560069084]], [[-10.118443489074707, -0.08713173121213913, 1.0157068967819214, 0.08104174584150314], [-9.94444751739502, 0.04744972661137581, 1.002541184425354, -0.12593376636505127], [-9.90733814239502, -0.04445924982428551, 1.0694382190704346, 0.010305866599082947], [-10.000152587890625, 0.018832670524716377, 0.9945672750473022, -0.012180056422948837], [-9.875572204589844, 0.14254073798656464, 1.0246386528015137, 0.014597567729651928]], [[-10.115192413330078, -0.08473999798297882, 1.0138462781906128, 0.0787644013762474], [-9.946381568908691, 0.04580941051244736, 1.0023119449615479, -0.12165102362632751], [-9.9085054397583, -0.043979890644550323, 1.0665441751480103, 0.010186149738729], [-10.000186920166016, 0.015364699997007847, 0.9972572326660156, -0.009877268224954605], [-9.87830924987793, 0.13944527506828308, 1.0218515396118164, 0.014293821528553963]], [[-10.1118803024292, -0.08227987587451935, 1.0122268199920654, 0.07645337283611298], [-9.94871997833252, 0.04429291561245918, 1.002220630645752, -0.1175687313079834], [-9.909876823425293, -0.043384209275245667, 1.0618984699249268, 0.009989011101424694], [-10.0001220703125, 0.013603709638118744, 0.9947177767753601, -0.008631479926407337], [-9.881539344787598, 0.13589884340763092, 1.0212119817733765, 0.013906074687838554]]],