{"initial_states": {"ego_state": [[-100.42002868652344, -2.784581184387207, 7.447559619322419e-05, 9.944530487060547], [-100.01992797851562, -3.8892834186553955, 1.1678469491016585e-05, 9.738630294799805], [-100.73707580566406, -2.9994163513183594, -0.0005791020812466741, 9.692012786865234], [-100.65081787109375, -2.5815377235412598, 0.0003933748812414706, 9.47843074798584], [-100.33734893798828, -2.177565336227417, -0.0011140590067952871, 9.989922523498535], [-99.71985626220703, -3.1042959690093994, 0.0006356834201142192, 10.372784614562988], [-100.36651611328125, -3.1091206073760986, -0.0008677475270815194, 10.625714302062988], [-99.97066497802734, -3.0712661743164062, 0.0006305841379798949, 9.687050819396973], [-100.1259994506836, -3.1750309467315674, 0.00022281776182353497, 9.241735458374023], [-100.07548522949219, -2.6850013732910156, -1.1555419405340217e-05, 10.349002838134766]], "non_ego_states": [[[-90.30992889404297, -2.9789657592773438, -0.0010808242950588465, 6.56302547454834], [-70.10237121582031, 3.4312164783477783, -0.0003491343231871724, 7.612331867218018]], [[-89.9825668334961, -2.7028048038482666, 0.0010036249877884984, 6.873356342315674], [-69.91495513916016, 2.6534922122955322, -7.75664193497505e-06, 9.089451789855957]], [[-90.05682373046875, -3.705946207046509, -0.0012485282495617867, 7.584107398986816], [-69.88177490234375, 2.1508519649505615, -0.0013195741921663284, 8.613181114196777]], [[-90.1365966796875, -2.028383731842041, -0.0008084939909167588, 5.958408832550049], [-70.26444244384766, 2.9826602935791016, 0.0007290238863788545, 9.033187866210938]], [[-89.651611328125, -3.392150402069092, -0.001276851980946958, 7.634889602661133], [-70.27050018310547, 3.0607261657714844, -0.0002193803811678663, 8.363929748535156]], [[-89.26265716552734, -2.1010782718658447, 0.0013156771892681718, 6.793580532073975], [-70.58180236816406, 2.663174629211426, 0.00014862301759421825, 8.243350982666016]], [[-90.30033874511719, -3.444042205810547, 0.0005904051358811557, 7.864862442016602], [-69.90127563476562, 2.3830010890960693, 0.00017581180145498365, 8.29541015625]], [[-90.4834213256836, -3.1629583835601807, -0.0014193669194355607, 6.900961875915527], [-69.53783416748047, 1.8180689811706543, -0.0004203846328891814, 8.206002235412598]], [[-89.74725341796875, -3.0604283809661865, 0.0004969168221578002, 7.1274847984313965], [-69.92447662353516, 3.3533949851989746, 0.0010979591170325875, 8.575217247009277]], [[-90.21099853515625, -2.8461663722991943, 0.0003680142399389297, 7.958505630493164], [-70.41029357910156, 2.524718999862671, 8.0774916568771e-05, 8.346982955932617]]], "shading_light_direction": [[-0.2561458349227905, -0.9863026142120361, 1.4503955841064453], [-0.3352075517177582, -0.5880322456359863, 0.8265171647071838], [-0.18325544893741608, -0.5571707487106323, 1.2191065549850464], [-0.20349706709384918, -1.0021876096725464, 0.6461356282234192], [-0.05128628760576248, -0.4844340980052948, 0.40940943360328674], [0.02311081625521183, -0.5200751423835754, 0.6525466442108154], [-0.40492111444473267, 0.021905729547142982, 0.8414103984832764], [-0.283638596534729, -0.657805860042572, 0.8583529591560364], [-0.08170207589864731, -0.3521971106529236, 0.5690646767616272], [-0.08705472946166992, -0.5062751173973083, 1.2264147996902466]], "non_ego_colors": [[[0.0313115119934082, 0.4851118326187134, 0.0853644609451294], [0.48142266273498535, 0.5446407794952393, 0.045250535011291504]], [[0.07549917697906494, 0.8634825944900513, 0.8732483386993408], [0.6887565851211548, 0.8015851974487305, 0.9086554050445557]], [[0.01982891745865345, 0.6816884279251099, 0.3979027271270752], [0.7971081733703613, 0.09255218505859375, 0.8944692611694336]], [[0.689690351486206, 0.5314427614212036, 0.3374035358428955], [0.2797640562057495, 0.020934462547302246, 0.897934079170227]], [[0.32427191734313965, 0.9661206007003784, 0.19118261337280273], [0.9246970415115356, 0.9565832614898682, 0.9634649753570557]], [[0.7082151770591736, 0.21026253700256348, 0.12126681953668594], [0.7503372430801392, 0.8390051126480103, 0.5611250400543213]], [[0.01082621980458498, 0.051783084869384766, 0.2614779770374298], [0.3918170928955078, 0.15751278400421143, 0.9129252433776855]], [[0.4405529499053955, 0.04772913455963135, 0.8362017869949341], [0.28775203227996826, 0.07391178607940674, 0.27839553356170654]], [[0.18600201606750488, 0.6183284521102905, 0.34887683391571045], [0.6306518316268921, 0.3561248779296875, 0.27513062953948975]], [[0.45747196674346924, 0.7367923259735107, 0.7806684970855713], [0.4409916400909424, 0.9669675827026367, 0.6407103538513184]]]}, "time": 197.03218650445342, "L": 10.0, "dp_mcmc_step_size": 1e-05, "ep_mcmc_step_size": 1e-06, "num_rounds": 1, "num_mcmc_steps_per_round": 1, "num_chains": 10, "use_gradients": true, "use_stochasticity": true, "repair": true, "predict": true, "quench_rounds": 10, "tempering_schedule": null}