{"eps": {"drone_state": [[-10.040520668029785, 0.10998567938804626, 0.9862263202667236, -0.007879085838794708], [-9.957620620727539, 0.2720656991004944, 0.9951969981193542, -0.07515694200992584], [-9.897153854370117, 0.0027028301265090704, 1.0153298377990723, 0.23009711503982544], [-10.125986099243164, 0.11626976728439331, 1.0382672548294067, -0.043692972511053085], [-9.862691879272461, 0.06615554541349411, 1.0407741069793701, 0.17025692760944366]], "tree_locations": [[[-6.5565667152404785, 3.9300293922424316], [-4.665188789367676, -3.235307455062866], [-1.3924986124038696, -0.10278116166591644], [-7.894395351409912, 2.569690704345703], [-6.082581520080566, -2.471414089202881]], [[-2.713480234146118, 1.7872331142425537], [-2.549032688140869, -2.8913769721984863], [-5.6914448738098145, 0.9736233353614807], [-3.632540225982666, 3.1215250492095947], [-4.136584758758545, 0.644273579120636]], [[-4.6049323081970215, -2.7174267768859863], [-2.520963668823242, 2.2812108993530273], [-1.7248001098632812, 2.7976267337799072], [-2.258354425430298, -2.780880928039551], [-2.6689813137054443, 0.9881298542022705]], [[-3.598679304122925, 3.7889797687530518], [-3.763622522354126, 3.0776751041412354], [-3.287564992904663, 1.9837738275527954], [-2.0969293117523193, -0.03848487138748169], [-7.328893661499023, 2.647226572036743]], [[-4.776214599609375, 2.9536304473876953], [-7.23463249206543, 3.2755661010742188], [-1.926324486732483, -0.5326418280601501], [-1.8592941761016846, 2.991678237915039], [-5.645577430725098, 3.0067312717437744]]], "tree_velocities": [[[0.1266980618238449, 0.21928298473358154], [0.08112982660531998, 0.0366671048104763], [-0.2103976458311081, -0.09168991446495056], [-0.34265774488449097, 0.23248782753944397], [-0.05359019711613655, 0.04016422480344772]], [[0.27086198329925537, 0.16964168846607208], [-0.37049025297164917, 0.19740159809589386], [-0.3069267272949219, 0.14446914196014404], [-0.0032091995235532522, -0.0615617036819458], [-0.033623747527599335, 0.22175605595111847]], [[-0.2408069521188736, 0.048034753650426865], [0.1384621560573578, -0.10567756742238998], [-0.30032971501350403, 0.027203036472201347], [-0.3452208936214447, 0.2767215669155121], [-0.13726361095905304, 0.35640689730644226]], [[-0.0864725112915039, -0.06312965601682663], [0.24117478728294373, -0.3061668872833252], [-0.008641308173537254, 0.1730787605047226], [0.03807016462087631, -0.2073911726474762], [-0.2651369273662567, -0.33232197165489197]], [[-0.2184770554304123, 0.16812987625598907], [-0.06297659873962402, 0.011523385532200336], [0.1690126210451126, 0.09906961768865585], [0.2520764172077179, 0.033791154623031616], [-0.3267045021057129, -0.5662862062454224]]], "wind_speed": [[-0.010055647231638432, 0.004683957900851965], [0.05476299300789833, -0.06489051133394241], [-0.15971185266971588, 0.05223619565367699], [0.0070409937761723995, 0.03500971570611], [0.09240470826625824, -0.008368434384465218]]}, "eps_trace": {"drone_state": [[[-10.045672416687012, 0.12575086951255798, 0.9818652868270874, -0.010103970766067505], [-9.954695701599121, 0.2907450199127197, 0.9930564165115356, -0.07954853773117065], [-9.889750480651855, 0.0028288320172578096, 1.020172357559204, 0.2463959902524948], [-10.135931015014648, 0.1254415661096573, 1.0524832010269165, -0.047074783593416214], [-9.85302448272705, 0.07064584642648697, 1.050629734992981, 0.1821039468050003]], [[-10.044259071350098, 0.12238357216119766, 0.982612669467926, -0.00871644914150238], [-9.955459594726562, 0.28603458404541016, 0.99314284324646, -0.07819873094558716], [-9.891639709472656, 0.0027810046449303627, 1.0183004140853882, 0.24218127131462097], [-10.133661270141602, 0.12337436527013779, 1.0486129522323608, -0.04631011560559273], [-9.855319023132324, 0.06955928355455399, 1.0473353862762451, 0.1793360561132431]], [[-10.042854309082031, 0.11849814653396606, 0.9853683114051819, -0.008477188646793365], [-9.956169128417969, 0.2813017964363098, 0.9939389228820801, -0.07701240479946136], [-9.893590927124023, 0.0027343204710632563, 1.0167871713638306, 0.23783783614635468], [-10.131103515625, 0.12100177258253098, 1.0452107191085815, -0.04540888965129852], [-9.857160568237305, 0.06872886419296265, 1.0440212488174438, 0.17702293395996094]], [[-10.042189598083496, 0.11453592032194138, 0.985706090927124, -0.008189934305846691], [-9.9568452835083, 0.2766715884208679, 0.9951760172843933, -0.07580403983592987], [-9.89522933959961, 0.002714972011744976, 1.0171693563461304, 0.2343149483203888], [-10.128623962402344, 0.11869334429502487, 1.0416494607925415, -0.04453108832240105], [-9.860005378723145, 0.06741365045309067, 1.0424078702926636, 0.17355239391326904]], [[-10.040520668029785, 0.10998567938804626, 0.9862263202667236, -0.007879085838794708], [-9.957620620727539, 0.2720656991004944, 0.9951969981193542, -0.07515694200992584], [-9.897153854370117, 0.0027028301265090704, 1.0153298377990723, 0.23009711503982544], [-10.125986099243164, 0.11626976728439331, 1.0382672548294067, -0.043692972511053085], [-9.862691879272461, 0.06615554541349411, 1.0407741069793701, 0.17025692760944366]]],