{"eps": {"object_position": [[-0.0027945172041654587, 0.042123764753341675], [-0.055218107998371124, -0.14605925977230072], [0.12268291413784027, -0.12781579792499542], [-0.00300578773021698, 0.06817310303449631], [0.13105174899101257, 0.09620361030101776]], "object_rotation": [1.0424715280532837, 2.1812760829925537, 0.7759360074996948, 2.1211626529693604, 1.5103358030319214], "distractor_position": [-0.6227442026138306, 0.10243882238864899, -1.1540579795837402, 0.4393623471260071, -0.4609176218509674]}, "eps_trace": {"object_position": [[[0.03863740339875221, -0.08327758312225342], [-0.11252915114164352, -0.14932698011398315], [-0.045737218111753464, -0.14513275027275085], [0.03988846018910408, 0.08736482262611389], [0.29486268758773804, 0.006243403535336256]], [[0.08997094631195068, -0.07478316128253937], [-0.12130795419216156, -0.17763306200504303], [0.04021256044507027, -0.07906884700059891], [0.02515454962849617, 0.08547664433717728], [0.29486268758773804, 0.006243403535336256]], [[0.11127497255802155, -0.13515786826610565], [-0.07878583669662476, -0.21934697031974792], [0.04021256044507027, -0.07906884700059891], [0.08148631453514099, 0.09572875499725342], [0.3037166893482208, 0.01827525533735752]], [[0.030015915632247925, -0.08034447580575943], [-0.07878583669662476, -0.21934697031974792], [-0.0006981566548347473, -0.07002988457679749], [0.08148631453514099, 0.09572875499725342], [0.2747652530670166, -0.015312625095248222]], [[0.01717216521501541, -0.10630644112825394], [-0.07878583669662476, -0.21934697031974792], [0.02393149957060814, 0.006067007780075073], [0.05581466853618622, 0.11105470359325409], [0.2747652530670166, -0.015312625095248222]], [[0.01717216521501541, -0.10630644112825394], [-0.06341615319252014, -0.2149193435907364], [0.02393149957060814, 0.006067007780075073], [-0.009480640292167664, 0.1135210394859314], [0.2747652530670166, -0.015312625095248222]], [[0.018957331776618958, -0.09878405928611755], [-0.08468610048294067, -0.15684936940670013], [0.07812844961881638, 0.018641246482729912], [-0.025547629222273827, 0.16277414560317993], [0.12242710590362549, -0.01890050619840622]], [[0.018957331776618958, -0.09878405928611755], [-0.09510460495948792, -0.11396937072277069], [0.07812844961881638, 0.018641246482729912], [-0.06064818054437637, 0.17888617515563965], [0.12019255012273788, 0.04389755427837372]], [[0.01583803817629814, 0.004139259457588196], [-0.09510460495948792, -0.11396937072277069], [0.07812844961881638, 0.018641246482729912], [-0.0032896623015403748, 0.058224573731422424], [0.06481142342090607, 0.006208967417478561]], [[0.01583803817629814, 0.004139259457588196], [-0.03490538150072098, -0.10209264606237411], [-0.026415333151817322, 0.01998114213347435], [-0.04583786055445671, 0.07157864421606064], [0.06481142342090607, 0.006208967417478561]], [[0.096975177526474, 0.05576226860284805], [-0.08529245108366013, -0.22200258076190948], [-0.026415333151817322, 0.01998114213347435], [-0.04583786055445671, 0.07157864421606064], [0.019585609436035156, -0.025116395205259323]], [[0.17675183713436127, 0.05262397602200508], [-0.11715404689311981, -0.1786019653081894], [0.026614483445882797, -0.0398167259991169], [-0.03391341120004654, 0.1428249329328537], [0.003438478335738182, -0.03672724589705467]], [[0.08492524176836014, -0.0205073244869709], [-0.11715404689311981, -0.1786019653081894], [0.03638818860054016, -0.032549068331718445], [-0.037950072437524796, 0.12549874186515808], [0.016955701634287834, -0.07431282103061676]], [[0.05785364657640457, 0.003818480297923088], [-0.11715404689311981, -0.1786019653081894], [-0.0011801868677139282, 0.023629561066627502], [-0.010445989668369293, 0.08123093843460083], [0.09613178670406342, -0.04020329937338829]], [[0.05785364657640457, 0.003818480297923088], [-0.057864896953105927, -0.1969025880098343], [0.03395814821124077, 0.028076831251382828], [-0.010445989668369293, 0.08123093843460083], [0.09613178670406342, -0.04020329937338829]], [[0.05785364657640457, 0.003818480297923088], [-0.04698381572961807, -0.17069169878959656], [0.03395814821124077, 0.028076831251382828], [-0.010445989668369293, 0.08123093843460083], [0.09997175633907318, -0.049649253487586975]], [[0.012346018105745316, 0.020645668730139732], [-0.1344470977783203, -0.08161021769046783], [0.12268291413784027, -0.12781579792499542], [0.014255426824092865, 0.039806004613637924], [0.15623536705970764, 0.03352612257003784]], [[0.012346018105745316, 0.020645668730139732], [-0.1344470977783203, -0.08161021769046783], [0.12268291413784027, -0.12781579792499542], [0.04143291711807251, 0.047312017530202866], [0.0672401487827301, 0.04046736657619476]], [[0.04098854959011078, 0.08773093670606613], [-0.08214287459850311, -0.14838562905788422], [0.12268291413784027, -0.12781579792499542], [0.04143291711807251, 0.047312017530202866], [0.09622141718864441, 0.06610558182001114]], [[0.04098854959011078, 0.08773093670606613], [-0.08214287459850311, -0.14838562905788422], [0.12268291413784027, -0.12781579792499542], [0.10251235216856003, 0.10638713836669922], [0.12278401851654053, 0.1211208924651146]], [[0.023535285145044327, 0.02747008204460144], [-0.12809383869171143, -0.12336678802967072], [0.12268291413784027, -0.12781579792499542], [0.12640395760536194, 0.056052759289741516], [0.12278401851654053, 0.1211208924651146]], [[0.026009460911154747, 0.0508929044008255], [-0.07655251026153564, -0.14251717925071716], [0.12268291413784027, -0.12781579792499542], [0.12640395760536194, 0.056052759289741516], [0.12278401851654053, 0.1211208924651146]], [[-0.0027945172041654587, 0.042123764753341675], [-0.05043768137693405, -0.1174592450261116], [0.12268291413784027, -0.12781579792499542], [0.08187806606292725, 0.052602026611566544], [0.11969829350709915, 0.14886528253555298]], [[-0.0027945172041654587, 0.042123764753341675], [-0.055218107998371124, -0.14605925977230072], [0.12268291413784027, -0.12781579792499542], [0.08187806606292725, 0.052602026611566544], [0.13105174899101257, 0.09620361030101776]], [[-0.0027945172041654587, 0.042123764753341675], [-0.055218107998371124, -0.14605925977230072], [0.12268291413784027, -0.12781579792499542], [-0.00300578773021698, 0.06817310303449631], [0.13105174899101257, 0.09620361030101776]]],