{"eps": {"object_position": [[-0.03759166970849037, 0.10612049698829651], [-0.18886972963809967, -0.13964210450649261], [-0.13997966051101685, 0.022463403642177582], [-0.11244554072618484, 0.2398751974105835], [0.015247145667672157, 0.1313251405954361]], "object_rotation": [2.632943630218506, 0.2925003170967102, 2.4301278591156006, 1.0315982103347778, 2.4275617599487305], "distractor_position": [-0.7924305200576782, -0.742036759853363, -1.3470463752746582, -0.2363695502281189, -0.45064035058021545]}, "eps_trace": {"object_position": [[[-0.28084543347358704, 0.0042972201481461525], [-0.1352197229862213, 0.11768753826618195], [0.058600760996341705, 0.023270726203918457], [0.09593554586172104, 0.1311238557100296], [-0.12493835389614105, -0.055401451885700226]], [[-0.28084543347358704, 0.0042972201481461525], [-0.13259266316890717, 0.11493545025587082], [0.04337011277675629, -0.0030156467109918594], [0.05147106200456619, 0.21718892455101013], [-0.13384409248828888, -0.0263000950217247]], [[-0.21545752882957458, -0.02356172725558281], [-0.05891948193311691, 0.0730179101228714], [0.04197104647755623, 0.00997934490442276], [0.05147106200456619, 0.21718892455101013], [-0.16392973065376282, -0.05870896950364113]], [[-0.21545752882957458, -0.02356172725558281], [-0.029921572655439377, 0.06983457505702972], [0.033407606184482574, -0.03733794391155243], [0.05147106200456619, 0.21718892455101013], [-0.17000310122966766, -0.06559069454669952]], [[-0.12554411590099335, 0.05080609396100044], [0.054648350924253464, 0.03283357620239258], [0.012829141691327095, -0.03077920526266098], [0.05147106200456619, 0.21718892455101013], [-0.16276416182518005, -0.0131831094622612]], [[-0.16650861501693726, 0.07377826422452927], [0.030985530465841293, -0.003925971686840057], [0.03983598202466965, -0.014402654021978378], [0.220013827085495, 0.20912231504917145], [-0.15896524488925934, -0.07265718281269073]], [[-0.165420800447464, 0.0161578431725502], [0.05220232531428337, 0.00312811229377985], [0.06679248064756393, -0.03763246163725853], [0.18774306774139404, 0.2088288813829422], [-0.15247172117233276, -0.08003601431846619]], [[-0.212974414229393, -0.04654005914926529], [0.03024604730308056, -0.015220197848975658], [0.10382939875125885, -0.0548180416226387], [0.11232250183820724, 0.29395347833633423], [-0.15247172117233276, -0.08003601431846619]], [[-0.12851223349571228, -0.08887062966823578], [0.03024604730308056, -0.015220197848975658], [-0.0030076876282691956, -0.06901998072862625], [0.10536045581102371, 0.30946072936058044], [-0.16678369045257568, -0.15384766459465027]], [[-0.08419136703014374, -0.03870105743408203], [-0.032461971044540405, -0.17193713784217834], [0.046520426869392395, -0.010728858411312103], [0.10536045581102371, 0.30946072936058044], [-0.15793588757514954, -0.07987260818481445]], [[-0.06707633286714554, -0.0579570010304451], [-0.0719282478094101, -0.20118579268455505], [0.030562078580260277, 0.051029931753873825], [0.009404994547367096, 0.26432767510414124], [-0.15793588757514954, -0.07987260818481445]], [[-0.08298685401678085, -0.07480652630329132], [-0.10429506003856659, -0.15428417921066284], [0.017690766602754593, 0.05693942308425903], [0.039316728711128235, 0.2495425045490265], [-0.1581004410982132, -0.0762304961681366]], [[0.04668676108121872, 0.029622770845890045], [-0.14566801488399506, -0.1810828447341919], [0.052179157733917236, 0.10008212178945541], [0.061925165355205536, 0.19655504822731018], [-0.1581004410982132, -0.0762304961681366]], [[0.0343388132750988, 0.011783625930547714], [-0.14566801488399506, -0.1810828447341919], [0.08470696210861206, 0.07797665894031525], [0.12298144400119781, 0.2333734929561615], [-0.14882367849349976, -0.09505234658718109]], [[0.0343388132750988, 0.011783625930547714], [-0.16084684431552887, -0.06771949678659439], [-0.024630114436149597, 0.034330565482378006], [0.07345570623874664, 0.23883289098739624], [-0.17437684535980225, -0.04612492024898529]], [[0.016369733959436417, 0.005711548961699009], [-0.16084684431552887, -0.06771949678659439], [-0.00890045054256916, 0.041482143104076385], [0.10139180719852448, 0.19972297549247742], [-0.11822821944952011, 0.0564957931637764]], [[0.016369733959436417, 0.005711548961699009], [-0.241851806640625, -0.11536073684692383], [-0.00890045054256916, 0.041482143104076385], [0.09531596302986145, 0.1359412670135498], [-0.13626393675804138, 0.016719035804271698]], [[0.03464522212743759, 0.05557169020175934], [-0.241851806640625, -0.11536073684692383], [0.013998916372656822, 0.0999547690153122], [-0.05945040285587311, 0.15586704015731812], [-0.13626393675804138, 0.016719035804271698]], [[0.05567692965269089, 0.054517172276973724], [-0.241851806640625, -0.11536073684692383], [-0.016187245026230812, 0.11431901901960373], [-0.06694266200065613, 0.14229576289653778], [-0.17173773050308228, -0.021942615509033203]], [[0.016219276934862137, -0.013525836169719696], [-0.27022334933280945, -0.0715901330113411], [-0.016187245026230812, 0.11431901901960373], [-0.0649920180439949, 0.19362829625606537], [-0.13781975209712982, 0.02073882520198822]], [[-0.05138305947184563, 0.0030416492372751236], [-0.27022334933280945, -0.0715901330113411], [-0.005703778937458992, -0.017186380922794342], [-0.050810400396585464, 0.1980377435684204], [-0.08913625031709671, 0.06050227954983711]], [[-0.06913860142230988, 0.08941599726676941], [-0.32039591670036316, -0.15172088146209717], [-0.09426329284906387, 0.000699920579791069], [-0.0514192059636116, 0.281852126121521], [-0.010027103126049042, 0.050526849925518036]], [[-0.058575909584760666, 0.13432282209396362], [-0.2759250998497009, -0.17860834300518036], [-0.09426329284906387, 0.000699920579791069], [-0.0514192059636116, 0.281852126121521], [-0.006568033713847399, 0.08463674783706665]], [[-0.04138590395450592, 0.11565060913562775], [-0.18886972963809967, -0.13964210450649261], [-0.13997966051101685, 0.022463403642177582], [-0.10041506588459015, 0.23755621910095215], [0.0235013198107481, 0.1507461965084076]], [[-0.03759166970849037, 0.10612049698829651], [-0.18886972963809967, -0.13964210450649261], [-0.13997966051101685, 0.022463403642177582], [-0.11244554072618484, 0.2398751974105835], [0.015247145667672157, 0.1313251405954361]]],