{"eps": {"object_position": [[0.029099341481924057, 0.05569077283143997], [-0.050218626856803894, -0.05268864333629608], [-0.03686027228832245, 0.05820007622241974], [0.1333955079317093, -0.011715047061443329], [-0.18396975100040436, 0.20353947579860687]], "object_rotation": [2.182621955871582, 1.7842836380004883, 0.2544383704662323, 1.197075605392456, 1.7718268632888794], "distractor_position": [-0.35163334012031555, 0.5441049933433533, -0.7686472535133362, 0.08046913892030716, -1.4701752662658691]}, "eps_trace": {"object_position": [[[0.0549531914293766, 0.17073792219161987], [-0.007023244630545378, 0.03748876228928566], [0.020540110766887665, -0.14011138677597046], [0.04323772341012955, -0.106312595307827], [0.05063812807202339, -0.08268173038959503]], [[0.04133530706167221, 0.17482948303222656], [-0.007023244630545378, 0.03748876228928566], [0.04249677062034607, -0.09968952089548111], [-0.02635633945465088, -0.10382640361785889], [0.07641294598579407, 0.023530617356300354]], [[0.05230539292097092, 0.20327232778072357], [-0.020104194059967995, -0.01092507690191269], [0.09577597677707672, -0.04558921232819557], [0.09899534285068512, -0.08274422585964203], [-0.010811157524585724, -0.00656864233314991]], [[0.011559072881937027, 0.06743304431438446], [-0.020104194059967995, -0.01092507690191269], [0.013579070568084717, 0.029153522104024887], [0.10709664970636368, -0.08453226089477539], [0.03094302862882614, 0.011453082785010338]], [[0.06813135743141174, 0.11156287789344788], [-0.020104194059967995, -0.01092507690191269], [-0.022130221128463745, 0.021695712581276894], [0.10709664970636368, -0.08453226089477539], [0.015125742182135582, 0.02671224996447563]], [[0.06813135743141174, 0.11156287789344788], [-0.020104194059967995, -0.01092507690191269], [-0.022130221128463745, 0.021695712581276894], [0.10709664970636368, -0.08453226089477539], [0.040584370493888855, 0.07562436163425446]], [[0.06813135743141174, 0.11156287789344788], [-0.020104194059967995, -0.01092507690191269], [-0.061533089727163315, 0.045688316226005554], [0.08864408731460571, -0.05572976917028427], [-0.002323947846889496, 0.03162240982055664]], [[0.0872751921415329, 0.08460276573896408], [0.006259143352508545, -0.05870264396071434], [-0.061533089727163315, 0.045688316226005554], [0.13380691409111023, -0.05631375312805176], [0.051149845123291016, 0.007929885759949684]], [[0.0872751921415329, 0.08460276573896408], [0.03296678140759468, -0.12473215162754059], [-0.08713959157466888, 0.05300316587090492], [0.21134451031684875, -0.10267308354377747], [0.0037414319813251495, 0.0038044163957238197]], [[0.0872751921415329, 0.08460276573896408], [0.07908111065626144, -0.16474290192127228], [-0.05441683530807495, -0.05910692736506462], [0.2154887616634369, -0.10191187262535095], [0.0037414319813251495, 0.0038044163957238197]], [[0.0872751921415329, 0.08460276573896408], [0.0736527293920517, -0.17095109820365906], [-0.05441683530807495, -0.05910692736506462], [0.20217694342136383, -0.0765673965215683], [0.04417656362056732, 0.037815965712070465]], [[0.09912494570016861, 0.08973174542188644], [0.0736527293920517, -0.17095109820365906], [-0.021572943776845932, -0.04561794921755791], [0.1918691247701645, -0.04120294377207756], [0.045654308050870895, 0.027726687490940094]], [[0.07256399095058441, 0.14938566088676453], [0.12947186827659607, -0.16448360681533813], [0.08366622030735016, -0.0018664449453353882], [0.17700828611850739, 0.04052407667040825], [0.04786524921655655, 0.08622050285339355]], [[0.07256399095058441, 0.14938566088676453], [0.12947186827659607, -0.16448360681533813], [0.13440091907978058, 0.06003478169441223], [0.17700828611850739, 0.04052407667040825], [0.005265910178422928, 0.07327856123447418]], [[0.07470474392175674, 0.1516876071691513], [0.09798114746809006, -0.22432909905910492], [0.08707641065120697, -0.012933574616909027], [0.17700828611850739, 0.04052407667040825], [-0.051183026283979416, 0.08251600712537766]], [[0.07470474392175674, 0.1516876071691513], [0.11508125811815262, -0.19976632297039032], [0.06821586191654205, -0.027073046192526817], [0.17700828611850739, 0.04052407667040825], [0.00648174062371254, 0.1055591031908989]], [[0.07470474392175674, 0.1516876071691513], [0.0765230730175972, -0.20971420407295227], [0.05324321240186691, -0.030476124957203865], [0.21242912113666534, 0.07027339935302734], [-0.02928328514099121, 0.15344229340553284]], [[0.13656669855117798, 0.11320933699607849], [0.07859183102846146, -0.127765953540802], [0.05324321240186691, -0.030476124957203865], [0.25838789343833923, 0.060476601123809814], [-0.032797008752822876, 0.1210675910115242]], [[0.07888049632310867, 0.06522372364997864], [0.07859183102846146, -0.127765953540802], [0.02199689857661724, 0.058098845183849335], [0.21088315546512604, 0.11350511014461517], [-0.0431985929608345, 0.15175241231918335]], [[0.07888049632310867, 0.06522372364997864], [-0.02234046906232834, -0.1099928468465805], [-0.048656389117240906, 0.06506092846393585], [0.21088315546512604, 0.11350511014461517], [-0.0427955724298954, 0.18324154615402222]], [[0.07888049632310867, 0.06522372364997864], [-0.039822518825531006, -0.0710444301366806], [-0.03686027228832245, 0.05820007622241974], [0.21751445531845093, 0.07035619765520096], [-0.07541139423847198, 0.1384410560131073]], [[0.09773413836956024, 0.016426842659711838], [-0.010133322328329086, -0.05712734907865524], [-0.03686027228832245, 0.05820007622241974], [0.21751445531845093, 0.07035619765520096], [-0.07541139423847198, 0.1384410560131073]], [[0.011275790631771088, -0.011236140504479408], [-0.04420158267021179, -0.03708555921912193], [-0.03686027228832245, 0.05820007622241974], [0.21751445531845093, 0.07035619765520096], [-0.07541139423847198, 0.1384410560131073]], [[0.029099341481924057, 0.05569077283143997], [-0.0688539668917656, -0.07622438669204712], [-0.03686027228832245, 0.05820007622241974], [0.1333955079317093, -0.011715047061443329], [-0.18396975100040436, 0.20353947579860687]], [[0.029099341481924057, 0.05569077283143997], [-0.050218626856803894, -0.05268864333629608], [-0.03686027228832245, 0.05820007622241974], [0.1333955079317093, -0.011715047061443329], [-0.18396975100040436, 0.20353947579860687]]],