{"initial_states": {"ego_state": [[-100.41944885253906, -2.788029193878174, 0.00026499811792746186, 9.958938598632812], [-100.03291320800781, -3.87880277633667, 0.001534263719804585, 9.706210136413574], [-100.7196273803711, -2.9933321475982666, -0.000480129849165678, 9.676613807678223], [-100.62776184082031, -2.5110936164855957, -8.886936120688915e-05, 9.478456497192383], [-100.32915496826172, -2.1478283405303955, -0.00046946638030931354, 9.98037052154541], [-99.7256088256836, -3.0642502307891846, 0.001319591305218637, 10.364072799682617], [-100.41017150878906, -3.1150619983673096, 0.0014376757899299264, 10.650199890136719], [-99.94769287109375, -3.0734171867370605, 0.0011813774472102523, 9.678401947021484], [-100.1456069946289, -3.1804022789001465, 0.0005107677425257862, 9.20878791809082], [-100.12796783447266, -2.6632649898529053, 0.001004611374810338, 10.327404022216797]], "non_ego_states": [[[-90.32351684570312, -3.0384421348571777, -0.0013967715203762054, 6.544042110443115], [-70.1073989868164, 3.4282033443450928, -0.00012641248758882284, 7.640624523162842]], [[-89.97377014160156, -2.6785941123962402, -0.0013811165699735284, 6.844558238983154], [-69.93505859375, 2.6099748611450195, -0.00021873984951525927, 9.07109546661377]], [[-90.0667495727539, -3.727463483810425, 0.0012196856550872326, 7.607443809509277], [-69.84827423095703, 2.1780707836151123, 0.000791708764154464, 8.608869552612305]], [[-90.13636016845703, -2.0390758514404297, 0.0008350436692126095, 5.968985080718994], [-70.24922180175781, 2.958010673522949, -0.0018009692430496216, 9.055551528930664]], [[-89.6240463256836, -3.3568227291107178, -0.0008173962123692036, 7.606602191925049], [-70.2834701538086, 3.0692262649536133, -0.0005008388543501496, 8.372339248657227]], [[-89.26119232177734, -2.099155902862549, -0.0012614198494702578, 6.798262119293213], [-70.6153564453125, 2.6940360069274902, -0.0005056045483797789, 8.227222442626953]], [[-90.3128890991211, -3.41908597946167, -0.0011382328812032938, 7.892738342285156], [-69.90763854980469, 2.4108998775482178, 0.0015536339487880468, 8.29049015045166]], [[-90.49000549316406, -3.1406280994415283, 0.0007266945904120803, 6.888981819152832], [-69.51988983154297, 1.804189920425415, -0.0007051629945635796, 8.18616771697998]], [[-89.7835693359375, -3.0512590408325195, 0.0008915063226595521, 7.100463390350342], [-69.93083953857422, 3.3537282943725586, 0.0013715217355638742, 8.599233627319336]], [[-90.24333190917969, -2.8442158699035645, -0.000629973248578608, 7.932696342468262], [-70.37273406982422, 2.5368521213531494, -0.0014442269457504153, 8.359515190124512]]], "shading_light_direction": [[-0.21529997885227203, -1.0144184827804565, 1.4613467454910278], [-0.37296637892723083, -0.590721845626831, 0.8423135280609131], [-0.18738596141338348, -0.5446412563323975, 1.1881564855575562], [-0.21156452596187592, -1.0013610124588013, 0.6594528555870056], [-0.04940459877252579, -0.5011823773384094, 0.45607948303222656], [0.02414322830736637, -0.5345851182937622, 0.6437388062477112], [-0.40120500326156616, 0.021430455148220062, 0.8565853238105774], [-0.3006359338760376, -0.6754884123802185, 0.8568974733352661], [-0.05919978395104408, -0.36174798011779785, 0.5664708614349365], [-0.0873628780245781, -0.507641077041626, 1.2472662925720215]], "non_ego_colors": [[[0.0350041501224041, 0.49001553654670715, 0.11338528245687485], [0.49990177154541016, 0.5935801267623901, 0.0054565612226724625]], [[0.08378972858190536, 0.9129531979560852, 0.8568419814109802], [0.6886300444602966, 0.8040208220481873, 0.8936727046966553]], [[0.06639960408210754, 0.6956232786178589, 0.4212348461151123], [0.8379932045936584, 0.0956687480211258, 0.9043163061141968]], [[0.6882885098457336, 0.5317503213882446, 0.3720117509365082], [0.26669973134994507, 0.022203976288437843, 0.9373608827590942]], [[0.2746121287345886, 0.9528907537460327, 0.17209233343601227], [0.9277681112289429, 0.9342232942581177, 0.9655909538269043]], [[0.7149166464805603, 0.20949530601501465, 0.13374648988246918], [0.7726195454597473, 0.8172177076339722, 0.5680515170097351]], [[0.012972047552466393, 0.042558200657367706, 0.23985213041305542], [0.3782864809036255, 0.16107968986034393, 0.9420589804649353]], [[0.45000749826431274, 0.048495274037122726, 0.8433457016944885], [0.29814350605010986, 0.06796599179506302, 0.27544447779655457]], [[0.12601564824581146, 0.6315445303916931, 0.33351385593414307], [0.6218199729919434, 0.34798702597618103, 0.27173152565956116]], [[0.4767502546310425, 0.7352530360221863, 0.7721590399742126], [0.40350326895713806, 0.9816544651985168, 0.6466385126113892]]]}, "time": 14722.706756013999, "L": 10.0, "dp_mcmc_step_size": 1e-05, "ep_mcmc_step_size": 1e-06, "num_rounds": 100, "num_mcmc_steps_per_round": 10, "num_chains": 10, "use_gradients": false, "use_stochasticity": true, "repair": false, "predict": true, "quench_rounds": 0, "tempering_schedule": [0.0, 0.010101010091602802, 0.020202020183205605, 0.03030303120613098, 0.04040404036641121, 0.05050504952669144, 0.06060606241226196, 0.07070706784725189, 0.08080808073282242, 0.09090909361839294, 0.10101009905338287, 0.1111111119389534, 0.12121212482452393, 0.13131313025951385, 0.14141413569450378, 0.1515151560306549, 0.16161616146564484, 0.17171716690063477, 0.1818181872367859, 0.19191919267177582, 0.20202019810676575, 0.21212121844291687, 0.2222222238779068, 0.23232322931289673, 0.24242424964904785, 0.2525252401828766, 0.2626262605190277, 0.27272728085517883, 0.28282827138900757, 0.2929292917251587, 0.3030303120613098, 0.31313130259513855, 0.3232323229312897, 0.3333333432674408, 0.34343433380126953, 0.35353535413742065, 0.3636363744735718, 0.3737373650074005, 0.38383838534355164, 0.39393940567970276, 0.4040403962135315, 0.4141414165496826, 0.42424243688583374, 0.4343434274196625, 0.4444444477558136, 0.4545454680919647, 0.46464645862579346, 0.4747474789619446, 0.4848484992980957, 0.49494948983192444, 0.5050504803657532, 0.5151515007019043, 0.5252525210380554, 0.5353535413742065, 0.5454545617103577, 0.5555555820465088, 0.5656565427780151, 0.5757575631141663, 0.5858585834503174, 0.5959596037864685, 0.6060606241226196, 0.6161616444587708, 0.6262626051902771, 0.6363636255264282, 0.6464646458625793, 0.6565656661987305, 0.6666666865348816, 0.6767676472663879, 0.6868686676025391, 0.6969696879386902, 0.7070707082748413, 0.7171717286109924, 0.7272727489471436, 0.7373737096786499, 0.747474730014801, 0.7575757503509521, 0.7676767706871033, 0.7777777910232544, 0.7878788113594055, 0.7979797720909119, 0.808080792427063, 0.8181818127632141, 0.8282828330993652, 0.8383838534355164, 0.8484848737716675, 0.8585858345031738, 0.868686854839325, 0.8787878751754761, 0.8888888955116272, 0.8989899158477783, 0.9090909361839294, 0.9191918969154358, 0.9292929172515869, 0.939393937587738, 0.9494949579238892, 0.9595959782600403, 0.9696969985961914, 0.9797979593276978, 0.9898989796638489, 1.0]}