{"initial_states": {"ego_state": [[-100.41471099853516, -2.7929298877716064, 0.002028942108154297, 9.959064483642578], [-100.02836608886719, -3.8880887031555176, 0.0008514036308042705, 9.70936393737793], [-100.73046875, -3.0044753551483154, 0.00012943160254508257, 9.696253776550293], [-100.6279525756836, -2.492114782333374, 0.004828715696930885, 9.478153228759766], [-100.33078002929688, -2.1647839546203613, -0.00016731786308810115, 9.951818466186523], [-99.72116088867188, -3.061222553253174, 0.0011051226174458861, 10.358546257019043], [-100.4176254272461, -3.0969152450561523, 0.0007135983323678374, 10.62968635559082], [-99.964111328125, -3.0832486152648926, -0.0011920309625566006, 9.681326866149902], [-100.14472198486328, -3.1856400966644287, 0.00020084064453840256, 9.214972496032715], [-100.10517883300781, -2.6613502502441406, 0.001467536436393857, 10.318929672241211]], "non_ego_states": [[[-90.3257827758789, -3.033320188522339, 0.000447749684099108, 6.559147357940674], [-70.09618377685547, 3.4578769207000732, 0.0007003924110904336, 7.641067028045654]], [[-89.97624969482422, -2.6794726848602295, -0.0019199724774807692, 6.848865509033203], [-69.94920349121094, 2.6074349880218506, -0.0005392457824200392, 9.065150260925293]], [[-90.04804992675781, -3.7376770973205566, 0.002505590207874775, 7.581418991088867], [-69.8616714477539, 2.1745927333831787, 0.0007744214381091297, 8.597981452941895]], [[-90.13044738769531, -2.0389785766601562, 0.0005562817677855492, 5.919399738311768], [-70.25874328613281, 2.9801950454711914, 0.001802183804102242, 9.042550086975098]], [[-89.6426773071289, -3.3787155151367188, -0.0003041521995328367, 7.602346897125244], [-70.2796401977539, 3.04852557182312, 0.0006085995119065046, 8.344782829284668]], [[-89.2892837524414, -2.0946192741394043, -0.001496187993325293, 6.7805495262146], [-70.60985565185547, 2.670517921447754, -0.0013771849917247891, 8.25332260131836]], [[-90.29109954833984, -3.409919023513794, -0.0006022516754455864, 7.896479606628418], [-69.91586303710938, 2.3891494274139404, 0.0005695104482583702, 8.31921100616455]], [[-90.4866714477539, -3.144299268722534, -0.0008515114895999432, 6.908527374267578], [-69.51934814453125, 1.811426043510437, -0.002060879021883011, 8.184263229370117]], [[-89.77881622314453, -3.065798282623291, 0.0019413774134591222, 7.129733562469482], [-69.9206771850586, 3.3716256618499756, -0.0002645072527229786, 8.572532653808594]], [[-90.24723052978516, -2.8409619331359863, 0.0007218093378469348, 7.933302879333496], [-70.37342834472656, 2.56390380859375, -0.0012883524177595973, 8.361246109008789]]], "shading_light_direction": [[-0.2250840961933136, -0.9948797821998596, 1.4728368520736694], [-0.3692482113838196, -0.590714693069458, 0.8474195003509521], [-0.2116302102804184, -0.5448827743530273, 1.2097241878509521], [-0.22549909353256226, -0.9746527075767517, 0.6592720150947571], [-0.0472792349755764, -0.49253419041633606, 0.4343564212322235], [0.020125214010477066, -0.5419691205024719, 0.6690611243247986], [-0.4018438756465912, -0.015820998698472977, 0.8524188995361328], [-0.28737711906433105, -0.6671428680419922, 0.8576071262359619], [-0.07910112291574478, -0.3835112750530243, 0.5476587414741516], [-0.08102727681398392, -0.46721595525741577, 1.2276190519332886]], "non_ego_colors": [[[0.021292749792337418, 0.5078703761100769, 0.1172872856259346], [0.4866310656070709, 0.5818672180175781, 0.0222609993070364]], [[0.08390315622091293, 0.9172571897506714, 0.8625381588935852], [0.7031842470169067, 0.8143479228019714, 0.8836814761161804]], [[0.04539479315280914, 0.7240457534790039, 0.4361923038959503], [0.8114104866981506, 0.08599486202001572, 0.8937353491783142]], [[0.7052528262138367, 0.5069206357002258, 0.3762206733226776], [0.2555112838745117, 0.032660048454999924, 0.9217720031738281]], [[0.29486384987831116, 0.9522953033447266, 0.17049705982208252], [0.9378542304039001, 0.937222421169281, 0.9666388034820557]], [[0.7137329578399658, 0.255715548992157, 0.1266316920518875], [0.8015819787979126, 0.8036469221115112, 0.5519713759422302]], [[0.012110535055398941, 0.03639242798089981, 0.2568814158439636], [0.3794407248497009, 0.14998582005500793, 0.9303431510925293]], [[0.45298048853874207, 0.05418344959616661, 0.8385045528411865], [0.29108139872550964, 0.06510095298290253, 0.27747204899787903]], [[0.14372335374355316, 0.6409857273101807, 0.3180038630962372], [0.6380751132965088, 0.3243096172809601, 0.29822656512260437]], [[0.4566650390625, 0.752579927444458, 0.7761017084121704], [0.4169033467769623, 0.9908364415168762, 0.6595942378044128]]]}, "time": 14559.67154561798, "L": 10.0, "dp_mcmc_step_size": 1e-05, "ep_mcmc_step_size": 1e-06, "num_rounds": 100, "num_mcmc_steps_per_round": 10, "num_chains": 10, "use_gradients": true, "use_stochasticity": true, "repair": false, "predict": true, "quench_rounds": 0, "tempering_schedule": [0.0, 0.010101010091602802, 0.020202020183205605, 0.03030303120613098, 0.04040404036641121, 0.05050504952669144, 0.06060606241226196, 0.07070706784725189, 0.08080808073282242, 0.09090909361839294, 0.10101009905338287, 0.1111111119389534, 0.12121212482452393, 0.13131313025951385, 0.14141413569450378, 0.1515151560306549, 0.16161616146564484, 0.17171716690063477, 0.1818181872367859, 0.19191919267177582, 0.20202019810676575, 0.21212121844291687, 0.2222222238779068, 0.23232322931289673, 0.24242424964904785, 0.2525252401828766, 0.2626262605190277, 0.27272728085517883, 0.28282827138900757, 0.2929292917251587, 0.3030303120613098, 0.31313130259513855, 0.3232323229312897, 0.3333333432674408, 0.34343433380126953, 0.35353535413742065, 0.3636363744735718, 0.3737373650074005, 0.38383838534355164, 0.39393940567970276, 0.4040403962135315, 0.4141414165496826, 0.42424243688583374, 0.4343434274196625, 0.4444444477558136, 0.4545454680919647, 0.46464645862579346, 0.4747474789619446, 0.4848484992980957, 0.49494948983192444, 0.5050504803657532, 0.5151515007019043, 0.5252525210380554, 0.5353535413742065, 0.5454545617103577, 0.5555555820465088, 0.5656565427780151, 0.5757575631141663, 0.5858585834503174, 0.5959596037864685, 0.6060606241226196, 0.6161616444587708, 0.6262626051902771, 0.6363636255264282, 0.6464646458625793, 0.6565656661987305, 0.6666666865348816, 0.6767676472663879, 0.6868686676025391, 0.6969696879386902, 0.7070707082748413, 0.7171717286109924, 0.7272727489471436, 0.7373737096786499, 0.747474730014801, 0.7575757503509521, 0.7676767706871033, 0.7777777910232544, 0.7878788113594055, 0.7979797720909119, 0.808080792427063, 0.8181818127632141, 0.8282828330993652, 0.8383838534355164, 0.8484848737716675, 0.8585858345031738, 0.868686854839325, 0.8787878751754761, 0.8888888955116272, 0.8989899158477783, 0.9090909361839294, 0.9191918969154358, 0.9292929172515869, 0.939393937587738, 0.9494949579238892, 0.9595959782600403, 0.9696969985961914, 0.9797979593276978, 0.9898989796638489, 1.0]}