{"initial_states": {"ego_state": [[-100.42002868652344, -2.784581184387207, 0.00011200609878869727, 9.944530487060547], [-100.01992797851562, -3.889281988143921, -1.310536390519701e-05, 9.738630294799805], [-100.73707580566406, -2.9994163513183594, -0.0005803515668958426, 9.692012786865234], [NaN, NaN, NaN, NaN], [-100.33734893798828, -2.177565336227417, -0.0011376496404409409, 9.989922523498535], [-99.71985626220703, -3.1042821407318115, 0.0005820633959956467, 10.372784614562988], [-100.36651611328125, -3.1091206073760986, -0.0008059340179897845, 10.625714302062988], [-99.97066497802734, -3.0712661743164062, 0.0006046221242286265, 9.687050819396973], [-100.1259994506836, -3.1750309467315674, 0.00021817488595843315, 9.241735458374023], [-100.07548522949219, -2.6850013732910156, -7.066842226777226e-05, 10.349002838134766]], "non_ego_states": [[[-90.30992889404297, -2.9789657592773438, -0.0008940575644373894, 6.56302547454834], [-70.10237121582031, 3.4312164783477783, -0.00029229436768218875, 7.612331867218018]], [[-89.9825668334961, -2.7028048038482666, 7.436355645040749e-06, 6.873356342315674], [-69.91495513916016, 2.6534926891326904, -5.7482704818312413e-08, 9.089451789855957]], [[-90.05682373046875, -3.705946207046509, -0.0006935938727110624, 7.584107398986816], [-69.88177490234375, 2.1508519649505615, -0.000720334704965353, 8.613181114196777]], [[NaN, NaN, NaN, NaN], [NaN, NaN, NaN, NaN]], [[-89.651611328125, -3.392150402069092, -0.0012298532528802752, 7.634889602661133], [-70.27050018310547, 3.0607261657714844, -0.00018671329598873854, 8.363929748535156]], [[-89.26265716552734, -2.1010921001434326, 0.0011063199490308762, 6.793580532073975], [-70.58180236816406, 2.663174629211426, 0.00012058384163537994, 8.243350982666016]], [[-90.30033874511719, -3.444042205810547, 0.000567303563002497, 7.864862442016602], [-69.90127563476562, 2.3830010890960693, 0.0001702355657471344, 8.29541015625]], [[-90.4834213256836, -3.1629583835601807, -0.0009924594778567553, 6.900961875915527], [-69.53783416748047, 1.8180689811706543, -0.00033578823786228895, 8.206002235412598]], [[-89.74725341796875, -3.0604283809661865, 0.0004614853532984853, 7.1274847984313965], [-69.92447662353516, 3.3533949851989746, 0.0010233867214992642, 8.575217247009277]], [[-90.21099853515625, -2.8461663722991943, 0.00029674338293261826, 7.958505630493164], [-70.41029357910156, 2.524718999862671, 6.613390723941848e-05, 8.346982955932617]]], "shading_light_direction": [[-0.2561458349227905, -0.9863026142120361, 1.4503955841064453], [-0.3351942002773285, -0.5880314707756042, 0.8265171647071838], [-0.18325728178024292, -0.5571707487106323, 1.2191065549850464], [NaN, NaN, NaN], [-0.05128616467118263, -0.4844340980052948, 0.40940943360328674], [0.02314988523721695, -0.5200571417808533, 0.6525622010231018], [-0.4049183428287506, 0.021905172616243362, 0.8414132595062256], [-0.2836310863494873, -0.6578059196472168, 0.8583528995513916], [-0.08170204609632492, -0.35219696164131165, 0.5690651535987854], [-0.08705537021160126, -0.5062751173973083, 1.2264147996902466]], "non_ego_colors": [[[0.03131289780139923, 0.4851118326187134, 0.0853644609451294], [0.48142266273498535, 0.5446407794952393, 0.04525104910135269]], [[0.07550355046987534, 0.8634825944900513, 0.8732483386993408], [0.6887565851211548, 0.8015851974487305, 0.9086548686027527]], [[0.019836993888020515, 0.6816884279251099, 0.3979027271270752], [0.7971081733703613, 0.09255218505859375, 0.8944692611694336]], [[NaN, NaN, NaN], [NaN, NaN, NaN]], [[0.32427191734313965, 0.9661206007003784, 0.19118261337280273], [0.9246970415115356, 0.9565832614898682, 0.9634649753570557]], [[0.7082187533378601, 0.21026253700256348, 0.12125933170318604], [0.7503372430801392, 0.8390051126480103, 0.5611250400543213]], [[0.010827314108610153, 0.051783137023448944, 0.2614786922931671], [0.3918170928955078, 0.15751278400421143, 0.9129252433776855]], [[0.4405529499053955, 0.04773058369755745, 0.8362017869949341], [0.2877520024776459, 0.07391179352998734, 0.2783956229686737]], [[0.18600201606750488, 0.6183284521102905, 0.34887683391571045], [0.6306518316268921, 0.3561248779296875, 0.27513062953948975]], [[0.45747196674346924, 0.7367923259735107, 0.7806684970855713], [0.4409916400909424, 0.9669675827026367, 0.6407103538513184]]]}, "time": 13972.318135418027, "L": 10.0, "dp_mcmc_step_size": 1e-05, "ep_mcmc_step_size": 1e-06, "num_rounds": 100, "num_mcmc_steps_per_round": 10, "num_chains": 10, "use_gradients": true, "use_stochasticity": false, "repair": false, "predict": true, "quench_rounds": 0, "tempering_schedule": null}