{"eps": {"object_position": [[-0.0005955704837106168, 0.0017516034422442317], [0.0032865172252058983, -0.0064247241243720055], [0.007703850977122784, -0.00867924839258194], [0.0027140916790813208, 0.006586745381355286], [-0.011810912750661373, -0.009172954596579075], [-0.004695851355791092, -0.020523622632026672], [0.02755330130457878, -0.020078103989362717], [0.012510716915130615, -0.017063597217202187], [0.000304665882140398, -0.005272633861750364], [0.010655725374817848, -0.01863214001059532]], "object_rotation": [2.681749105453491, 1.5392400026321411, 1.950206995010376, 2.1086103916168213, 1.9565478563308716, 1.2021329402923584, 0.4605146646499634, 1.2438488006591797, 1.4311729669570923, 2.9711410999298096], "distractor_position": [-0.5152566432952881, -0.5576974153518677, -0.25628894567489624, -0.425853431224823, -0.5080089569091797, -0.4522942900657654, -0.14305146038532257, -0.18987411260604858, -0.5223700404167175, -0.44718238711357117]}, "object_type": "box", "L": 1.0, "failure_level": 0.4, "dp_logprior_scale": 1.0, "dp_mcmc_step_size": 0.01, "ep_mcmc_step_size": 0.01, "num_rounds": 50, "num_steps_per_round": 1, "num_chains": 10, "use_gradients": true, "use_stochasticity": false, "repair": false, "predict": true, "quench_rounds": 0, "tempering_schedule": null, "ep_logprobs": [[-46.91080856323242, -45.57247543334961, -44.798484802246094, -46.30404281616211, -45.1707878112793, -44.80838394165039, -46.63194274902344, -45.55384826660156, -44.976314544677734, -47.20001983642578], [-46.83387756347656, -45.46541213989258, -45.050392150878906, -46.254051208496094, -45.087440490722656, -44.78260803222656, -46.51085662841797, -45.454795837402344, -44.926475524902344, -47.155540466308594], [-46.72214889526367, -45.36970520019531, -44.989959716796875, -46.13698196411133, -45.05894470214844, -44.79344177246094, -46.52799987792969, -45.53871536254883, -44.92713165283203, -47.11463928222656], [-46.57426452636719, -45.27949523925781, -44.97321319580078, -46.04575729370117, -45.001216888427734, -44.84417724609375, -46.512176513671875, -45.473731994628906, -44.870460510253906, -46.997528076171875], [-46.29143524169922, -45.21048355102539, -44.87562561035156, -45.90760040283203, -45.00575256347656, -44.82420349121094, -46.51728057861328, -45.38814926147461, -44.818603515625, -47.005958557128906], [-46.342403411865234, -45.15108871459961, -44.752601623535156, -45.75523376464844, -45.003257751464844, -44.80470275878906, -46.41794204711914, -45.360008239746094, -44.781436920166016, -46.95529556274414], [-46.209632873535156, -45.0889892578125, -44.81658172607422, -45.62466812133789, -44.99107360839844, -44.71126937866211, -46.2845344543457, -45.3447380065918, -44.69685745239258, -46.870262145996094], [-46.18204116821289, -45.04444885253906, -44.75525665283203, -45.54661560058594, -44.979339599609375, -44.75035858154297, -46.27818298339844, -45.312828063964844, -44.7244873046875, -46.8932991027832], [-46.140384674072266, -45.00774002075195, -44.82685089111328, -45.499324798583984, -44.9678955078125, -44.74147415161133, -46.21162033081055, -45.3580322265625, -44.70352554321289, -46.81155776977539], [-46.02524185180664, -44.978485107421875, -44.79707717895508, -45.39971923828125, -44.95722579956055, -44.68723678588867, -46.28023147583008, -45.268917083740234, -44.69392013549805, -46.787532806396484], [-46.067928314208984, -44.95354461669922, -44.794612884521484, -45.32536697387695, -44.96133804321289, -44.68531799316406, -46.277442932128906, -45.15150833129883, -44.68393325805664, -46.7746467590332], [-46.031227111816406, -44.927215576171875, -44.7829475402832, -45.31929397583008, -44.938995361328125, -44.78983688354492, -46.214324951171875, -45.10395812988281, -44.67789840698242, -46.749935150146484], [-45.99176025390625, -44.91856384277344, -44.78940200805664, -45.26386260986328, -44.901344299316406, -44.662532806396484, -45.97277069091797, -45.014320373535156, -44.67206954956055, -46.81418991088867], [-46.048030853271484, -44.90238952636719, -44.73482131958008, -45.19760513305664, -44.8994140625, -44.59178924560547, -46.15007781982422, -45.02652359008789, -44.653072357177734, -46.79262161254883], [-46.06224060058594, -44.886619567871094, -44.69081115722656, -45.151702880859375, -44.904640197753906, -44.75364303588867, -46.00865173339844, -44.91267395019531, -44.64717102050781, -46.75373840332031], [-46.042457580566406, -44.871238708496094, -44.746273040771484, -45.09760284423828, -44.8861083984375, -44.65938949584961, -46.03977966308594, -44.91895294189453, -44.61758804321289, -46.62409973144531], [-46.04813766479492, -44.856266021728516, -44.75033950805664, -45.087642669677734, -44.90739822387695, -44.74640655517578, -45.978065490722656, -44.892799377441406, -44.623504638671875, -46.56658172607422], [-45.98139572143555, -44.84169387817383, -44.758811950683594, -45.05528259277344, -44.874755859375, -44.615478515625, -45.932674407958984, -44.881954193115234, -44.60112762451172, -46.61214065551758], [-46.00436019897461, -44.82752990722656, -44.73453140258789, -45.025699615478516, -44.86294174194336, -44.61250686645508, -45.88185119628906, -44.84658432006836, -44.58970642089844, -46.60462188720703], [-45.978328704833984, -44.813758850097656, -44.72256088256836, -44.95316696166992, -44.85344314575195, -44.716922760009766, -45.8731803894043, -44.806488037109375, -44.58972930908203, -46.5601921081543], [-46.01374435424805, -44.80039978027344, -44.69757843017578, -44.9548225402832, -44.84364700317383, -44.60995101928711, -45.889564514160156, -44.74156951904297, -44.5838508605957, -46.570579528808594], [-46.023948669433594, -44.78742218017578, -44.708778381347656, -44.9748420715332, -44.83509826660156, -44.60190963745117, -45.87043762207031, -44.745277404785156, -44.57322311401367, -46.51529312133789], [-45.9776496887207, -44.7747802734375, -44.70695114135742, -44.91717529296875, -44.822078704833984, -44.67892837524414, -45.81644058227539, -44.703243255615234, -44.5095100402832, -46.490501403808594], [-46.086429595947266, -44.76268768310547, -44.710044860839844, -44.9316291809082, -44.8309326171875, -44.668399810791016, -45.784820556640625, -44.736690521240234, -44.570587158203125, -46.465118408203125], [-46.06301498413086, -44.750850677490234, -44.71986770629883, -44.89591979980469, -44.804019927978516, -44.67926025390625, -45.6984748840332, -44.78972625732422, -44.51099395751953, -46.49171829223633], [-46.03734588623047, -44.73956298828125, -44.69270706176758, -44.96574783325195, -44.80966567993164, -44.700294494628906, -45.639427185058594, -44.72220230102539, -44.566402435302734, -46.41322326660156], [-46.028289794921875, -44.728477478027344, -44.6806640625, -44.9318962097168, -44.769134521484375, -44.70961380004883, -45.477237701416016, -44.67011642456055, -44.5092658996582, -46.45845031738281], [-46.00550842285156, -44.717811584472656, -44.650177001953125, -44.941951751708984, -44.74262619018555, -44.53609848022461, -45.46818923950195, -44.63188552856445, -44.57426834106445, -46.382720947265625], [-45.9635009765625, -44.70757293701172, -44.72534942626953, -44.917118072509766, -44.727027893066406, -44.68037033081055, -45.396541595458984, -44.55958557128906, -44.56752014160156, -46.39737319946289], [-45.95503234863281, -44.697994232177734, -44.724918365478516, -44.91837692260742, -44.751651763916016, -44.63398742675781, -45.42177200317383, -44.569698333740234, -44.56593322753906, -46.33075714111328], [-45.94464874267578, -44.688663482666016, -44.7247428894043, -44.91254425048828, -44.70611572265625, -44.658973693847656, -45.35157775878906, -44.54305648803711, -44.575401306152344, -46.41828155517578], [-45.929443359375, -44.677589416503906, -44.693572998046875, -44.91587448120117, -44.68727493286133, -44.61103820800781, -45.41581726074219, -44.46638107299805, -44.56543731689453, -46.39683151245117], [-45.90461349487305, -44.667816162109375, -44.69679641723633, -44.88795852661133, -44.67359924316406, -44.62438201904297, -45.371826171875, -44.47398376464844, 