{"eps": {"object_position": [[-0.07071613520383835, 0.06952604651451111], [0.06473830342292786, 0.04986179620027542], [0.03965575993061066, 0.10336382687091827], [0.021503031253814697, 0.09814955294132233], [0.12248949706554413, -0.015796884894371033], [0.026608027517795563, 0.11300602555274963], [0.10842882096767426, 0.01622801087796688], [-0.045589298009872437, -0.08635859191417694], [-0.009414639323949814, -0.010322872549295425], [0.04657532274723053, -0.014376945793628693]], "object_rotation": [3.240795850753784, 1.2797167301177979, 1.1087167263031006, 1.7587167024612427, 1.3653992414474487, 0.974407434463501, 0.647397518157959, 1.2492451667785645, 1.0601264238357544, 3.3314175605773926], "distractor_position": [-0.374564528465271, -0.5499585270881653, -0.2173093557357788, -0.7296615839004517, -0.5396416783332825, -0.2907679080963135, -0.5645449161529541, -0.109832763671875, -1.0851445198059082, -0.775932788848877]}, "object_type": "box", "L": 1.0, "failure_level": 0.4, "dp_logprior_scale": 1.0, "dp_mcmc_step_size": 0.01, "ep_mcmc_step_size": 0.01, "num_rounds": 50, "num_steps_per_round": 1, "num_chains": 10, "use_gradients": true, "use_stochasticity": true, "repair": false, "predict": true, "quench_rounds": 0, "tempering_schedule": [0.0, 0.5579473972320557, 0.804589569568634, 0.9136183261871338, 0.9618147611618042, 0.9831201434135437, 0.9925382137298584, 0.9967014789581299, 0.9985418915748596, 0.9993554353713989, 0.9997150897979736, 0.9998740553855896, 0.9999443292617798, 0.9999753832817078, 0.9999890923500061, 0.9999951720237732, 0.9999978542327881, 0.9999990463256836, 0.9999995827674866, 0.9999998211860657, 0.9999999403953552, 0.9999999403953552, 1.0, 1.0, 1.0, 1.0, 1.0, 1.0, 1.0, 1.0, 1.0, 1.0, 1.0, 1.0, 1.0, 1.0, 1.0, 1.0, 1.0, 1.0, 1.0, 1.0, 1.0, 1.0, 1.0, 1.0, 1.0, 1.0, 1.0, 1.0], "ep_logprobs": [[-0.6443085670471191, -0.11091631650924683, 1.347926139831543, -0.34457361698150635, 0.6216578483581543, 1.4007601737976074, -0.31764400005340576, 0.7022500038146973, 0.9249871969223022, -0.8794320225715637], [-26.537771224975586, -27.929534912109375, -24.756916046142578, -26.04951286315918, -26.402402877807617, -24.4245662689209, -26.75150489807129, -25.108821868896484, -24.951324462890625, -26.716442108154297], [-37.98405075073242, -39.36635208129883, -35.82373046875, -37.412452697753906, -38.03813552856445, -35.84072494506836, -38.86137390136719, -36.518672943115234, -36.39002227783203, -38.13776397705078], [-42.69080352783203, -44.422027587890625, -40.67127227783203, -41.20124816894531, -43.07113265991211, -40.88726043701172, -43.92066192626953, -41.56242752075195, -41.56592559814453, -44.89915084838867], [-44.910247802734375, -48.85353088378906, -43.30376434326172, -43.422630310058594, -43.922245025634766, -43.118099212646484, -46.14142608642578, -43.6270637512207, -43.79848098754883, -47.10879898071289], [-47.59031295776367, -49.84214401245117, -43.90083312988281, -44.404598236083984, -44.91133117675781, -44.104244232177734, -47.10808181762695, -44.60825729370117, -45.799171447753906, -48.08557891845703], [-48.02756118774414, -50.27915954589844, -44.331974029541016, -44.838680267333984, -45.34855651855469, -46.17552947998047, -47.53539276123047, -44.469581604003906, -46.23624801635742, -47.96870040893555], [-48.220848083496094, -50.47234344482422, -45.26703643798828, -45.03056335449219, -46.20764923095703, -46.366180419921875, -46.30449676513672, -44.552120208740234, -46.42945861816406, -47.281578063964844], [-48.30628967285156, -50.557743072509766, -45.35198974609375, -46.38237762451172, -46.22439956665039, -46.450462341308594, -46.388668060302734, -44.636653900146484, -46.514869689941406, -47.796077728271484], [-48.344058990478516, -50.59549331665039, -45.38954162597656, -46.420108795166016, -46.26193618774414, -44.97528839111328, -46.42587661743164, -44.67402648925781, -46.5526237487793, -48.12628936767578], [-48.36075973510742, -50.88018798828125, -45.40614318847656, -44.65224075317383, -46.278526306152344, -44.99186325073242, -45.749141693115234, -44.69054412841797, -46.56931686401367, -46.19901657104492], [-48.36813735961914, -47.0064811706543, -45.413482666015625, -46.94904327392578, -46.019622802734375, -44.99918746948242, -46.07881546020508, -44.555580139160156, -45.333160400390625, -46.20634841918945], [-48.37139892578125, -47.009742736816406, -44.9156608581543, -48.23980712890625, -45.5119743347168, -45.00242614746094, -45.65335464477539, -44.94046401977539, -46.65269470214844, -47.4079475402832], [-48.372840881347656, -47.01118469238281, -44.917083740234375, -48.24124526977539, -45.513404846191406, -44.84889221191406, -45.6547966003418, -45.2045783996582, -46.65412521362305, -47.40938186645508], [-47.30560302734375, -50.07242965698242, -44.91770935058594, -48.24188232421875, -48.208457946777344, -44.849517822265625, -45.65542984008789, -45.205204010009766, -46.622474670410156, -48.41537094116211], [-49.171730041503906, -48.229862213134766, -44.91798782348633, -48.24216079711914, -48.208736419677734, -44.84979248046875, -45.65571212768555, -45.20547866821289, -45.08249282836914, -48.4156494140625], [-49.171852111816406, -48.22998809814453, -45.75010299682617, -48.242286682128906, -49.25419616699219, -44.84991455078125, -45.65583801269531, -45.20560073852539, -45.082618713378906, -48.415775299072266], [-49.7725944519043, -48.23004150390625, -45.75015640258789, -48.242340087890625, -45.841434478759766, -44.849971771240234, -45.65589141845703, -45.430320739746094, -45.082672119140625, -47.0116081237793], [-47.11754608154297, -45.76271438598633, -45.55183410644531, -48.028663635253906, -47.381629943847656, -44.84999465942383, -45.65591812133789, -45.236934661865234, -45.17842483520508, -48.65623474121094], [-46.71370315551758, -45.11499786376953, -45.55184555053711, -48.0286750793457, -46.420616149902344, -45.26673126220703, -45.65592956542969, -44.91648483276367, -45.178436279296875, -48.656246185302734], [-46.713706970214844, -46.164154052734375, -46.215694427490234, -48.02867889404297, -46.42061996459961, -44.99591827392578, -45.65593338012695, -44.71487045288086, -45.796695709228516, -48.25716018676758], [-46.713706970214844, -46.164154052734375, -46.215694427490234, -46.45295715332031, -45.53160095214844, -44.99591827392578, -46.026153564453125, -45.556861877441406, -45.904605865478516, -48.25716018676758], [-46.71371078491211, -45.17107391357422, -46.03964614868164, -48.35449981689453, -45.5316047668457, -44.99592208862305, -46.02615737915039, -45.24182891845703, -45.90460968017578, -49.12831497192383], [-47.41026306152344, -45.17107391357422, -46.9945182800293, -48.35449981689453, -45.85304260253906, -45.59134292602539, -46.02615737915039, -45.17190933227539, -46.369319915771484, -49.12831497192383], [-47.21806335449219, -45.93206024169922, -45.9954948425293, -48.35449981689453, -45.85304260253906, -44.972347259521484, -46.1317253112793, -45.17190933227539, -46.369319915771484, -49.12831497192383], [-47.21806335449219, -45.93206024169922, -45.557044982910156, -44.50733184814453, -45.18598175048828, -44.972347259521484, -45.31232452392578, -44.55431365966797, -45.32667922973633, -49.12831497192383], [-46.92743682861328, -45.93206024169922, -45.557044982910156, -46.034820556640625, -45.18598175048828, -44.972347259521484, -45.47407150268555, -44.55431365966797, -45.871299743652344, -49.12831497192383], [-46.718109130859375, -45.93206024169922, -45.557044982910156, -46.034820556640625, -45.18598175048828, -44.972347259521484, -45.47407150268555, -44.55431365966797, -46.73028564453125, -49.12831497192383], [-46.718109130859375, -45.93206024169922, -45.557044982910156, -46.034820556640625, -45.326045989990234, -44.972347259521484, -45.47407150268555, -44.55431365966797, -46.73028564453125, -47.654930114746094], [-46.68641662597656, -45.93206024169922, -45.557044982910156, -46.034820556640625, -45.326045989990234, -44.972347259521484, -45.47407150268555, -44.55431365966797, -46.73028564453125, -46.99678039550781], 