{"eps": {"object_position": [[-0.11080793291330338, 0.026146387681365013], [-0.006601766217499971, 0.022886328399181366], [0.1507849395275116, 0.09827007353305817], [0.02696112170815468, 0.05663467198610306], [0.0857996791601181, 0.05028947442770004], [-0.10224341601133347, 0.042418770492076874], [0.29900503158569336, 0.019039832055568695], [-0.014796903356909752, -0.14629718661308289], [0.0011756584281101823, -0.08592980355024338], [-0.11725816875696182, 0.1610993593931198]], "object_rotation": [1.8031963109970093, 3.0379581451416016, 2.1801536083221436, 0.9803800582885742, 2.298598527908325, 2.0203070640563965, 2.391108512878418, 0.5853705406188965, 1.7532376050949097, 1.283471941947937], "distractor_position": [-0.4157539904117584, 0.07213733345270157, -1.556668996810913, -0.8697021007537842, -0.16993726789951324, 0.18356962502002716, 0.09400489181280136, -0.5259332656860352, -0.8130300045013428, -0.7959936261177063]}, "object_type": "box", "L": 1.0, "failure_level": 0.4, "dp_logprior_scale": 1.0, "dp_mcmc_step_size": 0.01, "ep_mcmc_step_size": 0.01, "num_rounds": 50, "num_steps_per_round": 1, "num_chains": 10, "use_gradients": true, "use_stochasticity": true, "repair": false, "predict": true, "quench_rounds": 0, "tempering_schedule": null, "ep_logprobs": [[-45.431514739990234, -46.63618087768555, -48.79633331298828, -45.11812210083008, -45.578556060791016, -46.13505935668945, -51.28569412231445, -46.73966979980469, -45.145408630371094, -47.31504821777344], [-45.424930572509766, -46.6170768737793, -48.796173095703125, -45.198211669921875, -45.577632904052734, -46.13018035888672, -51.279396057128906, -46.674888610839844, -45.14236831665039, -47.27782440185547], [-45.42429733276367, -46.617733001708984, -48.795352935791016, -45.10796356201172, -45.57638931274414, -46.12849044799805, -51.14476776123047, -46.67279815673828, -45.14235305786133, -47.24740982055664], [-45.4140510559082, -46.61780548095703, -48.788734436035156, -45.10851287841797, -45.576416015625, -46.123260498046875, -51.14386749267578, -46.664329528808594, -45.140262603759766, -47.252506256103516], [-45.41686248779297, -46.61781311035156, -48.79446792602539, -45.09160614013672, -45.576637268066406, -46.12295150756836, -51.11308670043945, -46.64088821411133, -45.13876724243164, -47.2396125793457], [-45.40605545043945, -46.63579559326172, -48.79480743408203, -45.090999603271484, -45.575592041015625, -46.11124801635742, -51.008609771728516, -46.64096450805664, -45.11267852783203, -47.237945556640625], [-45.40591049194336, -46.63588333129883, -48.80525207519531, -45.09171676635742, -45.56513977050781, -46.10980224609375, -51.010284423828125, -46.640907287597656, -45.10722351074219, -47.23112487792969], [-45.40498352050781, -46.635929107666016, -48.802799224853516, -45.09092330932617, -45.574981689453125, -46.117042541503906, -50.944854736328125, -46.636566162109375, -45.1075439453125, -47.2023811340332], [-45.404048919677734, -46.63622283935547, -48.79551315307617, -45.09083938598633, -45.545719146728516, -46.11600875854492, -50.92622756958008, -46.60988235473633, -45.106834411621094, -47.191314697265625], [-45.39188003540039, -46.63627243041992, -48.7928466796875, -45.136444091796875, -45.542728424072266, -46.16069412231445, -50.92464065551758, -46.60979080200195, -45.087425231933594, -47.190696716308594], [-45.39183807373047, -46.636268615722656, -48.79351043701172, -45.135292053222656, -45.537330627441406, -46.157535552978516, -50.78872299194336, -46.60990905761719, -45.086769104003906, -47.187076568603516], [-45.396060943603516, -46.60173416137695, -48.78352737426758, -45.13386535644531, -45.53207015991211, -46.157569885253906, -50.7307014465332, -46.609962463378906, -45.08634567260742, -47.16172409057617], [-45.387451171875, -46.60173416137695, -48.78334426879883, -45.133460998535156, -45.52896499633789, -46.157012939453125, -50.713932037353516, -46.609779357910156, -45.09014129638672, -47.16172790527344], [-45.387325286865234, -46.63517379760742, -48.76148986816406, -45.132083892822266, -45.528953552246094, -46.16266632080078, -50.71129608154297, -46.60838317871094, -45.08995819091797, -47.15507888793945], [-45.385555267333984, -46.656982421875, -48.760780334472656, -45.132041931152344, -45.52328872680664, -46.15861892700195, -50.70792770385742, -46.61117172241211, -45.098350524902344, -47.149818420410156], [-45.383304595947266, -46.65828323364258, -48.757198333740234, -45.13203048706055, -45.52178192138672, -46.15806579589844, -50.674285888671875, -46.62650680541992, -45.09636306762695, -47.149620056152344], [-45.38313674926758, -46.65827941894531, -48.74429702758789, -45.13154983520508, -45.533966064453125, -46.15408706665039, -50.56945037841797, -46.58903884887695, -45.095924377441406, -47.146873474121094], [-45.382568359375, -46.62144088745117, -48.73704528808594, -45.129451751708984, -45.51081085205078, -46.152809143066406, -50.51432418823242, -46.58903121948242, -45.09738540649414, -47.14374542236328], [-45.38187789916992, -46.617740631103516, -48.71920394897461, -45.130706787109375, -45.51073455810547, -46.15267562866211, -50.51362609863281, -46.540008544921875, -45.094356536865234, -47.128257751464844], [-45.378883361816406, -46.59149169921875, -48.7115478515625, -45.13109588623047, -45.525474548339844, -46.152652740478516, -50.48088836669922, -46.529563903808594, -45.08546447753906, -47.1266975402832], [-45.37870407104492, -46.59537887573242, -48.76606750488281, -45.09849548339844, -45.52518081665039, -46.152469635009766, -50.46533966064453, -46.528343200683594, -45.08511734008789, -47.02338790893555], [-45.389610290527344, -46.58564758300781, -48.599273681640625, -45.09865188598633, -45.52516555786133, -46.151954650878906, -50.46357345581055, -46.52500534057617, -45.083248138427734, -47.023155212402344], [-45.36765670776367, -46.584922790527344, -48.59914016723633, -45.09345245361328, -45.52488708496094, -46.147857666015625, -50.42847442626953, -46.52495574951172, -45.08281707763672, -47.02027130126953], [-45.370880126953125, -46.57421875, -48.60002899169922, -45.09303283691406, -45.5247917175293, -46.14811325073242, -50.424964904785156, -46.521873474121094, -45.0828742980957, -47.01130294799805], [-45.37073516845703, -46.57535171508789, -48.607852935791016, -45.08039855957031, -45.52486038208008, -46.14545440673828, -50.3436164855957, -46.51686477661133, -45.080020904541016, -46.97920608520508], [-45.370853424072266, -46.5854377746582, -48.605594635009766, -45.078529357910156, -45.51718521118164, -46.145347595214844, -50.33830261230469, -46.51687240600586, -45.079612731933594, -46.97771072387695], [-45.37068176269531, -46.580909729003906, -48.60108947753906, -45.07902526855469, -45.52473831176758, -46.14523696899414, -50.33878707885742, -46.51714324951172, -45.08034896850586, -46.95371627807617], [-45.36357879638672, -46.585086822509766, -48.597251892089844, -45.07902908325195, -45.509239196777344, -46.14527130126953, -50.296504974365234, -46.34873580932617, -45.073265075683594, -46.93437957763672], [-45.36000442504883, -46.58527755737305, -48.594566345214844, -45.078041076660156, -45.5090446472168, -46.14525604248047, -50.279930114746094, -46.34872055053711, -45.072147369384766, -46.940643310546875], [-45.368106842041016, -46.585968017578125, -48.59441375732422, -45.07796859741211, -45.537418365478516, -46.1443977355957, -50.27015686035156, -46.333927154541016, -45.070343017578125, -46.9403190612793], [-45.368072509765625, -46.58596420288086, -48.59392166137695, -45.077571868896484, -45.49679946899414, -46.144405364990234, -50.26552963256836, -46.333946228027344, -45.07034683227539, -46.9374885559082], [-45.3639030456543, -46.58594512939453, -48.593894958496094, -45.06609344482422, -45.49329376220703, -46.144256591796875, -50.18580627441406, -46.33179473876953, -45.06996154785156, -46.93307113647461], [-45.36391067504883, -46.585845947265625, -48.58742141723633, -45.06586837768555, -45.49302673339844, -46.138038635253906, -50.13436508178711, -46.31822204589844, 