{"eps": {"object_position": [[0.11298525333404541, 0.09494119882583618], [-0.0743798017501831, 0.0037676244974136353], [-0.05726272612810135, -0.1034487634897232], [-0.02013319358229637, 0.12958437204360962], [-0.06995285302400589, 0.07398766279220581], [-0.07833807170391083, -0.18145205080509186], [-0.02855997532606125, -0.1110655665397644], [-0.001483231782913208, 0.12063185125589371], [0.072028249502182, -0.11987700313329697], [-0.13601070642471313, 0.15266060829162598]], "object_rotation": [2.2815608978271484, 2.0758023262023926, 1.0011250972747803, 0.6789857149124146, 2.697357177734375, 1.8013428449630737, 2.347971200942993, 2.84346866607666, 1.955556869506836, 2.9798951148986816], "distractor_position": [-0.2722782492637634, -0.26172927021980286, -0.6670126914978027, 0.05774172395467758, -0.10152363777160645, -0.05643676221370697, -0.11622300744056702, 0.048760317265987396, 0.19093340635299683, -0.716387927532196]}, "object_type": "box", "L": 1.0, "failure_level": 0.4, "dp_logprior_scale": 1.0, "dp_mcmc_step_size": 0.01, "ep_mcmc_step_size": 0.01, "num_rounds": 50, "num_steps_per_round": 1, "num_chains": 10, "use_gradients": false, "use_stochasticity": true, "repair": false, "predict": true, "quench_rounds": 0, "tempering_schedule": null, "ep_logprobs": [[-46.346641540527344, -46.52014923095703, -46.67294692993164, -45.39926528930664, -44.485321044921875, -45.72307586669922, -45.448665618896484, -47.95853042602539, -44.71080017089844, -47.24430847167969], [-46.016845703125, -46.52014923095703, -48.51091003417969, -45.70084762573242, -44.7950553894043, -45.72307586669922, -45.448665618896484, -48.6353759765625, -44.71080017089844, -47.24430847167969], [-46.016845703125, -46.52014923095703, -50.01799011230469, -45.24480056762695, -44.7950553894043, -45.72307586669922, -45.155025482177734, -48.6353759765625, -44.71080017089844, -47.24430847167969], [-46.016845703125, -46.52014923095703, -50.01799011230469, -46.00453186035156, -44.7950553894043, -46.030155181884766, -45.155025482177734, -48.6353759765625, -44.655067443847656, -47.79948425292969], [-46.016845703125, -46.52014923095703, -50.01799011230469, -46.00453186035156, -45.2210693359375, -46.030155181884766, -44.88975143432617, -48.77766418457031, -44.655067443847656, -48.64015197753906], [-46.016845703125, -46.56299591064453, -49.28493118286133, -46.00453186035156, -45.2210693359375, -45.731197357177734, -44.94968032836914, -47.490020751953125, -44.655067443847656, -48.64015197753906], [-46.15259552001953, -45.65731430053711, -49.21651077270508, -45.118896484375, -45.18183517456055, -45.731197357177734, -44.94968032836914, -46.74872970581055, -44.655067443847656, -49.30467987060547], [-46.15259552001953, -45.65731430053711, -49.21651077270508, -45.118896484375, -44.94843673706055, -45.731197357177734, -44.94968032836914, -46.74872970581055, -45.09672164916992, -48.51364517211914], [-46.15259552001953, -45.65731430053711, -46.2122688293457, -45.118896484375, -44.94843673706055, -46.027835845947266, -44.77265548706055, -46.868194580078125, -45.09672164916992, -48.51364517211914], [-46.15259552001953, -45.75611877441406, -46.2122688293457, -45.118896484375, -45.33424377441406, -46.027835845947266, -44.77265548706055, -46.92305374145508, -44.826446533203125, -46.60698318481445], [-46.72492980957031, -45.75611877441406, -46.2122688293457, -44.88214111328125, -45.33424377441406, -46.34551239013672, -44.77265548706055, -46.92305374145508, -44.826446533203125, -46.60698318481445], [-46.72492980957031, -45.75611877441406, -46.2122688293457, -45.00896453857422, -45.33424377441406, -46.34551239013672, -45.09367752075195, -46.92305374145508, -44.826446533203125, -46.60698318481445], [-46.72492980957031, -44.99814224243164, -46.2122688293457, -45.16044616699219, -45.43122100830078, -46.34551239013672, -44.63114547729492, -46.92305374145508, -44.826446533203125, -46.60698318481445], [-46.72492980957031, -44.99814224243164, -46.146270751953125, -45.51313018798828, -45.43122100830078, -46.34551239013672, -44.63114547729492, -46.92305374145508, -44.826446533203125, -46.60698318481445], [-46.72492980957031, -44.99814224243164, -48.39180374145508, -45.51313018798828, -46.57129669189453, -46.34551239013672, -44.63114547729492, -46.92305374145508, -44.826446533203125, -46.60698318481445], [-46.72492980957031, -45.67461395263672, -48.39180374145508, -45.51313018798828, -46.57129669189453, -45.086116790771484, -45.005794525146484, -46.583370208740234, -44.826446533203125, -46.60698318481445], [-46.72492980957031, -45.808067321777344, -48.39180374145508, -45.51313018798828, -46.57129669189453, -45.81806945800781, -45.005794525146484, -47.98644256591797, -44.826446533203125, -46.60698318481445], [-45.42705154418945, -45.808067321777344, -48.39180374145508, -45.51313018798828, -44.674991607666016, -44.6928825378418, -45.005794525146484, -47.98644256591797, -44.773155212402344, -46.60698318481445], [-45.01213455200195, -45.808067321777344, -46.0875358581543, -45.51313018798828, -44.58352279663086, -44.6928825378418, -45.005794525146484, -47.98644256591797, -45.17652130126953, -46.60698318481445], [-45.01213455200195, -45.808067321777344, -46.0875358581543, -45.51313018798828, -45.16524124145508, -45.444671630859375, -45.005794525146484, -47.98644256591797, -45.17652130126953, -46.60698318481445], [-45.01213455200195, -45.156837463378906, -46.6781120300293, -46.86642074584961, -45.16524124145508, -45.61403274536133, -46.399593353271484, -47.98644256591797, -45.48579025268555, -47.709041595458984], [-45.01213455200195, -45.156837463378906, -46.6781120300293, -47.28160858154297, -45.16524124145508, -46.36976623535156, -46.399593353271484, -49.41169738769531, -46.362979888916016, -47.709041595458984], [-45.01213455200195, -45.156837463378906, -46.093379974365234, -47.28160858154297, -45.16524124145508, -45.87183380126953, -50.67070388793945, -48.93888473510742, -46.38843536376953, -47.87358474731445], [-44.97126388549805, -45.156837463378906, -46.1879997253418, -47.187435150146484, -45.60570526123047, -45.642398834228516, -48.41014862060547, -48.93888473510742, -46.38843536376953, -47.87358474731445], [-44.97126388549805, -45.156837463378906, -46.1879997253418, -46.96181106567383, -45.68980407714844, -45.697723388671875, -47.6347770690918, -48.93888473510742, -46.34927749633789, -47.87358474731445], [-44.97126388549805, -45.156837463378906, -46.1879997253418, -46.96181106567383, -47.33457946777344, -45.697723388671875, -47.6347770690918, -48.93888473510742, -46.34927749633789, -47.87358474731445], [-44.97126388549805, -45.293785095214844, -45.34457778930664, -47.181976318359375, -47.33457946777344, -45.697723388671875, -47.6347770690918, -48.93888473510742, -45.34080123901367, -47.819705963134766], [-44.97126388549805, -46.326759338378906, -45.34457778930664, -47.181976318359375, -45.708988189697266, -45.697723388671875, -46.69538497924805, -48.93888473510742, -45.34080123901367, -47.819705963134766], [-44.97126388549805, -44.840606689453125, -45.83404541015625, -47.181976318359375, -45.708988189697266, -45.697723388671875, -46.69538497924805, -48.93888473510742, -45.34080123901367, -47.819705963134766], [-44.97126388549805, -44.79384994506836, -47.992958068847656, -47.65679931640625, -45.708988189697266, -45.68904495239258, -48.602081298828125, -48.93888473510742, -45.34080123901367, -47.819705963134766], [-44.97126388549805, -44.79384994506836, -47.992958068847656, -47.46068572998047, -45.708988189697266, -46.04726028442383, -47.75333023071289, -48.2226676940918, -45.34080123901367, -47.819705963134766], [-45.08470153808594, -45.076263427734375, -47.62917709350586, -46.214324951171875, -45.708988189697266, -45.148860931396484, -47.75333023071289, -48.2226676940918, -45.9699821472168, -48.05168533325195], [-45.08470153808594, -45.076263427734375, -48.65739440917969, -46.12884521484375, -46.98881149291992, -45.622535705566406, -50.884727478027344, -48.2226676940918, -46.643470764160156, -48.05168533325195], 