{"eps": {"object_position": [[0.0017377485055476427, -0.0011887524742633104], [0.0018541512545198202, -0.0025565852411091328], [0.0006150718545541167, -0.000831174198538065], [0.0003306269645690918, -0.0005717778112739325], [0.0012461096048355103, -0.0013681817799806595]], "object_rotation": [1.4264549016952515, 1.1616530418395996, 2.371873378753662, 1.2562888860702515, 1.1401901245117188], "distractor_position": [-0.7701615691184998, -0.2813631594181061, -0.7271592020988464, -0.8491399884223938, -0.7318920493125916]}, "eps_trace": {"object_position": [[[0.00016075745224952698, 0.0004581635585054755], [-0.0008143316954374313, -0.00016679614782333374], [0.0017507895827293396, -0.0023187249898910522], [0.0007053613662719727, -0.0004247128963470459], [7.680803537368774e-05, -0.00047522783279418945]], [[0.0012598761823028326, -0.0009916656417772174], [-0.005479738581925631, 0.0046657538041472435], [0.0003967665834352374, -0.0007069787243381143], [-0.008308031596243382, 0.005955521482974291], [0.00024574523558840156, -0.00076087168417871]], [[0.0001526916166767478, -0.0004533180617727339], [0.0036586509086191654, 0.007641815114766359], [0.0017140439013019204, -0.002026862930506468], [0.0024036234244704247, -0.00232114689424634], [0.0034744960721582174, -0.004038423765450716]], [[0.00028238247614353895, -0.0008674112614244223], [-0.004418075550347567, 0.007072996813803911], [0.00030559650622308254, -0.0005446856375783682], [0.0004830950638279319, -0.0007530333241447806], [-0.00043246778659522533, -0.0001311204396188259]], [[0.0005162799498066306, -0.0011525508016347885], [0.005679053720086813, 0.007405722513794899], [-0.00015202382928691804, -0.0001569816959090531], [0.0028876573778688908, -0.002905233297497034], [0.0014753370778635144, -0.0009058638825081289]], [[0.001214891904965043, -0.0014650857774540782], [0.03396950662136078, -0.03573181480169296], [0.0008381935767829418, -0.0008372368174605072], [0.00040277745574712753, -0.00046133785508573055], [0.00024132593534886837, -0.0004730421642307192]], [[0.00019102566875517368, -0.0005486395093612373], [-6.280094385147095e-05, 0.00043123960494995117], [0.0012843022122979164, -0.0014155114768072963], [-0.000923010753467679, 0.0015652056317776442], [1.967207936104387e-05, -0.000539089203812182]], [[3.4479060559533536e-05, -0.0004929910646751523], [-0.0005325638921931386, 0.0020840554498136044], [0.000492401304654777, -0.0006068982183933258], [0.0007073994493111968, -0.0005637183785438538], [0.00025655239005573094, -0.0009119331953115761]], [[0.00025656618527136743, -0.0007333194371312857], [0.0036659282632172108, -0.0021826941519975662], [0.002384328516200185, -0.0035115096252411604], [0.004178604576736689, -0.0027679644990712404], [-0.00033731278381310403, -0.000642521888948977]], [[0.0055927978828549385, -0.00642819982022047], [0.0007634779904037714, 0.0002983871381729841], [0.0007352854590862989, -0.0010654320940375328], [0.00020420551300048828, -0.0004055364988744259], [8.16624378785491e-05, -0.0006882977904751897]], [[0.0003917883150279522, -0.0007673143409192562], [0.0019216842483729124, -0.0017062996048480272], [0.001242693280801177, -0.001401129411533475], [0.00024105908232741058, 1.484330277889967e-05], [3.123425631201826e-05, -0.0004708220367319882]], [[0.0013071480207145214, -0.0017919226083904505], [0.0018709058640524745, -0.001006194856017828], [8.831173181533813e-05, -0.00040233414620161057], [0.0006902876775711775, -0.0019005680223926902], [0.00021328435104805976, -0.000759797403588891]], [[0.00023866130504757166, -0.0005492414347827435], [0.00010846275836229324, -0.0020424681715667248], [0.00023675024567637593, -0.0010038090404123068], [8.324545342475176e-05, -0.0005441727116703987], [0.009310336783528328, -0.010591289028525352]], [[6.987083179410547e-05, -0.0003480895538814366], [0.0009481027373112738, -0.0008943160064518452], [0.001021352130919695, -0.0021781008690595627], [0.00025284290313720703, -0.0008374448516406119], [0.0004267282783985138, -0.000841774046421051]], [[0.0006842693546786904, -0.00023714694543741643], [0.003159467363730073, -0.002082420513033867], [0.00018443557200953364, -0.00044155167415738106], [0.0015565886860713363, -0.002053674077615142], [0.001834568683989346, -0.0021173839922994375]], [[-0.0037297154776751995, 0.0034256826620548964], [0.00031961058266460896, -5.810870788991451e-05], [0.00013464265794027597, -0.0006728160660713911], [0.0005760835483670235, -0.0009575386065989733], [0.0002776824403554201, -0.0006239378126338124]], [[0.0008206930942833424, -0.0016742090228945017], [0.0005166663322597742, -0.00038131786277517676], [-0.00015417065878864378, -0.0002839944208972156], [0.001223342027515173, -0.0016453233547508717], [0.00910219643265009, -0.0006487048231065273]], [[0.00037895518471486866, -0.0012280059745535254], [-0.0013621513498947024, 0.0009017481352202594], [0.0007181511027738452, -0.0012423385633155704], [0.0001664493465796113, -0.0004985531559213996], [0.04255280643701553, 0.04560678452253342]], [[0.0013375658309087157, -0.001616922440007329], [0.002913887146860361, -0.004138551652431488], [0.0008409079164266586, -0.0011385524412617087], [0.00031193526228889823, -0.0007242779829539359], [0.00037299469113349915, 0.0004719942808151245]], [[0.0005132064688950777, -0.0006647740956395864], [0.00034702359698712826, -0.0011146387550979853], [0.0009535827557556331, -0.0011633641552180052], [0.0023531399201601744, -0.0029438107740134], [0.0017111703054979444, -0.0017292662523686886]], [[-0.0003520997706800699, -0.0003487060312181711], [0.001462486106902361, -0.0019815037958323956], [0.0004696764226537198, -0.0008754303562454879], [0.00024546682834625244, -0.0002388637512922287], [0.00015855440869927406, -0.0004727700725197792]], [[0.0004079141071997583, -0.0008351154392585158], [0.0007311292574740946, -0.0011380261275917292], [0.001567944884300232, -0.0017397420015186071], [0.0014041995164006948, -0.0011016231728717685], [0.00029772118432447314, -0.0007084856042638421]], [[0.004166294354945421, -0.003813952673226595], [0.0013801055029034615, -0.0015460618305951357], [0.0003850074717774987, -0.0005315479356795549], [0.00044892216101288795, -0.0006571721751242876], [-0.005716649349778891, 0.015332234092056751]], [[-0.0010533533059060574, 0.00032043736428022385], [0.0003467056667432189, -0.0007586748106405139], [-0.0017753898864611983, 0.0014756692107766867], [0.0016440617619082332, -0.0021140575408935547], [0.1250178962945938, 0.025798136368393898]], [[0.0017377485055476427, -0.0011887524742633104], [0.0018541512545198202, -0.0025565852411091328], [0.0006150718545541167, -0.000831174198538065], [0.0003306269645690918, -0.0005717778112739325], [0.0012461096048355103, -0.0013681817799806595]]],