{"eps": {"object_position": [[0.000540779554285109, -0.0004630929324775934], [0.0020840580109506845, -7.173744961619377e-06], [-0.004082054831087589, 0.004345174878835678], [0.001687299576587975, -0.0020534242503345013], [8.19369379314594e-05, -0.0006601485656574368]], "object_rotation": [1.9711779356002808, 1.6675528287887573, 0.6125701665878296, 1.3282710313796997, 1.742154598236084], "distractor_position": [-0.4042048156261444, -0.07814696431159973, -0.7140025496482849, -0.27881041169166565, -0.8092575669288635]}, "eps_trace": {"object_position": [[[-0.025252554565668106, -0.007175177335739136], [0.00019394420087337494, 0.0044108182191848755], [-0.00022876448929309845, 0.0005190223455429077], [0.0027751922607421875, -0.003795042634010315], [0.0012852773070335388, -0.00031666457653045654]], [[-4.896707832813263e-05, -0.0008137580007314682], [0.007225164212286472, 0.0021690281573683023], [0.002226415788754821, -0.001809301320463419], [-0.0021774801425635815, 0.0014663739129900932], [0.0037612400483340025, -0.001164191053248942]], [[-5.1856641221093014e-05, -0.0003880096192006022], [0.0019106389954686165, -0.006225747987627983], [0.00043534289579838514, -0.0006643545348197222], [-0.003840664867311716, 0.00594616774469614], [0.0010389999952167273, -0.0009268299327231944]], [[0.000382775702746585, -0.0010064407251775265], [0.0009428899502381682, -0.006064051762223244], [0.0017203030874952674, -0.0020952681079506874], [-0.010113449767231941, 0.005191372707486153], [0.0011074990034103394, -0.0017519930843263865]], [[0.0016635474748909473, -0.002072662115097046], [-0.0021284157410264015, -0.003096659667789936], [0.00033001380506902933, -0.0007117256755009294], [0.016530223190784454, -0.0344705730676651], [0.00031495769508183, -0.0006019079592078924]], [[0.0005695545114576817, -0.0011753721628338099], [0.001212890725582838, -0.004988204222172499], [0.0023964010179042816, -0.002937100362032652], [-0.00032204948365688324, 0.0005077309906482697], [-0.001296020345762372, 0.0011207327479496598]], [[0.0009113535634241998, -0.0014977832324802876], [0.0007945707766339183, -0.005036163609474897], [0.00012072175741195679, -0.0002835644409060478], [-0.005032052751630545, 0.004434480331838131], [-0.0013630620669573545, 0.0016035945154726505]], [[6.361794658005238e-05, -0.0007678488036617637], [0.0015628004912286997, -0.006112952716648579], [0.0007239764672704041, 8.049886673688889e-06], [0.0011770310811698437, 0.00014857575297355652], [0.0005112864309921861, -0.0005737822502851486]], [[-0.0015926259802654386, 0.00022115744650363922], [6.0481252148747444e-05, -0.003708828007802367], [0.001465734327211976, -0.0016958052292466164], [-0.0325322300195694, 0.03950978070497513], [0.002189656486734748, -0.002684307051822543]], [[0.0001827428350225091, -0.0012911732774227858], [0.00012293041800148785, -0.0027336308266967535], [0.00041474797762930393, -0.0006354600191116333], [-0.0005015023052692413, 0.001360628753900528], [0.00033263862133026123, -0.00034630647860467434]], [[0.00039858571835793555, -0.0016401988686993718], [0.0011570528149604797, -0.006550275254994631], [0.002274606842547655, -0.002759014256298542], [0.004572123754769564, -0.004820599220693111], [0.00039795043994672596, -0.00033546300255693495]], [[-7.267776527442038e-05, -0.0008407934801653028], [0.0012713768519461155, -0.004506004974246025], [0.00019141612574458122, -0.0003274427726864815], [0.001166364410892129, -0.001555388793349266], [0.0004983037943020463, -0.0001402211346430704]], [[-0.0007413295097649097, -0.0001656238455325365], [0.003943547140806913, -0.005011493340134621], [0.0007903290097601712, -0.00019700263510458171], [0.001613603439182043, -0.0013649470638483763], [0.0006606439128518105, -0.0002521431306377053]], [[9.309093002229929e-05, -0.0008708637324161828], [0.008574260398745537, 0.0008450592868030071], [-0.003915274515748024, 0.002597752958536148], [0.0009797719540074468, -0.0003952805418521166], [-0.0004991625901311636, 0.0009784060530364513]], [[0.00783682893961668, -0.009431242011487484], [-0.00023285578936338425, 0.005118758883327246], [0.0007315012626349926, -0.0016363570466637611], [0.004594962112605572, -0.00381499738432467], [0.0017941398546099663, -0.002017084276303649]], [[0.0006921598687767982, -0.0012954678386449814], [-0.005213937722146511, 0.012082662433385849], [-0.00010697991820052266, -0.0003775425720959902], [0.00047733820974826813, -0.0005532698705792427], [0.00037693907506763935, -0.0006037448765709996]], [[0.000783317256718874, -0.001194370910525322], [0.002981395460665226, 0.0010048318654298782], [0.00025976006872951984, -0.000790908932685852], [0.0035806125961244106, -0.004041840322315693], [0.03151367977261543, -0.03524860367178917]], [[0.0009056007256731391, -0.00127322506159544], [-0.005809718742966652, 0.005629484076052904], [0.0022446534130722284, -0.002825347241014242], [-7.592607289552689e-05, -0.0003626965917646885], [0.0005483329296112061, -5.3998082876205444e-05]], [[0.0002006476861424744, -0.0006220160867087543], [-0.0005279271863400936, 0.00999345351010561], [0.0003349028993397951, -0.0003550061956048012], [-0.00031110120471566916, -0.0006356117082759738], [0.0004792085674125701, -0.0005082398420199752]], [[-3.668067802209407e-05, -0.0002964997838716954], [-0.0030775140039622784, 0.00038843974471092224], [0.00042285711970180273, -0.0001487884292146191], [-0.00029727991204708815, -0.0006838132394477725], [-0.09093943983316422, 0.10061662644147873]], [[0.0005582126905210316, -0.0003408214543014765], [-0.0031514549627900124, 0.001754441182129085], [0.0011982321739196777, -0.0009619960328564048], [-1.6835809219628572e-05, -0.000847488350700587], [-1.2099742889404297e-05, -0.0012473240494728088]], [[-0.0009508374496363103, 0.0016529816202819347], [-0.0010101341176778078, 0.00059894984588027], [0.0006870412034913898, -0.0008899011882022023], [-0.0006287142168730497, 2.407975262030959e-05], [0.0009191642748191953, -0.0013635661453008652]], [[0.0008164062746800482, -0.0007270961068570614], [-0.003058904316276312, 0.004546299111098051], [0.0015995088033378124, -0.002142373938113451], [0.0011051016626879573, -0.0011271825060248375], [0.00016223796410486102, -0.0005853817565366626]], [[0.0014371925499290228, -0.0015428443439304829], [-0.000320562394335866, 0.0029042684473097324], [0.00032696756534278393, -0.0006240007933229208], [0.0005113593069836497, -0.0008879629895091057], [-2.6064953999593854e-06, -0.0004937758203595877]], [[0.000540779554285109, -0.0004630929324775934], [0.0020840580109506845, -7.173744961619377e-06], [-0.004082054831087589, 0.004345174878835678], [0.001687299576587975, -0.0020534242503345013], [8.19369379314594e-05, -0.0006601485656574368]]],