{"eps": {"object_position": [[-0.2797853946685791, 0.004688459914177656], [-0.11446535587310791, 0.11385570466518402], [0.007602341938763857, 0.07030095160007477], [0.07258456945419312, 0.1452055126428604], [-0.17172063887119293, -0.01655704528093338]], "object_rotation": [2.578333854675293, 0.2666962742805481, 2.240565776824951, 1.2494486570358276, 2.4800970554351807], "distractor_position": [-0.6847983598709106, -0.7241628766059875, -1.64785897731781, -0.7128135561943054, -0.3865378499031067]}, "eps_trace": {"object_position": [[[-0.2808144986629486, 0.00432960968464613], [-0.11482428759336472, 0.11473296582698822], [0.007657358422875404, 0.07045786827802658], [0.07284785062074661, 0.14589044451713562], [-0.17248187959194183, -0.016880622133612633]], [[-0.28081440925598145, 0.004329317715018988], [-0.11481030285358429, 0.11471749097108841], [0.007680004928261042, 0.0704614445567131], [0.07283531874418259, 0.14588461816310883], [-0.17242273688316345, -0.01689848117530346]], [[-0.280801385641098, 0.004359795246273279], [-0.11480291932821274, 0.11472362279891968], [0.007675650995224714, 0.07045981287956238], [0.07275360822677612, 0.14571820199489594], [-0.172413170337677, -0.016880126670002937]], [[-0.28070735931396484, 0.004575130995362997], [-0.11480309814214706, 0.1147240623831749], [0.007672545965760946, 0.07046110928058624], [0.07279955595731735, 0.14553302526474], [-0.17238658666610718, -0.016857093200087547]], [[-0.28070947527885437, 0.004551342688500881], [-0.11476243287324905, 0.11467056721448898], [0.007653592154383659, 0.07045617699623108], [0.0727912187576294, 0.14552995562553406], [-0.17229531705379486, -0.016832007095217705]], [[-0.28069692850112915, 0.004569286480545998], [-0.1147841364145279, 0.11464080214500427], [0.0076509444043040276, 0.0704631432890892], [0.07277416437864304, 0.14550793170928955], [-0.17229239642620087, -0.016829917207360268]], [[-0.28041309118270874, 0.00468300748616457], [-0.11473006010055542, 0.11460176110267639], [0.007632945664227009, 0.07045279443264008], [0.07273292541503906, 0.14547394216060638], [-0.1723031848669052, -0.016766835004091263]], [[-0.28041011095046997, 0.004668344743549824], [-0.11473100632429123, 0.11459767073392868], [0.007657325826585293, 0.07041598856449127], [0.07271867990493774, 0.14548426866531372], [-0.17229944467544556, -0.016757266595959663]], [[-0.2804061472415924, 0.004679422825574875], [-0.11466270685195923, 0.11451343446969986], [0.007630477659404278, 0.07041457295417786], [0.07263412326574326, 0.14543239772319794], [-0.1722441166639328, -0.01674778386950493]], [[-0.28040438890457153, 0.004686424974352121], [-0.11465680599212646, 0.1144748330116272], [0.007629576604813337, 0.07041414082050323], [0.0726330578327179, 0.14543204009532928], [-0.1722135692834854, -0.016776150092482567]], [[-0.2804015874862671, 0.004681619815528393], [-0.11462446302175522, 0.1143585741519928], [0.007643325719982386, 0.07040683925151825], [0.07273713499307632, 0.14538134634494781], [-0.1722136288881302, -0.016775812953710556]], [[-0.28039228916168213, 0.00468087662011385], [-0.11459623277187347, 0.11435999721288681], [0.007641531992703676, 0.0703953206539154], [0.07273416221141815, 0.14538642764091492], [-0.17220439016819, -0.016788819804787636]], [[-0.2803923189640045, 0.004677674733102322], [-0.11459770798683167, 0.11435394734144211], [0.007651288062334061, 0.07039545476436615], [0.07269828766584396, 0.14538700878620148], [-0.17203061282634735, -0.016834644600749016]], [[-0.2803550362586975, 0.004744848236441612], [-0.11459939926862717, 0.11435022950172424], [0.00764702633023262, 0.0703929215669632], [0.072702556848526, 0.14537250995635986], [-0.17201323807239532, -0.01685895211994648]], [[-0.2803364098072052, 0.004736434668302536], [-0.11457657814025879, 0.11430810391902924], [0.007641132455319166, 0.07038626819849014], [0.07269182801246643, 0.14535626769065857], [-0.17199283838272095, -0.016861025243997574]], [[-0.28028684854507446, 0.004826579708606005], [-0.11456466466188431, 0.1143084242939949], [0.0076334127224981785, 0.07037228345870972], [0.07268764078617096, 0.14535477757453918], [-0.1719767153263092, -0.01682331971824169]], [[-0.2802712619304657, 0.004845324903726578], [-0.11456377059221268, 0.11431063711643219], [0.007630906533449888, 0.07037334889173508], [0.07267435640096664, 0.14534921944141388], [-0.17191052436828613, -0.016765866428613663]], [[-0.28025269508361816, 0.00480710668489337], [-0.11455108970403671, 0.11430821567773819], [0.0076208715327084064, 0.07037511467933655], [0.07267401367425919, 0.14534930884838104], [-0.17189332842826843, -0.016716675832867622]], [[-0.2802530527114868, 0.004800268914550543], [-0.11454938352108002, 0.11430897563695908], [0.007622226607054472, 0.07036750018596649], [0.07267122715711594, 0.1453513354063034], [-0.17182761430740356, -0.016750238835811615]], [[-0.28024858236312866, 0.004786734469234943], [-0.11449172347784042, 0.11419495940208435], [0.007621042896062136, 0.07035762816667557], [0.07262220978736877, 0.1452823132276535], [-0.1717875748872757, -0.016554048284888268]], [[-0.2802385091781616, 0.004791786894202232], [-0.11452551186084747, 0.11394543200731277], [0.007610674016177654, 0.07033684104681015], [0.07258673757314682, 0.14525848627090454], [-0.17178265750408173, -0.016550889238715172]], [[-0.2802059054374695, 0.004760200623422861], [-0.11454375088214874, 0.11389646679162979], [0.007621883414685726, 0.07031679153442383], [0.07258724421262741, 0.1452580839395523], [-0.17172572016716003, -0.01654502935707569]], [[-0.2798393666744232, 0.004648235160857439], [-0.11445004492998123, 0.11391995847225189], [0.0076221926137804985, 0.07031603157520294], [0.07260871678590775, 0.1452326476573944], [-0.171725794672966, -0.016545774415135384]], [[-0.27978575229644775, 0.00469010416418314], [-0.11444631963968277, 0.11392024159431458], [0.007589371409267187, 0.07031930983066559], [0.0725729763507843, 0.14520598948001862], [-0.1717222034931183, -0.016541162505745888]], [[-0.2797853946685791, 0.004688459914177656], [-0.11446535587310791, 0.11385570466518402], [0.007602341938763857, 0.07030095160007477], [0.07258456945419312, 0.1452055126428604], [-0.17172063887119293, -0.01655704528093338]]],