{"eps": {"object_position": [[0.0004356952849775553, 0.0021411371417343616], [-0.0039673675782978535, 0.0001421668566763401], [-0.0016912075225263834, -0.0004917927435599267], [-0.0005145642207935452, 0.0034726420417428017], [0.0001540732482681051, 0.0036800371017307043]], "object_rotation": [1.4215185642242432, 1.1504974365234375, 2.3711609840393066, 1.2581088542938232, 1.137251853942871], "distractor_position": [-0.7701371312141418, -0.18141745030879974, -0.7270603179931641, -0.8491318821907043, -0.6340673565864563]}, "eps_trace": {"object_position": [[[-0.001071486622095108, 0.002016455866396427], [0.0007429905235767365, -0.003908991813659668], [-0.0007012262940406799, 0.016481265425682068], [-0.0007115378975868225, -0.0001899711787700653], [0.000354032963514328, -0.0049442145973443985]], [[0.0002974016824737191, 0.0032399403862655163], [0.0038249646313488483, -0.0011484173592180014], [0.00032245414331555367, -0.01588674634695053], [-0.0006547293742187321, 0.0016123579116538167], [-0.00025846512289717793, -0.0002586464397609234]], [[0.0003933460102416575, 0.003047155449166894], [0.0008618759457021952, -0.0012993199052289128], [-0.004672637674957514, -0.00618365965783596], [-0.003943516872823238, 0.0007274601957760751], [-0.0005213448312133551, -0.0010189327877014875]], [[0.0003982227644883096, 0.0029866204131394625], [0.002215918619185686, -0.0023156902752816677], [-0.00455204863101244, -0.01243896596133709], [-0.0009930317755788565, 0.0016406388022005558], [0.00031452567782253027, 0.00025706435553729534]], [[0.000389192282455042, 0.002943514846265316], [0.005207435227930546, 0.00041338521987199783], [-0.0005944524891674519, -0.0034899143502116203], [-0.0017136781243607402, -0.032228898257017136], [-0.0001505166874267161, -0.0006863471353426576]], [[0.00037370523205026984, 0.0029172124341130257], [0.0042684487998485565, -0.001081425929442048], [-0.002223031595349312, -0.0019661278929561377], [-0.0003486885689198971, 0.00357692688703537], [-0.0006645293906331062, -0.0016619949601590633]], [[0.00031860670424066484, 0.0028799977153539658], [-0.001676415093243122, 0.004457487724721432], [-0.001194582087919116, -0.0010428361129015684], [-0.0009041837765835226, 0.0021562615875154734], [-0.0007720533176325262, -0.0008505419827997684]], [[0.00012519097072072327, 0.0026727186050266027], [0.0028158840723335743, 0.0012362480629235506], [-0.00042917561950162053, -0.0012679292121902108], [-0.0007807404035702348, 0.001371166785247624], [-0.00042588377255015075, 0.0008066677255555987]], [[0.0009356624213978648, 0.0051833707839250565], [0.0022188080474734306, 0.0019999847281724215], [-0.000606903457082808, -0.0010921829380095005], [-0.0007736083352938294, 0.0013471220154315233], [-0.0011418276699259877, 0.00036415719659999013]], [[0.0008551790961064398, 0.0064774262718856335], [0.002578415907919407, 0.002520904643461108], [-0.0006571861449629068, 0.0030879806727170944], [-0.0010205270955339074, 0.0010884110815823078], [-0.0013614873168990016, 0.000409432512242347]], [[0.00019609183073043823, 0.0025373995304107666], [-0.0014263722114264965, 0.005245122127234936], [-0.0017972523346543312, 0.002241728827357292], [-0.0016820912715047598, 0.0011554587399587035], [-0.0013849210226908326, 0.0003712881007231772]], [[-0.019043780863285065, -0.10188686847686768], [0.0025065611116588116, 0.002527655567973852], [-0.00012650934513658285, 0.0020637172274291515], [-0.0007330051739700139, 0.0004979253280907869], [-0.001221102080307901, 0.0008297307649627328]], [[-0.0015270821750164032, -0.001396283507347107], [0.0015389809850603342, 0.003959853667765856], [-0.0004913238808512688, 0.0002890274627134204], [-0.0016401371685788035, 0.0005312282592058182], [-0.001139513566158712, 0.0017789766425266862]], [[0.0007934588938951492, 0.002480122959241271], [-0.0013382993638515472, 0.0033158897422254086], [-0.00039465760346502066, 0.0014294552383944392], [-0.0015051128575578332, -0.00019247224554419518], [-0.004275609739124775, -0.005134421866387129]], [[0.0008474383503198624, 0.004246207885444164], [-0.001993392128497362, 0.005064631346613169], [-0.0004464891680981964, 0.0004708487540483475], [-0.0014519017422571778, 0.0018567799124866724], [0.001036990899592638, 0.00576782925054431]], [[0.00012494303518906236, 0.0013463310897350311], [-0.0016473173163831234, 0.006794121582061052], [-0.0004517411289270967, 0.0005250119720585644], [-0.000401747296564281, 0.0016754247481003404], [-0.0005752840079367161, 0.003831715788692236]], [[0.0007926415419206023, 0.0029128193855285645], [-0.0015874669188633561, 0.006832007318735123], [0.0006941551109775901, 0.002654300071299076], [-0.000761978910304606, 0.0005535860545933247], [-0.0002920017286669463, 0.004255499690771103]], [[0.00044897786574438214, 0.002306446200236678], [0.00019906205125153065, 0.007716510444879532], [-0.001450133160687983, 0.0008570378413423896], [0.00015875970711931586, 0.002735199872404337], [-0.0003314630885142833, 0.004123195074498653]], [[0.00035045226104557514, 0.0017733366694301367], [-0.0012159592006355524, 0.004514939151704311], [0.0004576097708195448, 0.0034141079522669315], [-0.006136230193078518, -0.017452256754040718], [-0.00041669473284855485, 0.0026015103794634342]], [[0.0004861388588324189, 0.002120529068633914], [-0.004208907950669527, 0.005021699704229832], [-0.0006961756153032184, 0.00022642454132437706], [-0.0010411147959530354, 0.002184482291340828], [-0.0002898417878895998, 0.003997551277279854]], [[0.00038112851325422525, 0.0019215878564864397], [-0.0021331969182938337, 0.0028159143403172493], [-0.0020504589192569256, -0.001475575496442616], [0.0006104476051405072, 0.00284543982706964], [-7.404733332805336e-05, 0.003266341984272003]], [[0.0004535915213637054, 0.002088450361043215], [-0.003096227766945958, 0.0020314413122832775], [-0.00045011192560195923, 0.023038582876324654], [0.0006609786069020629, 0.002827234799042344], [-5.687609518645331e-05, 0.0032590869814157486]], [[0.00045442546252161264, 0.0020888454746454954], [-0.008761169388890266, -0.0036581926979124546], [-0.0009143339702859521, 0.00047323107719421387], [0.0006811446510255337, 0.002821557689458132], [4.741817247122526e-05, 0.0031384367030113935]], [[0.00043810898205265403, 0.002052819123491645], [0.0002680988982319832, 0.003130804281681776], [-0.003620276227593422, -0.0012739914236590266], [0.00012175983283668756, 0.002382942708209157], [0.0002056351222563535, 0.0035288308281451464]], [[0.0004356952849775553, 0.0021411371417343616], [-0.0039673675782978535, 0.0001421668566763401], [-0.0016912075225263834, -0.0004917927435599267], [-0.0005145642207935452, 0.0034726420417428017], [0.0001540732482681051, 0.0036800371017307043]]],