{"eps": {"object_position": [[0.001197220291942358, 0.004047133959829807], [0.004226291086524725, 0.00022676348453387618], [-0.0024363137781620026, -0.017893318086862564], [0.0019767247140407562, 0.007751456927508116], [-0.0005072556668892503, 0.0006118613528087735]], "object_rotation": [1.9467430114746094, 1.6679165363311768, -0.3453655242919922, 1.3173515796661377, 1.7406446933746338], "distractor_position": [-0.40008923411369324, -0.10627046972513199, -0.7294668555259705, -0.2875685691833496, -0.8092535138130188]}, "eps_trace": {"object_position": [[[0.00098448246717453, 0.003652602434158325], [-0.02060604654252529, 0.003668755292892456], [0.0062745921313762665, 0.025089919567108154], [0.0010859593749046326, -0.004382029175758362], [0.0004618316888809204, -0.0008655041456222534]], [[0.002282323781400919, 0.002021413529291749], [0.011267611756920815, 0.04283294826745987], [-0.007362142205238342, 0.02296273224055767], [0.029912929981946945, 0.08118008077144623], [-0.00011660048039630055, 0.0007840263424441218]], [[0.0011031060712412, 0.0031750001944601536], [0.0026427553966641426, -0.0013102442026138306], [0.022177796810865402, -0.1298782229423523], [0.001638658344745636, -0.003802381455898285], [-0.00019007129594683647, 0.0010597141226753592]], [[0.0017011029412969947, 0.004323004744946957], [0.0071765654720366, -0.013218547217547894], [0.012757877819240093, 0.09064111113548279], [0.0030011842027306557, -0.0045183757320046425], [-0.0007443845388479531, 0.001070049125701189]], [[-0.00883896742016077, -0.020882748067378998], [0.001200688537210226, -0.005305174738168716], [0.036996833980083466, -0.13788945972919464], [-0.0006463660392910242, 0.0036644302308559418], [-0.0007145614363253117, 0.000781390757765621]], [[0.0011148415505886078, -0.004754113033413887], [0.0032583409920334816, 0.0532975047826767], [0.3990103006362915, 1.0417671203613281], [-0.005762913264334202, -0.023378979414701462], [-0.0007220623083412647, 0.0007086655823513865]], [[0.040847934782505035, 0.01946655847132206], [4.0036626160144806e-05, -0.004108879715204239], [0.006178170442581177, -0.02876269817352295], [0.004596251994371414, -0.0018529705703258514], [-0.000729139894247055, 0.0006516404100693762]], [[0.0013372600078582764, 0.0036679618060588837], [0.0012437603436410427, -0.0033610640093684196], [0.009833612479269505, 0.01107512041926384], [0.004776629153639078, 0.00017532706260681152], [-0.0006234137108549476, 0.0005932349595241249]], [[-0.0002016050275415182, 0.0027071179356426], [0.0004196896334178746, -0.0050432439893484116], [-0.0038169948384165764, -0.019846100360155106], [0.0031414590775966644, 0.0014663075562566519], [-0.0006337057566270232, 0.0005604831967502832]], [[-0.00036421598633751273, 0.002781166462227702], [0.00111359020229429, -0.00471530482172966], [0.09603185206651688, -0.47880735993385315], [0.004346508998423815, 0.0009988347301259637], [-0.0007832155097275972, 0.0007396434666588902]], [[-0.00019855739083141088, 0.004563948139548302], [0.0005854981136508286, -0.004238868597894907], [-0.0022498145699501038, 0.01973816752433777], [0.0014305005315691233, 0.002351565985009074], [-0.0008348733535967767, 0.000829749449621886]], [[0.0014691745163872838, 0.004204933997243643], [0.0007615635404363275, -0.004008437506854534], [1.8895603716373444e-05, 0.3373328745365143], [0.002902860287576914, 0.001593490713275969], [-0.0006151901325210929, 0.0004171408945694566]], [[-0.00013865437358617783, 0.0006153024733066559], [0.000863914261572063, -0.014983546920120716], [-0.002678465098142624, 0.01991504430770874], [0.0030890831258147955, 0.0033775814808905125], [-0.0007600468816235662, 0.0008966762106865644]], [[-7.138819637475535e-05, 0.0017544170841574669], [0.00032101490069180727, -0.007659086957573891], [0.0470338836312294, -0.2794457674026489], [-0.0029043948743492365, 0.004945423454046249], [-0.0007078081835061312, 0.0006503616459667683]], [[0.0005181419546715915, 0.0016925798263400793], [-0.00036969443317502737, -0.004251847974956036], [-0.001184944063425064, 0.002814739942550659], [-0.002497228793799877, 0.003191892523318529], [-0.0007085627876222134, 0.0006169518455862999]], [[0.0008777782786637545, 0.004536565858870745], [0.0025533651933073997, -0.03897266834974289], [-4.8923888243734837e-05, -0.0009858603589236736], [0.0002537418622523546, 0.004263793118298054], [-0.000901667692232877, 0.0007256134995259345]], [[-0.001652862410992384, 0.0007270197384059429], [0.0020107212476432323, -0.0033439956605434418], [-1.123132348060608, 5.622081756591797], [0.0003610929998103529, 0.00418733200058341], [-0.0009170978446491063, 0.0007217610836960375]], [[-0.002659574616700411, 0.0076427157036960125], [0.002384715713560581, -0.004094945266842842], [-1.1920928955078125e-07, 4.76837158203125e-07], [0.00042738410411402583, 0.004282898269593716], [-0.0009243244421668351, 0.0007448965334333479]], [[-0.001991422614082694, 0.006403008475899696], [3.761076368391514e-05, -0.004707333631813526], [-0.0054044960997998714, -0.013226792216300964], [0.0003725709393620491, 0.004281880799680948], [-0.0009347366285510361, 0.0007814551354385912]], [[0.0010977403726428747, 0.00389652862213552], [0.0016659651882946491, -0.0040552932769060135], [0.006489801686257124, 0.01977822184562683], [0.0006192597793415189, 0.004262952599674463], [-0.00015610462287440896, -0.00020195584511384368]], [[0.0011037270305678248, 0.003982471767812967], [0.0044952500611543655, -0.005849097855389118], [0.0011121579445898533, -0.029124107211828232], [0.0006909110234118998, 0.004320192616432905], [-0.0003222629602532834, 0.0010385280475020409]], [[0.0008646150236018002, 0.004000971093773842], [8.258502930402756e-05, -0.0011967681348323822], [1.573380470275879, 6.81733512878418], [0.0005637589492835104, 0.004005368798971176], [0.00030927624902687967, -0.003951322287321091]], [[0.00057217973517254, 0.002760716713964939], [0.0017232291866093874, -0.0004960008664056659], [2.384185791015625e-07, 4.76837158203125e-07], [-0.007922204211354256, 0.004203544929623604], [0.00016208740998990834, 0.0001502539962530136]], [[0.0013008899986743927, 0.0037561776116490364], [0.01192543376237154, 0.0009560409234836698], [-0.0019138897769153118, -0.010572770610451698], [-0.002556565683335066, 0.002558923326432705], [-0.0002940809936262667, 0.001126785296946764]], [[0.001197220291942358, 0.004047133959829807], [0.004226291086524725, 0.00022676348453387618], [-0.0024363137781620026, -0.017893318086862564], [0.0019767247140407562, 0.007751456927508116], [-0.0005072556668892503, 0.0006118613528087735]]],