{"eps": {"object_position": [[0.0001871429558377713, 0.003769446164369583], [0.0031723922584205866, 0.0005709044635295868], [-0.0011957213282585144, 0.0006491664098575711], [0.009398101828992367, -0.020935077220201492], [-0.0009863656014204025, 0.005264987237751484]], "object_rotation": [1.1027194261550903, 2.0633046627044678, 1.041449785232544, 2.1009840965270996, 1.428526520729065], "distractor_position": [-0.5108011364936829, -0.2373979240655899, -0.74538254737854, -0.26147156953811646, -0.36074140667915344]}, "eps_trace": {"object_position": [[[0.0003938879817724228, 0.003939148038625717], [0.0017528235912322998, -0.007255122065544128], [0.0011863982072100043, -0.0003394186496734619], [0.0012100040912628174, -0.0034930258989334106], [0.0011640489101409912, 0.0034334755036979914]], [[0.00015556153084617108, 0.004006574861705303], [0.0003024040488526225, -0.00437189731746912], [0.0004289819044061005, -0.002005842514336109], [-0.0004391997354105115, -0.0035642068833112717], [0.014465119689702988, -0.0010812885593622923]], [[0.00011140004789922386, 0.004058959428220987], [0.04860025644302368, 0.014598281122744083], [-0.0007908782572485507, -0.003921882249414921], [0.0013571296585723758, 0.008164397440850735], [0.001444665715098381, -0.0003898261347785592]], [[0.00025068147806450725, 0.004277483560144901], [0.007181655615568161, 0.007872947491705418], [-0.00035922820097766817, -0.0014962549321353436], [0.0004631318151950836, -0.003750709816813469], [0.01943722553551197, 0.06827088445425034]], [[0.00035394253791309893, 0.004356066696345806], [-0.002214428037405014, -0.0006531858816742897], [-0.0005779675557278097, -0.0004945858381688595], [0.017870377749204636, -0.017841968685388565], [0.001560477539896965, 0.006678026169538498]], [[0.00027500983560457826, 0.0041308472864329815], [0.004790423903614283, -0.007623608224093914], [0.0020728791132569313, 0.0010055461898446083], [0.0007311068475246429, -0.0031999321654438972], [-0.0013265414163470268, -0.012112179771065712]], [[0.00026597644318826497, 0.004109578672796488], [0.004090419039130211, -0.004500432405620813], [0.0010629958705976605, 0.001347892452031374], [0.001542808604426682, -0.003037550952285528], [0.0003881810698658228, 0.005009744316339493]], [[0.000403078505769372, 0.004689990077167749], [0.01100611686706543, 5.278736352920532e-05], [-0.002776577603071928, 0.0014153983211144805], [0.002429273212328553, -0.0032469516154378653], [-0.004520943388342857, 0.005580473225563765]], [[4.378517041914165e-05, 0.0038159326650202274], [0.00821711402386427, 0.00022730990895070136], [0.0003764042630791664, 6.787700112909079e-05], [-0.00018093385733664036, -0.005729712545871735], [0.0037165414541959763, 0.008168580010533333]], [[0.0003187680267728865, 0.0030181421898305416], [-0.009502173401415348, -0.004982551094144583], [-0.00024402141571044922, -0.00028774497332051396], [0.0018688871059566736, -0.0010904720984399319], [0.0012004429008811712, -0.0030418122187256813]], [[3.106077201664448e-05, 0.003876274451613426], [0.00590499397367239, -0.003056061454117298], [-0.0002384254476055503, -0.0003335220681037754], [0.001153709483332932, -0.003221094375476241], [0.009137874469161034, 0.020143568515777588]], [[0.00016948550182860345, 0.0038259997963905334], [0.0022294085938483477, 0.0022784797474741936], [-0.00021253200247883797, -0.00033115746919065714], [0.025322694331407547, 0.02369004674255848], [-0.0005257036536931992, 0.005481880158185959]], [[0.000246916722971946, 0.003953085746616125], [0.0022374270483851433, 0.002332658041268587], [-0.0004569155862554908, -0.00017239275621250272], [0.008679559454321861, -0.008906697854399681], [-0.0025093562435358763, 0.007134216371923685]], [[-0.0027092585805803537, -0.0035533192567527294], [0.008278721943497658, 0.00189855950884521], [-0.0003711212193593383, -0.00018181782797910273], [-0.0015058750286698341, -0.0023843739181756973], [0.009051698260009289, 0.012832751497626305]], [[0.00035258312709629536, 0.003967744763940573], [0.0036591673269867897, 0.001343884039670229], [3.3097690902650356e-05, -0.001341898925602436], [0.00015945476479828358, 0.002097559627145529], [0.004229716956615448, 0.0035655004903674126]], [[0.00023391874856315553, 0.004115734249353409], [0.0031101135537028313, 0.011685911566019058], [-0.00022551274741999805, -0.0004758707364089787], [0.004738841205835342, 0.0036507518962025642], [0.0009173802100121975, 0.005403472576290369]], [[0.00020162330474704504, 0.0039211162365973], [-0.0007869282271713018, 0.004169062711298466], [-0.00040942602208815515, -0.0007441358175128698], [0.006312680430710316, 0.0021609575487673283], [-0.0013509492855519056, 0.006729256361722946]], [[0.00030180381145328283, 0.003943426068872213], [-0.0006860197172500193, -0.0044642360880970955], [-0.0005088644684292376, -0.0013175883796066046], [0.0027053081430494785, 0.0006979502504691482], [-0.0009301661048084497, 0.003514016279950738]], [[0.0003100557660218328, 0.003973223268985748], [0.0016955917235463858, 0.0018643513321876526], [-0.0007118096109479666, -0.0009357412345707417], [0.0006418698467314243, 0.006968628149479628], [0.004982743412256241, 0.004668406210839748]], [[0.0003150481206830591, 0.0039746579714119434], [-0.003425538307055831, 0.007517682388424873], [-0.0010147368302568793, -0.0010258120018988848], [0.0008174803806468844, 0.0014229249209165573], [0.0008520148694515228, 0.0033108671195805073]], [[0.00027325170231051743, 0.003941667731851339], [0.0019018168095499277, 0.0023153964430093765], [-0.0015151844127103686, -0.00195228005759418], [0.0021792850457131863, 0.003059535752981901], [0.009019591845571995, 0.009192396886646748]], [[0.0002773136075120419, 0.003913687076419592], [0.0025525344535708427, 0.002330231014639139], [-0.001048576203174889, -0.00039466575253754854], [0.0019209085730835795, 0.002365999622270465], [-0.00061795674264431, 0.005988492630422115]], [[0.00023997666721697897, 0.003814480733126402], [0.0019636889919638634, 0.002068149158731103], [-0.0013141878880560398, 0.0005469451425597072], [-0.00026357092428952456, 0.0036508277989923954], [-0.003974189981818199, 0.007901391014456749]], [[0.0002485822478774935, 0.003933257423341274], [0.0010124759282916784, 0.0053061991930007935], [-0.0014653060352429748, 0.0002554437960498035], [-0.0023422641679644585, 0.0031909001991152763], [0.007457675412297249, 0.0033117341808974743]], [[0.0001871429558377713, 0.003769446164369583], [0.0031723922584205866, 0.0005709044635295868], [-0.0011957213282585144, 0.0006491664098575711], [0.009398101828992367, -0.020935077220201492], [-0.0009863656014204025, 0.005264987237751484]]],