{"eps": {"object_position": [[-0.26227137446403503, 0.0007393041159957647], [-0.107295460999012, 0.10963032394647598], [0.00990688893944025, 0.07033193856477737], [0.06962466239929199, 0.12853886187076569], [-0.1576102375984192, -0.014949461445212364]], "object_rotation": [2.5732181072235107, 0.2671193480491638, 2.2418367862701416, 1.2555567026138306, 2.4796719551086426], "distractor_position": [-0.6876477599143982, -0.7188141942024231, -1.645432472229004, -0.7078330516815186, -0.38580483198165894]}, "eps_trace": {"object_position": [[[-0.2805812656879425, 0.003801964456215501], [-0.11463122069835663, 0.11485351622104645], [0.007641845848411322, 0.07042138278484344], [0.0721932128071785, 0.14471609890460968], [-0.17242427170276642, -0.01696924678981304]], [[-0.280180960893631, 0.004197608679533005], [-0.11458367109298706, 0.1149190366268158], [0.007564059458673, 0.07036267220973969], [0.07214540988206863, 0.1447116881608963], [-0.17223118245601654, -0.01717672124505043]], [[-0.28015708923339844, 0.004088138695806265], [-0.11457346379756927, 0.11492175608873367], [0.007575519382953644, 0.0703306719660759], [0.0717620849609375, 0.144657701253891], [-0.17181181907653809, -0.017741870135068893]], [[-0.2799152433872223, 0.004308132920414209], [-0.11440511792898178, 0.11382944136857986], [0.007469247095286846, 0.07030581682920456], [0.07225585728883743, 0.14291247725486755], [-0.17091363668441772, -0.017801029607653618]], [[-0.27989640831947327, 0.004280212800949812], [-0.11423329263925552, 0.11319989711046219], [0.007333234418183565, 0.07026926428079605], [0.07204569876194, 0.14278128743171692], [-0.1706710010766983, -0.017692161723971367]], [[-0.27907314896583557, 0.0037114492151886225], [-0.11342602223157883, 0.1130145788192749], [0.0072087389416992664, 0.07032410055398941], [0.07180154323577881, 0.14291605353355408], [-0.17066659033298492, -0.017687279731035233]], [[-0.2789386808872223, 0.003980573732405901], [-0.11318019777536392, 0.11260151863098145], [0.007208117749541998, 0.07032391428947449], [0.0717083141207695, 0.14290080964565277], [-0.16944433748722076, -0.017513664439320564]], [[-0.27895358204841614, 0.0039122020825743675], [-0.11326638609170914, 0.11257919669151306], [0.007646067533642054, 0.0703435018658638], [0.07158069312572479, 0.1425933539867401], [-0.16921551525592804, -0.017389357089996338]], [[-0.2760798931121826, 0.0029320295434445143], [-0.11331302672624588, 0.11245474219322205], [0.0074976300820708275, 0.07054837048053741], [0.07160593569278717, 0.14249181747436523], [-0.1683545857667923, -0.01746569573879242]], [[-0.2760913074016571, 0.002953781047835946], [-0.11297348886728287, 0.11249996721744537], [0.0075636012479662895, 0.07057466357946396], [0.07176538556814194, 0.14174751937389374], [-0.16823622584342957, -0.01724635437130928]], [[-0.27609315514564514, 0.0027431086637079716], [-0.1129240021109581, 0.11251062154769897], [0.007698133122175932, 0.07041274756193161], [0.07180911302566528, 0.14176397025585175], [-0.16766002774238586, -0.01750655472278595]], [[-0.27575331926345825, 0.0028896715957671404], [-0.11280354857444763, 0.11175095289945602], [0.008997295051813126, 0.07076586037874222], [0.07071717828512192, 0.14158377051353455], [-0.16757872700691223, -0.017344200983643532]], [[-0.2754327952861786, 0.0026918835937976837], [-0.11263901740312576, 0.11167281121015549], [0.009664642624557018, 0.07063186168670654], [0.07054058462381363, 0.14167554676532745], [-0.165218785405159, -0.016822414472699165]], [[-0.2754346430301666, 0.0026220744475722313], [-0.11231140792369843, 0.11190333217382431], [0.009743895381689072, 0.07059837877750397], [0.07009448856115341, 0.14107540249824524], [-0.16520024836063385, -0.016717882826924324]], [[-0.27538418769836426, 0.0014713361160829663], [-0.11226930469274521, 0.1120452806353569], [0.009687277488410473, 0.070533387362957], [0.07078219205141068, 0.13894672691822052], [-0.1652005910873413, -0.016728278249502182]], [[-0.2726527452468872, 0.0006199160707183182], [-0.11158719658851624, 0.11166252940893173], [0.009573390707373619, 0.07052171975374222], [0.07096904516220093, 0.13875891268253326], [-0.16520056128501892, -0.016729600727558136]], [[-0.27265411615371704, 0.0006134010618552566], [-0.11129507422447205, 0.11169937252998352], [0.009570341557264328, 0.07052460312843323], [0.07091008126735687, 0.13880455493927002], [-0.16404768824577332, -0.01697530783712864]], [[-0.263885498046875, -0.0004962588427588344], [-0.11111721396446228, 0.11160141974687576], [0.009515811689198017, 0.07052408158779144], [0.07163397967815399, 0.13547579944133759], [-0.16382423043251038, -0.017194677144289017]], [[-0.2639033794403076, -0.0003821214195340872], [-0.11109666526317596, 0.11160945147275925], [0.00946736428886652, 0.07049883157014847], [0.0715537816286087, 0.13534045219421387], [-0.16152045130729675, -0.01789597049355507]], [[-0.2637728750705719, -0.00033881462877616286], [-0.11088881641626358, 0.11079227179288864], [0.009590381756424904, 0.07045269012451172], [0.07133505493402481, 0.13544736802577972], [-0.16142792999744415, -0.016638580709695816]], [[-0.2633213996887207, 0.0005819934303872287], [-0.11074574291706085, 0.11081044375896454], [0.009592407383024693, 0.07044973969459534], [0.07133328914642334, 0.1354474574327469], [-0.15804530680179596, -0.01474609225988388]], [[-0.263025164604187, 0.00048428168520331383], [-0.1102241650223732, 0.11076095700263977], [0.009640923701226711, 0.0706988200545311], [0.07108913362026215, 0.1345219612121582], [-0.15795470774173737, -0.014661194756627083]], [[-0.2624545991420746, 0.0010320583824068308], [-0.10858605802059174, 0.10900361090898514], [0.009567491710186005, 0.07050399482250214], [0.06944330781698227, 0.12891794741153717], [-0.15783844888210297, -0.014681359753012657]], [[-0.26246628165245056, 0.0009931903332471848], [-0.10740502923727036, 0.10963448137044907], [0.009720752947032452, 0.0704994946718216], [0.06944945454597473, 0.12890715897083282], [-0.15785910189151764, -0.014773357659578323]], [[-0.26227137446403503, 0.0007393041159957647], [-0.107295460999012, 0.10963032394647598], [0.00990688893944025, 0.07033193856477737], [0.06962466239929199, 0.12853886187076569], [-0.1576102375984192, -0.014949461445212364]]],