{"eps": {"object_position": [[-0.07730670273303986, -0.12461017072200775], [0.12953777611255646, 0.012507786974310875], [0.16211102902889252, 0.10421331971883774], [-0.04198892414569855, 0.21861118078231812], [-0.02390304207801819, -0.04220646619796753], [0.05170207470655441, -0.19795995950698853], [0.05473116785287857, -0.2542365491390228], [-0.3159126937389374, -0.03578658029437065], [0.0556853711605072, -0.10586995631456375], [-0.008223190903663635, -0.17866767942905426]], "object_rotation": [1.6961133480072021, 3.1938271522521973, 2.1793570518493652, 0.8139916658401489, 2.231600284576416, 1.9790222644805908, 1.927826166152954, 0.1763436645269394, 1.7680881023406982, 1.4717326164245605], "distractor_position": [-0.4169847369194031, -0.042833536863327026, -1.560807704925537, -0.620226263999939, 0.008522186428308487, -0.10079644620418549, -0.03396502137184143, -0.912179172039032, -0.29160457849502563, -0.4419192671775818]}, "eps_trace": {"object_position": [[[-0.12788060307502747, -0.07172006368637085], [0.12953777611255646, 0.012507786974310875], [0.16211102902889252, 0.10421331971883774], [0.04983276128768921, 0.2466551810503006], [-0.035057567059993744, -0.04785909131169319], [-0.11045493930578232, 0.04641828313469887], [0.33385947346687317, 0.022596556693315506], [-0.01610395312309265, -0.16716620326042175], [0.0005254731513559818, -0.09479942917823792], [-0.0018817782402038574, 0.14170020818710327]], [[-0.12788060307502747, -0.07172006368637085], [0.12953777611255646, 0.012507786974310875], [0.16211102902889252, 0.10421331971883774], [0.03430143743753433, 0.28098076581954956], [-0.035057567059993744, -0.04785909131169319], [-0.11045493930578232, 0.04641828313469887], [0.14177484810352325, 0.0737370103597641], [-0.11894810944795609, -0.14499203860759735], [0.0005254731513559818, -0.09479942917823792], [-0.06713338941335678, 0.15182355046272278]], [[-0.12788060307502747, -0.07172006368637085], [0.12953777611255646, 0.012507786974310875], [0.16211102902889252, 0.10421331971883774], [0.03430143743753433, 0.28098076581954956], [-0.035057567059993744, -0.04785909131169319], [-0.11045493930578232, 0.04641828313469887], [-0.04951263964176178, 0.17203104496002197], [-0.2158425748348236, -0.12088768929243088], [-0.2287425398826599, -0.12896281480789185], [-0.04601322486996651, -0.06989750266075134]], [[-0.06079310178756714, -0.22756807506084442], [0.12953777611255646, 0.012507786974310875], [0.16211102902889252, 0.10421331971883774], [-0.04198892414569855, 0.21861118078231812], [-0.035057567059993744, -0.04785909131169319], [-0.11045493930578232, 0.04641828313469887], [0.00039657577872276306, 0.055420197546482086], [-0.2158425748348236, -0.12088768929243088], [-0.26392310857772827, -0.12177713215351105], [-0.14377079904079437, -0.06363183259963989]], [[0.037336088716983795, -0.2536442279815674], [0.12953777611255646, 0.012507786974310875], [0.16211102902889252, 0.10421331971883774], [-0.04198892414569855, 0.21861118078231812], [0.07390405237674713, -0.05578650161623955], [-0.0722137987613678, 0.11363089084625244], [0.025774305686354637, -0.09156746417284012], [-0.20541095733642578, -0.06757664680480957], [-0.26392310857772827, -0.12177713215351105], [-0.14377079904079437, -0.06363183259963989]], [[0.037336088716983795, -0.2536442279815674], [0.12953777611255646, 0.012507786974310875], [0.16211102902889252, 0.10421331971883774], [-0.04198892414569855, 0.21861118078231812], [0.07390405237674713, -0.05578650161623955], [-0.03331001102924347, 0.20403051376342773], [0.05473116785287857, -0.2542365491390228], [-0.21095232665538788, -0.06715160608291626], [-0.026491552591323853, -0.10577429831027985], [-0.008223190903663635, -0.17866767942905426]], [[0.037336088716983795, -0.2536442279815674], [0.12953777611255646, 0.012507786974310875], [0.16211102902889252, 0.10421331971883774], [-0.04198892414569855, 0.21861118078231812], [0.07390405237674713, -0.05578650161623955], [-0.003295471891760826, -0.1673298180103302], [0.05473116785287857, -0.2542365491390228], [-0.3159126937389374, -0.03578658029437065], [-0.026491552591323853, -0.10577429831027985], [-0.008223190903663635, -0.17866767942905426]], [[0.037336088716983795, -0.2536442279815674], [0.12953777611255646, 0.012507786974310875], [0.16211102902889252, 0.10421331971883774], [-0.04198892414569855, 0.21861118078231812], [0.07390405237674713, -0.05578650161623955], [0.05170207470655441, -0.19795995950698853], [0.05473116785287857, -0.2542365491390228], [-0.3159126937389374, -0.03578658029437065], [-0.026491552591323853, -0.10577429831027985], [-0.008223190903663635, -0.17866767942905426]], [[-0.07730670273303986, -0.12461017072200775], [0.12953777611255646, 0.012507786974310875], [0.16211102902889252, 0.10421331971883774], [-0.04198892414569855, 0.21861118078231812], [-0.02390304207801819, -0.04220646619796753], [0.05170207470655441, -0.19795995950698853], [0.05473116785287857, -0.2542365491390228], [-0.3159126937389374, -0.03578658029437065], [-0.026491552591323853, -0.10577429831027985], [-0.008223190903663635, -0.17866767942905426]], [[-0.07730670273303986, -0.12461017072200775], [0.12953777611255646, 0.012507786974310875], [0.16211102902889252, 0.10421331971883774], [-0.04198892414569855, 0.21861118078231812], [-0.02390304207801819, -0.04220646619796753], [0.05170207470655441, -0.19795995950698853], [0.05473116785287857, -0.2542365491390228], [-0.3159126937389374, -0.03578658029437065], [0.0556853711605072, -0.10586995631456375], [-0.008223190903663635, -0.17866767942905426]]], "object_rotation": [[1.9680734872817993, 3.1938271522521973, 2.1793570518493652, 0.9971684813499451, 2.2470407485961914, 2.02453875541687, 2.3945438861846924, 0.5842469930648804, 1.7516155242919922, 1.3901784420013428], [1.9680734872817993, 3.1938271522521973, 2.1793570518493652, 0.8346600532531738, 2.2470407485961914, 2.02453875541687, 2.4268760681152344, 0.4355494976043701, 1.7516155242919922, 1.2110350131988525], [1.9680734872817993, 3.1938271522521973, 2.1793570518493652, 0.8346600532531738, 2.2470407485961914, 2.02453875541687, 2.37839412689209, 0.4351620078086853, 1.7190827131271362, 1.3605427742004395], [1.9469376802444458, 3.1938271522521973, 2.1793570518493652, 0.8139916658401489, 2.2470407485961914, 2.02453875541687, 2.210944890975952, 0.4351620078086853, 1.8062611818313599, 1.4667613506317139], [1.9411921501159668, 3.1938271522521973, 2.1793570518493652, 0.8139916658401489, 2.271148443222046, 2.130033493041992, 2.1554927825927734, 0.3265807628631592, 1.8062611818313599, 1.4667613506317139], [1.9411921501159668, 3.1938271522521973, 2.1793570518493652, 0.8139916658401489, 2.271148443222046, 2.005627393722534, 1.927826166152954, 0.29651734232902527, 1.766007900238037, 1.4717326164245605], [1.9411921501159668, 3.1938271522521973, 2.1793570518493652, 0.8139916658401489, 2.271148443222046, 2.1228771209716797, 1.927826166152954, 0.1763436645269394, 1.766007900238037, 1.4717326164245605], [1.9411921501159668, 3.1938271522521973, 2.1793570518493652, 0.8139916658401489, 2.271148443222046, 1.9790222644805908, 1.927826166152954, 0.1763436645269394, 1.766007900238037, 1.4717326164245605], [1.6961133480072021, 3.1938271522521973, 2.1793570518493652, 0.8139916658401489, 2.231600284576416, 1.9790222644805908, 1.927826166152954, 0.1763436645269394, 1.766007900238037, 1.4717326164245605], [1.6961133480072021, 3.1938271522521973, 2.1793570518493652, 0.8139916658401489, 2.231600284576416, 1.9790222644805908, 1.927826166152954, 0.1763436645269394, 1.7680881023406982, 1.4717326164245605]],