{"eps": {"object_position": [[-0.1244901642203331, 0.0272868312895298], [-0.005629554390907288, 0.024947836995124817], [0.21242159605026245, 0.09945958107709885], [0.03198017552495003, 0.05571644380688667], [0.09289263188838959, 0.05314905568957329], [-0.09772264212369919, 0.06035211309790611], [0.32921698689460754, 0.020112963393330574], [-0.01921664923429489, -0.1534179300069809], [-0.020123498514294624, -0.122871033847332], [-0.1446911096572876, 0.16123230755329132]], "object_rotation": [1.7964662313461304, 3.041341543197632, 2.227397918701172, 0.9771711230278015, 2.299382209777832, 2.026348829269409, 2.394219398498535, 0.5909557342529297, 1.7967660427093506, 1.3181856870651245], "distractor_position": [-0.39717453718185425, 0.07357028126716614, -1.5566447973251343, -0.865131139755249, -0.16894085705280304, 0.18465763330459595, 0.10524409264326096, -0.5091162919998169, -0.8005710244178772, -0.7849520444869995]}, "eps_trace": {"object_position": [[[-0.1261935532093048, 0.037538811564445496], [-0.0052184369415044785, 0.025898531079292297], [0.17197665572166443, 0.11455096304416656], [0.028080783784389496, 0.0633278414607048], [0.09471923112869263, 0.05231642723083496], [-0.09884205460548401, 0.059682395309209824], [0.33232876658439636, 0.02260393649339676], [-0.018576184287667274, -0.17021438479423523], [-7.51632614992559e-05, -0.09847741574048996], [-0.14919796586036682, 0.16919472813606262]], [[-0.12483623623847961, 0.03438235819339752], [-0.004734000191092491, 0.026140354573726654], [0.17186735570430756, 0.1144120842218399], [0.02818777970969677, 0.06212500482797623], [0.09466862678527832, 0.05234763026237488], [-0.09885216504335403, 0.05967409536242485], [0.3319830894470215, 0.021802136674523354], [-0.018332291394472122, -0.16989193856716156], [0.0003270464949309826, -0.100297711789608], [-0.15044786036014557, 0.16891589760780334]], [[-0.12232288718223572, 0.03374947980046272], [-0.004795319866389036, 0.02614196576178074], [0.18816931545734406, 0.10430773347616196], [0.02872506156563759, 0.06301326304674149], [0.09463628381490707, 0.05225515738129616], [-0.09841322153806686, 0.05977271869778633], [0.33015233278274536, 0.023086870089173317], [-0.01858452521264553, -0.16949796676635742], [-2.4405017029494047e-06, -0.10027042031288147], [-0.15031439065933228, 0.16735957562923431]], [[-0.12673047184944153, 0.030370058491826057], [-0.0047274986281991005, 0.026150725781917572], [0.18723440170288086, 0.10360245406627655], [0.028670866042375565, 0.06304337084293365], [0.09406347572803497, 0.05224777013063431], [-0.09863254427909851, 0.05997740849852562], [0.3299103081226349, 0.0220093484967947], [-0.020784078165888786, -0.16563482582569122], [-0.0026688608340919018, -0.0982932522892952], [-0.13322250545024872, 0.1733238399028778]], [[-0.1214742362499237, 0.036583103239536285], [-0.004321927670389414, 0.02599792182445526], [0.18670712411403656, 0.10382391512393951], [0.029660340398550034, 0.059391554445028305], [0.0940738394856453, 0.05235208570957184], [-0.09822390973567963, 0.059417370706796646], [0.3300032317638397, 0.02170739509165287], [-0.017778247594833374, -0.1614849716424942], [-0.012646876275539398, -0.10914983600378036], [-0.12949976325035095, 0.1699168086051941]], [[-0.13242220878601074, 0.03496045991778374], [-0.0043035210110247135, 0.026012735441327095], [0.18742001056671143, 0.10352516174316406], [0.029873907566070557, 0.05964051932096481], [0.09407403320074081, 0.05235881358385086], [-0.09766123443841934, 0.05956306308507919], [0.3295377492904663, 0.022035112604498863], [-0.0183726716786623, -0.16036970913410187], [-0.01854272559285164, -0.11765196174383163], [-0.13758939504623413, 0.16389738023281097]], [[-0.1366639882326126, 0.02564341574907303], [-0.004313081968575716, 0.02601485326886177], [0.20119570195674896, 0.10191602259874344], [0.03206441178917885, 0.0568913109600544], [0.09412813931703568, 0.05239451676607132], [-0.09768540412187576, 0.05957106500864029], [0.3288131654262543, 0.021873658522963524], [-0.0185223575681448, -0.15727345645427704], [-0.015886764973402023, -0.11290781944990158], [-0.1381458342075348, 0.16295668482780457]], [[-0.13689494132995605, 0.024590620771050453], [-0.005534745752811432, 0.025035310536623], [0.2018928974866867, 0.10187821090221405], [0.03206492215394974, 0.056890394538640976], [0.09406307339668274, 0.052527040243148804], [-0.09748638421297073, 0.059672098606824875], [0.32933536171913147, 0.020284483209252357], [-0.018241427838802338, -0.15688112378120422], [-0.016291070729494095, -0.10983400046825409], [-0.1408802568912506, 0.1632850170135498]], [[-0.13170376420021057, 0.028837623074650764], [-0.00562586635351181, 0.024987023323774338], [0.20130082964897156, 0.10172449052333832], [0.031939588487148285, 0.055722519755363464], [0.09378170222043991, 0.052808914333581924], [-0.09871751070022583, 0.06070433184504509], [0.32920175790786743, 0.020146291702985764], [-0.019481021910905838, -0.15288883447647095], [-0.01659276895225048, -0.11218860000371933], [-0.14423909783363342, 0.16265439987182617]], [[-0.1244901642203331, 0.0272868312895298], [-0.005629554390907288, 0.024947836995124817], [0.21242159605026245, 0.09945958107709885], [0.03198017552495003, 0.05571644380688667], [0.09289263188838959, 0.05314905568957329], [-0.09772264212369919, 0.06035211309790611], [0.32921698689460754, 0.020112963393330574], [-0.01921664923429489, -0.1534179300069809], [-0.020123498514294624, -0.122871033847332], [-0.1446911096572876, 0.16123230755329132]]], "object_rotation": [[1.7991530895233154, 3.043168783187866, 2.19180965423584, 0.9757006168365479, 2.299182891845703, 2.0281968116760254, 2.3961756229400635, 0.586401104927063, 1.7580723762512207, 1.296331763267517], [1.795365571975708, 3.0430314540863037, 2.1920523643493652, 0.9749478697776794, 2.2993531227111816, 2.0281789302825928, 2.395862579345703, 0.5868898630142212, 1.7594050168991089, 1.301085352897644], [1.796051025390625, 3.0430219173431396, 2.19840145111084, 0.9736737012863159, 2.299271821975708, 2.027933120727539, 2.3930139541625977, 0.5866620540618896, 1.7588602304458618, 1.3029884099960327], [1.7993676662445068, 3.042912721633911, 2.1980085372924805, 0.973490297794342, 2.2994706630706787, 2.0276448726654053, 2.392996311187744, 0.5944336652755737, 1.771600365638733, 1.3119961023330688], [1.7963097095489502, 3.042726993560791, 2.197793960571289, 0.9747210144996643, 2.299424886703491, 2.0280165672302246, 2.392793655395508, 0.5904659628868103, 1.7739766836166382, 1.3151705265045166], [1.7952784299850464, 3.0427322387695312, 2.198387861251831, 0.9749263525009155, 2.299410104751587, 2.0280048847198486, 2.394761800765991, 0.5903032422065735, 1.7727181911468506, 1.3136839866638184], [1.7971020936965942, 3.0427441596984863, 2.2175910472869873, 0.9764456152915955, 2.2996737957000732, 2.028019905090332, 2.3949437141418457, 0.5904090404510498, 1.7819005250930786, 1.3127615451812744], [1.7970463037490845, 3.0412557125091553, 2.2176172733306885, 0.9764466881752014, 2.2998006343841553, 2.0279502868652344, 2.394388198852539, 0.5906847715377808, 1.785232424736023, 1.3171855211257935], [1.7954683303833008, 3.041311025619507, 2.219689130783081, 0.9771897196769714, 2.3000800609588623, 2.0260868072509766, 2.3942651748657227, 0.5907649397850037, 1.7857246398925781, 1.318765640258789], [1.7964662313461304, 3.041341543197632, 2.227397918701172, 0.9771711230278015, 2.299382209777832, 2.026348829269409, 2.394219398498535, 0.5909557342529297, 1.7967660427093506, 1.3181856870651245]],