{"eps": {"object_position": [[-0.007611874490976334, 0.10630011558532715], [0.1517011821269989, 0.09724721312522888], [-0.13655319809913635, -0.10222245752811432], [-0.12085118144750595, -0.2156447321176529], [0.022556636482477188, 0.09496593475341797], [0.15355654060840607, -0.01572476699948311], [0.008578229695558548, -0.08822394162416458], [-0.04164707660675049, -0.09043492376804352], [0.2916378974914551, -0.02838103473186493], [0.019473973661661148, 0.08923597633838654]], "object_rotation": [0.8773958683013916, 1.384854793548584, 2.514573574066162, 2.2331979274749756, 0.6973781585693359, 0.3052220642566681, -0.211576908826828, 3.196974992752075, 1.9799349308013916, 2.1978840827941895], "distractor_position": [-1.5247782468795776, -2.1362879276275635, 0.056492917239665985, 0.4369141757488251, -0.10533782839775085, -0.4418683350086212, -0.1457364857196808, -1.0737673044204712, -1.1192580461502075, -0.25489485263824463]}, "eps_trace": {"object_position": [[[-0.04649294540286064, -0.07881070673465729], [0.09696714580059052, 0.03545558452606201], [0.07457860559225082, 0.09641477465629578], [0.035942357033491135, 0.25863608717918396], [0.08502786606550217, -0.043989360332489014], [0.07699903845787048, 0.0582234151661396], [0.07239916175603867, 0.05659620091319084], [-0.2258465588092804, 0.09620095789432526], [0.29207462072372437, -0.22663196921348572], [-0.0044623976573348045, 0.06195467337965965]], [[-0.04649294540286064, -0.07881070673465729], [0.09696714580059052, 0.03545558452606201], [0.07457860559225082, 0.09641477465629578], [-0.00271514430642128, 0.03336834907531738], [0.20625987648963928, -0.1794896423816681], [0.07699903845787048, 0.0582234151661396], [0.009123198688030243, 0.05221608653664589], [-0.02597580850124359, -0.14327292144298553], [0.29207462072372437, -0.22663196921348572], [-0.0044623976573348045, 0.06195467337965965]], [[-0.04649294540286064, -0.07881070673465729], [0.09696714580059052, 0.03545558452606201], [0.07457860559225082, 0.09641477465629578], [0.003946775104850531, -0.09116746485233307], [-0.0951838493347168, -0.06774044036865234], [0.07699903845787048, 0.0582234151661396], [-0.06572181731462479, 0.013247739523649216], [-0.02597580850124359, -0.14327292144298553], [0.29207462072372437, -0.22663196921348572], [-0.0044623976573348045, 0.06195467337965965]], [[-0.007611874490976334, 0.10630011558532715], [0.09696714580059052, 0.03545558452606201], [0.07457860559225082, 0.09641477465629578], [0.003946775104850531, -0.09116746485233307], [-0.0951838493347168, -0.06774044036865234], [0.07699903845787048, 0.0582234151661396], [0.040092065930366516, -0.007174063473939896], [-0.02597580850124359, -0.14327292144298553], [0.29207462072372437, -0.22663196921348572], [-0.0044623976573348045, 0.06195467337965965]], [[-0.007611874490976334, 0.10630011558532715], [0.09696714580059052, 0.03545558452606201], [0.07457860559225082, 0.09641477465629578], [0.003946775104850531, -0.09116746485233307], [-0.0951838493347168, -0.06774044036865234], [0.07699903845787048, 0.0582234151661396], [0.040092065930366516, -0.007174063473939896], [-0.02597580850124359, -0.14327292144298553], [0.29207462072372437, -0.22663196921348572], [-0.0044623976573348045, 0.06195467337965965]], [[-0.007611874490976334, 0.10630011558532715], [0.09696714580059052, 0.03545558452606201], [0.06399641185998917, 0.1743381768465042], [0.003946775104850531, -0.09116746485233307], [-0.031310610473155975, 0.043392717838287354], [0.03480477258563042, 0.030026353895664215], [0.040092065930366516, -0.007174063473939896], [-0.04976958781480789, -0.0728747770190239], [0.29207462072372437, -0.22663196921348572], [-0.0044623976573348045, 0.06195467337965965]], [[-0.007611874490976334, 0.10630011558532715], [0.09696714580059052, 0.03545558452606201], [-0.13655319809913635, -0.10222245752811432], [0.003946775104850531, -0.09116746485233307], [0.022556636482477188, 0.09496593475341797], [0.15355654060840607, -0.01572476699948311], [0.040092065930366516, -0.007174063473939896], [0.03615734726190567, -0.18359464406967163], [0.29207462072372437, -0.22663196921348572], [0.019473973661661148, 0.08923597633838654]], [[-0.007611874490976334, 0.10630011558532715], [0.1517011821269989, 0.09724721312522888], [-0.13655319809913635, -0.10222245752811432], [0.003946775104850531, -0.09116746485233307], [0.022556636482477188, 0.09496593475341797], [0.15355654060840607, -0.01572476699948311], [-0.0419716015458107, -0.13827703893184662], [0.03615734726190567, -0.18359464406967163], [0.2916378974914551, -0.02838103473186493], [0.019473973661661148, 0.08923597633838654]], [[-0.007611874490976334, 0.10630011558532715], [0.1517011821269989, 0.09724721312522888], [-0.13655319809913635, -0.10222245752811432], [-0.12085118144750595, -0.2156447321176529], [0.022556636482477188, 0.09496593475341797], [0.15355654060840607, -0.01572476699948311], [0.008578229695558548, -0.08822394162416458], [0.03615734726190567, -0.18359464406967163], [0.2916378974914551, -0.02838103473186493], [0.019473973661661148, 0.08923597633838654]], [[-0.007611874490976334, 0.10630011558532715], [0.1517011821269989, 0.09724721312522888], [-0.13655319809913635, -0.10222245752811432], [-0.12085118144750595, -0.2156447321176529], [0.022556636482477188, 0.09496593475341797], [0.15355654060840607, -0.01572476699948311], [0.008578229695558548, -0.08822394162416458], [-0.04164707660675049, -0.09043492376804352], [0.2916378974914551, -0.02838103473186493], [0.019473973661661148, 0.08923597633838654]]], "object_rotation": [[0.8261361718177795, 1.5390524864196777, 2.2830255031585693, 2.264676094055176, 0.6580024361610413, 0.6178719401359558, 0.01609623432159424, 3.0909180641174316, 2.175739049911499, 2.2147376537323], [0.8261361718177795, 1.5390524864196777, 2.2830255031585693, 2.387909173965454, 0.32352060079574585, 0.6178719401359558, 0.0015253545716404915, 3.210676670074463, 2.175739049911499, 2.2147376537323], [0.8261361718177795, 1.5390524864196777, 2.2830255031585693, 2.3476781845092773, 0.36002326011657715, 0.6178719401359558, 0.06768091768026352, 3.210676670074463, 2.175739049911499, 2.2147376537323], [0.8773958683013916, 1.5390524864196777, 2.2830255031585693, 2.3476781845092773, 0.36002326011657715, 0.6178719401359558, 0.0011967942118644714, 3.210676670074463, 2.175739049911499, 2.2147376537323], [0.8773958683013916, 1.5390524864196777, 2.2830255031585693, 2.3476781845092773, 0.36002326011657715, 0.6178719401359558, 0.0011967942118644714, 3.210676670074463, 2.175739049911499, 2.2147376537323], [0.8773958683013916, 1.5390524864196777, 2.3744609355926514, 2.3476781845092773, 0.561486005783081, 0.32760918140411377, 0.0011967942118644714, 3.2318480014801025, 2.175739049911499, 2.2147376537323], [0.8773958683013916, 1.5390524864196777, 2.514573574066162, 2.3476781845092773, 0.6973781585693359, 0.3052220642566681, 0.0011967942118644714, 3.2220146656036377, 2.175739049911499, 2.1978840827941895], [0.8773958683013916, 1.384854793548584, 2.514573574066162, 2.3476781845092773, 0.6973781585693359, 0.3052220642566681, -0.0960579439997673, 3.2220146656036377, 1.9799349308013916, 2.1978840827941895], [0.8773958683013916, 1.384854793548584, 2.514573574066162, 2.2331979274749756, 0.6973781585693359, 0.3052220642566681, -0.211576908826828, 3.2220146656036377, 1.9799349308013916, 2.1978840827941895], [0.8773958683013916, 1.384854793548584, 2.514573574066162, 2.2331979274749756, 0.6973781585693359, 0.3052220642566681, -0.211576908826828, 3.196974992752075, 1.9799349308013916, 2.1978840827941895]],