{"eps": {"object_position": [[0.037706322968006134, -0.08669878542423248], [0.08239404857158661, -0.08009475469589233], [-0.0186794251203537, 0.21465998888015747], [-0.11741171777248383, -0.030166998505592346], [0.11862845718860626, 0.0962757021188736]], "object_rotation": [1.116350531578064, 1.7326090335845947, 0.7070008516311646, 2.1994400024414062, 0.9614090323448181], "distractor_position": [-0.31074389815330505, 0.06335672736167908, -1.178418755531311, 0.1264079213142395, -0.28994089365005493]}, "eps_trace": {"object_position": [[[0.1130305826663971, 0.16528809070587158], [-0.06380580365657806, -0.1894686073064804], [-0.02902454137802124, 0.02078552544116974], [0.03229909390211105, 0.12566141784191132], [0.29486268758773804, 0.006243403535336256]], [[0.1130305826663971, 0.16528809070587158], [-0.06380580365657806, -0.1894686073064804], [-0.02902454137802124, 0.02078552544116974], [-0.12980645895004272, -0.046231359243392944], [0.29486268758773804, 0.006243403535336256]], [[0.19630441069602966, 0.047877781093120575], [-0.06380580365657806, -0.1894686073064804], [-0.02902454137802124, 0.02078552544116974], [-0.12980645895004272, -0.046231359243392944], [0.04217091202735901, 0.19934482872486115]], [[0.19630441069602966, 0.047877781093120575], [0.024088487029075623, -0.10931053012609482], [-0.02902454137802124, 0.02078552544116974], [-0.12980645895004272, -0.046231359243392944], [0.12250947952270508, 0.2188081294298172]], [[0.19630441069602966, 0.047877781093120575], [0.024088487029075623, -0.10931053012609482], [-0.02902454137802124, 0.02078552544116974], [-0.10591106861829758, -0.059259142726659775], [0.05149201303720474, 0.09790406376123428]], [[0.03454236686229706, 0.15553192794322968], [0.024088487029075623, -0.10931053012609482], [-0.0026135053485631943, 0.07799188047647476], [-0.10591106861829758, -0.059259142726659775], [0.17290732264518738, 0.07779888808727264]], [[0.03454236686229706, 0.15553192794322968], [0.024088487029075623, -0.10931053012609482], [-0.0026135053485631943, 0.07799188047647476], [-0.10591106861829758, -0.059259142726659775], [-0.00042501091957092285, 0.1994180530309677]], [[0.03454236686229706, 0.15553192794322968], [0.024088487029075623, -0.10931053012609482], [-0.0026135053485631943, 0.07799188047647476], [-0.10591106861829758, -0.059259142726659775], [-0.00042501091957092285, 0.1994180530309677]], [[0.03454236686229706, 0.15553192794322968], [0.024088487029075623, -0.10931053012609482], [0.02879452146589756, 0.016938645392656326], [-0.10591106861829758, -0.059259142726659775], [-0.00042501091957092285, 0.1994180530309677]], [[0.03454236686229706, 0.15553192794322968], [0.024088487029075623, -0.10931053012609482], [0.02879452146589756, 0.016938645392656326], [-0.10591106861829758, -0.059259142726659775], [-0.00042501091957092285, 0.1994180530309677]], [[0.03454236686229706, 0.15553192794322968], [0.11404618620872498, 0.0382116362452507], [0.02879452146589756, 0.016938645392656326], [-0.10591106861829758, -0.059259142726659775], [0.19574271142482758, 0.11399616301059723]], [[-0.028126657009124756, -0.08770020306110382], [0.11404618620872498, 0.0382116362452507], [0.02879452146589756, 0.016938645392656326], [-0.10591106861829758, -0.059259142726659775], [0.03250718116760254, 0.07723041623830795]], [[-0.028126657009124756, -0.08770020306110382], [0.15239913761615753, 0.030552169308066368], [0.02879452146589756, 0.016938645392656326], [-0.09997566044330597, 0.04740983620285988], [0.03250718116760254, 0.07723041623830795]], [[-0.028126657009124756, -0.08770020306110382], [0.1818334460258484, -0.06573038548231125], [-0.06445643305778503, 0.02246440015733242], [-0.01132974773645401, 0.07154487818479538], [0.03250718116760254, 0.07723041623830795]], [[-0.028126657009124756, -0.08770020306110382], [0.1818334460258484, -0.06573038548231125], [-0.06445643305778503, 0.02246440015733242], [0.0038241110742092133, 0.12693476676940918], [0.03250718116760254, 0.07723041623830795]], [[-0.028126657009124756, -0.08770020306110382], [0.1818334460258484, -0.06573038548231125], [-0.06445643305778503, 0.02246440015733242], [0.0038241110742092133, 0.12693476676940918], [0.2063695341348648, 0.04086185246706009]], [[-0.03696562349796295, 0.12159164249897003], [0.1818334460258484, -0.06573038548231125], [-0.06445643305778503, 0.02246440015733242], [0.0038241110742092133, 0.12693476676940918], [0.2063695341348648, 0.04086185246706009]], [[-0.03696562349796295, 0.12159164249897003], [0.1818334460258484, -0.06573038548231125], [-0.06445643305778503, 0.02246440015733242], [0.0038241110742092133, 0.12693476676940918], [0.2063695341348648, 0.04086185246706009]], [[0.023740340024232864, -0.05952611565589905], [0.16992530226707458, -0.032267551869153976], [-0.06445643305778503, 0.02246440015733242], [0.0038241110742092133, 0.12693476676940918], [-0.02604350447654724, 0.15251481533050537]], [[0.023740340024232864, -0.05952611565589905], [0.16992530226707458, -0.032267551869153976], [-0.06445643305778503, 0.02246440015733242], [-0.11741171777248383, -0.030166998505592346], [-0.02604350447654724, 0.15251481533050537]], [[0.037706322968006134, -0.08669878542423248], [-0.025195881724357605, 0.08207087218761444], [-0.06445643305778503, 0.02246440015733242], [-0.11741171777248383, -0.030166998505592346], [-0.02604350447654724, 0.15251481533050537]], [[0.037706322968006134, -0.08669878542423248], [-0.025195881724357605, 0.08207087218761444], [0.023525886237621307, 0.15806150436401367], [-0.11741171777248383, -0.030166998505592346], [-0.02604350447654724, 0.15251481533050537]], [[0.037706322968006134, -0.08669878542423248], [-0.037468574941158295, -0.13580207526683807], [0.023525886237621307, 0.15806150436401367], [-0.11741171777248383, -0.030166998505592346], [0.11207699775695801, 0.05261940509080887]], [[0.037706322968006134, -0.08669878542423248], [-0.037468574941158295, -0.13580207526683807], [-0.0186794251203537, 0.21465998888015747], [-0.11741171777248383, -0.030166998505592346], [0.29237645864486694, -0.03821638226509094]], [[0.037706322968006134, -0.08669878542423248], [0.08239404857158661, -0.08009475469589233], [-0.0186794251203537, 0.21465998888015747], [-0.11741171777248383, -0.030166998505592346], [0.11862845718860626, 0.0962757021188736]]],