{"eps": {"object_position": [[-0.09087510406970978, -0.016969792544841766], [-0.26657024025917053, 0.15548841655254364], [0.17830878496170044, -0.014046847820281982], [0.01246713101863861, -0.08242890238761902], [0.15174929797649384, 0.08409669995307922]], "object_rotation": [2.0347328186035156, 1.7438294887542725, -0.7876572608947754, 1.623425841331482, 1.8129106760025024], "distractor_position": [0.0453716404736042, 0.5821932554244995, -1.0677604675292969, -0.13720712065696716, -1.214220404624939]}, "eps_trace": {"object_position": [[[0.04556615278124809, 0.13065779209136963], [-0.007023244630545378, 0.03748876228928566], [-0.00978708453476429, 0.0010596811771392822], [0.07455994188785553, -0.13397212326526642], [0.043202467262744904, -0.049526095390319824]], [[-0.0043619610369205475, 0.045959554612636566], [-0.007023244630545378, 0.03748876228928566], [-0.00978708453476429, 0.0010596811771392822], [0.07455994188785553, -0.13397212326526642], [-0.17777404189109802, -0.08833280205726624]], [[-0.24533450603485107, -0.02515178918838501], [-0.04093710705637932, -0.000987771898508072], [-0.00978708453476429, 0.0010596811771392822], [0.07455994188785553, -0.13397212326526642], [-0.17777404189109802, -0.08833280205726624]], [[-0.24533450603485107, -0.02515178918838501], [-0.04093710705637932, -0.000987771898508072], [0.01204950176179409, -0.010505754500627518], [0.07455994188785553, -0.13397212326526642], [-0.17777404189109802, -0.08833280205726624]], [[-0.24533450603485107, -0.02515178918838501], [-0.04093710705637932, -0.000987771898508072], [-0.018850503489375114, -0.01932566985487938], [0.07455994188785553, -0.13397212326526642], [-0.17777404189109802, -0.08833280205726624]], [[-0.24533450603485107, -0.02515178918838501], [-0.04093710705637932, -0.000987771898508072], [-0.018850503489375114, -0.01932566985487938], [-0.03509721904993057, -0.1464276909828186], [-0.17777404189109802, -0.08833280205726624]], [[-0.24533450603485107, -0.02515178918838501], [-0.04093710705637932, -0.000987771898508072], [-0.002777429297566414, -0.07472575455904007], [0.031450554728507996, -0.20895221829414368], [-0.17777404189109802, -0.08833280205726624]], [[-0.1508076786994934, -0.10077615082263947], [-0.04093710705637932, -0.000987771898508072], [0.17830878496170044, -0.014046847820281982], [0.031450554728507996, -0.20895221829414368], [-0.17777404189109802, -0.08833280205726624]], [[-0.1508076786994934, -0.10077615082263947], [-0.04093710705637932, -0.000987771898508072], [0.17830878496170044, -0.014046847820281982], [-0.006656572222709656, -0.19766221940517426], [-0.17777404189109802, -0.08833280205726624]], [[-0.1508076786994934, -0.10077615082263947], [-0.04093710705637932, -0.000987771898508072], [0.17830878496170044, -0.014046847820281982], [-0.006656572222709656, -0.19766221940517426], [-0.17777404189109802, -0.08833280205726624]], [[-0.1508076786994934, -0.10077615082263947], [-0.04093710705637932, -0.000987771898508072], [0.17830878496170044, -0.014046847820281982], [-0.021338636055588722, -0.012420818209648132], [-0.17777404189109802, -0.08833280205726624]], [[-0.1508076786994934, -0.10077615082263947], [-0.04093710705637932, -0.000987771898508072], [0.17830878496170044, -0.014046847820281982], [-0.021338636055588722, -0.012420818209648132], [-0.17777404189109802, -0.08833280205726624]], [[-0.1508076786994934, -0.10077615082263947], [-0.21995386481285095, 0.14296478033065796], [0.17830878496170044, -0.014046847820281982], [-0.1090436726808548, -0.08112851530313492], [-0.17777404189109802, -0.08833280205726624]], [[-0.1508076786994934, -0.10077615082263947], [-0.21995386481285095, 0.14296478033065796], [0.17830878496170044, -0.014046847820281982], [-0.1090436726808548, -0.08112851530313492], [0.20665082335472107, -0.031715307384729385]], [[-0.1508076786994934, -0.10077615082263947], [-0.21995386481285095, 0.14296478033065796], [0.17830878496170044, -0.014046847820281982], [-0.1090436726808548, -0.08112851530313492], [0.20665082335472107, -0.031715307384729385]], [[-0.1508076786994934, -0.10077615082263947], [-0.21995386481285095, 0.14296478033065796], [0.17830878496170044, -0.014046847820281982], [0.01246713101863861, -0.08242890238761902], [0.20665082335472107, -0.031715307384729385]], [[-0.1508076786994934, -0.10077615082263947], [-0.21995386481285095, 0.14296478033065796], [0.17830878496170044, -0.014046847820281982], [0.01246713101863861, -0.08242890238761902], [0.20665082335472107, -0.031715307384729385]], [[-0.1508076786994934, -0.10077615082263947], [-0.26657024025917053, 0.15548841655254364], [0.17830878496170044, -0.014046847820281982], [0.01246713101863861, -0.08242890238761902], [0.1033027246594429, -0.05638279765844345]], [[-0.1508076786994934, -0.10077615082263947], [-0.26657024025917053, 0.15548841655254364], [0.17830878496170044, -0.014046847820281982], [0.01246713101863861, -0.08242890238761902], [0.1033027246594429, -0.05638279765844345]], [[-0.1508076786994934, -0.10077615082263947], [-0.26657024025917053, 0.15548841655254364], [0.17830878496170044, -0.014046847820281982], [0.01246713101863861, -0.08242890238761902], [0.1033027246594429, -0.05638279765844345]], [[-0.1508076786994934, -0.10077615082263947], [-0.26657024025917053, 0.15548841655254364], [0.17830878496170044, -0.014046847820281982], [0.01246713101863861, -0.08242890238761902], [0.1033027246594429, -0.05638279765844345]], [[-0.1508076786994934, -0.10077615082263947], [-0.26657024025917053, 0.15548841655254364], [0.17830878496170044, -0.014046847820281982], [0.01246713101863861, -0.08242890238761902], [0.09091775119304657, 0.05253097414970398]], [[-0.1508076786994934, -0.10077615082263947], [-0.26657024025917053, 0.15548841655254364], [0.17830878496170044, -0.014046847820281982], [0.01246713101863861, -0.08242890238761902], [0.2909870445728302, 0.0016475468873977661]], [[-0.1508076786994934, -0.10077615082263947], [-0.26657024025917053, 0.15548841655254364], [0.17830878496170044, -0.014046847820281982], [0.01246713101863861, -0.08242890238761902], [0.15174929797649384, 0.08409669995307922]], [[-0.09087510406970978, -0.016969792544841766], [-0.26657024025917053, 0.15548841655254364], [0.17830878496170044, -0.014046847820281982], [0.01246713101863861, -0.08242890238761902], [0.15174929797649384, 0.08409669995307922]]],