{"eps": {"object_position": [[-0.0007371474057435989, -0.14483001828193665], [-0.037663012742996216, -0.07844975590705872], [-0.018204517662525177, 0.19436585903167725], [-0.24701328575611115, -0.013065975159406662], [0.06716129183769226, 0.18644499778747559]], "object_rotation": [1.0375010967254639, 2.4731476306915283, 0.4460347294807434, 2.1569948196411133, 1.1594244241714478], "distractor_position": [-0.1967622935771942, 0.3267344534397125, -0.9879898428916931, 0.36516571044921875, -0.6172094345092773]}, "eps_trace": {"object_position": [[[0.052224330604076385, 0.006670065224170685], [-0.13734932243824005, -0.168500617146492], [-0.003988130018115044, -0.06160663813352585], [0.06781399250030518, 0.20451213419437408], [0.3616529107093811, 0.005588022526353598]], [[0.05038481205701828, -0.08728745579719543], [-0.1436467319726944, -0.17986249923706055], [0.02883145399391651, 0.017041973769664764], [0.009355653077363968, 0.12482059001922607], [0.3616529107093811, 0.005588022526353598]], [[0.06883154809474945, -0.11284175515174866], [-0.13840731978416443, -0.12837927043437958], [0.04728785157203674, -0.004122873768210411], [-0.08776402473449707, 0.056043706834316254], [0.3616529107093811, 0.005588022526353598]], [[0.06883154809474945, -0.11284175515174866], [-0.09987372905015945, -0.09407544881105423], [0.031396254897117615, 0.036572568118572235], [-0.05613110959529877, 0.00015794485807418823], [0.3548281490802765, 0.020575307309627533]], [[0.06883154809474945, -0.11284175515174866], [-0.26751458644866943, -0.09612317383289337], [0.02579418383538723, -0.009213041514158249], [-0.04671293869614601, -0.0060002245008945465], [0.3007473945617676, -0.02590826153755188]], [[0.00937095656991005, -0.06325429677963257], [-0.29981529712677, -0.17550784349441528], [0.03355206549167633, 0.010686352849006653], [-0.03091997466981411, -0.1071493923664093], [0.32413771748542786, 0.014278490096330643]], [[-0.05870216712355614, -0.070085808634758], [-0.29981529712677, -0.17550784349441528], [-0.001929350197315216, 0.05582471936941147], [-0.030635986477136612, -0.0878106951713562], [0.23679351806640625, 0.055961973965168]], [[-0.06344956159591675, -0.03496972471475601], [-0.297815203666687, -0.13972052931785583], [0.07913120836019516, 0.13874322175979614], [-0.14527352154254913, -0.09448210895061493], [0.23679351806640625, 0.055961973965168]], [[-0.06564494967460632, -0.007568936794996262], [-0.3090047538280487, -0.14009834825992584], [0.0808940976858139, 0.10560184717178345], [-0.07879438996315002, -0.06444254517555237], [0.2544691860675812, 0.10841843485832214]], [[-0.00949190929532051, 0.013994056731462479], [-0.23303088545799255, -0.21253906190395355], [0.11702495068311691, 0.012061655521392822], [-0.07879438996315002, -0.06444254517555237], [0.2544691860675812, 0.10841843485832214]], [[-0.02589847519993782, 0.006269809324294329], [-0.1845967322587967, -0.1487807184457779], [0.05466693639755249, 0.07480639964342117], [-0.07879438996315002, -0.06444254517555237], [0.2544691860675812, 0.10841843485832214]], [[-0.04634333401918411, -0.0679066851735115], [-0.18553577363491058, -0.11750419437885284], [0.004348386079072952, 0.032958000898361206], [-0.016172602772712708, -0.04572395235300064], [0.2544691860675812, 0.10841843485832214]], [[-0.05033843591809273, -0.06906169652938843], [-0.18553577363491058, -0.11750419437885284], [-0.01790955290198326, 0.005813067778944969], [-0.014737950637936592, -0.011079374700784683], [0.23705369234085083, 0.0920320525765419]], [[-0.09107189625501633, -0.09842060506343842], [-0.1617642045021057, -0.14186552166938782], [-0.04459597170352936, 0.0059480867348611355], [0.012249555438756943, -0.005007193423807621], [0.23705369234085083, 0.0920320525765419]], [[-0.09107189625501633, -0.09842060506343842], [-0.1617642045021057, -0.14186552166938782], [-0.06090037152171135, -0.0072146388702094555], [0.012249555438756943, -0.005007193423807621], [0.23705369234085083, 0.0920320525765419]], [[-0.061889294534921646, -0.19979751110076904], [-0.11141236871480942, -0.034830525517463684], [-0.06090037152171135, -0.0072146388702094555], [-0.002452528104186058, 0.03295297175645828], [0.23705369234085083, 0.0920320525765419]], [[-0.06710245460271835, -0.10878906399011612], [-0.06691259145736694, -0.06974395364522934], [-0.1753811240196228, -0.03322046995162964], [-0.002452528104186058, 0.03295297175645828], [0.23705369234085083, 0.0920320525765419]], [[-0.047945909202098846, -0.03118235617876053], [-0.009249605238437653, -0.12770579755306244], [-0.18246877193450928, -0.03910950943827629], [-0.04357580840587616, -0.09282521158456802], [0.23705369234085083, 0.0920320525765419]], [[-0.026868853718042374, -0.07890930771827698], [-0.009249605238437653, -0.12770579755306244], [-0.16233813762664795, -0.07479790598154068], [-0.04357580840587616, -0.09282521158456802], [0.23705369234085083, 0.0920320525765419]], [[-0.026868853718042374, -0.07890930771827698], [0.013346044346690178, -0.11773307621479034], [-0.14575178921222687, -0.028882816433906555], [-0.04357580840587616, -0.09282521158456802], [0.12153798341751099, 0.15503430366516113]], [[-0.023210614919662476, -0.07849287241697311], [-0.05215062201023102, -0.07233027368783951], [-0.06818700581789017, 0.05399838835000992], [-0.15675638616085052, -0.03266802057623863], [0.1586175560951233, 0.21627527475357056]], [[-0.0007371474057435989, -0.14483001828193665], [-0.10361151397228241, -0.010535620152950287], [-0.03260781615972519, 0.09247580170631409], [-0.2491007298231125, 0.030228059738874435], [0.0925399512052536, 0.20645616948604584]], [[-0.0007371474057435989, -0.14483001828193665], [-0.09980423003435135, -0.0817050114274025], [-0.03789660334587097, 0.15352825820446014], [-0.24701328575611115, -0.013065975159406662], [0.0925399512052536, 0.20645616948604584]], [[-0.0007371474057435989, -0.14483001828193665], [-0.0813475102186203, -0.10298900306224823], [-0.01788625493645668, 0.11968310177326202], [-0.24701328575611115, -0.013065975159406662], [0.13773272931575775, 0.15858198702335358]], [[-0.0007371474057435989, -0.14483001828193665], [-0.037663012742996216, -0.07844975590705872], [-0.018204517662525177, 0.19436585903167725], [-0.24701328575611115, -0.013065975159406662], [0.06716129183769226, 0.18644499778747559]]],