{"eps": {"object_position": [[0.08041410148143768, -0.02638813480734825], [-0.02422701194882393, -0.07777483761310577], [-0.05991785228252411, 0.19779154658317566], [-0.20996053516864777, -0.07147742807865143], [-0.1001000851392746, 0.2173835039138794]], "object_rotation": [0.9674085378646851, 2.3891761302948, 0.6080710291862488, 2.188319444656372, 1.398716688156128], "distractor_position": [-0.43832874298095703, 0.32223260402679443, -1.068489670753479, 0.29677385091781616, -0.5872883796691895]}, "eps_trace": {"object_position": [[[0.04739375784993172, 0.03016890585422516], [-0.15327106416225433, -0.1824670284986496], [-0.00837873574346304, -0.07717353850603104], [0.07243391871452332, 0.21913623809814453], [0.29486268758773804, 0.006243403535336256]], [[0.04739375784993172, 0.03016890585422516], [-0.16989660263061523, -0.20855312049388885], [0.023947715759277344, -0.004599094390869141], [0.021171636879444122, 0.1647789627313614], [0.256472110748291, 0.09335893392562866]], [[0.07372725754976273, -0.006959497928619385], [-0.17579810321331024, -0.17214533686637878], [0.046145547181367874, -0.022443043068051338], [-0.07386921346187592, 0.11024462431669235], [0.17656394839286804, 0.15442296862602234]], [[0.07372725754976273, -0.006959497928619385], [-0.148003488779068, -0.14679712057113647], [0.03369140625, 0.019165420904755592], [-0.04855761677026749, 0.06352673470973969], [0.2019692361354828, 0.16057780385017395]], [[0.12168854475021362, -0.008367314003407955], [-0.148003488779068, -0.14679712057113647], [0.03172186017036438, -0.023880770429968834], [-0.04100123047828674, 0.05940698832273483], [0.17951153218746185, 0.12234457582235336]], [[0.07053489238023758, 0.02567591890692711], [-0.148003488779068, -0.14679712057113647], [0.04007376357913017, -0.005790529772639275], [-0.027596134692430496, -0.0417950302362442], [0.2179064303636551, 0.11598675698041916]], [[0.004698321223258972, 0.006523488089442253], [-0.13990366458892822, -0.09713669866323471], [0.007568862289190292, 0.04218735545873642], [-0.027589423581957817, -0.030450008809566498], [0.1630939245223999, 0.15444612503051758]], [[-0.002629989292472601, 0.04193379729986191], [-0.13990366458892822, -0.09713669866323471], [0.007568862289190292, 0.04218735545873642], [-0.1426239311695099, -0.04251951351761818], [0.09470092505216599, 0.13442446291446686]], [[-0.009368997998535633, 0.059736013412475586], [-0.13990366458892822, -0.09713669866323471], [0.017500953748822212, 0.02288062497973442], [-0.0877065360546112, -0.01845497079193592], [0.09470092505216599, 0.13442446291446686]], [[0.04270821809768677, 0.07501820474863052], [-0.09578856825828552, -0.17479375004768372], [0.017500953748822212, 0.02288062497973442], [-0.0877065360546112, -0.01845497079193592], [0.09470092505216599, 0.13442446291446686]], [[0.029316812753677368, 0.0671614557504654], [-0.06734144687652588, -0.12814313173294067], [0.017500953748822212, 0.02288062497973442], [-0.0877065360546112, -0.01845497079193592], [0.09470092505216599, 0.13442446291446686]], [[0.009499125182628632, -0.00975530594587326], [-0.08356441557407379, -0.10798375308513641], [-0.02127220667898655, -0.008427195250988007], [-0.030063249170780182, -0.0028372593224048615], [0.09470092505216599, 0.13442446291446686]], [[-0.00482203159481287, -0.03771938383579254], [-0.08356441557407379, -0.10798375308513641], [-0.04544760286808014, -0.03422361612319946], [-0.028186308220028877, 0.030894435942173004], [0.1039971262216568, 0.1198471188545227]], [[-0.00482203159481287, -0.03771938383579254], [-0.07425646483898163, -0.13843096792697906], [-0.074936144053936, -0.03247622027993202], [-0.000154007226228714, 0.03852660953998566], [0.1039971262216568, 0.1198471188545227]], [[-0.00482203159481287, -0.03771938383579254], [-0.1025024950504303, -0.10601940751075745], [-0.09958794713020325, -0.04493024945259094], [0.004638064187020063, 0.05604243278503418], [0.1039971262216568, 0.1198471188545227]], [[-0.00482203159481287, -0.03771938383579254], [-0.06485971808433533, -0.010019645094871521], [-0.09958794713020325, -0.04493024945259094], [-0.006759288255125284, 0.09602482616901398], [0.1039971262216568, 0.1198471188545227]], [[-0.007617158815264702, 0.02846451848745346], [-0.02809138596057892, -0.04636051878333092], [-0.09958794713020325, -0.04493024945259094], [-0.006759288255125284, 0.09602482616901398], [0.11225738376379013, 0.09218408167362213]], [[-0.0006982181221246719, 0.08119423687458038], [-0.02809138596057892, -0.04636051878333092], [-0.1269025206565857, -0.05413994565606117], [-0.045895155519247055, -0.02383769303560257], [0.11225738376379013, 0.09218408167362213]], [[0.018498696386814117, 0.023919768631458282], [-0.031857073307037354, -0.03577864170074463], [-0.1269025206565857, -0.05413994565606117], [0.011116411536931992, -0.01454548817127943], [0.0387619212269783, 0.12749186158180237]], [[0.03661658614873886, -0.039394207298755646], [-0.007448116317391396, -0.036905061453580856], [-0.128239244222641, -0.014514677226543427], [-0.02722172439098358, -0.06422542780637741], [-0.053581900894641876, 0.1931251585483551]], [[0.04103301838040352, -0.0479869619011879], [-0.06915085762739182, -0.000748075544834137], [-0.06526762247085571, 0.06524492055177689], [-0.1416262686252594, -0.01005115732550621], [-0.053581900894641876, 0.1931251585483551]], [[0.04103301838040352, -0.0479869619011879], [-0.06915085762739182, -0.000748075544834137], [-0.03744516894221306, 0.1081244945526123], [-0.1416262686252594, -0.01005115732550621], [-0.10217183828353882, 0.2035781741142273]], [[0.04103301838040352, -0.0479869619011879], [-0.07303182035684586, -0.06964555382728577], [-0.046571359038352966, 0.17989352345466614], [-0.1619817167520523, -0.04651898518204689], [-0.10217183828353882, 0.2035781741142273]], [[0.08041410148143768, -0.02638813480734825], [-0.06213090568780899, -0.09539104253053665], [-0.05991785228252411, 0.19779154658317566], [-0.1723330318927765, 0.04070846363902092], [-0.04515613988041878, 0.1748533695936203]], [[0.08041410148143768, -0.02638813480734825], [-0.02422701194882393, -0.07777483761310577], [-0.05991785228252411, 0.19779154658317566], [-0.20996053516864777, -0.07147742807865143], [-0.1001000851392746, 0.2173835039138794]]],