{"final_eps": [[[0.12174549698829651, 0.17220468819141388, 0.37316346168518066, 0.45665785670280457, 0.032550148665905], [0.14085552096366882, 0.12302199751138687, 0.8621805310249329, 0.573083758354187, 0.061963796615600586], [0.13591919839382172, 0.13723240792751312, 0.3704182207584381, 0.8624415397644043, 0.08675128221511841], [0.16950687766075134, 0.10343677550554276, 0.4677870273590088, 0.17415328323841095, 0.07231799513101578], [0.16002553701400757, 0.1351442039012909, 0.8424602150917053, 0.8096927404403687, 0.03191312029957771], [0.13990309834480286, 0.124402716755867, 0.7049118876457214, 0.39647945761680603, 0.09797649085521698], [0.11960092186927795, 0.21892084181308746, 0.5469720959663391, 0.33305543661117554, 0.046588361263275146], [0.13130183517932892, 0.1490274965763092, 0.2574945390224457, 0.6920932531356812, 0.07496453821659088], [0.1324518322944641, 0.1728702336549759, 0.8333894610404968, 0.21157479286193848, 0.08769939094781876], [0.15307827293872833, 0.16957391798496246, 0.23323343694210052, 0.210854172706604, 0.11746687442064285]], [[-0.00602202070876956, 0.29293718934059143], [0.08483488857746124, 0.24382099509239197], [0.18367692828178406, 0.20272912085056305], [0.13424085080623627, 0.005977431777864695], [0.37675613164901733, 0.007228150498121977], [0.09981461614370346, 0.1555124819278717], [0.15874779224395752, 0.3015051782131195], [0.2603396773338318, 0.00543151143938303], [0.09494902938604355, 0.11729943752288818], [0.1458846926689148, -0.0090212132781744]]], "ep_logprobs": [[0.8112435936927795, 1.1898084878921509, 2.1903045177459717, 1.5320606231689453, -0.8285536766052246, 2.241485834121704, 1.7083919048309326, 0.5425665378570557, 2.3748958110809326, 0.56473308801651], [-30.092256546020508, -25.05718994140625, -28.584856033325195, -29.33111572265625, -14.966909408569336, -28.609209060668945, -29.078102111816406, -28.656661987304688, -28.501707077026367, -30.242258071899414], [-40.25, -33.626583099365234, -38.70195388793945, -39.52301025390625, -19.60203742980957, -38.70244216918945, -39.21041488647461, -38.2705078125, -38.659366607666016, -40.24671936035156], [-43.58677673339844, -36.316287994384766, -41.991607666015625, -42.81956100463867, -20.735078811645508, -42.04359817504883, -42.46562194824219, -41.40585708618164, -42.001014709472656, -43.496334075927734], [-44.655357360839844, -36.99847412109375, -43.075775146484375, -43.9311637878418, -21.10443687438965, -43.136112213134766, -43.52508544921875, -42.422080993652344, -43.088436126708984, -44.46225357055664], [-44.99863052368164, -36.99814224243164, -43.428707122802734, -44.277923583984375, -20.99024200439453, -43.461700439453125, -43.857086181640625, -42.632816314697266, -43.429359436035156, -44.85512161254883], [-45.10515213012695, -36.8909912109375, -43.5353889465332, -44.45547103881836, -20.65157699584961, -43.57509994506836, -43.90243148803711, -42.720001220703125, -43.5444450378418, -44.93631362915039], [-45.122520446777344, -36.6935920715332, -43.56303405761719, -44.41949462890625, -20.289390563964844, -43.61454391479492, -43.89399337768555, -42.71614456176758, -43.586570739746094, -44.97010040283203], [-45.0968132019043, -36.58882141113281, -43.576622009277344, -44.39591598510742, -20.185205459594727, -43.602561950683594, -43.91114807128906, -42.73747634887695, -43.58280944824219, -44.94144821166992], [-45.059539794921875, -36.33808517456055, -43.58152770996094, -44.40754318237305, -19.769210815429688, -43.57501983642578, -43.90886688232422, -42.57793426513672, -43.59009552001953, -44.899085998535156]], "time": 25.13517518993467, "dp_mcmc_step_size": 0.001, "ep_mcmc_step_size": 0.001, "num_rounds": 10, "num_steps_per_round": 10, "num_chains": 10, "use_gradients": true, "use_stochasticity": true, "repair": true, "predict": true, "quench_rounds": 0, "tempering_schedule": [0.0, 0.6708070039749146, 0.8916319608688354, 0.964326024055481, 0.9882563948631287, 0.9961341023445129, 0.9987273812294006, 0.9995810389518738, 0.9998620748519897, 0.9999545812606812]}