{"eps": {"object_position": [[-0.09019170701503754, -0.013775968924164772], [-0.09656764566898346, -0.036001674830913544], [0.013178221881389618, 0.08170926570892334], [0.01012499537318945, 0.16484111547470093], [0.10235362499952316, -0.08791068941354752], [0.026662781834602356, 0.006950981914997101], [0.05740053579211235, 0.00709797628223896], [0.027917925268411636, 0.08368588238954544], [0.15468472242355347, -0.11281627416610718], [-0.016398191452026367, 0.04449513554573059]], "object_rotation": [0.6972940564155579, 1.6221774816513062, 2.275500535964966, 2.263423204421997, 0.6721323132514954, 0.6483367681503296, 0.03761352598667145, 3.220254898071289, 2.0426383018493652, 2.2031919956207275], "distractor_position": [-1.3194777965545654, -1.7898117303848267, 0.3801121413707733, 0.20924673974514008, -0.454383909702301, -0.05555851012468338, -0.4715529978275299, -1.1828699111938477, -1.1669483184814453, -0.265169233083725]}, "eps_trace": {"object_position": [[[-0.09576789289712906, -0.09246264398097992], [-0.1415158063173294, -0.021963605657219887], [0.06509040296077728, 0.09644340723752975], [0.032366037368774414, 0.24957117438316345], [0.08276432007551193, -0.053335342556238174], [0.0856471061706543, 0.05626463145017624], [0.06466956436634064, 0.05089302361011505], [0.04117218032479286, 0.09071140736341476], [0.1872645616531372, -0.08793628960847855], [-0.0015852791257202625, 0.05249253660440445]], [[-0.09775157272815704, -0.08308243751525879], [-0.13371030986309052, -0.02431640215218067], [0.057471826672554016, 0.10018641501665115], [0.02987515740096569, 0.23993584513664246], [0.08643285930156708, -0.05999385565519333], [0.07923411577939987, 0.04933422431349754], [0.05661287531256676, 0.0455891489982605], [0.034072160720825195, 0.0974799320101738], [0.18624566495418549, -0.09782545268535614], [0.006601191591471434, 0.047964006662368774]], [[-0.10272909700870514, -0.07448674738407135], [-0.12477949261665344, -0.028701284900307655], [0.052239637821912766, 0.10802564769983292], [0.027076365426182747, 0.23054085671901703], [0.08663763105869293, -0.06770959496498108], [0.07319977879524231, 0.0426102876663208], [0.049696773290634155, 0.03954366594552994], [0.028005173429846764, 0.09001505374908447], [0.1763683706521988, -0.09721893817186356], [0.008574317209422588, 0.04007408395409584]], [[-0.10711421817541122, -0.06553429365158081], [-0.11594916880130768, -0.033169183880090714], [0.044933777302503586, 0.10192198306322098], [0.024302063509821892, 0.22103285789489746], [0.09197182208299637, -0.06960206478834152], [0.06706473231315613, 0.03599371388554573], [0.04317640885710716, 0.03399735689163208], [0.018149983137845993, 0.08936464041471481], [0.17101332545280457, -0.10487625002861023], [0.008349272422492504, 0.03252940997481346]], [[-0.10757684707641602, -0.05592507869005203], [-0.12513147294521332, -0.03015061467885971], [0.03801996260881424, 0.10815916210412979], [0.018913809210062027, 0.2126379907131195], [0.09830270707607269, -0.0729946568608284], [0.06649786233901978, 0.026222743093967438], [0.04821855202317238, 0.03108479082584381], [0.01575547829270363, 0.08067219704389572], [0.17278744280338287, -0.11465150117874146], [0.006148194894194603, 0.03668675571680069]], [[-0.10751360654830933, -0.0460641086101532], [-0.11908195167779922, -0.038049641996622086], [0.03099013678729534, 0.11500044912099838], [0.017017804086208344, 0.20282046496868134], [0.1028873473405838, -0.0817946195602417], [0.05819690227508545, 0.021817585453391075], [0.056017935276031494, 0.025541070848703384], [0.021495314314961433, 0.07255721837282181], [0.17722083628177643, -0.10569671541452408], [0.0024198268074542284, 0.0373271182179451]], [[-0.10653051733970642, -0.036239150911569595], [-0.10947883874177933, -0.0353175513446331], [0.0250420980155468, 0.10718053579330444], [0.015487715601921082, 0.19301041960716248], [0.106510229408741, -0.08909568935632706], [0.05019989609718323, 0.017309539020061493], [0.06342066079378128, 0.021453794091939926], [0.031116044148802757, 0.0738072469830513], [0.1774471402168274, -0.1155581846833229], [-0.0030155901331454515, 0.02989337220788002]], [[-0.10361775755882263, -0.026835381984710693], [-0.10978177189826965, -0.025349296629428864], [0.020374959334731102, 0.09862789511680603], [0.013107448816299438, 0.18350203335285187], [0.10835110396146774, -0.08553213626146317], [0.0423208512365818, 0.012927185744047165], [0.058868005871772766, 0.013160893693566322], [0.0276323314756155, 0.08308900892734528], [0.1682550460100174, -0.11164996027946472], [-0.012684845365583897, 0.03171657398343086]], [[-0.09697604179382324, -0.01998479664325714], [-0.10646546632051468, -0.0347413495182991], [0.018869508057832718, 0.08990836143493652], [0.011105796322226524, 0.17428451776504517], [0.10828728973865509, -0.09548071771860123], [0.03414691984653473, 0.00991198793053627], [0.06667756289243698, 0.007061466574668884], [0.03403971344232559, 0.0758163258433342], [0.16327592730522156, -0.1081077978014946], [-0.017908602952957153, 0.03521209955215454]], [[-0.09019170701503754, -0.013775968924164772], [-0.09656764566898346, -0.036001674830913544], [0.013178221881389618, 0.08170926570892334], [0.01012499537318945, 0.16484111547470093], [0.10235362499952316, -0.08791068941354752], [0.026662781834602356, 0.006950981914997101], [0.05740053579211235, 0.00709797628223896], [0.027917925268411636, 0.08368588238954544], [0.15468472242355347, -0.11281627416610718], [-0.016398191452026367, 0.04449513554573059]]], "object_rotation": [[0.7066146731376648, 1.61099112033844, 2.28238582611084, 2.2649309635162354, 0.6568443775177002, 0.622292160987854, 0.018827641382813454, 3.2193384170532227, 2.041125535964966, 2.2134814262390137], [0.703803300857544, 1.6166839599609375, 2.2823779582977295, 2.2647042274475098, 0.6582581996917725, 0.6248252987861633, 0.021459249779582024, 3.2212769985198975, 2.0401346683502197, 2.213736057281494], [0.7026527523994446, 1.6173460483551025, 2.281982898712158, 2.2645375728607178, 0.6571164131164551, 0.62839674949646, 0.025124067440629005, 3.2240047454833984, 2.0387089252471924, 2.2130517959594727], [0.7019306421279907, 1.6183568239212036, 2.2812371253967285, 2.2643275260925293, 0.6550454497337341, 0.6319165825843811, 0.029379984363913536, 3.2255613803863525, 2.0351550579071045, 2.211904287338257], [0.6993308663368225, 1.620867133140564, 2.2809624671936035, 2.2646753787994385, 0.6574538946151733, 0.6333587765693665, 0.03166431561112404, 3.222492218017578, 2.034043550491333, 2.2117550373077393], [0.697772204875946, 1.6213676929473877, 2.279202699661255, 2.2645421028137207, 0.6585133671760559, 0.6356316208839417, 0.030136317014694214, 3.2234983444213867, 2.0343968868255615, 2.210482597351074], [0.6963323950767517, 1.6215461492538452, 2.2788188457489014, 2.2642219066619873, 0.6605858206748962, 0.6383768320083618, 0.031090740114450455, 3.2217068672180176, 2.0327789783477783, 2.2070374488830566], [0.6949288249015808, 1.6208099126815796, 2.2778637409210205, 2.2639360427856445, 0.6694847941398621, 0.6413225531578064, 0.0328696072101593, 3.2225639820098877, 2.032860279083252, 2.2062454223632812], [0.6958463788032532, 1.621514081954956, 2.2761142253875732, 2.2637624740600586, 0.669398307800293, 0.6444764137268066, 0.03389010950922966, 3.2203173637390137, 2.0407488346099854, 2.2039341926574707], [0.6972940564155579, 1.6221774816513062, 2.275500535964966, 2.263423204421997, 0.6721323132514954, 0.6483367681503296, 0.03761352598667145, 3.220254898071289, 2.0426383018493652, 2.2031919956207275]],