{"eps": {"object_position": [[-0.03900091350078583, -0.07035814225673676], [0.13939301669597626, 0.30594104528427124], [0.08341924101114273, -0.12709595263004303], [-0.08452750742435455, 0.05433620512485504], [0.2707487940788269, -0.09279673546552658], [-0.021517638117074966, 0.08475593477487564], [-0.2665054500102997, -0.03759171441197395], [-0.08810022473335266, -0.051105596125125885], [0.00025559961795806885, -0.34230899810791016], [-0.19831392168998718, 0.10895238071680069]], "object_rotation": [3.399669885635376, 1.834686040878296, 1.958096981048584, 3.1518752574920654, 2.3359670639038086, 0.7485507130622864, 0.10522357374429703, 0.6742120385169983, 0.8892099261283875, 3.5248584747314453], "distractor_position": [-0.47897225618362427, -1.1310620307922363, -0.5348053574562073, -0.3141844868659973, -0.8716198205947876, -0.555945873260498, 0.023078538477420807, -0.29744890332221985, -0.561425507068634, -0.9062412977218628]}, "eps_trace": {"object_position": [[[-0.029091879725456238, -0.11895976215600967], [0.002229010919108987, 0.1161126121878624], [0.08363332599401474, 0.014312639832496643], [0.029696185141801834, -0.18734681606292725], [-0.061942677944898605, -0.013817940838634968], [-0.05314295366406441, -0.01650015078485012], [-0.03876570239663124, 0.04178474470973015], [0.09169545769691467, -0.08074396103620529], [0.037426646798849106, -0.08399759232997894], [-0.054440777748823166, -0.0018072841921821237]], [[0.17802485823631287, -0.07369734346866608], [0.24878926575183868, 0.05999060720205307], [0.08363332599401474, 0.014312639832496643], [0.029696185141801834, -0.18734681606292725], [0.026232685893774033, 0.00549128744751215], [-0.05314295366406441, -0.01650015078485012], [-0.03876570239663124, 0.04178474470973015], [0.056420907378196716, 0.003685504198074341], [0.11354894936084747, -0.19190222024917603], [0.09935566782951355, -0.07492350041866302]], [[0.07762308418750763, -0.19704493880271912], [0.24878926575183868, 0.05999060720205307], [0.08363332599401474, 0.014312639832496643], [-0.06154790148139, -0.06791328638792038], [0.25205516815185547, 0.12598271667957306], [-0.05314295366406441, -0.01650015078485012], [-0.2665054500102997, -0.03759171441197395], [0.056420907378196716, 0.003685504198074341], [0.11354894936084747, -0.19190222024917603], [-0.10215599834918976, 0.14972089231014252]], [[0.07762308418750763, -0.19704493880271912], [0.24878926575183868, 0.05999060720205307], [0.08363332599401474, 0.014312639832496643], [-0.06154790148139, -0.06791328638792038], [0.2855106592178345, -0.1541639119386673], [-0.05314295366406441, -0.01650015078485012], [-0.2665054500102997, -0.03759171441197395], [0.1283269226551056, -0.03760114312171936], [0.11354894936084747, -0.19190222024917603], [-0.10215599834918976, 0.14972089231014252]], [[0.0703592598438263, -0.18777331709861755], [0.24878926575183868, 0.05999060720205307], [0.053370580077171326, -0.12326088547706604], [-0.06154790148139, -0.06791328638792038], [0.3193279504776001, -0.006565392017364502], [-0.05314295366406441, -0.01650015078485012], [-0.2665054500102997, -0.03759171441197395], [0.1283269226551056, -0.03760114312171936], [0.11354894936084747, -0.19190222024917603], [-0.14953744411468506, 0.10760954022407532]], [[0.15568706393241882, -0.13349834084510803], [0.30138957500457764, 0.3079865276813507], [0.053370580077171326, -0.12326088547706604], [-0.06154790148139, -0.06791328638792038], [0.2707487940788269, -0.09279673546552658], [-0.05314295366406441, -0.01650015078485012], [-0.2665054500102997, -0.03759171441197395], [0.140304833650589, -0.04303927719593048], [0.12934042513370514, -0.29988667368888855], [-0.19831392168998718, 0.10895238071680069]], [[0.15568706393241882, -0.13349834084510803], [0.18094506859779358, 0.3631491959095001], [0.053370580077171326, -0.12326088547706604], [-0.06154790148139, -0.06791328638792038], [0.2707487940788269, -0.09279673546552658], [-0.05314295366406441, -0.01650015078485012], [-0.2665054500102997, -0.03759171441197395], [-0.05469217896461487, -0.22030101716518402], [0.00025559961795806885, -0.34230899810791016], [-0.19831392168998718, 0.10895238071680069]], [[0.08915510773658752, -0.04857931286096573], [0.18094506859779358, 0.3631491959095001], [0.053370580077171326, -0.12326088547706604], [-0.20250475406646729, -0.06529264152050018], [0.2707487940788269, -0.09279673546552658], [-0.05314295366406441, -0.01650015078485012], [-0.2665054500102997, -0.03759171441197395], [0.049502283334732056, -0.11452829092741013], [0.00025559961795806885, -0.34230899810791016], [-0.19831392168998718, 0.10895238071680069]], [[0.08915510773658752, -0.04857931286096573], [0.18094506859779358, 0.3631491959095001], [0.15681201219558716, -0.1485954076051712], [-0.08452750742435455, 0.05433620512485504], [0.2707487940788269, -0.09279673546552658], [-0.021517638117074966, 0.08475593477487564], [-0.2665054500102997, -0.03759171441197395], [-0.08810022473335266, -0.051105596125125885], [0.00025559961795806885, -0.34230899810791016], [-0.19831392168998718, 0.10895238071680069]], [[-0.03900091350078583, -0.07035814225673676], [0.13939301669597626, 0.30594104528427124], [0.08341924101114273, -0.12709595263004303], [-0.08452750742435455, 0.05433620512485504], [0.2707487940788269, -0.09279673546552658], [-0.021517638117074966, 0.08475593477487564], [-0.2665054500102997, -0.03759171441197395], [-0.08810022473335266, -0.051105596125125885], [0.00025559961795806885, -0.34230899810791016], [-0.19831392168998718, 0.10895238071680069]]], "object_rotation": [[3.042548179626465, 1.5280267000198364, 2.1857800483703613, 2.3626368045806885, 2.3459134101867676, 0.9657036662101746, 0.21436846256256104, 1.0063238143920898, 1.293540120124817, 3.345048427581787], [3.0050644874572754, 1.6479978561401367, 2.1857800483703613, 2.3626368045806885, 2.4191744327545166, 0.9657036662101746, 0.21436846256256104, 0.9104156494140625, 1.2389626502990723, 3.3845176696777344], [2.991903066635132, 1.6479978561401367, 2.1857800483703613, 2.3478386402130127, 2.389848470687866, 0.9657036662101746, 0.10522357374429703, 0.9104156494140625, 1.2389626502990723, 3.487403154373169], [2.991903066635132, 1.6479978561401367, 2.1857800483703613, 2.3478386402130127, 2.4870455265045166, 0.9657036662101746, 0.10522357374429703, 0.923412024974823, 1.2389626502990723, 3.487403154373169], [3.2810990810394287, 1.6479978561401367, 2.215949535369873, 2.3478386402130127, 2.5481576919555664, 0.9657036662101746, 0.10522357374429703, 0.923412024974823, 1.2389626502990723, 3.4708898067474365], [3.3683114051818848, 1.7696713209152222, 2.215949535369873, 2.3478386402130127, 2.3359670639038086, 0.9657036662101746, 0.10522357374429703, 0.8435098528862, 1.0001050233840942, 3.5248584747314453], [3.3683114051818848, 1.7826414108276367, 2.215949535369873, 2.3478386402130127, 2.3359670639038086, 0.9657036662101746, 0.10522357374429703, 0.9291316866874695, 0.8892099261283875, 3.5248584747314453], [3.460313081741333, 1.7826414108276367, 2.215949535369873, 2.7327775955200195, 2.3359670639038086, 0.9657036662101746, 0.10522357374429703, 0.8732030391693115, 0.8892099261283875, 3.5248584747314453], [3.460313081741333, 1.7826414108276367, 2.178511619567871, 3.1518752574920654, 2.3359670639038086, 0.7485507130622864, 0.10522357374429703, 0.6742120385169983, 0.8892099261283875, 3.5248584747314453], [3.399669885635376, 1.834686040878296, 1.958096981048584, 3.1518752574920654, 2.3359670639038086, 0.7485507130622864, 0.10522357374429703, 0.6742120385169983, 0.8892099261283875, 3.5248584747314453]],