{"eps": {"object_position": [[-0.10592518001794815, -0.07753210514783859], [-0.16478535532951355, 0.07493455708026886], [0.0717235878109932, 0.09225323051214218], [0.03496157005429268, 0.2543646991252899], [0.08704713732004166, -0.07370653748512268], [0.0874711349606514, 0.0575501024723053], [0.11367137730121613, 0.07147268205881119], [0.048063118010759354, 0.10417557507753372], [0.20609670877456665, -0.07655453681945801], [-0.005491686053574085, 0.05986277014017105]], "object_rotation": [0.7026164531707764, 1.583069086074829, 2.282850742340088, 2.2673914432525635, 0.6584227085113525, 0.6124153733253479, 0.01239835750311613, 3.2117908000946045, 2.047494888305664, 2.214266538619995], "distractor_position": [-1.3486967086791992, -1.8243050575256348, 0.36931219696998596, 0.223649799823761, -0.41308683156967163, -0.030341874808073044, -0.48456519842147827, -1.1885898113250732, -1.1586568355560303, -0.24768593907356262]}, "eps_trace": {"object_position": [[[-0.0887162908911705, -0.09894555062055588], [-0.15691150724887848, -0.008529562503099442], [0.0743371844291687, 0.09645295888185501], [0.03615708276629448, 0.2581145763397217], [0.08132146298885345, -0.049376267939805984], [0.0770169347524643, 0.05831366404891014], [0.07219444215297699, 0.05655011534690857], [0.031170375645160675, 0.08259422332048416], [0.1846640259027481, -0.07932736724615097], [-0.00473258038982749, 0.06168603152036667]], [[-0.08828210085630417, -0.0995352491736412], [-0.15693733096122742, -0.008365767076611519], [0.07438620924949646, 0.09638333320617676], [0.036323390901088715, 0.25782254338264465], [0.08425787091255188, -0.0529288649559021], [0.07728356868028641, 0.05819397792220116], [0.08189628273248672, 0.04995201155543327], [0.030904138460755348, 0.0826137587428093], [0.1957104653120041, -0.08692242950201035], [-0.005328980274498463, 0.06130605936050415]], [[-0.08987472206354141, -0.0992005467414856], [-0.15371286869049072, -0.008070320822298527], [0.07434578984975815, 0.09632973372936249], [0.03647611662745476, 0.25761324167251587], [0.08627726882696152, -0.05647312477231026], [0.07722447067499161, 0.058280084282159805], [0.08160044997930527, 0.04982304573059082], [0.03197740763425827, 0.08512911200523376], [0.19474954903125763, -0.08606012910604477], [-0.004835669416934252, 0.0618385449051857]], [[-0.09387342631816864, -0.09869550913572311], [-0.15371209383010864, -0.008092093281447887], [0.07418104261159897, 0.09610762447118759], [0.03581486642360687, 0.2575283348560333], [0.0782204419374466, -0.06147018447518349], [0.07728792726993561, 0.05825605243444443], [0.08128242939710617, 0.03979245573282242], [0.03514610975980759, 0.08564236015081406], [0.19889426231384277, -0.0807037204504013], [-0.004030025098472834, 0.060212403535842896]], [[-0.09392133355140686, -0.08881456404924393], [-0.1657758355140686, 0.016487080603837967], [0.0737251341342926, 0.09572967141866684], [0.03567575290799141, 0.2572002112865448], [0.08300639688968658, -0.05937096104025841], [0.0866999477148056, 0.05900851637125015], [0.08023832738399506, 0.03977045789361], [0.03470703214406967, 0.08817689120769501], [0.20174358785152435, -0.07892830669879913], [-0.004113057162612677, 0.060085639357566833]], [[-0.10174842178821564, -0.08838716894388199], [-0.16543452441692352, 0.016807736828923225], [0.0737302228808403, 0.09574972838163376], [0.035686787217855453, 0.2571975588798523], [0.08387188613414764, -0.0592554472386837], [0.08666671067476273, 0.05900152027606964], [0.08024659752845764, 0.0415487065911293], [0.032174620777368546, 0.08757872134447098], [0.20752209424972534, -0.07571709156036377], [-0.004242303315550089, 0.06020407751202583]], [[-0.10417889803647995, -0.08383657038211823], [-0.16807731986045837, 0.04455124959349632], [0.07313685119152069, 0.09558788686990738], [0.03555937111377716, 0.2570546865463257], [0.08705143630504608, -0.06287090480327606], [0.08669528365135193, 0.05902182683348656], [0.07941414415836334, 0.04011885076761246], [0.04448444023728371, 0.09633783996105194], [0.20749911665916443, -0.07558389008045197], [-0.0047943927347660065, 0.05942172557115555]], [[-0.10538183897733688, -0.08006133884191513], [-0.16197755932807922, 0.060702599585056305], [0.07409864664077759, 0.09489692747592926], [0.03510627895593643, 0.25631168484687805], [0.08381865918636322, -0.06724874675273895], [0.08732952922582626, 0.05757417157292366], [0.07778241485357285, 0.04096684604883194], [0.04671163111925125, 0.09630201011896133], [0.20762257277965546, -0.07591788470745087], [-0.004776241723448038, 0.059153422713279724]], [[-0.10639209300279617, -0.07859128713607788], [-0.16404429078102112, 0.07236499339342117], [0.07142770290374756, 0.0955684632062912], [0.03469695523381233, 0.2547803223133087], [0.08181043714284897, -0.07146988809108734], [0.08745483309030533, 0.05759938061237335], [0.11406419426202774, 0.06864435225725174], [0.048191312700510025, 0.10274461656808853], [0.20764511823654175, -0.07592204213142395], [-0.00547723937779665, 0.05972715839743614]], [[-0.10592518001794815, -0.07753210514783859], [-0.16478535532951355, 0.07493455708026886], [0.0717235878109932, 0.09225323051214218], [0.03496157005429268, 0.2543646991252899], [0.08704713732004166, -0.07370653748512268], [0.0874711349606514, 0.0575501024723053], [0.11367137730121613, 0.07147268205881119], [0.048063118010759354, 0.10417557507753372], [0.20609670877456665, -0.07655453681945801], [-0.005491686053574085, 0.05986277014017105]]], "object_rotation": [[0.7083997130393982, 1.6018491983413696, 2.2832298278808594, 2.264930486679077, 0.6556088328361511, 0.6178767085075378, 0.016264211386442184, 3.2259862422943115, 2.039052724838257, 2.214722156524658], [0.7088397741317749, 1.6024529933929443, 2.2828140258789062, 2.2651593685150146, 0.6555324196815491, 0.6182112693786621, 0.015182595700025558, 3.2287936210632324, 2.043625593185425, 2.2146098613739014], [0.7080795764923096, 1.6039785146713257, 2.2828097343444824, 2.2656097412109375, 0.653040885925293, 0.6183890700340271, 0.016364365816116333, 3.2298331260681152, 2.04525089263916, 2.2151248455047607], [0.7122694253921509, 1.6040422916412354, 2.2824795246124268, 2.2661831378936768, 0.6579812169075012, 0.6183088421821594, 0.011559935286641121, 3.228940010070801, 2.0477044582366943, 2.214931011199951], [0.702418327331543, 1.5975217819213867, 2.282072067260742, 2.2667107582092285, 0.6566492915153503, 0.6127187013626099, 0.010736810974776745, 3.2293217182159424, 2.046596050262451, 2.214787006378174], [0.7041351199150085, 1.5971405506134033, 2.2819206714630127, 2.2667088508605957, 0.659063994884491, 0.6125942468643188, 0.01490433793514967, 3.228497266769409, 2.047945737838745, 2.2146356105804443], [0.7063691020011902, 1.5954616069793701, 2.281658887863159, 2.266582489013672, 0.658120334148407, 0.6125637292861938, 0.015707943588495255, 3.212479591369629, 2.0479962825775146, 2.2145941257476807], [0.7027834057807922, 1.5908620357513428, 2.2806313037872314, 2.2672994136810303, 0.6485764980316162, 0.6122311949729919, 0.018735172227025032, 3.2122139930725098, 2.047349691390991, 2.213869094848633], [0.7018654942512512, 1.5807453393936157, 2.2818939685821533, 2.267063856124878, 0.6523032188415527, 0.6123788952827454, 0.014477286487817764, 3.215364694595337, 2.0472514629364014, 2.214275598526001], [0.7026164531707764, 1.583069086074829, 2.282850742340088, 2.2673914432525635, 0.6584227085113525, 0.6124153733253479, 0.01239835750311613, 3.2117908000946045, 2.047494888305664, 2.214266538619995]],