{"eps": {"object_position": [[0.005543920211493969, -0.033769480884075165], [0.0036097601987421513, -0.10296263545751572], [-0.026459066197276115, -0.19647571444511414], [0.02715427801012993, 0.08228233456611633], [0.0037831321824342012, 0.03334133327007294], [-0.06926052272319794, 0.01086374744772911], [0.06701405346393585, 0.10894849896430969], [-0.03905848041176796, -0.031001724302768707], [0.07286965847015381, -0.007692354265600443], [0.014115865342319012, -0.08761315047740936]], "object_rotation": [2.2241225242614746, 1.8430408239364624, 1.058610200881958, 0.9861513376235962, 1.4511847496032715, 2.028383731842041, 1.8984795808792114, 3.5472359657287598, 1.2883802652359009, 3.3605284690856934], "distractor_position": [-0.5243365168571472, -1.114990472793579, -0.6648290157318115, -0.8737664222717285, -0.07989047467708588, 0.00023081217659637332, -0.39980003237724304, -0.39415979385375977, -0.6909623146057129, -0.5509020686149597]}, "eps_trace": {"object_position": [[[0.023775773122906685, -0.01654001884162426], [0.014844539575278759, -0.11785013973712921], [-0.014679694548249245, -0.18981288373470306], [0.014024488627910614, 0.08905442804098129], [0.004588196519762278, 0.03268255665898323], [-0.07103428244590759, 0.014124996028840542], [0.07164141535758972, 0.11151199042797089], [-0.062115538865327835, -0.03731826692819595], [0.04810013994574547, -0.021927954629063606], [0.015444445423781872, -0.05947325751185417]], [[0.02570299431681633, -0.015499665401875973], [0.012061375193297863, -0.1112009659409523], [-0.0137163195759058, -0.18809163570404053], [0.013358615338802338, 0.08983463048934937], [0.004612681921571493, 0.032564274966716766], [-0.07068285346031189, 0.01408396102488041], [0.0717642530798912, 0.11179439723491669], [-0.06061867997050285, -0.03775672987103462], [0.0480395145714283, -0.02177397347986698], [0.014718866907060146, -0.0594407394528389]], [[0.02542218193411827, -0.0176687128841877], [0.01218172162771225, -0.10982973128557205], [-0.013080516830086708, -0.18416710197925568], [0.013473143801093102, 0.08974254131317139], [0.004677181597799063, 0.0325658954679966], [-0.07064012438058853, 0.014067028649151325], [0.07158838957548141, 0.11123338341712952], [-0.06095306947827339, -0.035009339451789856], [0.0505196787416935, -0.018254244700074196], [0.014317439869046211, -0.05941326171159744]], [[0.026614345610141754, -0.016478104516863823], [0.012975938618183136, -0.11323654651641846], [-0.01895204931497574, -0.189121276140213], [0.007341169286519289, 0.09652554243803024], [0.0050168889574706554, 0.0325096994638443], [-0.0705438032746315, 0.01408756710588932], [0.07309066504240036, 0.11187547445297241], [-0.0605284683406353, -0.0319678820669651], [0.05514030158519745, -0.010471424087882042], [0.009034376591444016, -0.062379058450460434]], [[0.02980998530983925, -0.020195970311760902], [0.010293275117874146, -0.10009270906448364], [0.003967514261603355, -0.19580578804016113], [0.007066664285957813, 0.09642952680587769], [0.005017870105803013, 0.032593391835689545], [-0.07048515975475311, 0.014098179526627064], [0.07070336490869522, 0.11200383305549622], [-0.06300985813140869, -0.03204653412103653], [0.07579628378152847, -0.0024756696075201035], [0.00964857917279005, -0.061185695230960846]], [[0.02040136232972145, -0.02364681102335453], [0.008284352719783783, -0.09604679048061371], [-0.00019742688164114952, -0.1917232871055603], [0.007095406297594309, 0.09620781242847443], [0.00477483170107007, 0.03253031149506569], [-0.07063540816307068, 0.013343418948352337], [0.06819739192724228, 0.1189686506986618], [-0.04765386879444122, -0.030140258371829987], [0.07741490006446838, -0.003336156951263547], [0.00572446221485734, -0.06382334977388382]], [[0.007856323383748531, -0.03356099873781204], [0.00889087375253439, -0.10412809252738953], [-0.02479555830359459, -0.1976747363805771], [0.007116540800780058, 0.0959864929318428], [0.0037700487300753593, 0.03345567360520363], [-0.0706271231174469, 0.013489200733602047], [0.07151201367378235, 0.11438892036676407], [-0.03033372014760971, -0.023171715438365936], [0.07664184272289276, 0.00034316908568143845], [0.001761299092322588, -0.0694342628121376]], [[0.007803317625075579, -0.03341606631875038], [0.0062468163669109344, -0.10366876423358917], [-0.026005525141954422, -0.19575241208076477], [0.00852616224437952, 0.09724798798561096], [0.003784301457926631, 0.033571094274520874], [-0.07060868293046951, 0.013484857976436615], [0.0709490031003952, 0.11378011107444763], [-0.03515727445483208, -0.01850106380879879], [0.07916098833084106, -0.0024642092175781727], [0.0020202232990413904, -0.06908755004405975]], [[0.0053516775369644165, -0.03281250596046448], [0.011147115379571915, -0.09979591518640518], [-0.026096319779753685, -0.19593912363052368], [0.00882532075047493, 0.09736581891775131], [0.0037892747204750776, 0.03357084095478058], [-0.07060451060533524, 0.011962991207838058], [0.07022308558225632, 0.11381456255912781], [-0.04059264063835144, -0.027568088844418526], [0.07224004715681076, -0.006319256033748388], [0.015169511549174786, -0.08850741386413574]], [[0.005543920211493969, -0.033769480884075165], [0.0036097601987421513, -0.10296263545751572], [-0.026459066197276115, -0.19647571444511414], [0.02715427801012993, 0.08228233456611633], [0.0037831321824342012, 0.03334133327007294], [-0.06926052272319794, 0.01086374744772911], [0.06701405346393585, 0.10894849896430969], [-0.03905848041176796, -0.031001724302768707], [0.07286965847015381, -0.007692354265600443], [0.014115865342319012, -0.08761315047740936]]], "object_rotation": [[2.224494218826294, 1.8411991596221924, 1.0727964639663696, 1.006605863571167, 1.4519424438476562, 2.029135227203369, 1.8869409561157227, 3.529325246810913, 1.3097399473190308, 3.3845603466033936], [2.2255871295928955, 1.8433114290237427, 1.070827603340149, 1.0059837102890015, 1.4517725706100464, 2.0292491912841797, 1.886796474456787, 3.528270721435547, 1.3097615242004395, 3.384337902069092], [2.223517417907715, 1.8432601690292358, 1.068772315979004, 1.00569748878479, 1.451767086982727, 2.0291478633880615, 1.8860950469970703, 3.5296387672424316, 1.3087667226791382, 3.384561538696289], [2.223667860031128, 1.8430012464523315, 1.0676445960998535, 1.0025990009307861, 1.4516360759735107, 2.0291383266448975, 1.8895865678787231, 3.5299036502838135, 1.304992914199829, 3.3841564655303955], [2.2286107540130615, 1.8388036489486694, 1.061296820640564, 1.0016283988952637, 1.4516665935516357, 2.029129981994629, 1.8883371353149414, 3.529294490814209, 1.2982823848724365, 3.383753538131714], [2.216991424560547, 1.8315092325210571, 1.0629202127456665, 1.0020653009414673, 1.4517258405685425, 2.029430627822876, 1.8947868347167969, 3.5331244468688965, 1.2962676286697388, 3.383572578430176], [2.222182512283325, 1.8336998224258423, 1.058936595916748, 1.0025174617767334, 1.4506992101669312, 2.0291237831115723, 1.8941198587417603, 3.537322759628296, 1.295552134513855, 3.3795251846313477], [2.222116231918335, 1.836068034172058, 1.0598030090332031, 1.0024296045303345, 1.4506078958511353, 2.029139280319214, 1.893739938735962, 3.5348894596099854, 1.293400764465332, 3.3797800540924072], [2.22282075881958, 1.837985873222351, 1.0592780113220215, 1.000915288925171, 1.4506092071533203, 2.0285489559173584, 1.8936939239501953, 3.537374496459961, 1.291083574295044, 3.3631675243377686], [2.2241225242614746, 1.8430408239364624, 1.058610200881958, 0.9861513376235962, 1.4511847496032715, 2.028383731842041, 1.8984795808792114, 3.5472359657287598, 1.2883802652359009, 3.3605284690856934]],