{"eps": {"object_position": [[-0.08912583440542221, -0.07615357637405396], [0.1283009946346283, 0.018603459000587463], [0.16211102902889252, 0.10421331971883774], [-0.13197100162506104, 0.04124073684215546], [-0.16127809882164001, 0.013106711208820343], [-0.0021163970232009888, -0.2749454975128174], [0.05235348269343376, -0.0864139050245285], [-0.262076735496521, -0.039360933005809784], [0.027626916766166687, -0.1150338277220726], [-0.06627091765403748, -0.16755075752735138]], "object_rotation": [1.704132318496704, 3.199455738067627, 2.1793570518493652, 0.9197057485580444, 2.1094422340393066, 2.104036569595337, 1.9884114265441895, 0.3201470971107483, 1.7687236070632935, 1.2655545473098755], "distractor_position": [-0.25450262427330017, -0.03739006072282791, -1.560807704925537, -0.6288917660713196, 0.16365766525268555, 0.09350685775279999, 0.12344969809055328, -0.6378937363624573, -0.2981773316860199, -0.30694350600242615]}, "eps_trace": {"object_position": [[[-0.1374911516904831, -0.06898276507854462], [0.1283009946346283, 0.018603459000587463], [0.16211102902889252, 0.10421331971883774], [0.028584832325577736, 0.06397157907485962], [-0.026418335735797882, -0.043089162558317184], [-0.11045493930578232, 0.04641828313469887], [0.33385947346687317, 0.022596556693315506], [0.16495877504348755, -0.40570682287216187], [0.0005254731513559818, -0.09479942917823792], [-0.13928614556789398, 0.17603351175785065]], [[-0.1374911516904831, -0.06898276507854462], [0.1283009946346283, 0.018603459000587463], [0.16211102902889252, 0.10421331971883774], [0.009679581969976425, 0.10766483843326569], [-0.026418335735797882, -0.043089162558317184], [-0.11045493930578232, 0.04641828313469887], [0.15107117593288422, 0.07728026807308197], [0.16495877504348755, -0.40570682287216187], [0.0005254731513559818, -0.09479942917823792], [-0.20667137205600739, 0.17639237642288208]], [[-0.1374911516904831, -0.06898276507854462], [0.1283009946346283, 0.018603459000587463], [0.16211102902889252, 0.10421331971883774], [0.009679581969976425, 0.10766483843326569], [-0.026418335735797882, -0.043089162558317184], [-0.11045493930578232, 0.04641828313469887], [-0.03148356080055237, 0.17864839732646942], [0.06825423985719681, -0.3900553584098816], [-0.23552560806274414, -0.1216258704662323], [-0.19249534606933594, -0.05016729235649109]], [[-0.1374911516904831, -0.06898276507854462], [0.1283009946346283, 0.018603459000587463], [0.16211102902889252, 0.10421331971883774], [-0.06548602879047394, 0.05520708113908768], [-0.026418335735797882, -0.043089162558317184], [-0.11045493930578232, 0.04641828313469887], [0.015532758086919785, 0.07133612036705017], [0.06825423985719681, -0.3900553584098816], [-0.2793586254119873, -0.11941666156053543], [-0.19249534606933594, -0.05016729235649109]], [[-0.04198002815246582, -0.10461822152137756], [0.1283009946346283, 0.018603459000587463], [0.16211102902889252, 0.10421331971883774], [-0.06548602879047394, 0.05520708113908768], [-0.026418335735797882, -0.043089162558317184], [-0.07699484378099442, 0.11595655977725983], [0.015532758086919785, 0.07133612036705017], [0.06880129128694534, -0.3358946442604065], [-0.2793586254119873, -0.11941666156053543], [-0.19249534606933594, -0.05016729235649109]], [[0.02409270405769348, -0.19529995322227478], [0.1283009946346283, 0.018603459000587463], [0.16211102902889252, 0.10421331971883774], [-0.06548602879047394, 0.05520708113908768], [-0.026418335735797882, -0.043089162558317184], [-0.07699484378099442, 0.11595655977725983], [0.05235348269343376, -0.0864139050245285], [0.05385930836200714, -0.33874812722206116], [-0.05103340744972229, -0.107538603246212], [-0.06627091765403748, -0.16755075752735138]], [[0.02409270405769348, -0.19529995322227478], [0.1283009946346283, 0.018603459000587463], [0.16211102902889252, 0.10421331971883774], [-0.06548602879047394, 0.05520708113908768], [-0.026418335735797882, -0.043089162558317184], [-0.04729883000254631, -0.2454260140657425], [0.05235348269343376, -0.0864139050245285], [0.05385930836200714, -0.33874812722206116], [-0.05103340744972229, -0.107538603246212], [-0.06627091765403748, -0.16755075752735138]], [[0.02409270405769348, -0.19529995322227478], [0.1283009946346283, 0.018603459000587463], [0.16211102902889252, 0.10421331971883774], [-0.06548602879047394, 0.05520708113908768], [-0.026418335735797882, -0.043089162558317184], [-0.0021163970232009888, -0.2749454975128174], [0.05235348269343376, -0.0864139050245285], [0.05385930836200714, -0.33874812722206116], [-0.05103340744972229, -0.107538603246212], [-0.06627091765403748, -0.16755075752735138]], [[-0.08912583440542221, -0.07615357637405396], [0.1283009946346283, 0.018603459000587463], [0.16211102902889252, 0.10421331971883774], [-0.06548602879047394, 0.05520708113908768], [-0.11622907221317291, -0.03492330014705658], [-0.0021163970232009888, -0.2749454975128174], [0.05235348269343376, -0.0864139050245285], [-0.2641324996948242, -0.11040627956390381], [-0.05103340744972229, -0.107538603246212], [-0.06627091765403748, -0.16755075752735138]], [[-0.08912583440542221, -0.07615357637405396], [0.1283009946346283, 0.018603459000587463], [0.16211102902889252, 0.10421331971883774], [-0.13197100162506104, 0.04124073684215546], [-0.16127809882164001, 0.013106711208820343], [-0.0021163970232009888, -0.2749454975128174], [0.05235348269343376, -0.0864139050245285], [-0.262076735496521, -0.039360933005809784], [0.027626916766166687, -0.1150338277220726], [-0.06627091765403748, -0.16755075752735138]]], "object_rotation": [[1.9683549404144287, 3.199455738067627, 2.1793570518493652, 0.9754353165626526, 2.248117446899414, 2.02453875541687, 2.3945438861846924, 0.5799042582511902, 1.7516155242919922, 1.2847301959991455], [1.9683549404144287, 3.199455738067627, 2.1793570518493652, 0.8127961754798889, 2.248117446899414, 2.02453875541687, 2.4278078079223633, 0.5799042582511902, 1.7516155242919922, 1.1058968305587769], [1.9683549404144287, 3.199455738067627, 2.1793570518493652, 0.8127961754798889, 2.248117446899414, 2.02453875541687, 2.3800880908966064, 0.5841782093048096, 1.71879243850708, 1.2606984376907349], [1.9683549404144287, 3.199455738067627, 2.1793570518493652, 0.7916719913482666, 2.248117446899414, 2.02453875541687, 2.2133705615997314, 0.5841782093048096, 1.8064690828323364, 1.2606984376907349], [1.9628947973251343, 3.199455738067627, 2.1793570518493652, 0.7916719913482666, 2.248117446899414, 2.1293907165527344, 2.2133705615997314, 0.4767128527164459, 1.8064690828323364, 1.2606984376907349], [1.9489871263504028, 3.199455738067627, 2.1793570518493652, 0.7916719913482666, 2.248117446899414, 2.1293907165527344, 1.9884114265441895, 0.4457431733608246, 1.766316294670105, 1.2655545473098755], [1.9489871263504028, 3.199455738067627, 2.1793570518493652, 0.7916719913482666, 2.248117446899414, 2.246340274810791, 1.9884114265441895, 0.4457431733608246, 1.766316294670105, 1.2655545473098755], [1.9489871263504028, 3.199455738067627, 2.1793570518493652, 0.7916719913482666, 2.248117446899414, 2.104036569595337, 1.9884114265441895, 0.4457431733608246, 1.766316294670105, 1.2655545473098755], [1.704132318496704, 3.199455738067627, 2.1793570518493652, 0.7916719913482666, 2.2098190784454346, 2.104036569595337, 1.9884114265441895, 0.319009006023407, 1.766316294670105, 1.2655545473098755], [1.704132318496704, 3.199455738067627, 2.1793570518493652, 0.9197057485580444, 2.1094422340393066, 2.104036569595337, 1.9884114265441895, 0.3201470971107483, 1.7687236070632935, 1.2655545473098755]],