{"eps": {"object_position": [[0.02866542339324951, -0.12444598972797394], [0.14869534969329834, -0.0070369914174079895], [0.0993315726518631, -0.13704246282577515], [0.0005768239498138428, -0.07756460458040237], [-0.05025879666209221, -0.24370159208774567], [-0.1796182245016098, -0.013767637312412262], [-0.27556750178337097, -0.04176584258675575], [-0.057398200035095215, -0.07022804021835327], [0.19216357171535492, -0.11948632448911667], [0.1004696786403656, -0.0004834085702896118]], "object_rotation": [3.3756487369537354, 1.501096487045288, 1.9621014595031738, 3.166969060897827, 2.2977943420410156, 0.44854944944381714, 0.10588960349559784, 0.6661920547485352, 1.3263580799102783, 3.52504301071167], "distractor_position": [-0.4846325218677521, -0.7121312022209167, -0.5301164388656616, -0.21866536140441895, -0.4455481171607971, -0.5470788478851318, 0.023189585655927658, -0.2705002427101135, -0.6262519955635071, -0.7406493425369263]}, "eps_trace": {"object_position": [[[-0.029091879725456238, -0.11895976215600967], [-0.009515873156487942, 0.18554669618606567], [0.08363332599401474, 0.014312639832496643], [0.029696185141801834, -0.18734681606292725], [-0.14788059890270233, 0.0933351218700409], [-0.05314295366406441, -0.01650015078485012], [-0.03876570239663124, 0.04178474470973015], [0.09158780425786972, -0.07818637788295746], [0.037426646798849106, -0.08399759232997894], [0.18041303753852844, 0.19322030246257782]], [[0.18441277742385864, -0.07915765047073364], [0.24583397805690765, 0.13342666625976562], [0.08363332599401474, 0.014312639832496643], [0.029696185141801834, -0.18734681606292725], [-0.053818270564079285, 0.11675906926393509], [-0.05314295366406441, -0.01650015078485012], [-0.03876570239663124, 0.04178474470973015], [0.05893997848033905, 0.004602253437042236], [0.037426646798849106, -0.08399759232997894], [0.18041303753852844, 0.19322030246257782]], [[0.09385775774717331, -0.20106305181980133], [0.24583397805690765, 0.13342666625976562], [0.08363332599401474, 0.014312639832496643], [0.029696185141801834, -0.18734681606292725], [-0.053818270564079285, 0.11675906926393509], [-0.05314295366406441, -0.01650015078485012], [-0.27556750178337097, -0.04176584258675575], [0.05893997848033905, 0.004602253437042236], [0.037426646798849106, -0.08399759232997894], [0.18041303753852844, 0.19322030246257782]], [[0.09385775774717331, -0.20106305181980133], [0.18581680953502655, 0.04123172163963318], [0.08363332599401474, 0.014312639832496643], [0.029696185141801834, -0.18734681606292725], [-0.01156194880604744, -0.15866005420684814], [-0.05314295366406441, -0.01650015078485012], [-0.27556750178337097, -0.04176584258675575], [0.13858002424240112, -0.032282356172800064], [0.037426646798849106, -0.08399759232997894], [0.18041303753852844, 0.19322030246257782]], [[0.09033616632223129, -0.2009885460138321], [0.18581680953502655, 0.04123172163963318], [0.06093136966228485, -0.11724945902824402], [0.029696185141801834, -0.18734681606292725], [-0.01156194880604744, -0.15866005420684814], [-0.03484343737363815, 0.03564789146184921], [-0.27556750178337097, -0.04176584258675575], [0.13858002424240112, -0.032282356172800064], [0.19216357171535492, -0.11948632448911667], [0.12790018320083618, 0.15942546725273132]], [[0.09033616632223129, -0.2009885460138321], [0.18581680953502655, 0.04123172163963318], [0.06093136966228485, -0.11724945902824402], [0.029696185141801834, -0.18734681606292725], [-0.05025879666209221, -0.24370159208774567], [-0.06655877828598022, -0.08500971645116806], [-0.27556750178337097, -0.04176584258675575], [0.16003094613552094, -0.040482401847839355], [0.19216357171535492, -0.11948632448911667], [0.07230781018733978, 0.16581879556179047]], [[0.09033616632223129, -0.2009885460138321], [0.18581680953502655, 0.04123172163963318], [0.06093136966228485, -0.11724945902824402], [0.029696185141801834, -0.18734681606292725], [-0.05025879666209221, -0.24370159208774567], [-0.06655877828598022, -0.08500971645116806], [-0.27556750178337097, -0.04176584258675575], [-0.025493770837783813, -0.2206396907567978], [0.19216357171535492, -0.11948632448911667], [0.07230781018733978, 0.16581879556179047]], [[0.02866542339324951, -0.12444598972797394], [0.18581680953502655, 0.04123172163963318], [0.06093136966228485, -0.11724945902824402], [-0.10795052349567413, -0.1941160410642624], [-0.05025879666209221, -0.24370159208774567], [-0.2165626734495163, -0.10831347852945328], [-0.27556750178337097, -0.04176584258675575], [0.07628181576728821, -0.1245332881808281], [0.19216357171535492, -0.11948632448911667], [0.07230781018733978, 0.16581879556179047]], [[0.02866542339324951, -0.12444598972797394], [0.18581680953502655, 0.04123172163963318], [0.16521549224853516, -0.15195417404174805], [0.0005768239498138428, -0.07756460458040237], [-0.05025879666209221, -0.24370159208774567], [-0.1796182245016098, -0.013767637312412262], [-0.27556750178337097, -0.04176584258675575], [-0.057398200035095215, -0.07022804021835327], [0.19216357171535492, -0.11948632448911667], [0.07230781018733978, 0.16581879556179047]], [[0.02866542339324951, -0.12444598972797394], [0.14869534969329834, -0.0070369914174079895], [0.0993315726518631, -0.13704246282577515], [0.0005768239498138428, -0.07756460458040237], [-0.05025879666209221, -0.24370159208774567], [-0.1796182245016098, -0.013767637312412262], [-0.27556750178337097, -0.04176584258675575], [-0.057398200035095215, -0.07022804021835327], [0.19216357171535492, -0.11948632448911667], [0.1004696786403656, -0.0004834085702896118]]], "object_rotation": [[3.042548179626465, 1.4244039058685303, 2.1857800483703613, 2.3626368045806885, 2.339937210083008, 0.9657036662101746, 0.21436846256256104, 1.0039174556732178, 1.293540120124817, 3.4684810638427734], [3.005105495452881, 1.5418075323104858, 2.1857800483703613, 2.3626368045806885, 2.4116973876953125, 0.9657036662101746, 0.21436846256256104, 0.9074609279632568, 1.293540120124817, 3.4684810638427734], [2.9926259517669678, 1.5418075323104858, 2.1857800483703613, 2.3626368045806885, 2.4116973876953125, 0.9657036662101746, 0.10588960349559784, 0.9074609279632568, 1.293540120124817, 3.4684810638427734], [2.9926259517669678, 1.448970913887024, 2.1857800483703613, 2.3626368045806885, 2.5092413425445557, 0.9657036662101746, 0.10588960349559784, 0.9183642268180847, 1.293540120124817, 3.4684810638427734], [3.2829058170318604, 1.448970913887024, 2.2179458141326904, 2.3626368045806885, 2.5092413425445557, 0.6875930428504944, 0.10588960349559784, 0.9183642268180847, 1.3263580799102783, 3.453752279281616], [3.2829058170318604, 1.448970913887024, 2.2179458141326904, 2.3626368045806885, 2.2977943420410156, 0.663237988948822, 0.10588960349559784, 0.8376753330230713, 1.3263580799102783, 3.5127975940704346], [3.2829058170318604, 1.448970913887024, 2.2179458141326904, 2.3626368045806885, 2.2977943420410156, 0.663237988948822, 0.10588960349559784, 0.92249596118927, 1.3263580799102783, 3.5127975940704346], [3.3756487369537354, 1.448970913887024, 2.2179458141326904, 2.747100830078125, 2.2977943420410156, 0.6650555729866028, 0.10588960349559784, 0.8661044239997864, 1.3263580799102783, 3.5127975940704346], [3.3756487369537354, 1.448970913887024, 2.182049036026001, 3.166969060897827, 2.2977943420410156, 0.44854944944381714, 0.10588960349559784, 0.6661920547485352, 1.3263580799102783, 3.5127975940704346], [3.3756487369537354, 1.501096487045288, 1.9621014595031738, 3.166969060897827, 2.2977943420410156, 0.44854944944381714, 0.10588960349559784, 0.6661920547485352, 1.3263580799102783, 3.52504301071167]],