{"eps": {"object_position": [[-0.16434437036514282, 0.07021443545818329], [0.006835120730102062, 0.1264188438653946], [0.034471333026885986, 0.004939142614603043], [-0.09732889384031296, -0.004515449516475201], [-0.11347796022891998, -0.09319236129522324]], "object_rotation": [2.029974937438965, 1.7888243198394775, -0.4314117431640625, 1.3874061107635498, 1.975372076034546], "distractor_position": [-0.2708582580089569, 0.6913034915924072, -0.8664214611053467, -0.07167825847864151, -1.2505319118499756]}, "eps_trace": {"object_position": [[[-0.041949961334466934, 0.036228977143764496], [0.04978657513856888, 0.1291242092847824], [-0.01572292484343052, -0.1191847175359726], [0.047991298139095306, -0.14819958806037903], [0.043202467262744904, -0.049526095390319824]], [[-0.057738617062568665, 0.009445041418075562], [0.08265751600265503, 0.10177517682313919], [-0.01572292484343052, -0.1191847175359726], [0.047991298139095306, -0.14819958806037903], [-0.02667645364999771, -0.0617978572845459]], [[-0.057738617062568665, 0.009445041418075562], [0.08265751600265503, 0.10177517682313919], [-0.0611015260219574, -0.15618738532066345], [0.060669660568237305, -0.11462493240833282], [-0.04665380343794823, 0.02354692667722702]], [[-0.039448097348213196, 0.02007335051894188], [0.08265751600265503, 0.10177517682313919], [-0.05419619008898735, -0.15984469652175903], [0.060482364147901535, -0.1513907015323639], [0.00517774373292923, 0.006724851205945015]], [[-0.01934436894953251, 0.057224441319704056], [0.08265751600265503, 0.10177517682313919], [-0.06396763026714325, -0.16263380646705627], [0.04806303232908249, -0.13036373257637024], [0.00517774373292923, 0.006724851205945015]], [[-0.01934436894953251, 0.057224441319704056], [0.08265751600265503, 0.10177517682313919], [-0.05049517750740051, -0.2219569981098175], [0.01338639110326767, -0.1343025267124176], [0.08007650822401047, -0.04749324172735214]], [[-0.01639033667743206, 0.10959721356630325], [0.08265751600265503, 0.10177517682313919], [-0.04541242495179176, -0.2394760400056839], [0.034430645406246185, -0.1540745198726654], [-0.05577162653207779, -0.06036139279603958]], [[0.013501672074198723, 0.0856826901435852], [0.08265751600265503, 0.10177517682313919], [0.011852070689201355, -0.22028768062591553], [0.034430645406246185, -0.1540745198726654], [-0.05577162653207779, -0.06036139279603958]], [[0.013501672074198723, 0.0856826901435852], [0.08265751600265503, 0.10177517682313919], [-0.004056984558701515, -0.24035093188285828], [0.02238011360168457, -0.15050430595874786], [-0.1402764618396759, -0.10390932857990265]], [[0.013501672074198723, 0.0856826901435852], [0.08265751600265503, 0.10177517682313919], [0.003750053234398365, -0.2712417244911194], [-0.03633057698607445, -0.16464798152446747], [-0.16431155800819397, -0.07500379532575607]], [[-0.034351617097854614, 0.12339159846305847], [0.08265751600265503, 0.10177517682313919], [0.003750053234398365, -0.2712417244911194], [-0.04097345471382141, -0.10606949776411057], [-0.14816536009311676, -0.13854315876960754]], [[-0.034351617097854614, 0.12339159846305847], [0.08265751600265503, 0.10177517682313919], [-0.03763332962989807, -0.22858130931854248], [0.0196690671145916, -0.16662153601646423], [-0.14816536009311676, -0.13854315876960754]], [[-0.03163495287299156, 0.07908220589160919], [0.026047442108392715, 0.1472969800233841], [-0.033267855644226074, -0.19379587471485138], [-0.008065704256296158, -0.18834881484508514], [-0.14816536009311676, -0.13854315876960754]], [[-0.12922000885009766, 0.10539810359477997], [0.026047442108392715, 0.1472969800233841], [-0.0498681515455246, -0.10523729771375656], [-0.008065704256296158, -0.18834881484508514], [-0.02659953385591507, -0.1206391304731369]], [[-0.15611034631729126, 0.07837605476379395], [0.026047442108392715, 0.1472969800233841], [-0.0498681515455246, -0.10523729771375656], [-0.008065704256296158, -0.18834881484508514], [-0.02659953385591507, -0.1206391304731369]], [[-0.15611034631729126, 0.07837605476379395], [0.03009812720119953, 0.11908197402954102], [-0.0498681515455246, -0.10523729771375656], [0.030359391123056412, -0.18876002728939056], [0.08446081727743149, -0.19746825098991394]], [[-0.15611034631729126, 0.07837605476379395], [0.03009812720119953, 0.11908197402954102], [-0.06341377645730972, -0.03216036409139633], [0.0009083244949579239, -0.17968599498271942], [0.06403374671936035, -0.16311326622962952]], [[-0.15736739337444305, 0.11285188794136047], [0.015356732532382011, 0.12304229289293289], [-0.06341377645730972, -0.03216036409139633], [0.0009083244949579239, -0.17968599498271942], [0.0313522070646286, -0.17091381549835205]], [[-0.1821548491716385, 0.0735756903886795], [0.015356732532382011, 0.12304229289293289], [-0.0399380698800087, -0.06487543880939484], [-0.11411742120981216, -0.1701502501964569], [0.0313522070646286, -0.17091381549835205]], [[-0.1821548491716385, 0.0735756903886795], [0.015356732532382011, 0.12304229289293289], [0.012005697935819626, -0.06397675722837448], [-0.06751270592212677, -0.08215505629777908], [0.0313522070646286, -0.17091381549835205]], [[-0.1821548491716385, 0.0735756903886795], [0.015356732532382011, 0.12304229289293289], [0.051882799714803696, -0.07772653549909592], [-0.06751270592212677, -0.08215505629777908], [0.0313522070646286, -0.17091381549835205]], [[-0.1821548491716385, 0.0735756903886795], [0.015356732532382011, 0.12304229289293289], [0.09256085753440857, 0.03776790201663971], [-0.06751270592212677, -0.08215505629777908], [0.027435733005404472, -0.13647225499153137]], [[-0.18329671025276184, 0.04371253773570061], [0.015356732532382011, 0.12304229289293289], [0.09256085753440857, 0.03776790201663971], [-0.06417319178581238, 0.008812740445137024], [0.09070320427417755, -0.15256300568580627]], [[-0.18329671025276184, 0.04371253773570061], [0.015356732532382011, 0.12304229289293289], [0.034471333026885986, 0.004939142614603043], [-0.09732889384031296, -0.004515449516475201], [0.04667235538363457, -0.1264902949333191]], [[-0.16434437036514282, 0.07021443545818329], [0.006835120730102062, 0.1264188438653946], [0.034471333026885986, 0.004939142614603043], [-0.09732889384031296, -0.004515449516475201], [-0.11347796022891998, -0.09319236129522324]]],