{"case": "case14", "dispatch": {"gen": [[[2.6964364051818848, 0.4304470717906952, 0.14926277101039886, 0.8286139965057373, 0.7977875471115112], [2.0403759479522705, 0.6660173535346985, 0.7666257619857788, 0.8751243948936462, 0.4511847198009491], [2.2905194759368896, 0.8462769985198975, 0.2009386569261551, 0.5257444381713867, 0.3718424439430237], [0.08515508472919464, 0.6321993470191956, 0.3022920489311218, 0.2322833091020584, 0.22942635416984558], [2.7046313285827637, 0.8823122978210449, 0.023318296298384666, 0.877350926399231, 0.7867865562438965], [1.082812786102295, 1.3941727876663208, 0.616861879825592, 0.35836443305015564, 0.11052855849266052], [0.6654759049415588, 1.181060791015625, 0.12209855020046234, 0.48254749178886414, 0.9980936050415039], [2.977851152420044, 1.3582139015197754, 0.2986987233161926, 0.9746776819229126, 0.9837173223495483], [2.1988954544067383, 0.2661784589290619, 0.5958698987960815, 0.21093052625656128, 0.8238616585731506], [2.259904623031616, 0.779021680355072, 0.3284146189689636, 0.5755460262298584, 0.25515225529670715]], [[1.036668062210083, 1.034091830253601, 1.030542016029358, 1.0473575592041016, 1.0226761102676392], [0.9863327741622925, 0.9874141216278076, 0.993862509727478, 1.05844247341156, 0.9936160445213318], [0.9977607131004333, 0.9924541115760803, 0.9796522259712219, 0.9921384453773499, 0.9619399309158325], [1.0238406658172607, 1.0112425088882446, 0.9986449480056763, 1.005629301071167, 0.980198085308075], [1.0043911933898926, 1.007954716682434, 0.9927318692207336, 1.035219669342041, 1.0351094007492065], [0.991061806678772, 0.99552983045578, 0.9877933263778687, 1.00679612159729, 0.9749502539634705], [0.993510365486145, 0.9987985491752625, 0.9959717988967896, 0.9988183379173279, 1.0145747661590576], [0.9511153101921082, 0.9717457294464111, 0.9740192294120789, 0.9824610352516174, 0.9807711839675903], [1.00650155544281, 0.9955426454544067, 1.0119743347167969, 1.0375717878341675, 1.025367259979248], [1.006150722503662, 1.0024609565734863, 0.997120201587677, 1.003645658493042, 0.9814178347587585]]], "load": [[[-0.1539202332496643, -0.8027604818344116, -0.40254220366477966, -0.07479879260063171, -0.09566362202167511, -0.2161138355731964, -0.08223678916692734, -0.030662165954709053, -0.05466657131910324, -0.12424495071172714, -0.13472895324230194], [-0.1853475421667099, -0.8599361777305603, -0.40551918745040894, -0.05419091135263443, -0.09855644404888153, -0.24389256536960602, -0.07367397099733353, -0.024578850716352463, -0.05153048783540726, -0.10012706369161606, -0.11274942010641098], [-0.21612896025180817, -0.8402798175811768, -0.4236592948436737, -0.06027284637093544, -0.09577910602092743, -0.2508293390274048, -0.07677514851093292, -0.024981237947940826, -0.06026617810130119, -0.1332414448261261, -0.11911948025226593], [-0.2153264433145523, -0.9385237693786621, -0.41012951731681824, -0.05877455696463585, -0.09157592803239822, -0.23567476868629456, -0.07945838570594788, -0.02536187134683132, -0.05398444086313248, -0.10345599800348282, -0.12947139143943787], [-0.18851731717586517, -0.6940496563911438, -0.42714545130729675, -0.0537545271217823, -0.09216537326574326, -0.2517286241054535, -0.06366587430238724, -0.02500871568918228, -0.043718598783016205, -0.11379680037498474, -0.13861946761608124], [-0.18463802337646484, -0.8666467070579529, -0.4416170120239258, -0.057165276259183884, -0.08077260851860046, -0.2292904257774353, -0.0691993311047554, -0.024944841861724854, -0.04870889335870743, -0.1024193987250328, -0.1471884846687317], [-0.20212557911872864, -0.7547402381896973, -0.4016045033931732, -0.05405225604772568, -0.09386313706636429, -0.25476619601249695, -0.06774856895208359, -0.034603722393512726, -0.060412660241127014, -0.11216782033443451, -0.14797380566596985], [-0.1855420619249344, -0.856284499168396, -0.4249413311481476, -0.06412667781114578, -0.08965969830751419, -0.22057077288627625, -0.08719946444034576, -0.03462880477309227, -0.04559481516480446, -0.11364759504795074, -0.12819412350654602], [-0.156381756067276, -0.7958506345748901, -0.4598201811313629, -0.06726577132940292, -0.106793113052845, -0.2816668152809143, -0.06669729202985764, -0.031454745680093765, -0.04377437382936478, -0.13314546644687653, -0.12659265100955963], [-0.19760650396347046, -0.6795729994773865, -0.40692976117134094, -0.06284459680318832, -0.08355558663606644, -0.20865771174430847, -0.06317629665136337, -0.025000018998980522, -0.04300461336970329, -0.1306733340024948, -0.11580005288124084]], [[-0.101721853017807, -0.17576013505458832, 0.027962081134319305, -0.014462782070040703, -0.07357952743768692, -0.13764581084251404, -0.048361700028181076, -0.014544576406478882, -0.01574789173901081, -0.049020491540431976, -0.0491551011800766], [-0.10907886177301407, -0.18509291112422943, 0.027560587972402573, -0.015706492587924004, -0.07404358685016632, -0.1190839484333992, -0.04683218151330948, -0.012869743630290031, -0.011486888863146305, -0.04075271636247635, -0.03975967690348625], [-0.10023088753223419, -0.13749077916145325, 0.035448119044303894, -0.013065115548670292, -0.07022048532962799, -0.15003955364227295, -0.047796767204999924, -0.0014692597324028611, -0.012352503836154938, -0.04204874858260155, -0.039538536220788956], [-0.10994494706392288, -0.15056100487709045, 0.03874533250927925, -0.011348106898367405, -0.06324294954538345, -0.16443119943141937, -0.041374415159225464, -0.01771397329866886, -0.010796190239489079, -0.05712585151195526, -0.04990946501493454], [-0.09347933530807495, -0.16830818355083466, 0.03792553395032883, -0.011438108049333096, -0.06102187931537628, -0.1381455659866333, -0.04139135777950287, -0.013184872455894947, -0.015827877447009087, -0.05214497819542885, -0.03586534038186073], [-0.12585605680942535, -0.17779842019081116, 0.038455378264188766, -0.01129231322556734, -0.053318899124860764, -0.1353822648525238, -0.05346192792057991, -0.017748398706316948, -0.015761377289891243, -0.04120824486017227, -0.03414871171116829], [-0.12493756413459778, -0.17895080149173737, 0.0277092382311821, -0.015623358078300953, -0.07055822014808655, -0.12794455885887146, -0.0441465824842453, -0.01987510733306408, -0.015882248058915138, -0.05219367519021034, -0.04972242936491966], [-0.12122125923633575, -0.13516418635845184, 0.030116546899080276, -0.017445605248212814, -0.06978700309991837, -0.16497869789600372, -0.05731946974992752, -0.01769360899925232, -0.015875332057476044, -0.04979149252176285, -0.04931698366999626], [-0.11568091064691544, -0.17216850817203522, 0.02784770354628563, -0.015942730009555817, -0.06476061791181564, -0.14209958910942078, -0.04248959943652153, -0.017205901443958282, -0.011438562534749508, -0.05048416927456856, -0.037430498749017715], [-0.11637235432863235, -0.16684983670711517, 0.038201652467250824, -0.011364675126969814, -0.07253393530845642, -0.15250442922115326, -0.041836757212877274, -0.017831668257713318, -0.015981387346982956, -0.04165847226977348, -0.049391474574804306]]]}, "network": {"line_conductances": [4.999131679534912, 1.02589750289917, 1.1350191831588745, 1.686033010482788, 1.7011396884918213, 1.9859756231307983, 6.840980052947998, 0.0, 0.0, 0.0, 1.9550286531448364, 1.5259675979614258, 3.0989274978637695, 0.0, 0.0, 3.9020495414733887, 1.4240056276321411, 1.8808846473693848, 2.4890246391296387, 1.1369942426681519], "line_susceptances": [-15.263087272644043, -4.234983444213867, -4.781863212585449, -5.115838050842285, -5.193927764892578, -5.068816661834717, -21.578554153442383, -4.781943321228027, -1.7979791164398193, -3.9679391384124756, -4.094074249267578, -3.175964117050171, -6.102755546569824, -5.676980018615723, -9.090083122253418, -10.365394592285156, -3.029050588607788, -4.4029436111450195, -2.2519748210906982, -2.3149635791778564]}, "time": 32.57177687500371, "L": 100.0, "mcmc_step_size": 1e-06, "num_rounds": 10, "num_mcmc_steps_per_round": 20, "num_chains": 10, "use_gradients": true, "use_stochasticity": true, "repair": true, "predict": false, "quench_rounds": 5}