{"case": "case14", "dispatch": {"gen": [[[1.3438127040863037, 0.9942177534103394, 0.24059036374092102, 0.8938331604003906, 0.1333487629890442], [2.0395781993865967, 0.2644434869289398, 0.48998701572418213, 0.3447002172470093, 0.3099193871021271], [0.09478606283664703, 0.9826761484146118, 0.3449764847755432, 0.9543536901473999, 0.4128214120864868], [2.5830557346343994, 1.1976737976074219, 0.6163173317909241, 0.9659878611564636, 0.7248374223709106], [2.575423240661621, 0.14729748666286469, 0.264377236366272, 0.4939747154712677, 0.6241827011108398], [2.9262115955352783, 1.2009470462799072, 0.9332647323608398, 0.29074445366859436, 0.3128182291984558], [2.063197612762451, 0.5356531739234924, 0.09394226968288422, 0.6926845908164978, 0.20910894870758057], [2.8718183040618896, 0.33732855319976807, 0.2672998011112213, 0.10294420272111893, 0.9531912207603455], [1.2618954181671143, 0.6730248928070068, 0.9804123044013977, 0.21996407210826874, 0.06953240931034088], [1.5268393754959106, 1.2186108827590942, 0.9556100368499756, 0.3480898141860962, 0.967276930809021], [0.15701258182525635, 0.16721870005130768, 0.4624707102775574, 0.8058218359947205, 0.9250098466873169]], [[1.0127668380737305, 1.0121512413024902, 1.0057998895645142, 1.0298718214035034, 1.02517569065094], [0.9977251887321472, 0.9850124716758728, 0.9942722916603088, 1.0095726251602173, 1.0560153722763062], [1.008866310119629, 1.0118550062179565, 0.992762565612793, 1.0270403623580933, 1.0427812337875366], [0.9789067506790161, 0.9997261762619019, 1.0059956312179565, 0.9925797581672668, 0.9591024518013], [1.0072181224822998, 0.9979957342147827, 0.9916631579399109, 0.9965763092041016, 0.9633225798606873], [0.96628338098526, 0.9740113615989685, 0.9669179320335388, 1.0155577659606934, 0.961260974407196], [1.0192164182662964, 1.0093623399734497, 0.9951867461204529, 1.0341293811798096, 1.02775239944458], [1.028565526008606, 1.0228931903839111, 1.0209287405014038, 1.007901906967163, 0.9969499111175537], [0.9748214483261108, 0.9685364365577698, 0.9963507056236267, 1.0051425695419312, 1.0152136087417603], [0.9770254492759705, 0.9963123202323914, 0.9817083477973938, 1.0063549280166626, 0.9945508241653442], [1.008451223373413, 1.009224534034729, 0.9990588426589966, 1.0228426456451416, 0.9513881206512451]]], "load": [[[-0.15929144620895386, -0.6803194880485535, -0.459822416305542, -0.0681811049580574, -0.09457860887050629, -0.25975367426872253, -0.07596281170845032, -0.024922411888837814, -0.05407869070768356, -0.1204952672123909, -0.14749428629875183], [-0.1894434094429016, -0.7615174055099487, -0.4643349051475525, -0.05993867293000221, -0.09756780415773392, -0.20871354639530182, -0.0729411169886589, -0.02508106455206871, -0.043577902019023895, -0.10669306665658951, -0.13582997024059296], [-0.1973372995853424, -0.7549092173576355, -0.46353861689567566, -0.06244228780269623, -0.09556747227907181, -0.26112300157546997, -0.08872150629758835, -0.034475382417440414, -0.04282446950674057, -0.12008308619260788, -0.1472785323858261], [-0.1820468008518219, -0.8287637829780579, -0.36823129653930664, -0.06844234466552734, -0.09273184835910797, -0.29054024815559387, -0.08905389904975891, -0.02492474392056465, -0.048590611666440964, -0.13393335044384003, -0.10518229007720947], [-0.18229642510414124, -0.7435793280601501, -0.3986281454563141, -0.06482485681772232, -0.10379011929035187, -0.29166385531425476, -0.0702187716960907, -0.024926742538809776, -0.040237318724393845, -0.11403518915176392, -0.13148435950279236], [-0.17794929444789886, -0.7091085910797119, -0.39590024948120117, -0.055217742919921875, -0.08638881146907806, -0.2799927592277527, -0.08962012827396393, -0.02507980912923813, -0.04655780643224716, -0.11887761205434799, -0.1289833039045334], [-0.19055204093456268, -0.8391035199165344, -0.3590255379676819, -0.06883087009191513, -0.08047860115766525, -0.23247069120407104, -0.07799872756004333, -0.029249828308820724, -0.05897821485996246, -0.1242397129535675, -0.1264578402042389], [-0.1759491264820099, -0.6830356121063232, -0.3933461010456085, -0.07120214402675629, -0.10804317891597748, -0.22175286710262299, -0.07395093888044357, -0.034766025841236115, -0.06038304790854454, -0.11909943073987961, -0.12462516129016876], [-0.17705878615379333, -0.8495528697967529, -0.3425092101097107, -0.07375035434961319, -0.08653382956981659, -0.24328143894672394, -0.08738316595554352, -0.025096993893384933, -0.04787179455161095, -0.12137818336486816, -0.10705967992544174], [-0.18823546171188354, -0.7829511165618896, -0.42576277256011963, -0.06046229600906372, -0.11431758850812912, -0.25469425320625305, -0.08337924629449844, -0.03267190605401993, -0.05248744413256645, -0.12777167558670044, -0.13033908605575562], [-0.16719864308834076, -0.8278326988220215, -0.4493134617805481, -0.060678306967020035, -0.07960198819637299, -0.22640268504619598, -0.06917986273765564, -0.03488175570964813, -0.052115511149168015, -0.13352684676647186, -0.12294808775186539]], [[-0.11572425812482834, -0.1783296912908554, 0.02812052145600319, -0.011378206312656403, -0.0651995837688446, -0.14756281673908234, -0.046102579683065414, -0.00872087012976408, -0.01587667688727379, -0.041045308113098145, -0.04950972646474838], [-0.12451307475566864, -0.17743796110153198, 0.0275886207818985, -0.011480174027383327, -0.05349796265363693, -0.15888747572898865, -0.04536810144782066, -0.01783601939678192, -0.01593761332333088, -0.05715037137269974, -0.03644231706857681], [-0.11209787428379059, -0.18782511353492737, 0.038205817341804504, -0.014581499621272087, -0.0820932611823082, -0.12957549095153809, -0.04873066768050194, -0.018143409863114357, -0.011676248162984848, -0.05751229450106621, -0.03695691004395485], [-0.12034698575735092, -0.1328020840883255, 0.03837843984365463, -0.011295166797935963, -0.06852299720048904, -0.12607038021087646, -0.058047037571668625, -0.012771918438374996, -0.015744565054774284, -0.05771341174840927, -0.04916556552052498], [-0.1149459183216095, -0.14026939868927002, 0.027507798746228218, -0.012661419808864594, -0.059565965086221695, -0.14453239738941193, -0.04933521896600723, -0.01773790270090103, -0.02009294554591179, -0.05260702222585678, -0.03546404838562012], [-0.10536894202232361, -0.17981888353824615, 0.032219842076301575, -0.011588949710130692, -0.06856159120798111, -0.14623939990997314, -0.04376529902219772, -0.012823968194425106, -0.01574888825416565, -0.04236853867769241, -0.03554849326610565], [-0.09055168926715851, -0.13831596076488495, 0.03161259740591049, -0.011472185142338276, -0.0715336874127388, -0.13890919089317322, -0.052893660962581635, -0.01768239587545395, -0.01554060447961092, -0.04157049581408501, -0.04056636244058609], [-0.12581591308116913, -0.18065714836120605, 0.027510056272149086, -0.011311627924442291, -0.05362658202648163, -0.1601400077342987, -0.0572933591902256, -0.017910772934556007, -0.020876845344901085, -0.047066543251276016, -0.03554993495345116], [-0.10076487064361572, -0.14760658144950867, 0.02799936942756176, -0.015504991635680199, -0.0693424642086029, -0.11798753589391708, -0.047923944890499115, -0.01616334542632103, -0.011369477026164532, -0.056035466492176056, -0.04896652325987816], [-0.11466550081968307, -0.18337619304656982, 0.032490551471710205, -0.014166437089443207, -0.06265006959438324, -0.15171469748020172, -0.0490182489156723, -0.012717691250145435, -0.015676550567150116, -0.041962411254644394, -0.04821329936385155], [-0.11314871162176132, -0.1261887103319168, 0.027383871376514435, -0.011515411548316479, -0.06411215662956238, -0.13623438775539398, -0.05940142273902893, -0.012771732173860073, -0.011529038660228252, -0.04858829826116562, -0.04986659437417984]]]},