{"dispatch": {"gen": [[[2.6951019763946533, 0.4375143051147461, 0.15884630382061005, 0.8164159059524536, 0.848029613494873], [2.053985357284546, 0.6637390851974487, 0.7676299214363098, 0.896091639995575, 0.45187681913375854], [2.296017646789551, 0.8622324466705322, 0.20229840278625488, 0.5241245627403259, 0.38523218035697937], [0.08669573813676834, 0.615043580532074, 0.2752486765384674, 0.2127939611673355, 0.23487718403339386], [2.7036991119384766, 0.87766033411026, 0.026188906282186508, 0.8567997217178345, 0.782119870185852], [1.0938256978988647, 1.3946316242218018, 0.6078338623046875, 0.3623080253601074, 0.11851004511117935], [0.6461368799209595, 1.1716388463974, 0.12882284820079803, 0.5235553979873657, 0.9965629577636719], [2.9613757133483887, 1.3384629487991333, 0.3257240056991577, 0.9695302248001099, 0.9929594993591309], [2.1799087524414062, 0.26164108514785767, 0.5744023323059082, 0.1910748928785324, 0.8309131860733032], [2.263765573501587, 0.7707864046096802, 0.3289036154747009, 0.579474687576294, 0.2219049632549286]], [[1.0169178247451782, 1.0146698951721191, 0.9991645812988281, 1.022900104522705, 0.9918906688690186], [0.9776136875152588, 0.9764279723167419, 1.0019409656524658, 1.0549827814102173, 1.0062730312347412], [0.995355486869812, 0.9896992444992065, 0.9614272117614746, 0.9933987259864807, 1.0268701314926147], [1.033314824104309, 1.0199528932571411, 0.9806816577911377, 0.9983654022216797, 0.9806690216064453], [1.0209407806396484, 1.0223802328109741, 0.980421245098114, 1.0298798084259033, 1.0512328147888184], [0.978204607963562, 0.981743574142456, 0.9838509559631348, 0.9858154654502869, 0.9818025827407837], [0.9954090714454651, 1.0031003952026367, 0.9855018854141235, 1.0060386657714844, 1.0228527784347534], [0.9716461300849915, 0.988529622554779, 0.9733832478523254, 0.9902455806732178, 0.9806632995605469], [0.9973266124725342, 0.9887323975563049, 0.9599976539611816, 0.999377429485321, 1.0319570302963257], [0.9930131435394287, 0.9860612154006958, 0.9862837195396423, 1.0303635597229004, 1.0022225379943848]]], "load": [[[-0.16412535309791565, -0.854999303817749, -0.4334077835083008, -0.06836103647947311, -0.10227500647306442, -0.24560651183128357, -0.07971895486116409, -0.023488128557801247, -0.06592795252799988, -0.12649057805538177, -0.15550127625465393], [-0.19601482152938843, -0.8818747401237488, -0.42344966530799866, -0.06431533396244049, -0.08723348379135132, -0.2630985975265503, -0.08419931679964066, -0.03167693316936493, -0.05791890248656273, -0.1007719412446022, -0.12733252346515656], [-0.1756179928779602, -0.8569698929786682, -0.4261121451854706, -0.05849146470427513, -0.1090719997882843, -0.2659221589565277, -0.08400169759988785, -0.029937388375401497, -0.048121754080057144, -0.1473446488380432, -0.13620753586292267], [-0.1879071146249771, -0.9377621412277222, -0.4461410641670227, -0.05472094565629959, -0.1032099574804306, -0.2524196207523346, -0.07960423082113266, -0.033471040427684784, -0.0534605048596859, -0.10878806561231613, -0.12288323789834976], [-0.18257562816143036, -0.7899506688117981, -0.42358359694480896, -0.06067386642098427, -0.11098843067884445, -0.2673543095588684, -0.07296515256166458, -0.04475468024611473, -0.06629578769207001, -0.12318812310695648, -0.148482546210289], [-0.18501579761505127, -0.8855195045471191, -0.44176968932151794, -0.07149845361709595, -0.07582024484872818, -0.25151124596595764, -0.07946543395519257, -0.023645639419555664, -0.04678953438997269, -0.11669031530618668, -0.14270153641700745], [-0.1753607839345932, -0.8098182082176208, -0.415200799703598, -0.08165337145328522, -0.10551372915506363, -0.2365567535161972, -0.07557985931634903, -0.022798143327236176, -0.050150953233242035, -0.099610336124897, -0.14171411097049713], [-0.17563065886497498, -0.8894088864326477, -0.4578232765197754, -0.06889283657073975, -0.09007938206195831, -0.2581549882888794, -0.10063564032316208, -0.025946978479623795, -0.06330853700637817, -0.1228596419095993, -0.12279626727104187], [-0.18371735513210297, -0.8860431909561157, -0.4777638912200928, -0.06770221143960953, -0.12351057678461075, -0.2923390567302704, -0.07947500795125961, -0.01812819577753544, -0.05543273687362671, -0.10636879503726959, -0.1273690015077591], [-0.2141435295343399, -0.7754896283149719, -0.4346964657306671, -0.08301005512475967, -0.09945081919431686, -0.23156921565532684, -0.08701176941394806, -0.0425153523683548, -0.08073172718286514, -0.13448821008205414, -0.12461721897125244]], [[-0.10154964029788971, -0.17874029278755188, 0.03989368677139282, -0.021290794014930725, -0.07875053584575653, -0.16121721267700195, -0.029966600239276886, -0.02506737969815731, -0.008965175598859787, -0.04883826896548271, -0.06042291969060898], [-0.10510797798633575, -0.18601642549037933, 0.04582201689481735, -0.023311179131269455, -0.06210637465119362, -0.14894284307956696, -0.052817683666944504, -0.02028176188468933, -0.01060959417372942, -0.05593737214803696, -0.043045539408922195], [-0.10885704308748245, -0.1883450597524643, 0.01213550940155983, -0.000909379858057946, -0.07187872380018234, -0.15730808675289154, -0.04076548293232918, -0.03119124472141266, -0.015028346329927444, -0.060548149049282074, -0.04454520344734192], [-0.11202462762594223, -0.16335920989513397, 0.03033803589642048, -0.015530328266322613, -0.07194603979587555, -0.15595264732837677, -0.0562201626598835, -0.014497888274490833, -0.025312429293990135, -0.059605587273836136, -0.05323607847094536], [-0.10021844506263733, -0.1916327327489853, 0.02164991945028305, -0.01705433614552021, -0.06842589378356934, -0.1393505334854126, -0.038719821721315384, -0.023375526070594788, -0.016735348850488663, -0.05626487359404564, -0.051852308213710785], [-0.12347236275672913, -0.15606649219989777, 0.0336168073117733, -0.018903497606515884, -0.06068453937768936, -0.13424448668956757, -0.055465806275606155, -0.019652560353279114, -0.009377389214932919, -0.06014557182788849, -0.05076083540916443], [-0.11568250507116318, -0.17748872935771942, 0.034265898168087006, -0.01707279309630394, -0.08056124299764633, -0.16305549442768097, -0.05822369083762169, -0.0015991457039490342, -0.026005210354924202, -0.06366908550262451, -0.04339034855365753], [-0.11262872070074081, -0.16172465682029724, 0.04578253999352455, -0.0068321749567985535, -0.05303557589650154, -0.16038236021995544, -0.07399369031190872, -0.025893451645970345, -0.015053998678922653, -0.05268995836377144, -0.05175716057419777], [-0.10613396018743515, -0.18629418313503265, 0.050417181104421616, -0.0134867699816823, -0.07036469876766205, -0.1502714455127716, -0.023941729217767715, -0.018173953518271446, -0.013324965722858906, -0.04679436609148979, -0.05104801431298256], [-0.10412764549255371, -0.1516520380973816, 0.03531235083937645, -0.006415731739252806, -0.0770234689116478, -0.14116351306438446, -0.06856749951839447, -0.016486382111907005, -0.016409728676080704, -0.0605558305978775, -0.059666719287633896]]]}, "network": {"line_conductances": [4.999131679534912, 1.02589750289917, 1.1350191831588745, 1.686033010482788, 1.7011396884918213, 1.9859756231307983, 6.840980052947998, 0.0, 0.0, 0.0, 1.9550286531448364, 1.5259675979614258, 3.0989274978637695, 0.0, 0.0, 3.9020495414733887, 1.4240056276321411, 1.8808846473693848, 2.4890246391296387, 1.1369942426681519], "line_susceptances": [-15.263087272644043, -4.234983444213867, -4.781863212585449, -5.115838050842285, -5.193927764892578, -5.068816661834717, -21.578554153442383, -4.781943321228027, -1.7979791164398193, -3.9679391384124756, -4.094074249267578, -3.175964117050171, -6.102755546569824, -5.676980018615723, -9.090083122253418, -10.365394592285156, -3.029050588607788, -4.4029436111450195, -2.2519748210906982, -2.3149635791778564]}}