{"case": "case14", "dispatch": {"gen": [[1.2547351121902466, 0.6877109408378601, 0.9722452163696289, 0.20878611505031586, 0.07745246589183807], [0.9696752429008484, 0.9720453023910522, 0.9974905252456665, 1.0142948627471924, 1.0019478797912598]], "load": [[-0.18342219293117523, -0.8391745686531067, -0.3642165958881378, -0.06844515353441238, -0.0922030359506607, -0.2455265074968338, -0.07072822004556656, -0.03242114931344986, -0.06185348704457283, -0.1248793825507164, -0.11453776061534882], [-0.09892457723617554, -0.16148492693901062, 0.036062296479940414, -0.018550045788288116, -0.06582316011190414, -0.12817904353141785, -0.04096044972538948, -0.010033965110778809, -0.01413375698029995, -0.05621512606739998, -0.04193342477083206]]}, "network": {"line_conductances": [[4.511148929595947, 0.9712909460067749, 1.3786317110061646, 2.0314600467681885, -0.012820672243833542, 2.291522264480591, 0.0004286369075998664, 0.08166693896055222, 0.03428342193365097, -0.006995524279773235, 1.4259856939315796, 0.5751566886901855, 3.0965678691864014, -0.007260109297931194, -0.0012620134511962533, 4.363770961761475, 1.149528980255127, 2.2832770347595215, 2.5184507369995117, 1.4208109378814697], [4.528509616851807, 1.2536743879318237, 0.14163240790367126, 1.2041319608688354, 1.9350833892822266, 2.1075642108917236, 6.543852806091309, 0.4841388761997223, 0.32861006259918213, 0.3118685483932495, 2.23933744430542, -0.00784179475158453, 0.27162984013557434, 0.3944007456302643, 0.04660530760884285, 4.326755046844482, 1.6134130954742432, 1.3867454528808594, 2.3023359775543213, 1.3472541570663452], [4.882038593292236, 0.9625408053398132, 1.838179111480713, 1.9200587272644043, 1.8079044818878174, 0.005153927486389875, 6.545455455780029, 0.3978422284126282, 0.35075417160987854, 0.48504704236984253, 0.185794398188591, 2.0164453983306885, 3.4999754428863525, -0.011442321352660656, 0.004074073862284422, 4.066305637359619, 1.2713649272918701, 1.7122529745101929, 2.413501501083374, 0.2648053765296936], [4.980014324188232, 0.7624936103820801, 0.9402761459350586, 1.2115479707717896, 1.6303210258483887, 2.465364456176758, 0.21557064354419708, 0.24256105720996857, 0.0478629469871521, -0.004412629641592503, 1.6640437841415405, 1.1695306301116943, 3.2834455966949463, 0.4009043872356415, -0.00781202083453536, 4.339041233062744, 1.2682030200958252, 1.7529805898666382, 2.2053916454315186, 1.1470714807510376], [4.936209678649902, 1.8069541454315186, 1.5215727090835571, 0.7529546618461609, 2.0604770183563232, -0.0013902519131079316, 6.406251907348633, -0.01220939215272665, 0.009391757659614086, 0.05159978196024895, 2.326799154281616, 0.5542833805084229, 3.363464117050171, 0.11350754648447037, 0.41620296239852905, 0.4109438359737396, 1.465567946434021, 1.1376274824142456, 2.6554737091064453, 1.307281494140625], [4.714441776275635, 1.146457552909851, 1.8948813676834106, 1.7317419052124023, 1.3665428161621094, 1.6986523866653442, 7.371394634246826, 0.09511281549930573, -6.49738940410316e-05, 0.0016796926502138376, 2.0632002353668213, 0.4138871431350708, 0.329063355922699, 0.31109821796417236, 0.12414569407701492, 3.753758668899536, 0.9688264727592468, 2.1811416149139404, 3.1909308433532715, 1.0605255365371704], [0.05629367753863335, 1.4498614072799683, -0.0068822805769741535, 0.32403862476348877, 1.725703477859497, 2.0679819583892822, 0.4921253025531769, 0.00539341289550066, 0.175227090716362, 0.2684043049812317, 1.960392951965332, 1.715509295463562, 3.0756688117980957, 0.08940242975950241, -0.007604032754898071, 0.0008951331255957484, 1.9464534521102905, 1.9346377849578857, 0.8519626259803772, 1.4929927587509155], [0.5896017551422119, 1.3121204376220703, 0.9162264466285706, 1.5093878507614136, 1.490548849105835, 2.170114278793335, 6.781059741973877, 0.39069461822509766, -0.0020126269664615393, 0.002603868255391717, 1.6387368440628052, 1.5696457624435425, 2.628951072692871, 0.27406737208366394, 0.300434410572052, 4.130654335021973, 1.5082542896270752, 1.3514958620071411, 2.5730903148651123, 0.8741414546966553], [4.841424942016602, 1.0866636037826538, 1.9029401540756226, 1.6703885793685913, 1.5573266744613647, 2.170027017593384, 6.8014068603515625, 0.049500733613967896, -0.0027118362486362457, 0.04024205729365349, 2.4518730640411377, 1.6008776426315308, 2.807589054107666, 0.0002829182194545865, 0.37349364161491394, 3.9014320373535156, 1.3856428861618042, 1.6434324979782104, 0.004389472305774689, 0.9110364317893982], [5.2394537925720215, 1.153914451599121, 1.3180896043777466, 1.746006965637207, 1.9736822843551636, 1.8928242921829224, 6.310241222381592, 0.042039886116981506, 0.21617665886878967, 0.001813715323805809, 0.015542756766080856, 1.2623279094696045, 2.9715421199798584, 0.04582831263542175, 0.3298351466655731, 4.2090020179748535, 1.033341646194458, 1.9663748741149902, 2.7243924140930176, 1.3140851259231567], [4.868648529052734, 0.859175443649292, 1.0904072523117065, 0.0032202883157879114, 1.5063260793685913, 2.32576584815979, 7.267393589019775, 0.2972031235694885, 0.6677460074424744, 0.5358023047447205, 1.9952195882797241, 0.9650582075119019, 3.0176780223846436, -0.002917780540883541, 0.11670776456594467, 3.6526761054992676, 1.6697888374328613, 1.6233991384506226, 2.9569551944732666, 0.9584072232246399]],