{"eps": {"object_position": [[-0.06680209189653397, -0.01587587594985962], [-0.013650819659233093, 0.04630547761917114], [-0.0073602646589279175, -0.22274672985076904], [-0.0865132063627243, 0.005826413631439209], [-0.05194910988211632, 0.06081506982445717], [0.010236911475658417, -0.009572844952344894], [-0.02419031411409378, 0.01991816982626915], [0.036106109619140625, 0.002861212007701397], [-0.06122956424951553, -0.025719285011291504], [-0.026164259761571884, 0.13952013850212097]], "object_rotation": [1.620761752128601, 2.613905668258667, 2.123462677001953, 0.9186111688613892, 2.225886821746826, 2.087195873260498, 2.2657101154327393, 0.6294363737106323, 1.7937735319137573, 1.1585524082183838], "distractor_position": [-0.360055536031723, -0.2604596018791199, -1.2806860208511353, -0.7273963093757629, -0.03555252403020859, -0.062735415995121, -0.1510450541973114, -0.42709001898765564, -0.7193588018417358, -0.7341979146003723]}, "eps_trace": {"object_position": [[[-0.04041973501443863, 0.08201615512371063], [0.007215355988591909, -0.035221852362155914], [0.09004143625497818, 0.03771930932998657], [-0.07042490690946579, 0.05531957000494003], [0.051704224199056625, 0.00434531643986702], [-0.03253994137048721, -0.01415642723441124], [0.23442938923835754, 0.015805941075086594], [-0.057375386357307434, -0.25514236092567444], [-0.08786570280790329, -0.13319717347621918], [-0.15718412399291992, 0.09421724826097488]], [[0.00633847713470459, -0.0018028095364570618], [-0.005801463965326548, 0.03253909945487976], [0.001217179000377655, 0.06871600449085236], [-0.16476145386695862, 0.07806921750307083], [-0.040835585445165634, -0.006464830599725246], [0.023403842002153397, -0.07195902615785599], [0.1353454738855362, 0.008816853165626526], [-0.027655350044369698, -0.1601128876209259], [-0.09907830506563187, -0.03434061259031296], [-0.06095326691865921, 0.12045806646347046]], [[0.01624477282166481, 0.057438284158706665], [0.007654782850295305, -0.0416460782289505], [-0.04085896536707878, -0.01578579843044281], [-0.10397814959287643, 0.13922563195228577], [0.03334273770451546, -0.07172340899705887], [0.0443834513425827, -0.009296111762523651], [0.03717430680990219, 0.011468330398201942], [0.012824038043618202, -0.07724311202764511], [-0.17878630757331848, -0.07599304616451263], [-0.06787804514169693, 0.020835228264331818]], [[-0.010174941271543503, -0.03728037327528], [-0.007444844115525484, 0.04091569036245346], [-0.08312592655420303, -0.09054514020681381], [-0.19020827114582062, 0.18594816327095032], [-0.005755916237831116, 0.016400590538978577], [0.0024761706590652466, 0.08105773478746414], [-0.041005998849868774, -0.017798036336898804], [-0.02682008035480976, -0.16898438334465027], [-0.08516980707645416, -0.10455207526683807], [-0.1327020227909088, -0.05052514374256134]], [[-0.016562722623348236, 0.0606406107544899], [0.008370883762836456, -0.042709238827228546], [-0.15707623958587646, -0.1496935933828354], [-0.27228495478630066, 0.13603737950325012], [0.012686667963862419, 0.009023908525705338], [0.015235267579555511, -0.016581736505031586], [0.04691087454557419, -0.004386243410408497], [-0.0035800524055957794, -0.07210465520620346], [-0.06929749995470047, -0.007696852087974548], [-0.09217014908790588, 0.040177665650844574]], [[-0.005688519217073917, -0.03770817816257477], [-0.008065501227974892, 0.042667925357818604], [-0.18093347549438477, -0.233728289604187], [-0.18438833951950073, 0.08892887830734253], [0.10525196045637131, -0.028575636446475983], [-0.017650406807661057, -0.0007911548018455505], [-0.041694894433021545, -0.010632963851094246], [0.014864806085824966, 0.025896668434143066], [-0.1653926968574524, 0.013191897422075272], [-0.07623986154794693, 0.13791991770267487]], [[0.00912179984152317, 0.0592152401804924], [0.008712541311979294, -0.044019363820552826], [-0.09765518456697464, -0.20484264194965363], [-0.08781091123819351, 0.11300289630889893], [0.08194230496883392, -0.049759507179260254], [0.05907045677304268, -0.025637401267886162], [0.04942174255847931, -0.033731915056705475], [-0.011701688170433044, -0.06588732451200485], [-0.09748533368110657, 0.07796928286552429], [-0.13155335187911987, 0.0553310289978981]], [[-0.07886115461587906, 0.028033385053277016], [-0.008632035925984383, 0.04374314844608307], [-0.1429872065782547, -0.11815683543682098], [-0.09401802718639374, 0.013987220823764801], [-0.006458394229412079, -0.009318344295024872], [-0.029627922922372818, 0.011965597048401833], [-0.02897959202528, 0.019396476447582245], [0.027890928089618683, 0.01644328236579895], [-0.11182379722595215, -0.019016683101654053], [-0.051769934594631195, -0.003331422805786133]], [[0.019081540405750275, 0.010001963004469872], [0.015530753880739212, -0.0407358780503273], [-0.07213481515645981, -0.15066063404083252], [-0.05800844728946686, 0.10068922489881516], [0.006239543668925762, -0.009298700839281082], [0.060977984219789505, -0.02840563841164112], [0.04865337908267975, -0.042515650391578674], [-0.01670278236269951, 0.017321551218628883], [-0.093618243932724, -0.11601396650075912], [0.022216901183128357, 0.06055453419685364]], [[-0.06680209189653397, -0.01587587594985962], [-0.013650819659233093, 0.04630547761917114], [-0.0073602646589279175, -0.22274672985076904], [-0.0865132063627243, 0.005826413631439209], [-0.05194910988211632, 0.06081506982445717], [0.010236911475658417, -0.009572844952344894], [-0.02419031411409378, 0.01991816982626915], [0.036106109619140625, 0.002861212007701397], [-0.06122956424951553, -0.025719285011291504], [-0.026164259761571884, 0.13952013850212097]]], "object_rotation": [[1.7902601957321167, 2.9872536659240723, 2.189056873321533, 0.9724853038787842, 2.295349359512329, 2.035209894180298, 2.39064359664917, 0.5833969116210938, 1.7764815092086792, 1.2310899496078491], [1.7688339948654175, 2.9337875843048096, 2.159597873687744, 0.9532477855682373, 2.2750892639160156, 2.063880681991577, 2.3851776123046875, 0.5850382447242737, 1.7742465734481812, 1.2282334566116333], [1.7275021076202393, 2.884065628051758, 2.14993953704834, 0.9630130529403687, 2.2900218963623047, 2.1029465198516846, 2.3765652179718018, 0.5883759260177612, 1.8049509525299072, 1.2312355041503906], [1.7124119997024536, 2.841843605041504, 2.111569404602051, 0.9541881084442139, 2.2759523391723633, 2.100965738296509, 2.3500399589538574, 0.5885555148124695, 1.8249984979629517, 1.2561339139938354], [1.6940759420394897, 2.8003408908843994, 2.118204355239868, 0.9739592671394348, 2.27768611907959, 2.1098527908325195, 2.3331522941589355, 0.5955027341842651, 1.807446002960205, 1.248337984085083], [1.681882381439209, 2.7605276107788086, 2.135636329650879, 0.9801753759384155, 2.2749202251434326, 2.107940673828125, 2.312816619873047, 0.6018835306167603, 1.820407748222351, 1.2349931001663208], [1.6632968187332153, 2.72192120552063, 2.092400550842285, 0.9724547863006592, 2.2761831283569336, 2.08923602104187, 2.300576686859131, 0.6283090114593506, 1.787705659866333, 1.229522705078125], [1.6326669454574585, 2.684666633605957, 2.0805835723876953, 0.9643353819847107, 2.2651638984680176, 2.078247308731079, 2.281860828399658, 0.6327724456787109, 1.8066576719284058, 1.2157576084136963], [1.6349223852157593, 2.6524569988250732, 2.1258342266082764, 0.9301872253417969, 2.266716480255127, 2.087639093399048, 2.2821311950683594, 0.6368639469146729, 1.821956753730774, 1.1956722736358643], [1.620761752128601, 2.613905668258667, 2.123462677001953, 0.9186111688613892, 2.225886821746826, 2.087195873260498, 2.2657101154327393, 0.6294363737106323, 1.7937735319137573, 1.1585524082183838]],