{"eps": {"object_position": [[0.030625099316239357, -0.014056245796382427], [0.0010837884619832039, -0.09021338075399399], [0.016024474054574966, -0.1429588943719864], [0.010199942626059055, 0.06478507816791534], [-0.0020059284288436174, 0.049215711653232574], [-0.030895955860614777, -0.03167099878191948], [0.05625511705875397, 0.06382280588150024], [-0.07136358320713043, -0.007099913898855448], [0.042503565549850464, -0.002148884115740657], [0.01206678245216608, -0.060171790421009064]], "object_rotation": [2.2216663360595703, 1.8300226926803589, 1.1038967370986938, 1.0524958372116089, 1.4281498193740845, 2.031266212463379, 1.878056526184082, 3.533949613571167, 1.3136439323425293, 3.3906664848327637], "distractor_position": [-0.5476510524749756, -1.104591965675354, -0.7269774079322815, -0.8575097322463989, -0.11840450018644333, -1.30506232380867e-05, -0.42046383023262024, -0.4101129472255707, -0.6903247237205505, -0.523811936378479]}, "eps_trace": {"object_position": [[[0.020580902695655823, -0.013062587939202785], [-0.004234449937939644, -0.11262834072113037], [-0.010821560397744179, -0.1913311928510666], [-0.0018851365894079208, 0.07916371524333954], [0.0054886555299162865, 0.036256615072488785], [-0.057766400277614594, 0.01943841204047203], [0.06735290586948395, 0.09487852454185486], [-0.06216726452112198, -0.015696603804826736], [0.04805757850408554, -0.022712450474500656], [0.01440337486565113, -0.05997294932603836]], [[0.023334527388215065, -0.011576126329600811], [-0.013119325041770935, -0.09140175580978394], [-0.011173103004693985, -0.19195929169654846], [0.0013561982195824385, 0.07536584883928299], [0.0062763141468167305, 0.03245173767209053], [-0.05851420760154724, 0.01952573098242283], [0.0647301971912384, 0.08884906023740768], [-0.06098303198814392, -0.016043491661548615], [0.04479452222585678, -0.01442462857812643], [0.014911479316651821, -0.05999572202563286]], [[0.023297077044844627, -0.01186540350317955], [-0.01282521989196539, -0.08805069327354431], [-0.010132145136594772, -0.18553391098976135], [0.0004823029739782214, 0.07606852054595947], [0.006853580474853516, 0.03246624767780304], [-0.059788379818201065, 0.020030654966831207], [0.06474114209413528, 0.08888396620750427], [-0.06119135767221451, -0.014331873506307602], [0.04574182629585266, -0.013080261647701263], [0.015450214967131615, -0.06003259867429733]], [[0.0244294423609972, -0.010734516195952892], [-0.011869285255670547, -0.0921512097120285], [0.005211555399000645, -0.17258746922016144], [0.005630488973110914, 0.07037375867366791], [0.023326808586716652, 0.029741134494543076], [-0.055321674793958664, 0.020983081310987473], [0.06251754611730576, 0.08793357014656067], [-0.06134921684861183, -0.015462630428373814], [0.04959375038743019, -0.006592211313545704], [0.01613013818860054, -0.059650905430316925]], [[0.025859393179416656, -0.012398147955536842], [-0.0127920126542449, -0.0876302644610405], [-0.00996475201100111, -0.1681612879037857], [0.0055622863583266735, 0.07034990191459656], [0.023335827514529228, 0.0305105522274971], [-0.044363800436258316, 0.02296614646911621], [0.06354372948408127, 0.08787839859724045], [-0.060334399342536926, -0.015430464409291744], [0.045917727053165436, -0.008015168830752373], [0.016593866050243378, -0.058749906718730927]], [[0.02604958415031433, -0.012328390963375568], [-0.013715311884880066, -0.08577076345682144], [-0.016701549291610718, -0.16155782341957092], [0.0060570128262043, 0.06653366982936859], [0.018938139081001282, 0.029369112104177475], [-0.04705619439482689, 0.009440802969038486], [0.06801634281873703, 0.0754476934671402], [-0.08197599649429321, -0.0181170292198658], [0.04119599983096123, -0.00550500676035881], [0.009707385674118996, -0.06337875127792358]], [[0.024193890392780304, -0.013794922269880772], [-0.013021358288824558, -0.09501703083515167], [0.019280467182397842, -0.15285208821296692], [0.006187956780195236, 0.06516242027282715], [-0.0022254232317209244, 0.04885981231927872], [-0.047184914350509644, 0.007175257429480553], [0.06686010211706161, 0.07704523950815201], [-0.07880861312150955, -0.0168426726013422], [0.04019460082054138, -0.0007389001548290253], [0.010108490474522114, -0.06281088292598724]], [[0.023812903091311455, -0.012753193266689777], [-0.010285895317792892, -0.09549224376678467], [0.014858348295092583, -0.14582648873329163], [0.010780001059174538, 0.06927192211151123], [-0.0016992574092000723, 0.05312081426382065], [-0.046163514256477356, 0.00693466467782855], [0.06147732585668564, 0.0712246373295784], [-0.07773745805025101, -0.017879869788885117], [0.042349182069301605, -0.0031400013249367476], [0.011760549619793892, -0.06059869006276131]], [[0.030704142525792122, -0.01444972027093172], [-0.008929729461669922, -0.094420425593853], [0.016837749630212784, -0.1417558640241623], [0.00670032761991024, 0.06766502559185028], [-0.0019011353142559528, 0.053131140768527985], [-0.04609176516532898, -0.019242389127612114], [0.061146773397922516, 0.07124032825231552], [-0.0713258609175682, -0.00718433503061533], [0.04283415898680687, -0.0028698632959276438], [0.010667162947356701, -0.05898389220237732]], [[0.030625099316239357, -0.014056245796382427], [0.0010837884619832039, -0.09021338075399399], [0.016024474054574966, -0.1429588943719864], [0.010199942626059055, 0.06478507816791534], [-0.0020059284288436174, 0.049215711653232574], [-0.030895955860614777, -0.03167099878191948], [0.05625511705875397, 0.06382280588150024], [-0.07136358320713043, -0.007099913898855448], [0.042503565549850464, -0.002148884115740657], [0.01206678245216608, -0.060171790421009064]]], "object_rotation": [[2.2200162410736084, 1.834641695022583, 1.0778241157531738, 1.0170567035675049, 1.4538938999176025, 2.0315158367156982, 1.8871958255767822, 3.5410447120666504, 1.3101215362548828, 3.3844573497772217], [2.2215776443481445, 1.8413846492767334, 1.0785425901412964, 1.020085334777832, 1.4484301805496216, 2.031273365020752, 1.8902812004089355, 3.540210485458374, 1.3112833499908447, 3.384613037109375], [2.221301555633545, 1.8412593603134155, 1.075177550315857, 1.0222691297531128, 1.4483813047409058, 2.0342941284179688, 1.8903248310089111, 3.541062593460083, 1.3109034299850464, 3.3843131065368652], [2.2214443683624268, 1.8409477472305298, 1.0781246423721313, 1.02487051486969, 1.442025899887085, 2.033851146697998, 1.8851567506790161, 3.540964126586914, 1.3077573776245117, 3.3843653202056885], [2.223656177520752, 1.8395038843154907, 1.0823278427124023, 1.0246293544769287, 1.4423061609268188, 2.032277822494507, 1.8856937885284424, 3.541213274002075, 1.3089516162872314, 3.384061098098755], [2.223891019821167, 1.836151361465454, 1.0849536657333374, 1.0321489572525024, 1.4433777332305908, 2.037665605545044, 1.8741825819015503, 3.535815477371216, 1.3148289918899536, 3.3837435245513916], [2.224658966064453, 1.8386577367782593, 1.0907808542251587, 1.0349507331848145, 1.4217537641525269, 2.0424327850341797, 1.8744152784347534, 3.536583185195923, 1.3139021396636963, 3.384153127670288], [2.224181890487671, 1.836207628250122, 1.093947410583496, 1.0346646308898926, 1.418383240699768, 2.0432889461517334, 1.8707826137542725, 3.537123441696167, 1.31206214427948, 3.38577938079834], [2.2222015857696533, 1.8367383480072021, 1.105393886566162, 1.0553147792816162, 1.4183317422866821, 2.033135414123535, 1.8707616329193115, 3.5341920852661133, 1.3122245073318481, 3.3871607780456543], [2.2216663360595703, 1.8300226926803589, 1.1038967370986938, 1.0524958372116089, 1.4281498193740845, 2.031266212463379, 1.878056526184082, 3.533949613571167, 1.3136439323425293, 3.3906664848327637]],