{"eps": {"object_position": [[-0.25874361395835876, 0.11338763684034348], [-0.19476661086082458, -0.027149274945259094], [0.011164972558617592, 0.0012687444686889648], [0.012001429684460163, 0.08779673278331757], [0.004572100471705198, 0.03261866793036461], [0.2195178121328354, 0.18712380528450012], [0.07249924540519714, 0.11483919620513916], [-0.0621635802090168, -0.01723627932369709], [-0.1459217071533203, 0.04562263563275337], [-0.05547168105840683, 0.06431852281093597]], "object_rotation": [2.7809789180755615, 1.4196176528930664, 1.4413244724273682, 1.007934808731079, 1.4519075155258179, 2.3312630653381348, 1.886889934539795, 3.540210247039795, 0.9175148010253906, 3.1038713455200195], "distractor_position": [-0.635171115398407, -0.8260501027107239, -0.8401716351509094, -0.8647711873054504, -0.0783427357673645, -0.7102989554405212, -0.40204280614852905, -0.39740076661109924, -0.8117966651916504, -0.39202505350112915]}, "eps_trace": {"object_position": [[[-0.24308714270591736, -0.10871072113513947], [4.721998266177252e-05, -0.11380020529031754], [-0.014493510127067566, -0.1898861527442932], [0.012001429684460163, 0.08779673278331757], [0.004572100471705198, 0.03261866793036461], [-0.07081462442874908, 0.014212963171303272], [0.07249924540519714, 0.11483919620513916], [-0.0621635802090168, -0.01723627932369709], [0.048092130571603775, -0.022075574845075607], [0.07310300320386887, 0.047889117151498795]], [[-0.24308714270591736, -0.10871072113513947], [4.721998266177252e-05, -0.11380020529031754], [-0.014493510127067566, -0.1898861527442932], [0.012001429684460163, 0.08779673278331757], [0.004572100471705198, 0.03261866793036461], [-0.07081462442874908, 0.014212963171303272], [0.07249924540519714, 0.11483919620513916], [-0.0621635802090168, -0.01723627932369709], [0.048092130571603775, -0.022075574845075607], [0.07310300320386887, 0.047889117151498795]], [[-0.24308714270591736, -0.10871072113513947], [4.721998266177252e-05, -0.11380020529031754], [-0.014493510127067566, -0.1898861527442932], [0.012001429684460163, 0.08779673278331757], [0.004572100471705198, 0.03261866793036461], [0.2195178121328354, 0.18712380528450012], [0.07249924540519714, 0.11483919620513916], [-0.0621635802090168, -0.01723627932369709], [0.048092130571603775, -0.022075574845075607], [0.07310300320386887, 0.047889117151498795]], [[-0.24308714270591736, -0.10871072113513947], [4.721998266177252e-05, -0.11380020529031754], [-0.014493510127067566, -0.1898861527442932], [0.012001429684460163, 0.08779673278331757], [0.004572100471705198, 0.03261866793036461], [0.2195178121328354, 0.18712380528450012], [0.07249924540519714, 0.11483919620513916], [-0.0621635802090168, -0.01723627932369709], [0.048092130571603775, -0.022075574845075607], [0.07310300320386887, 0.047889117151498795]], [[-0.24308714270591736, -0.10871072113513947], [4.721998266177252e-05, -0.11380020529031754], [0.011164972558617592, 0.0012687444686889648], [0.012001429684460163, 0.08779673278331757], [0.004572100471705198, 0.03261866793036461], [0.2195178121328354, 0.18712380528450012], [0.07249924540519714, 0.11483919620513916], [-0.0621635802090168, -0.01723627932369709], [0.048092130571603775, -0.022075574845075607], [0.07310300320386887, 0.047889117151498795]], [[-0.24308714270591736, -0.10871072113513947], [4.721998266177252e-05, -0.11380020529031754], [0.011164972558617592, 0.0012687444686889648], [0.012001429684460163, 0.08779673278331757], [0.004572100471705198, 0.03261866793036461], [0.2195178121328354, 0.18712380528450012], [0.07249924540519714, 0.11483919620513916], [-0.0621635802090168, -0.01723627932369709], [0.048092130571603775, -0.022075574845075607], [0.07310300320386887, 0.047889117151498795]], [[-0.24308714270591736, -0.10871072113513947], [-0.013237726874649525, -0.1630299985408783], [0.011164972558617592, 0.0012687444686889648], [0.012001429684460163, 0.08779673278331757], [0.004572100471705198, 0.03261866793036461], [0.2195178121328354, 0.18712380528450012], [0.07249924540519714, 0.11483919620513916], [-0.0621635802090168, -0.01723627932369709], [-0.1459217071533203, 0.04562263563275337], [-0.05547168105840683, 0.06431852281093597]], [[0.058686763048172, 0.2039780467748642], [-0.013237726874649525, -0.1630299985408783], [0.011164972558617592, 0.0012687444686889648], [0.012001429684460163, 0.08779673278331757], [0.004572100471705198, 0.03261866793036461], [0.2195178121328354, 0.18712380528450012], [0.07249924540519714, 0.11483919620513916], [-0.0621635802090168, -0.01723627932369709], [-0.1459217071533203, 0.04562263563275337], [-0.05547168105840683, 0.06431852281093597]], [[-0.25874361395835876, 0.11338763684034348], [-0.013237726874649525, -0.1630299985408783], [0.011164972558617592, 0.0012687444686889648], [0.012001429684460163, 0.08779673278331757], [0.004572100471705198, 0.03261866793036461], [0.2195178121328354, 0.18712380528450012], [0.07249924540519714, 0.11483919620513916], [-0.0621635802090168, -0.01723627932369709], [-0.1459217071533203, 0.04562263563275337], [-0.05547168105840683, 0.06431852281093597]], [[-0.25874361395835876, 0.11338763684034348], [-0.19476661086082458, -0.027149274945259094], [0.011164972558617592, 0.0012687444686889648], [0.012001429684460163, 0.08779673278331757], [0.004572100471705198, 0.03261866793036461], [0.2195178121328354, 0.18712380528450012], [0.07249924540519714, 0.11483919620513916], [-0.0621635802090168, -0.01723627932369709], [-0.1459217071533203, 0.04562263563275337], [-0.05547168105840683, 0.06431852281093597]]], "object_rotation": [[2.2057764530181885, 1.8361133337020874, 1.0730390548706055, 1.007934808731079, 1.4519075155258179, 2.029174566268921, 1.886889934539795, 3.540210247039795, 1.3098117113113403, 2.778533935546875], [2.2057764530181885, 1.8361133337020874, 1.0730390548706055, 1.007934808731079, 1.4519075155258179, 2.029174566268921, 1.886889934539795, 3.540210247039795, 1.3098117113113403, 2.778533935546875], [2.2057764530181885, 1.8361133337020874, 1.0730390548706055, 1.007934808731079, 1.4519075155258179, 2.3312630653381348, 1.886889934539795, 3.540210247039795, 1.3098117113113403, 2.778533935546875], [2.2057764530181885, 1.8361133337020874, 1.0730390548706055, 1.007934808731079, 1.4519075155258179, 2.3312630653381348, 1.886889934539795, 3.540210247039795, 1.3098117113113403, 2.778533935546875], [2.2057764530181885, 1.8361133337020874, 1.4413244724273682, 1.007934808731079, 1.4519075155258179, 2.3312630653381348, 1.886889934539795, 3.540210247039795, 1.3098117113113403, 2.778533935546875], [2.2057764530181885, 1.8361133337020874, 1.4413244724273682, 1.007934808731079, 1.4519075155258179, 2.3312630653381348, 1.886889934539795, 3.540210247039795, 1.3098117113113403, 2.778533935546875], [2.2057764530181885, 1.9798258543014526, 1.4413244724273682, 1.007934808731079, 1.4519075155258179, 2.3312630653381348, 1.886889934539795, 3.540210247039795, 0.9175148010253906, 3.1038713455200195], [2.3705437183380127, 1.9798258543014526, 1.4413244724273682, 1.007934808731079, 1.4519075155258179, 2.3312630653381348, 1.886889934539795, 3.540210247039795, 0.9175148010253906, 3.1038713455200195], [2.7809789180755615, 1.9798258543014526, 1.4413244724273682, 1.007934808731079, 1.4519075155258179, 2.3312630653381348, 1.886889934539795, 3.540210247039795, 0.9175148010253906, 3.1038713455200195], [2.7809789180755615, 1.4196176528930664, 1.4413244724273682, 1.007934808731079, 1.4519075155258179, 2.3312630653381348, 1.886889934539795, 3.540210247039795, 0.9175148010253906, 3.1038713455200195]],