{"eps": {"object_position": [[0.004249490797519684, -0.05801497772336006], [-0.05531442165374756, 0.10923043638467789], [0.05535166710615158, -0.004745411220937967], [0.03887045755982399, -0.16659006476402283], [-0.09850674867630005, -0.024678433313965797], [0.00016170046001207083, 0.0003688716678880155], [-0.0013345377519726753, 0.0021321610547602177], [-0.04619833827018738, -0.023711208254098892], [0.02119521237909794, -0.058912280946969986], [-0.0008965068846009672, 0.0013837905135005713]], "object_rotation": [3.0220248699188232, 1.5046360492706299, 2.192354202270508, 2.367931604385376, 2.3223161697387695, 1.0207237005233765, 0.27130281925201416, 1.1480119228363037, 1.299996018409729, 3.270097494125366], "distractor_position": [-0.5005377531051636, -0.9500241875648499, -0.23605002462863922, -0.4437788724899292, -0.49706289172172546, -0.4357011318206787, -0.038449011743068695, 0.20781679451465607, -0.7092176675796509, -0.43498823046684265]}, "eps_trace": {"object_position": [[[-0.02239004150032997, -0.11163587868213654], [-0.004184133373200893, 0.10851405560970306], [0.08280245214700699, 0.014750084839761257], [0.030164949595928192, -0.1891360878944397], [-0.06336408108472824, -0.02352925017476082], [-0.04380431026220322, -0.013006985187530518], [-0.032672181725502014, 0.03533746674656868], [-0.006164124235510826, 0.009905449114739895], [0.030493086203932762, -0.07685736566781998], [-0.04537837952375412, -0.0016305798199027777]], [[-0.01681184023618698, -0.10405619442462921], [-0.008615761995315552, 0.11723573505878448], [0.07790671288967133, 0.01250571571290493], [0.029523393139243126, -0.1865576207637787], [-0.05980648472905159, -0.03280999884009361], [-0.03446336090564728, -0.009526371024549007], [-0.026847027242183685, 0.029115241020917892], [-0.011041069403290749, 0.005050913896411657], [0.031023548915982246, -0.06688953191041946], [-0.036618467420339584, -0.0012921455781906843]], [[-0.0117906853556633, -0.09701854735612869], [-0.012932272627949715, 0.10824418067932129], [0.08061837404966354, 0.0043106600642204285], [0.029735121876001358, -0.18652749061584473], [-0.06734268367290497, -0.02953261323273182], [-0.02713187038898468, -0.0027876286767423153], [-0.02127566933631897, 0.023264262825250626], [-0.01527453400194645, 0.003844569670036435], [0.02184908837080002, -0.06302055716514587], [-0.028042428195476532, 0.0014766466338187456]], [[-0.007602747529745102, -0.08815819025039673], [-0.017614416778087616, 0.11573353409767151], [0.07926588505506516, 0.00437990203499794], [0.03007439523935318, -0.18530425429344177], [-0.06516371667385101, -0.019859017804265022], [-0.017481740564107895, -0.0023145717568695545], [-0.016292419284582138, 0.017981959506869316], [-0.019015492871403694, 0.011728937737643719], [0.018614498898386955, -0.07232990860939026], [-0.020689640194177628, 0.001407752512022853]], [[-0.006025828421115875, -0.07869674265384674], [-0.02736353874206543, 0.11455272883176804], [0.07391560077667236, 0.003126485738903284], [0.029465222731232643, -0.18083535134792328], [-0.06655319035053253, -0.029595809057354927], [-0.008501841686666012, -0.001594417728483677], [-0.011908461339771748, 0.013382822275161743], [-0.02354937419295311, 0.006679991725832224], [0.02369099110364914, -0.0764988511800766], [-0.013937905430793762, 0.0008861133246682584]], [[-0.0009218361228704453, -0.07212097942829132], [-0.03640734404325485, 0.11202402412891388], [0.07054448127746582, 0.00170996377710253], [0.026155011728405952, -0.1750345230102539], [-0.07053219527006149, -0.023074792698025703], [-0.0018807356245815754, -0.00010694225784391165], [-0.008186385035514832, 0.00965102855116129], [-0.027506709098815918, 0.0029288260266184807], [0.022880401462316513, -0.06654820591211319], [-0.009572832845151424, 0.0011965164449065924]], [[0.0010053819278255105, -0.06266564875841141], [-0.03936421498656273, 0.1199231818318367], [0.06561961770057678, 0.00020409538410604], [0.02865518070757389, -0.17135128378868103], [-0.07928628474473953, -0.0278406273573637], [0.0002833784092217684, 0.00021341716637834907], [-0.005528394598513842, 0.006563893519341946], [-0.03368957340717316, -0.0035691577941179276], [0.015221863985061646, -0.07136021554470062], [-0.005729809403419495, 0.0009876067051663995]], [[0.0013648883905261755, -0.053770218044519424], [-0.043607763946056366, 0.11220276355743408], [0.06535758823156357, -0.0005151071236468852], [0.027464449405670166, -0.16155187785625458], [-0.08807165175676346, -0.032136183232069016], [0.0002625298220664263, 0.0007568862056359649], [-0.0035685664042830467, 0.004517941735684872], [-0.039391811937093735, -0.011355884373188019], [0.013850112445652485, -0.061596471816301346], [-0.0032235996332019567, 0.0005077995010651648]], [[0.001388857141137123, -0.05332423001527786], [-0.04819057881832123, 0.10334137827157974], [0.06214265897870064, -0.005403673276305199], [0.03557206690311432, -0.15719737112522125], [-0.09698163717985153, -0.03358623385429382], [0.00035035813925787807, 0.0011697231093421578], [-0.0022234665229916573, 0.0030955460388213396], [-0.03676057979464531, -0.020997850224375725], [0.014976775273680687, -0.05168205127120018], [-0.001724935951642692, 0.0006840554997324944]], [[0.004249490797519684, -0.05801497772336006], [-0.05531442165374756, 0.10923043638467789], [0.05535166710615158, -0.004745411220937967], [0.03887045755982399, -0.16659006476402283], [-0.09850674867630005, -0.024678433313965797], [0.00016170046001207083, 0.0003688716678880155], [-0.0013345377519726753, 0.0021321610547602177], [-0.04619833827018738, -0.023711208254098892], [0.02119521237909794, -0.058912280946969986], [-0.0008965068846009672, 0.0013837905135005713]]], "object_rotation": [[3.0421552658081055, 1.5286030769348145, 2.1860532760620117, 2.3633689880371094, 2.3449504375457764, 0.9664654731750488, 0.2177111953496933, 1.1236498355865479, 1.2941101789474487, 3.340836524963379], [3.0424180030822754, 1.5269184112548828, 2.1867198944091797, 2.363403558731079, 2.3449454307556152, 0.9672471284866333, 0.2215104103088379, 1.1260473728179932, 1.2935776710510254, 3.336026906967163], [3.040912628173828, 1.5272066593170166, 2.1910364627838135, 2.364006280899048, 2.339348554611206, 0.968155562877655, 0.22579246759414673, 1.1275829076766968, 1.2929527759552002, 3.331747531890869], [3.0394840240478516, 1.5225402116775513, 2.1911373138427734, 2.3645763397216797, 2.33821177482605, 0.9706483483314514, 0.23082390427589417, 1.1320090293884277, 1.2944384813308716, 3.32497239112854], [3.037045478820801, 1.5208642482757568, 2.1916861534118652, 2.3648922443389893, 2.3385446071624756, 0.9749342203140259, 0.23649349808692932, 1.135144591331482, 1.3018187284469604, 3.317732572555542], [3.0361270904541016, 1.5176677703857422, 2.19180965423584, 2.3648886680603027, 2.3332955837249756, 0.9820147752761841, 0.2427339106798172, 1.1400096416473389, 1.3012503385543823, 3.308741331100464], [3.0337376594543457, 1.512454628944397, 2.192290782928467, 2.365387201309204, 2.332873582839966, 0.9914383888244629, 0.2494824230670929, 1.1442550420761108, 1.304915428161621, 3.2995364665985107], [3.029744863510132, 1.5082112550735474, 2.1926279067993164, 2.3649299144744873, 2.330786943435669, 1.001163125038147, 0.2565951943397522, 1.1464438438415527, 1.3034963607788086, 3.289886713027954], [3.023627281188965, 1.5084362030029297, 2.1933867931365967, 2.3670260906219482, 2.3264846801757812, 1.0109459161758423, 0.26388972997665405, 1.1465554237365723, 1.3029824495315552, 3.280019521713257], [3.0220248699188232, 1.5046360492706299, 2.192354202270508, 2.367931604385376, 2.3223161697387695, 1.0207237005233765, 0.27130281925201416, 1.1480119228363037, 1.299996018409729, 3.270097494125366]],