{"eps": {"object_position": [[-0.09788650274276733, -0.04605058580636978], [0.028008967638015747, 0.04953758418560028], [-0.13780155777931213, -0.13326576352119446], [0.1987873911857605, -0.0076707229018211365], [-0.025194168090820312, 0.14360439777374268], [0.03829466179013252, 0.041814133524894714], [0.002005096524953842, 0.06071629375219345], [0.02854248881340027, -0.19769224524497986], [-0.30408138036727905, 0.029323957860469818], [-0.027615845203399658, 0.01017482578754425]], "object_rotation": [2.454427719116211, 1.5247342586517334, 1.353790044784546, 1.2446050643920898, 1.3326534032821655, 2.3067619800567627, 1.8548853397369385, 3.4156625270843506, 0.9417078495025635, 3.0392026901245117], "distractor_position": [-0.7588748335838318, -1.1468335390090942, -0.5310238599777222, -1.1669118404388428, -0.3253905773162842, -0.36095595359802246, -0.4252769947052002, -0.5965316295623779, -0.643114447593689, -0.21417194604873657]}, "eps_trace": {"object_position": [[[-0.06723742187023163, -0.041306328028440475], [4.721998266177252e-05, -0.11380020529031754], [-0.00981137715280056, 0.11511227488517761], [0.012001429684460163, 0.08779673278331757], [0.004572100471705198, 0.03261866793036461], [-0.07081462442874908, 0.014212963171303272], [-0.0400448814034462, -0.05914361774921417], [-0.08480039983987808, 0.0350877046585083], [0.048092130571603775, -0.022075574845075607], [0.03019869700074196, -0.017444271594285965]], [[-0.06723742187023163, -0.041306328028440475], [-0.15456949174404144, 0.17089241743087769], [0.15824654698371887, 0.18093657493591309], [-0.158964604139328, 0.17316842079162598], [-0.025194168090820312, 0.14360439777374268], [-0.07081462442874908, 0.014212963171303272], [-0.0400448814034462, -0.05914361774921417], [-0.1949208825826645, 0.06825493276119232], [0.048092130571603775, -0.022075574845075607], [-0.15100999176502228, -0.06288952380418777]], [[-0.08269739151000977, -0.07393153011798859], [-0.15456949174404144, 0.17089241743087769], [-0.10784244537353516, 0.06770457327365875], [-0.043602876365184784, -0.04254633188247681], [-0.025194168090820312, 0.14360439777374268], [0.030155546963214874, 0.06637699902057648], [-0.0400448814034462, -0.05914361774921417], [-0.1949208825826645, 0.06825493276119232], [0.048092130571603775, -0.022075574845075607], [0.14741678535938263, -0.0005075894296169281]], [[-0.08269739151000977, -0.07393153011798859], [-0.15456949174404144, 0.17089241743087769], [-0.17304296791553497, 0.018607303500175476], [-0.043602876365184784, -0.04254633188247681], [-0.025194168090820312, 0.14360439777374268], [0.11523209512233734, 0.056256603449583054], [-0.0400448814034462, -0.05914361774921417], [-0.1949208825826645, 0.06825493276119232], [0.048092130571603775, -0.022075574845075607], [0.14741678535938263, -0.0005075894296169281]], [[-0.08269739151000977, -0.07393153011798859], [-0.15456949174404144, 0.17089241743087769], [-0.17304296791553497, 0.018607303500175476], [0.19423115253448486, 0.01470724493265152], [-0.025194168090820312, 0.14360439777374268], [-0.02740059792995453, -0.07529550790786743], [0.002005096524953842, 0.06071629375219345], [0.006002828478813171, -0.09804405272006989], [0.048092130571603775, -0.022075574845075607], [0.14741678535938263, -0.0005075894296169281]], [[-0.0942295640707016, -0.11624333262443542], [-0.1600847691297531, 0.1572229564189911], [-0.17304296791553497, 0.018607303500175476], [0.26571860909461975, 0.060498617589473724], [-0.025194168090820312, 0.14360439777374268], [-0.16864341497421265, 0.06114956736564636], [0.002005096524953842, 0.06071629375219345], [0.006002828478813171, -0.09804405272006989], [0.01233191043138504, -0.14306403696537018], [0.1142583042383194, 0.17439205944538116]], [[-0.0942295640707016, -0.11624333262443542], [-0.1663026660680771, 0.15042470395565033], [-0.17304296791553497, 0.018607303500175476], [0.26571860909461975, 0.060498617589473724], [-0.025194168090820312, 0.14360439777374268], [-0.0018072426319122314, -0.07690398395061493], [0.002005096524953842, 0.06071629375219345], [-0.260092556476593, -0.06817425787448883], [-0.04718417674303055, -0.11203978955745697], [0.06931566447019577, 0.17065399885177612]], [[-0.0025534778833389282, -0.009838908910751343], [-0.1663026660680771, 0.15042470395565033], [-0.17304296791553497, 0.018607303500175476], [0.26571860909461975, 0.060498617589473724], [-0.025194168090820312, 0.14360439777374268], [-0.0018072426319122314, -0.07690398395061493], [0.002005096524953842, 0.06071629375219345], [0.02854248881340027, -0.19769224524497986], [-0.04718417674303055, -0.11203978955745697], [0.06931566447019577, 0.17065399885177612]], [[-0.09788650274276733, -0.04605058580636978], [0.07976225018501282, -0.0013982057571411133], [-0.17304296791553497, 0.018607303500175476], [0.1987873911857605, -0.0076707229018211365], [-0.025194168090820312, 0.14360439777374268], [0.03829466179013252, 0.041814133524894714], [0.002005096524953842, 0.06071629375219345], [0.02854248881340027, -0.19769224524497986], [0.03073333203792572, -0.0026302263140678406], [0.06931566447019577, 0.17065399885177612]], [[-0.09788650274276733, -0.04605058580636978], [0.028008967638015747, 0.04953758418560028], [-0.13780155777931213, -0.13326576352119446], [0.1987873911857605, -0.0076707229018211365], [-0.025194168090820312, 0.14360439777374268], [0.03829466179013252, 0.041814133524894714], [0.002005096524953842, 0.06071629375219345], [0.02854248881340027, -0.19769224524497986], [-0.30408138036727905, 0.029323957860469818], [-0.027615845203399658, 0.01017482578754425]]], "object_rotation": [[2.216810703277588, 1.8361133337020874, 1.1622319221496582, 1.007934808731079, 1.4519075155258179, 2.029174566268921, 1.8829509019851685, 3.3706164360046387, 1.3098117113113403, 3.188478946685791], [2.216810703277588, 1.96189546585083, 1.2537391185760498, 1.198100209236145, 1.3326534032821655, 2.029174566268921, 1.8829509019851685, 3.1033828258514404, 1.3098117113113403, 3.151562213897705], [2.1939010620117188, 1.96189546585083, 1.2685892581939697, 1.244728922843933, 1.3326534032821655, 2.127633810043335, 1.8829509019851685, 3.1033828258514404, 1.3098117113113403, 3.2094931602478027], [2.1939010620117188, 1.96189546585083, 1.3086280822753906, 1.244728922843933, 1.3326534032821655, 2.098562240600586, 1.8829509019851685, 3.1033828258514404, 1.3098117113113403, 3.2094931602478027], [2.1939010620117188, 1.96189546585083, 1.3086280822753906, 1.645218014717102, 1.3326534032821655, 2.176048994064331, 1.8548853397369385, 3.3234033584594727, 1.3098117113113403, 3.2094931602478027], [2.2817041873931885, 1.7176930904388428, 1.3086280822753906, 1.5574246644973755, 1.3326534032821655, 2.3071513175964355, 1.8548853397369385, 3.3234033584594727, 1.3630616664886475, 3.161437749862671], [2.2817041873931885, 1.7587933540344238, 1.3086280822753906, 1.5574246644973755, 1.3326534032821655, 2.248948812484741, 1.8548853397369385, 3.4338722229003906, 1.239875316619873, 3.2634389400482178], [2.3286662101745605, 1.7587933540344238, 1.3086280822753906, 1.5574246644973755, 1.3326534032821655, 2.248948812484741, 1.8548853397369385, 3.4156625270843506, 1.239875316619873, 3.2634389400482178], [2.454427719116211, 1.7032941579818726, 1.3086280822753906, 1.2446050643920898, 1.3326534032821655, 2.3067619800567627, 1.8548853397369385, 3.4156625270843506, 1.0696141719818115, 3.2634389400482178], [2.454427719116211, 1.5247342586517334, 1.353790044784546, 1.2446050643920898, 1.3326534032821655, 2.3067619800567627, 1.8548853397369385, 3.4156625270843506, 0.9417078495025635, 3.0392026901245117]],