{"eps": {"object_position": [[-0.028680386021733284, -0.11881596595048904], [0.00094041065312922, 0.11529548466205597], [0.08297686278820038, 0.01281338557600975], [0.03014265187084675, -0.1836889088153839], [-0.062141142785549164, -0.0113895358517766], [-0.04518277943134308, -0.015410801395773888], [-0.03784641623497009, 0.0378626324236393], [0.0007386069046333432, 0.006685162894427776], [0.034631747752428055, -0.07875167578458786], [-0.05282501131296158, -0.0020279004238545895]], "object_rotation": [3.0425729751586914, 1.5287891626358032, 2.1845874786376953, 2.3612160682678223, 2.343147039413452, 0.9685361385345459, 0.21625082194805145, 1.125649094581604, 1.2930519580841064, 3.345548629760742], "distractor_position": [-0.5349693894386292, -0.9599881768226624, -0.24792692065238953, -0.3810284435749054, -0.5039715766906738, -0.4252292513847351, 0.0123142683878541, 0.2065785676240921, -0.7165610194206238, -0.4328078329563141]}, "eps_trace": {"object_position": [[[-0.02889392524957657, -0.11867880821228027], [0.0020612813532352448, 0.11627929657697678], [0.08334241807460785, 0.014483562670648098], [0.02970077469944954, -0.18734316527843475], [-0.06196125969290733, -0.013440604321658611], [-0.053290050476789474, -0.01633581332862377], [-0.038761235773563385, 0.04088576138019562], [-0.00031673285411670804, 0.007659774739295244], [0.035104937851428986, -0.08086920529603958], [-0.05439366400241852, -0.0013214831706136465]], [[-0.028750533238053322, -0.11895764619112015], [0.0019813254475593567, 0.11634189635515213], [0.08293621242046356, 0.014398161321878433], [0.028790108859539032, -0.18623855710029602], [-0.06197701767086983, -0.013501969166100025], [-0.053247708827257156, -0.016365956515073776], [-0.038712140172719955, 0.04086756333708763], [-0.0003230516449548304, 0.007656957488507032], [0.03506820276379585, -0.08085079491138458], [-0.054371099919080734, -0.0013241334818303585]], [[-0.028964806348085403, -0.1194135770201683], [0.0019521492067724466, 0.11593277007341385], [0.0829434022307396, 0.014407340437173843], [0.028747722506523132, -0.1858752816915512], [-0.06202090531587601, -0.013536897487938404], [-0.0531875379383564, -0.016345825046300888], [-0.038585465401411057, 0.040784768760204315], [-0.00029816696769557893, 0.007696034386754036], [0.03505588695406914, -0.08082518726587296], [-0.05458735302090645, -0.0013139534275978804]], [[-0.028941567987203598, -0.11943060159683228], [0.0016393407713621855, 0.11581874638795853], [0.08324524760246277, 0.01464623212814331], [0.028844397515058517, -0.18573111295700073], [-0.06200295686721802, -0.013523301109671593], [-0.04584565758705139, -0.015619790181517601], [-0.03859870508313179, 0.04077518731355667], [8.8695582235232e-05, 0.007542070467025042], [0.03486994653940201, -0.08002329617738724], [-0.05457660183310509, -0.0013333187671378255]], [[-0.02929016202688217, -0.11969281733036041], [0.0005739259067922831, 0.11570487916469574], [0.08357612043619156, 0.013927863910794258], [0.029203835874795914, -0.18555201590061188], [-0.06196948513388634, -0.013520829379558563], [-0.04493507370352745, -0.015413827262818813], [-0.03857637569308281, 0.04081684350967407], [8.207836071960628e-05, 0.007540343329310417], [0.03465013951063156, -0.08005620539188385], [-0.05367118865251541, -0.0008052128250710666]], [[-0.029257791116833687, -0.11983354389667511], [0.00034837870043702424, 0.1156928613781929], [0.08317717164754868, 0.013959208503365517], [0.029149433597922325, -0.18555481731891632], [-0.06223514303565025, -0.013361380435526371], [-0.04493607208132744, -0.015415368601679802], [-0.038575395941734314, 0.04080857336521149], [4.721337973023765e-05, 0.007595650851726532], [0.035446569323539734, -0.07964876294136047], [-0.053673334419727325, -0.0007584545528516173]], [[-0.02917502261698246, -0.1187174916267395], [0.000723729026503861, 0.11545230448246002], [0.08300898224115372, 0.012968519702553749], [0.02908814512193203, -0.18551164865493774], [-0.061726853251457214, -0.012095818296074867], [-0.044926539063453674, -0.01533006876707077], [-0.0385223813354969, 0.03779670223593712], [0.000404547929065302, 0.007420714944601059], [0.03510960936546326, -0.07901149243116379], [-0.0535547137260437, -0.0004942397936247289]], [[-0.028993194922804832, -0.1187238022685051], [0.0009381541749462485, 0.11529210209846497], [0.08301103115081787, 0.012746249325573444], [0.029378850013017654, -0.18538205325603485], [-0.06251686066389084, -0.010822822339832783], [-0.04501040652394295, -0.014958315528929234], [-0.03836875408887863, 0.037602536380290985], [0.0003860312863253057, 0.007418239023536444], [0.034893911331892014, -0.07887278497219086], [-0.053645335137844086, -0.000604950007982552]], [[-0.029106492176651955, -0.11858755350112915], [0.0009385186713188887, 0.11529866605997086], [0.08300689607858658, 0.012742937542498112], [0.02954140119254589, -0.1852046400308609], [-0.06233568489551544, -0.012058119289577007], [-0.04496460780501366, -0.015173494815826416], [-0.0383530855178833, 0.0375945158302784], [0.0007331307278946042, 0.006700705271214247], [0.034734077751636505, -0.07858739048242569], [-0.052921898663043976, -0.0019681956619024277]], [[-0.028680386021733284, -0.11881596595048904], [0.00094041065312922, 0.11529548466205597], [0.08297686278820038, 0.01281338557600975], [0.03014265187084675, -0.1836889088153839], [-0.062141142785549164, -0.0113895358517766], [-0.04518277943134308, -0.015410801395773888], [-0.03784641623497009, 0.0378626324236393], [0.0007386069046333432, 0.006685162894427776], [0.034631747752428055, -0.07875167578458786], [-0.05282501131296158, -0.0020279004238545895]]], "object_rotation": [[3.0427157878875732, 1.5281734466552734, 2.1855227947235107, 2.362595796585083, 2.3459486961364746, 0.9659690856933594, 0.2154141068458557, 1.1231532096862793, 1.2940400838851929, 3.3451051712036133], [3.0427322387695312, 1.5280075073242188, 2.1856255531311035, 2.3612680435180664, 2.34616756439209, 0.9661158919334412, 0.21538950502872467, 1.123130440711975, 1.2940685749053955, 3.3450803756713867], [3.0423648357391357, 1.5281704664230347, 2.185593843460083, 2.3607845306396484, 2.346107006072998, 0.9662204384803772, 0.21543388068675995, 1.1231515407562256, 1.294034481048584, 3.3449954986572266], [3.042327880859375, 1.5282909870147705, 2.185141086578369, 2.3608884811401367, 2.346071243286133, 0.9683364033699036, 0.21542231738567352, 1.1246901750564575, 1.2947269678115845, 3.344982147216797], [3.043018102645874, 1.5279852151870728, 2.1843223571777344, 2.360823631286621, 2.3460516929626465, 0.9682886600494385, 0.215448260307312, 1.1246861219406128, 1.2946786880493164, 3.345026731491089], [3.0427451133728027, 1.5281665325164795, 2.184419870376587, 2.3607873916625977, 2.346034526824951, 0.9682888388633728, 0.21550482511520386, 1.1247247457504272, 1.2937341928482056, 3.345034599304199], [3.042567491531372, 1.5282756090164185, 2.1844167709350586, 2.3607401847839355, 2.3461813926696777, 0.9682693481445312, 0.21605153381824493, 1.1251968145370483, 1.2935928106307983, 3.345196008682251], [3.0424325466156006, 1.5284518003463745, 2.1844873428344727, 2.360934019088745, 2.3449323177337646, 0.9681174159049988, 0.21635162830352783, 1.125174641609192, 1.2936757802963257, 3.3452937602996826], [3.042701244354248, 1.5287878513336182, 2.184589147567749, 2.3610572814941406, 2.343860626220703, 0.9684107303619385, 0.21632684767246246, 1.1256450414657593, 1.2933378219604492, 3.345331907272339], [3.0425729751586914, 1.5287891626358032, 2.1845874786376953, 2.3612160682678223, 2.343147039413452, 0.9685361385345459, 0.21625082194805145, 1.125649094581604, 1.2930519580841064, 3.345548629760742]],