{"eps": {"object_position": [[0.025219911709427834, -0.017896566540002823], [0.00033879594411700964, -0.10948863625526428], [-0.012175159528851509, -0.18541033565998077], [0.013132095336914062, 0.08314799517393112], [0.004808941390365362, 0.033647239208221436], [-0.06719943135976791, 0.010114428587257862], [0.06951111555099487, 0.10968301445245743], [-0.06332144886255264, -0.01633020117878914], [0.049565643072128296, -0.01842481456696987], [0.01268891803920269, -0.06104202941060066]], "object_rotation": [2.225853204727173, 1.83524751663208, 1.07596755027771, 1.0127218961715698, 1.4507405757904053, 2.0296196937561035, 1.884665608406067, 3.539484977722168, 1.3080027103424072, 3.384674310684204], "distractor_position": [-0.5595998764038086, -1.1327166557312012, -0.693839967250824, -0.8645095825195312, -0.08284692466259003, 0.001125711016356945, -0.40480905771255493, -0.3985276222229004, -0.6768186092376709, -0.5336588025093079]}, "eps_trace": {"object_position": [[[0.02482377178966999, -0.017680704593658447], [-0.0003809469926636666, -0.11368301510810852], [-0.014126314781606197, -0.19003064930438995], [0.010612772777676582, 0.086933434009552], [0.004663756117224693, 0.03298246115446091], [-0.06950980424880981, 0.014735507778823376], [0.07198461145162582, 0.11284312605857849], [-0.06216394901275635, -0.01708231121301651], [0.0480886772274971, -0.022139262408018112], [0.013285950757563114, -0.06050928682088852]], [[0.024990886449813843, -0.017590492963790894], [-0.001207498018629849, -0.11170832812786102], [-0.014164062216877937, -0.1900980919599533], [0.010802363976836205, 0.08671128749847412], [0.0047431266866624355, 0.03259905427694321], [-0.06961486488580704, 0.01474777515977621], [0.07141361385583878, 0.11153043806552887], [-0.062050361186265945, -0.017115583643317223], [0.04774521663784981, -0.021266909316182137], [0.013339840807020664, -0.06051170080900192]], [[0.024990595877170563, -0.01759273186326027], [-0.0011672083055600524, -0.11124926060438156], [-0.01409378182142973, -0.18966428935527802], [0.010739884339272976, 0.08676152676343918], [0.0048332237638533115, 0.03260131925344467], [-0.06957283616065979, 0.014731118455529213], [0.07136658579111099, 0.11138042062520981], [-0.062070298939943314, -0.01695176400244236], [0.04794026166200638, -0.02099010907113552], [0.013401386328041553, -0.06051591411232948]], [[0.024997957050800323, -0.017585380002856255], [-0.0012928361538797617, -0.11071037501096725], [-0.012425534427165985, -0.18825668096542358], [0.011389682069420815, 0.08604273945093155], [0.00656965421512723, 0.03231406584382057], [-0.06914132833480835, 0.014823127537965775], [0.07064366340637207, 0.11107143759727478], [-0.06208657845854759, -0.017068378627300262], [0.0484735332429409, -0.020091885700821877], [0.013483142480254173, -0.06047001853585243]], [[0.025098104029893875, -0.01770189218223095], [-0.001398027059622109, -0.11019498854875565], [-0.014661576598882675, -0.18760453164577484], [0.011395605280995369, 0.0860448107123375], [0.006570402067154646, 0.032377876341342926], [-0.06788372993469238, 0.015050717629492283], [0.07014325261116028, 0.11109834164381027], [-0.061976559460163116, -0.017064891755580902], [0.050118692219257355, -0.019455058500170708], [0.013525172136723995, -0.06038835644721985]], [[0.02500024065375328, -0.01773778535425663], [-0.0014327982207760215, -0.11012496054172516], [-0.015369025059044361, -0.18691109120845795], [0.011473272927105427, 0.08544569462537766], [0.006182671524584293, 0.03227723762392998], [-0.0680711641907692, 0.014109121635556221], [0.07041089236736298, 0.11035449802875519], [-0.06405381858348846, -0.017322760075330734], [0.05022807419300079, -0.01951320841908455], [0.012408560141921043, -0.061138901859521866]], [[0.024732958525419235, -0.017949014902114868], [-0.001442126464098692, -0.11000066995620728], [-0.012219800613820553, -0.18614915013313293], [0.011534128338098526, 0.08480841666460037], [0.00478336401283741, 0.0335659384727478], [-0.06811075657606125, 0.013412224128842354], [0.07043243944644928, 0.11032472550868988], [-0.0639975443482399, -0.017300119623541832], [0.04993768781423569, -0.01813112571835518], [0.012499666772782803, -0.06100991740822792]], [[0.024710411205887794, -0.01788736693561077], [-0.0008831007871776819, -0.11009778827428818], [-0.012426494620740414, -0.1858207732439041], [0.011650944128632545, 0.08491295576095581], [0.00488303555175662, 0.034373100847005844], [-0.06834224611520767, 0.013466752134263515], [0.07001309841871262, 0.1098712757229805], [-0.06391847133636475, -0.017376689240336418], [0.049792032688856125, -0.017968805506825447], [0.012562457472085953, -0.060925837606191635]], [[0.02524447627365589, -0.018018845468759537], [-0.0006243432871997356, -0.10989328473806381], [-0.012359540909528732, -0.18568308651447296], [0.011202167719602585, 0.08473619073629379], [0.00482844328507781, 0.03437589481472969], [-0.06833560764789581, 0.01104370504617691], [0.06964673846960068, 0.10988866537809372], [-0.06330850720405579, -0.016359172761440277], [0.04944514483213425, -0.01816202513873577], [0.012576562352478504, -0.060946669429540634]], [[0.025219911709427834, -0.017896566540002823], [0.00033879594411700964, -0.10948863625526428], [-0.012175159528851509, -0.18541033565998077], [0.013132095336914062, 0.08314799517393112], [0.004808941390365362, 0.033647239208221436], [-0.06719943135976791, 0.010114428587257862], [0.06951111555099487, 0.10968301445245743], [-0.06332144886255264, -0.01633020117878914], [0.049565643072128296, -0.01842481456696987], [0.01268891803920269, -0.06104202941060066]]], "object_rotation": [[2.2259631156921387, 1.8359662294387817, 1.0735175609588623, 1.0088469982147217, 1.4521061182022095, 2.0294086933135986, 1.8869205713272095, 3.5402936935424805, 1.3098427057266235, 3.3843469619750977], [2.226057767868042, 1.836593508720398, 1.0735946893692017, 1.0090241432189941, 1.4515554904937744, 2.029374599456787, 1.8875923156738281, 3.5402135848999023, 1.3099650144577026, 3.3843634128570557], [2.22605562210083, 1.8365763425827026, 1.0733674764633179, 1.0091803073883057, 1.4515478610992432, 2.0292749404907227, 1.8874047994613647, 3.540295124053955, 1.3098868131637573, 3.384329080581665], [2.2260565757751465, 1.836617350578308, 1.0736879110336304, 1.0095086097717285, 1.4508779048919678, 2.0292322635650635, 1.8857245445251465, 3.5402848720550537, 1.3094512224197388, 3.3843352794647217], [2.2262115478515625, 1.8364527225494385, 1.0743072032928467, 1.0095295906066895, 1.4509011507034302, 2.0290517807006836, 1.8854626417160034, 3.540311813354492, 1.3089168071746826, 3.384307622909546], [2.226090669631958, 1.8363264799118042, 1.0745829343795776, 1.0107101202011108, 1.450995683670044, 2.0294268131256104, 1.884773850440979, 3.5397937297821045, 1.3087806701660156, 3.38425612449646], [2.226201295852661, 1.8362927436828613, 1.0750929117202759, 1.012012243270874, 1.4495658874511719, 2.030893325805664, 1.8847695589065552, 3.5398073196411133, 1.3085118532180786, 3.3843491077423096], [2.226173162460327, 1.835792064666748, 1.075240969657898, 1.0120049715042114, 1.448927402496338, 2.0306992530822754, 1.8844865560531616, 3.5398471355438232, 1.30863618850708, 3.384410858154297], [2.2260196208953857, 1.8358933925628662, 1.0756281614303589, 1.0142765045166016, 1.4489134550094604, 2.029759407043457, 1.8844633102416992, 3.5395681858062744, 1.3085200786590576, 3.3843929767608643], [2.225853204727173, 1.83524751663208, 1.07596755027771, 1.0127218961715698, 1.4507405757904053, 2.0296196937561035, 1.884665608406067, 3.539484977722168, 1.3080027103424072, 3.384674310684204]],