{"eps": {"object_position": [[-0.005104534327983856, 0.020478270947933197], [0.07486139237880707, 0.06507422029972076], [0.19008170068264008, 0.02542126551270485], [-0.038009703159332275, 0.20849622786045074], [0.05045414716005325, -0.043772317469120026], [-0.045161083340644836, 0.0036053285002708435], [-0.03876570239663124, 0.04178474470973015], [-0.057398200035095215, -0.07022804021835327], [0.0167694091796875, -0.09415720403194427], [-0.05536555498838425, 0.03444690257310867]], "object_rotation": [3.5113813877105713, 1.5368492603302002, 1.7853591442108154, 2.9302475452423096, 2.3172008991241455, 0.44933152198791504, 0.21436846256256104, 0.6661920547485352, 1.20500910282135, 3.8123974800109863], "distractor_position": [-0.34079062938690186, -0.7154171466827393, -0.4924832582473755, -0.8556363582611084, -0.39284035563468933, -0.41636067628860474, 0.01379483938217163, -0.2705002427101135, -0.7516705393791199, -0.1811233013868332]}, "eps_trace": {"object_position": [[[-0.029091879725456238, -0.11895976215600967], [0.002229010919108987, 0.1161126121878624], [0.08363332599401474, 0.014312639832496643], [0.029696185141801834, -0.18734681606292725], [-0.061942677944898605, -0.013817940838634968], [-0.05314295366406441, -0.01650015078485012], [-0.03876570239663124, 0.04178474470973015], [0.09158780425786972, -0.07818637788295746], [-0.1509787142276764, -0.0009182244539260864], [-0.054440777748823166, -0.0018072841921821237]], [[-0.029091879725456238, -0.11895976215600967], [0.25757884979248047, 0.06399258971214294], [-0.11113273352384567, 0.09796179085969925], [0.030406184494495392, -0.20881310105323792], [0.03211965039372444, 0.009606008417904377], [0.09047664701938629, -0.01474606804549694], [-0.03876570239663124, 0.04178474470973015], [0.05893997848033905, 0.004602253437042236], [-0.08409809321165085, -0.11253129690885544], [-0.054440777748823166, -0.0018072841921821237]], [[-0.029091879725456238, -0.11895976215600967], [0.25757884979248047, 0.06399258971214294], [-0.07343769073486328, 0.14063255488872528], [-0.0594826340675354, -0.09924031794071198], [0.03211965039372444, 0.009606008417904377], [-0.05039018392562866, 0.02971709333360195], [-0.03876570239663124, 0.04178474470973015], [0.05893997848033905, 0.004602253437042236], [0.15283748507499695, -0.05535675957798958], [-0.054440777748823166, -0.0018072841921821237]], [[-0.029091879725456238, -0.11895976215600967], [0.19756168127059937, -0.028202354907989502], [0.15168148279190063, 0.04521428048610687], [0.0010400265455245972, -0.12237267196178436], [0.03211965039372444, 0.009606008417904377], [-0.05039018392562866, 0.02971709333360195], [-0.03876570239663124, 0.04178474470973015], [0.13858002424240112, -0.032282356172800064], [0.15283748507499695, -0.05535675957798958], [-0.05686783790588379, -0.1024680882692337]], [[-0.032613471150398254, -0.11888524889945984], [0.19756168127059937, -0.028202354907989502], [0.15168148279190063, 0.04521428048610687], [-0.008890350349247456, 0.09871402382850647], [0.07449202239513397, 0.15212152898311615], [-0.05039018392562866, 0.02971709333360195], [-0.03876570239663124, 0.04178474470973015], [0.13858002424240112, -0.032282356172800064], [0.15283748507499695, -0.05535675957798958], [-0.10938069224357605, -0.1362629234790802]], [[0.056566208600997925, -0.05606428533792496], [0.24127914011478424, 0.22209298610687256], [0.15168148279190063, 0.04521428048610687], [-0.008890350349247456, 0.09871402382850647], [0.0357951745390892, 0.06707999110221863], [-0.08210553228855133, -0.09094051271677017], [-0.03876570239663124, 0.04178474470973015], [0.16003094613552094, -0.040482401847839355], [0.15283748507499695, -0.05535675957798958], [-0.16497306525707245, -0.12986959517002106]], [[0.056566208600997925, -0.05606428533792496], [0.24127914011478424, 0.22209298610687256], [0.15168148279190063, 0.04521428048610687], [-0.008890350349247456, 0.09871402382850647], [0.0357951745390892, 0.06707999110221863], [-0.08210553228855133, -0.09094051271677017], [-0.03876570239663124, 0.04178474470973015], [-0.025493770837783813, -0.2206396907567978], [0.0167694091796875, -0.09415720403194427], [-0.16497306525707245, -0.12986959517002106]], [[-0.005104534327983856, 0.020478270947933197], [0.07486139237880707, 0.06507422029972076], [0.15168148279190063, 0.04521428048610687], [-0.14653705060482025, 0.09194479137659073], [0.0357951745390892, 0.06707999110221863], [-0.08210553228855133, -0.09094051271677017], [-0.03876570239663124, 0.04178474470973015], [0.07628181576728821, -0.1245332881808281], [0.0167694091796875, -0.09415720403194427], [-0.13730530440807343, 0.019503921270370483]], [[-0.005104534327983856, 0.020478270947933197], [0.07486139237880707, 0.06507422029972076], [0.25596562027931213, 0.010509561747312546], [-0.038009703159332275, 0.20849622786045074], [0.05045414716005325, -0.043772317469120026], [-0.045161083340644836, 0.0036053285002708435], [-0.03876570239663124, 0.04178474470973015], [-0.057398200035095215, -0.07022804021835327], [0.0167694091796875, -0.09415720403194427], [-0.05536555498838425, 0.03444690257310867]], [[-0.005104534327983856, 0.020478270947933197], [0.07486139237880707, 0.06507422029972076], [0.19008170068264008, 0.02542126551270485], [-0.038009703159332275, 0.20849622786045074], [0.05045414716005325, -0.043772317469120026], [-0.045161083340644836, 0.0036053285002708435], [-0.03876570239663124, 0.04178474470973015], [-0.057398200035095215, -0.07022804021835327], [0.0167694091796875, -0.09415720403194427], [-0.05536555498838425, 0.03444690257310867]]], "object_rotation": [[3.042548179626465, 1.5280267000198364, 2.1857800483703613, 2.3626368045806885, 2.3459134101867676, 0.9657036662101746, 0.21436846256256104, 1.0039174556732178, 1.258817195892334, 3.345048427581787], [3.042548179626465, 1.645430326461792, 1.9904457330703735, 2.442769765853882, 2.4176735877990723, 0.8178667426109314, 0.21436846256256104, 0.9074609279632568, 1.205151081085205, 3.345048427581787], [3.042548179626465, 1.645430326461792, 1.9701926708221436, 2.4286584854125977, 2.4176735877990723, 0.690192699432373, 0.21436846256256104, 0.9074609279632568, 1.3170405626296997, 3.345048427581787], [3.042548179626465, 1.55259370803833, 2.041203498840332, 2.3229241371154785, 2.4176735877990723, 0.690192699432373, 0.21436846256256104, 0.9183642268180847, 1.3170405626296997, 3.377119779586792], [3.3328280448913574, 1.55259370803833, 2.041203498840332, 2.125915288925171, 2.479647159576416, 0.690192699432373, 0.21436846256256104, 0.9183642268180847, 1.3170405626296997, 3.3623909950256348], [3.4186384677886963, 1.6703346967697144, 2.041203498840332, 2.125915288925171, 2.268200159072876, 0.6658376455307007, 0.21436846256256104, 0.8376753330230713, 1.3170405626296997, 3.421436309814453], [3.4186384677886963, 1.6703346967697144, 2.041203498840332, 2.125915288925171, 2.268200159072876, 0.6658376455307007, 0.21436846256256104, 0.92249596118927, 1.20500910282135, 3.421436309814453], [3.5113813877105713, 1.5368492603302002, 2.041203498840332, 2.5103793144226074, 2.268200159072876, 0.6658376455307007, 0.21436846256256104, 0.8661044239997864, 1.20500910282135, 3.4815542697906494], [3.5113813877105713, 1.5368492603302002, 2.0053067207336426, 2.9302475452423096, 2.3172008991241455, 0.44933152198791504, 0.21436846256256104, 0.6661920547485352, 1.20500910282135, 3.8123974800109863], [3.5113813877105713, 1.5368492603302002, 1.7853591442108154, 2.9302475452423096, 2.3172008991241455, 0.44933152198791504, 0.21436846256256104, 0.6661920547485352, 1.20500910282135, 3.8123974800109863]],