{"eps": {"drone_state": [[-10.017455101013184, 0.056298524141311646, 1.0170217752456665, -0.03337017074227333], [-9.885493278503418, -0.09612977504730225, 1.0107104778289795, -0.0035251211374998093], [-9.97436809539795, 0.060489676892757416, 1.0461649894714355, -0.0035190358757972717], [-10.150765419006348, 0.023206982761621475, 0.9645581841468811, -0.030923986807465553], [-10.066544532775879, 0.25071024894714355, 1.0114964246749878, -0.048096634447574615]], "tree_locations": [[[-3.0189342498779297, -3.8650524616241455], [-3.935333490371704, -0.6731783151626587], [-6.916378974914551, -3.477402925491333], [-6.792790412902832, -1.0843769311904907], [-5.091856002807617, -1.0910513401031494]], [[-3.604996681213379, -0.020160868763923645], [-7.314975738525391, -0.683663547039032], [-2.0828959941864014, 2.648108720779419], [-1.6487754583358765, -2.338339328765869], [-6.386889457702637, 2.454450845718384]], [[-2.794664144515991, -1.699195146560669], [-5.089634895324707, -3.25966739654541], [-6.646239280700684, 3.513666868209839], [-7.194468975067139, -1.8384872674942017], [-7.962085723876953, -3.2429840564727783]], [[-6.832746505737305, 0.7812211513519287], [-3.1854794025421143, 3.553074598312378], [-4.750677585601807, -3.539937734603882], [-3.7185356616973877, 1.518383264541626], [-1.4818834066390991, 2.6940813064575195]], [[-3.1227993965148926, 1.1692293882369995], [-6.0177717208862305, -3.8568356037139893], [-4.642751693725586, -2.399407386779785], [-5.9371018409729, 3.1246917247772217], [-3.7146406173706055, 1.7682605981826782]]], "tree_velocities": [[[0.0015111002139747143, 0.06325036287307739], [0.41473719477653503, 0.5550324320793152], [-0.4450360834598541, 0.029763784259557724], [0.4114159643650055, 0.10578445345163345], [-0.4126756489276886, 0.3837246298789978]], [[0.21256616711616516, 0.04695064574480057], [0.3158029317855835, 0.22636181116104126], [0.380195677280426, -0.06892821192741394], [-0.15191632509231567, -0.3102473020553589], [0.4510367512702942, 0.1457720398902893]], [[0.352160781621933, -0.0026714354753494263], [-0.43072953820228577, 0.1338958591222763], [-0.19675922393798828, 0.2384783774614334], [-0.3313177227973938, -0.28770166635513306], [0.29975107312202454, -0.24513742327690125]], [[0.012923378497362137, 0.13661111891269684], [-0.12868940830230713, 0.19713908433914185], [0.30148905515670776, -0.2891733646392822], [0.34586894512176514, -0.2778610289096832], [0.5489287972450256, 0.1764642894268036]], [[0.18992504477500916, 0.31014877557754517], [-0.10866078734397888, 0.08295129984617233], [0.26135456562042236, -0.2147044688463211], [-0.12096267938613892, 0.0852179229259491], [0.5971384644508362, -0.15518732368946075]]], "wind_speed": [[-0.10875916481018066, 0.04403895512223244], [0.09965641051530838, -0.031557515263557434], [-0.01137225329875946, -0.12268441915512085], [0.026265114545822144, -0.05246106535196304], [0.06326291710138321, -0.04368685930967331]]}, "eps_trace": {"drone_state": [[[-10.116838455200195, -0.07758686691522598, 0.9907955527305603, 0.1475830376148224], [-10.015544891357422, 0.08824340254068375, 0.9557095170021057, -0.06359320878982544], [-9.900554656982422, 0.014644313603639603, 1.1615307331085205, -0.034152042120695114], [-10.072293281555176, 0.02341114915907383, 1.0360881090164185, -0.03871418535709381], [-9.886049270629883, 0.18646492063999176, 0.981942892074585, -0.012553103268146515]], [[-10.075742721557617, -0.011308649554848671, 1.001209020614624, 0.044230200350284576], [-10.015544891357422, 0.08824340254068375, 0.9557095170021057, -0.06359320878982544], [-9.969152450561523, -0.04435978829860687, 1.0714620351791382, 0.017789065837860107], [-10.082484245300293, 0.05807163566350937, 1.050558090209961, 0.0026741214096546173], [-9.876089096069336, 0.19736024737358093, 0.9669225811958313, -0.03440007194876671]], [[-10.067023277282715, -0.0128932511433959, 1.0306570529937744, 0.0636448785662651], [-9.93930721282959, -0.08640526235103607, 0.9740715622901917, 0.02431962825357914], [-9.958765029907227, 0.01846197247505188, 1.0238703489303589, -0.05115017294883728], [-10.056893348693848, 0.05444318801164627, 0.9720739126205444, 0.004750434774905443], [-10.027948379516602, 0.16345562040805817, 0.9343991279602051, -0.04553668946027756]], [[-10.083958625793457, 0.041133034974336624, 0.9445569515228271, 0.02561110630631447], [-9.917028427124023, -0.02960142493247986, 0.9377562403678894, -0.002794272266328335], [-9.97436809539795, 0.060489676892757416, 1.0461649894714355, -0.0035190358757972717], [-10.128107070922852, 0.07853937149047852, 0.982197105884552, -0.041457053273916245], [-10.027948379516602, 0.16345562040805817, 0.9343991279602051, -0.04553668946027756]], [[-10.017455101013184, 0.056298524141311646, 1.0170217752456665, -0.03337017074227333], [-9.885493278503418, -0.09612977504730225, 1.0107104778289795, -0.0035251211374998093], [-9.97436809539795, 0.060489676892757416, 1.0461649894714355, -0.0035190358757972717], [-10.150765419006348, 0.023206982761621475, 0.9645581841468811, -0.030923986807465553], [-10.066544532775879, 0.25071024894714355, 1.0114964246749878, -0.048096634447574615]]],