{"eps": {"object_position": [[0.04556615278124809, 0.13065779209136963], [-0.007023244630545378, 0.03748876228928566], [-0.018468104302883148, -0.17479479312896729], [0.07455994188785553, -0.13397212326526642], [0.043202467262744904, -0.049526095390319824]], "object_rotation": [1.9711779356002808, 1.6675528287887573, 0.3789083957672119, 1.3282710313796997, 1.742154598236084], "distractor_position": [-0.23538106679916382, 0.6702172756195068, -1.093787431716919, 0.109142005443573, -1.3581116199493408]}, "eps_trace": {"object_position": [[[0.04556615278124809, 0.13065779209136963], [-0.007023244630545378, 0.03748876228928566], [-0.018468104302883148, -0.17479479312896729], [0.07455994188785553, -0.13397212326526642], [0.043202467262744904, -0.049526095390319824]], [[0.04556615278124809, 0.13065779209136963], [-0.007023244630545378, 0.03748876228928566], [-0.018468104302883148, -0.17479479312896729], [0.07455994188785553, -0.13397212326526642], [0.043202467262744904, -0.049526095390319824]], [[0.04556615278124809, 0.13065779209136963], [-0.007023244630545378, 0.03748876228928566], [-0.018468104302883148, -0.17479479312896729], [0.07455994188785553, -0.13397212326526642], [0.043202467262744904, -0.049526095390319824]], [[0.04556615278124809, 0.13065779209136963], [-0.007023244630545378, 0.03748876228928566], [-0.018468104302883148, -0.17479479312896729], [0.07455994188785553, -0.13397212326526642], [0.043202467262744904, -0.049526095390319824]], [[0.04556615278124809, 0.13065779209136963], [-0.007023244630545378, 0.03748876228928566], [-0.018468104302883148, -0.17479479312896729], [0.07455994188785553, -0.13397212326526642], [0.043202467262744904, -0.049526095390319824]], [[0.04556615278124809, 0.13065779209136963], [-0.007023244630545378, 0.03748876228928566], [-0.018468104302883148, -0.17479479312896729], [0.07455994188785553, -0.13397212326526642], [0.043202467262744904, -0.049526095390319824]], [[0.04556615278124809, 0.13065779209136963], [-0.007023244630545378, 0.03748876228928566], [-0.018468104302883148, -0.17479479312896729], [0.07455994188785553, -0.13397212326526642], [0.043202467262744904, -0.049526095390319824]], [[0.04556615278124809, 0.13065779209136963], [-0.007023244630545378, 0.03748876228928566], [-0.018468104302883148, -0.17479479312896729], [0.07455994188785553, -0.13397212326526642], [0.043202467262744904, -0.049526095390319824]], [[0.04556615278124809, 0.13065779209136963], [-0.007023244630545378, 0.03748876228928566], [-0.018468104302883148, -0.17479479312896729], [0.07455994188785553, -0.13397212326526642], [0.043202467262744904, -0.049526095390319824]], [[0.04556615278124809, 0.13065779209136963], [-0.007023244630545378, 0.03748876228928566], [-0.018468104302883148, -0.17479479312896729], [0.07455994188785553, -0.13397212326526642], [0.043202467262744904, -0.049526095390319824]], [[0.04556615278124809, 0.13065779209136963], [-0.007023244630545378, 0.03748876228928566], [-0.018468104302883148, -0.17479479312896729], [0.07455994188785553, -0.13397212326526642], [0.043202467262744904, -0.049526095390319824]], [[0.04556615278124809, 0.13065779209136963], [-0.007023244630545378, 0.03748876228928566], [-0.018468104302883148, -0.17479479312896729], [0.07455994188785553, -0.13397212326526642], [0.043202467262744904, -0.049526095390319824]], [[0.04556615278124809, 0.13065779209136963], [-0.007023244630545378, 0.03748876228928566], [-0.018468104302883148, -0.17479479312896729], [0.07455994188785553, -0.13397212326526642], [0.043202467262744904, -0.049526095390319824]], [[0.04556615278124809, 0.13065779209136963], [-0.007023244630545378, 0.03748876228928566], [-0.018468104302883148, -0.17479479312896729], [0.07455994188785553, -0.13397212326526642], [0.043202467262744904, -0.049526095390319824]], [[0.04556615278124809, 0.13065779209136963], [-0.007023244630545378, 0.03748876228928566], [-0.018468104302883148, -0.17479479312896729], [0.07455994188785553, -0.13397212326526642], [0.043202467262744904, -0.049526095390319824]], [[0.04556615278124809, 0.13065779209136963], [-0.007023244630545378, 0.03748876228928566], [-0.018468104302883148, -0.17479479312896729], [0.07455994188785553, -0.13397212326526642], [0.043202467262744904, -0.049526095390319824]], [[0.04556615278124809, 0.13065779209136963], [-0.007023244630545378, 0.03748876228928566], [-0.018468104302883148, -0.17479479312896729], [0.07455994188785553, -0.13397212326526642], [0.043202467262744904, -0.049526095390319824]], [[0.04556615278124809, 0.13065779209136963], [-0.007023244630545378, 0.03748876228928566], [-0.018468104302883148, -0.17479479312896729], [0.07455994188785553, -0.13397212326526642], [0.043202467262744904, -0.049526095390319824]], [[0.04556615278124809, 0.13065779209136963], [-0.007023244630545378, 0.03748876228928566], [-0.018468104302883148, -0.17479479312896729], [0.07455994188785553, -0.13397212326526642], [0.043202467262744904, -0.049526095390319824]], [[0.04556615278124809, 0.13065779209136963], [-0.007023244630545378, 0.03748876228928566], [-0.018468104302883148, -0.17479479312896729], [0.07455994188785553, -0.13397212326526642], [0.043202467262744904, -0.049526095390319824]], [[0.04556615278124809, 0.13065779209136963], [-0.007023244630545378, 0.03748876228928566], [-0.018468104302883148, -0.17479479312896729], [0.07455994188785553, -0.13397212326526642], [0.043202467262744904, -0.049526095390319824]], [[0.04556615278124809, 0.13065779209136963], [-0.007023244630545378, 0.03748876228928566], [-0.018468104302883148, -0.17479479312896729], [0.07455994188785553, -0.13397212326526642], [0.043202467262744904, -0.049526095390319824]], [[0.04556615278124809, 0.13065779209136963], [-0.007023244630545378, 0.03748876228928566], [-0.018468104302883148, -0.17479479312896729], [0.07455994188785553, -0.13397212326526642], [0.043202467262744904, -0.049526095390319824]], [[0.04556615278124809, 0.13065779209136963], [-0.007023244630545378, 0.03748876228928566], [-0.018468104302883148, -0.17479479312896729], [0.07455994188785553, -0.13397212326526642], [0.043202467262744904, -0.049526095390319824]], [[0.04556615278124809, 0.13065779209136963], [-0.007023244630545378, 0.03748876228928566], [-0.018468104302883148, -0.17479479312896729], [0.07455994188785553, -0.13397212326526642], [0.043202467262744904, -0.049526095390319824]]],