{"eps": {"object_position": [[0.046631719917058945, -0.000428729341365397], [-0.020679941400885582, -0.07848451286554337], [-0.11770465224981308, -0.03215816989541054], [0.03811214864253998, -0.041570983827114105], [-0.01801886036992073, -0.02935033105313778]], "object_rotation": [1.3528547286987305, 0.9540238380432129, 2.774397850036621, 1.0969651937484741, 0.9238592982292175], "distractor_position": [-1.2506721019744873, 0.10007370263338089, -1.1277984380722046, -1.4677292108535767, -0.875436007976532]}, "eps_trace": {"object_position": [[[0.05016963183879852, 0.00205153226852417], [-0.020998699590563774, -0.08025549352169037], [-0.12415322661399841, -0.03368591144680977], [0.038506150245666504, -0.04397875443100929], [-0.02184664085507393, -0.03158503770828247]], [[0.050165805965662, 0.0018883277662098408], [-0.021151602268218994, -0.08023444563150406], [-0.12421431392431259, -0.03333917260169983], [0.038594260811805725, -0.04394456371665001], [-0.021818043664097786, -0.03158591315150261]], [[0.04998059198260307, 0.00189425447024405], [-0.021111708134412766, -0.08027862012386322], [-0.12418651580810547, -0.03326600417494774], [0.03865975886583328, -0.04384094476699829], [-0.021818021312355995, -0.03156702592968941]], [[0.049927517771720886, 0.0019145876867696643], [-0.020811136811971664, -0.08085447549819946], [-0.12404204905033112, -0.032836247235536575], [0.038658082485198975, -0.04383670166134834], [-0.021815726533532143, -0.031569868326187134]], [[0.05010663717985153, 0.001648181350901723], [-0.020976120606064796, -0.08046456426382065], [-0.12351756542921066, -0.0328819714486599], [0.038811128586530685, -0.04375378414988518], [-0.021490253508090973, -0.031441718339920044]], [[0.050157371908426285, 0.0015690699219703674], [-0.02096659317612648, -0.08047229051589966], [-0.12346888333559036, -0.032924994826316833], [0.038811687380075455, -0.043754030019044876], [-0.021444832906126976, -0.0313732735812664]], [[0.047872237861156464, 0.0005168673815205693], [-0.02095307968556881, -0.08046315610408783], [-0.12337877601385117, -0.03269825503230095], [0.03881823644042015, -0.043746013194322586], [-0.02132422663271427, -0.030889835208654404]], [[0.047866642475128174, 0.000514344428665936], [-0.020945120602846146, -0.08039262145757675], [-0.12297406792640686, -0.03265978395938873], [0.03874913230538368, -0.04348831623792648], [-0.02129179798066616, -0.030787667259573936]], [[0.04823002591729164, 0.0007275700918398798], [-0.02096272073686123, -0.08038321137428284], [-0.12278508394956589, -0.032647863030433655], [0.03876122832298279, -0.04320725426077843], [-0.021206844598054886, -0.030840115621685982]], [[0.04824497178196907, 0.0007430814439430833], [-0.02097325399518013, -0.08038613945245743], [-0.1227630004286766, -0.03264547511935234], [0.03865451365709305, -0.04319828003644943], [-0.021209105849266052, -0.03083745948970318]], [[0.04781869798898697, 0.0009119602618739009], [-0.021598951891064644, -0.07954726368188858], [-0.12261444330215454, -0.03325815498828888], [0.03843160718679428, -0.043069299310445786], [-0.021170509979128838, -0.03080075792968273]], [[0.04766540229320526, 0.0008954172371886671], [-0.02156475931406021, -0.07943794876337051], [-0.12242959439754486, -0.03327544778585434], [0.03817309811711311, -0.04278060048818588], [-0.021178996190428734, -0.030779387801885605]], [[0.047569844871759415, 0.0010831088293343782], [-0.02158045768737793, -0.07929886877536774], [-0.12221995741128922, -0.033416371792554855], [0.038422923535108566, -0.042577531188726425], [-0.021141434088349342, -0.030778884887695312]], [[0.04704560711979866, 0.0006909206276759505], [-0.021602965891361237, -0.0792713388800621], [-0.12138615548610687, -0.03370244801044464], [0.038432128727436066, -0.04259108006954193], [-0.02029559016227722, -0.03145167976617813]], [[0.04707571864128113, 0.0006860690773464739], [-0.02172808162868023, -0.07895916700363159], [-0.12126515805721283, -0.03377849981188774], [0.03804735466837883, -0.04261649772524834], [-0.019906871020793915, -0.030990729108452797]], [[0.047150325030088425, 0.000428413855843246], [-0.02161308564245701, -0.07872114330530167], [-0.12114942073822021, -0.03305640071630478], [0.037892065942287445, -0.042659129947423935], [-0.019836634397506714, -0.03101358190178871]], [[0.047054748982191086, 0.00045251112896949053], [-0.021453630179166794, -0.07876591384410858], [-0.12111355364322662, -0.03310230001807213], [0.037916239351034164, -0.04254790022969246], [-0.019618399441242218, -0.0311589352786541]], [[0.04704242944717407, 0.000390065077226609], [-0.02128182351589203, -0.07888911664485931], [-0.1211768314242363, -0.032916270196437836], [0.03781898692250252, -0.042518217116594315], [-0.01931055821478367, -0.031169285997748375]], [[0.0470273457467556, 0.00035964397829957306], [-0.02133362740278244, -0.07884420454502106], [-0.12113112956285477, -0.03289206698536873], [0.037883494049310684, -0.042505789548158646], [-0.01927139051258564, -0.031110435724258423]], [[0.046922918409109116, -0.00015338105731643736], [-0.02145461179316044, -0.07864535599946976], [-0.11841482669115067, -0.03240880370140076], [0.03798290342092514, -0.041772983968257904], [-0.019421294331550598, -0.03063456155359745]], [[0.0468277707695961, -0.00011900761455763131], [-0.02121194638311863, -0.07873258739709854], [-0.11826727539300919, -0.032338548451662064], [0.03797994554042816, -0.04178088530898094], [-0.019007788971066475, -0.03013729490339756]], [[0.04655670002102852, -0.0003612868604250252], [-0.020854759961366653, -0.07879041135311127], [-0.1182708889245987, -0.03234473615884781], [0.03841043636202812, -0.04167455807328224], [-0.019022025167942047, -0.030036283656954765]], [[0.04651544243097305, -0.0003999728651251644], [-0.020658444613218307, -0.07858408987522125], [-0.11796846240758896, -0.032095830887556076], [0.038555875420570374, -0.04162194952368736], [-0.01903373748064041, -0.029987957328557968]], [[0.04661638289690018, -0.0003374173538759351], [-0.020648490637540817, -0.07851254194974899], [-0.11790783703327179, -0.032099708914756775], [0.03817540407180786, -0.04146548733115196], [-0.018990512937307358, -0.03000025451183319]], [[0.046631719917058945, -0.000428729341365397], [-0.020679941400885582, -0.07848451286554337], [-0.11770465224981308, -0.03215816989541054], [0.03811214864253998, -0.041570983827114105], [-0.01801886036992073, -0.02935033105313778]]],