{"eps": {"object_position": [[0.04666633903980255, -0.000335574964992702], [-0.02067204751074314, -0.07862722873687744], [-0.11765500158071518, -0.03211669251322746], [0.0381280779838562, -0.04155014455318451], [-0.018008098006248474, -0.02935297042131424]], "object_rotation": [1.3528677225112915, 0.9540777206420898, 2.7743444442749023, 1.0969759225845337, 0.9238930344581604], "distractor_position": [-1.2506370544433594, 0.1003795638680458, -1.127742886543274, -1.467728853225708, -0.8754376173019409]}, "eps_trace": {"object_position": [[[0.05017079785466194, 0.0020522994454950094], [-0.020986424759030342, -0.08027417957782745], [-0.12414716929197311, -0.033680327236652374], [0.038506489247083664, -0.04397851973772049], [-0.021836163476109505, -0.03159395232796669]], [[0.05016707256436348, 0.0018934436375275254], [-0.02113351598381996, -0.08025393635034561], [-0.12420952320098877, -0.0333264097571373], [0.03859780356287956, -0.04394308850169182], [-0.021805835887789726, -0.03159487992525101]], [[0.049978844821453094, 0.0018994668498635292], [-0.021103311330080032, -0.0802873820066452], [-0.12418243288993835, -0.03325510770082474], [0.03866340592503548, -0.043839309364557266], [-0.021805811673402786, -0.031574711203575134]], [[0.049925629049539566, 0.0019198543159291148], [-0.020693464204669, -0.081072598695755], [-0.12403455376625061, -0.03281521052122116], [0.03866356611251831, -0.0438397154211998], [-0.021803315728902817, -0.03157780319452286]], [[0.05010583624243736, 0.0016518274787813425], [-0.020861275494098663, -0.08067600429058075], [-0.12350363284349442, -0.03286149352788925], [0.038828566670417786, -0.043750323355197906], [-0.021482005715370178, -0.03145129233598709]], [[0.05015759915113449, 0.0015711123123764992], [-0.02086026594042778, -0.08067682385444641], [-0.12345116585493088, -0.032907865941524506], [0.03883324936032295, -0.04375237971544266], [-0.02143777348101139, -0.03138463944196701]], [[0.04787832126021385, 0.0005216051358729601], [-0.020844783633947372, -0.08066636323928833], [-0.12335899472236633, -0.032675933092832565], [0.03884107992053032, -0.04374279826879501], [-0.021319540217518806, -0.030910713598132133]], [[0.04787237197160721, 0.0005189216462895274], [-0.02083655819296837, -0.08059346675872803], [-0.12294173985719681, -0.03263626992702484], [0.038771338760852814, -0.04348272085189819], [-0.0212872214615345, -0.030808893963694572]], [[0.04824628308415413, 0.0007383241900242865], [-0.02085135318338871, -0.0805855542421341], [-0.12274899333715439, -0.03262411430478096], [0.03878353163599968, -0.04319944977760315], [-0.021203696727752686, -0.03086046129465103]], [[0.04826263710856438, 0.0007552965544164181], [-0.02085702307522297, -0.08058713376522064], [-0.122726209461689, -0.03262165188789368], [0.03867025300860405, -0.043189920485019684], [-0.021206190809607506, -0.03085753321647644]], [[0.047845155000686646, 0.0009206912945955992], [-0.021505432203412056, -0.07971780747175217], [-0.12257970124483109, -0.0332258939743042], [0.038440026342868805, -0.043056704103946686], [-0.021164249628782272, -0.030817650258541107]], [[0.04770645126700401, 0.0009057228453457355], [-0.021465690806508064, -0.07959076017141342], [-0.1223929300904274, -0.033243365585803986], [0.038180556148290634, -0.042766932398080826], [-0.021171439439058304, -0.030799543485045433]], [[0.04760989919304848, 0.0010953615419566631], [-0.021479260176420212, -0.07947054505348206], [-0.12217812985181808, -0.03338775783777237], [0.03843273967504501, -0.04256194457411766], [-0.02112816460430622, -0.030798964202404022]], [[0.04710780829191208, 0.0007197431405074894], [-0.021518778055906296, -0.07942221313714981], [-0.12135343253612518, -0.033670708537101746], [0.03844141587615013, -0.04257471114397049], [-0.020293600857257843, -0.031462784856557846]], [[0.04713161289691925, 0.0007159075466915965], [-0.021658610552549362, -0.07907332479953766], [-0.12122829258441925, -0.03374936059117317], [0.038052041083574295, -0.04260043427348137], [-0.01990140601992607, -0.030997712165117264]], [[0.04720301181077957, 0.00046932557597756386], [-0.02155178226530552, -0.07885220646858215], [-0.12110964208841324, -0.03300908952951431], [0.03789161518216133, -0.042644474655389786], [-0.01983352191746235, -0.031019799411296844]], [[0.047097984701395035, 0.0004958052304573357], [-0.021390074864029884, -0.07889761030673981], [-0.12107325345277786, -0.03305565565824509], [0.0379149354994297, -0.04253716766834259], [-0.01961948536336422, -0.031162356957793236]], [[0.047087348997592926, 0.0004418831958901137], [-0.02123192511498928, -0.07901102304458618], [-0.12113412469625473, -0.032876692712306976], [0.037822216749191284, -0.042508870363235474], [-0.019314561039209366, -0.031172608956694603]], [[0.04706748202443123, 0.0004018160980194807], [-0.021280931308865547, -0.07896853238344193], [-0.12108850479125977, -0.03285253047943115], [0.037893377244472504, -0.042495161294937134], [-0.01927623711526394, -0.031115027144551277]], [[0.04696964845061302, -7.881232886575162e-05], [-0.02138560824096203, -0.07879648357629776], [-0.11837512254714966, -0.032369788736104965], [0.03799361363053322, -0.041756246238946915], [-0.01942678913474083, -0.030637092888355255]], [[0.04686443880200386, -4.080353392055258e-05], [-0.021162506192922592, -0.07887668162584305], [-0.11822130531072617, -0.032296549528837204], [0.03799082338809967, -0.04176370054483414], [-0.01901058852672577, -0.030136583372950554]], [[0.04660310968756676, -0.0002743760705925524], [-0.020832648500800133, -0.0789300799369812], [-0.1182248592376709, -0.03230263292789459], [0.038425955921411514, -0.04165622591972351], [-0.019023681059479713, -0.03004368022084236]], [[0.04656679555773735, -0.00030842877458781004], [-0.020646480843424797, -0.07873442023992538], [-0.11792213469743729, -0.03205347806215286], [0.03857514634728432, -0.04160226136445999], [-0.019033709540963173, -0.030002297833561897]], [[0.04665282368659973, -0.0002551146608311683], [-0.02063603326678276, -0.07865932583808899], [-0.11786112934350967, -0.03205738216638565], [0.03819143772125244, -0.04144446924328804], [-0.01899522729218006, -0.030013246461749077]], [[0.04666633903980255, -0.000335574964992702], [-0.02067204751074314, -0.07862722873687744], [-0.11765500158071518, -0.03211669251322746], [0.0381280779838562, -0.04155014455318451], [-0.018008098006248474, -0.02935297042131424]]],