{"eps": {"object_position": [[0.04505488649010658, 0.12460947781801224], [-0.009635570459067822, 0.03285183757543564], [-0.01582685485482216, -0.1587410420179367], [0.06771345436573029, -0.1289622038602829], [0.04027947783470154, -0.04489389806985855]], "object_rotation": [2.170473337173462, 1.7136026620864868, 0.13584499061107635, 1.2080490589141846, 1.8281134366989136], "distractor_position": [-0.23636171221733093, 0.6664367318153381, -1.0919419527053833, 0.10609149187803268, -1.3598629236221313]}, "eps_trace": {"object_position": [[[0.04559370130300522, 0.13065044581890106], [-0.006946060340851545, 0.0377090647816658], [-0.018538741394877434, -0.17468999326229095], [0.07342557609081268, -0.1336950659751892], [0.04332961142063141, -0.04931683465838432]], [[0.04526875168085098, 0.13022831082344055], [-0.006862094160169363, 0.03757723793387413], [-0.018719036132097244, -0.1743181198835373], [0.07339850813150406, -0.13370542228221893], [0.04328332096338272, -0.04925742372870445]], [[0.04502218961715698, 0.1301329880952835], [-0.006878654006868601, 0.03756603226065636], [-0.01893494464457035, -0.17267492413520813], [0.07216405123472214, -0.1329047679901123], [0.042996685951948166, -0.04907716065645218]], [[0.04538312554359436, 0.12985113263130188], [-0.006920543499290943, 0.037430621683597565], [-0.018942469730973244, -0.17265233397483826], [0.07191383838653564, -0.13193649053573608], [0.04295649752020836, -0.04898464307188988]], [[0.04515894129872322, 0.1297275274991989], [-0.007260176353156567, 0.0375361442565918], [-0.018742850050330162, -0.17250582575798035], [0.07191959768533707, -0.13193611800670624], [0.04296864569187164, -0.04895053803920746]], [[0.0449628047645092, 0.12956036627292633], [-0.007308582775294781, 0.037545278668403625], [-0.018807977437973022, -0.17249251902103424], [0.07141844928264618, -0.13155050575733185], [0.04295492172241211, -0.04891612380743027]], [[0.04515800625085831, 0.12937667965888977], [-0.0071676005609333515, 0.03685077279806137], [-0.01899891160428524, -0.17253410816192627], [0.07135745882987976, -0.1315329521894455], [0.04293447360396385, -0.048902902752161026]], [[0.04540695622563362, 0.1292220950126648], [-0.007124701980501413, 0.03686368837952614], [-0.019159989431500435, -0.17246483266353607], [0.071279376745224, -0.13152046501636505], [0.042377907782793045, -0.04926072433590889]], [[0.04535701125860214, 0.12877348065376282], [-0.0071159955114126205, 0.036876413971185684], [-0.019221734255552292, -0.1723213493824005], [0.07109588384628296, -0.1315433531999588], [0.04225520044565201, -0.04924985021352768]], [[0.04523075371980667, 0.12875688076019287], [-0.007252930197864771, 0.03698975220322609], [-0.019801326096057892, -0.16986408829689026], [0.0710873007774353, -0.13148905336856842], [0.04214709624648094, -0.04927128553390503]], [[0.04524116590619087, 0.1287570595741272], [-0.007250914350152016, 0.03698867931962013], [-0.01939159259200096, -0.16952325403690338], [0.07145186513662338, -0.13056570291519165], [0.042147230356931686, -0.04927278310060501]], [[0.04519519582390785, 0.12876056134700775], [-0.007560563273727894, 0.03630157932639122], [-0.01912064477801323, -0.169162318110466], [0.0715688019990921, -0.13024120032787323], [0.042156193405389786, -0.04607431963086128]], [[0.0451558455824852, 0.12871204316616058], [-0.0075196814723312855, 0.036282576620578766], [-0.019581204280257225, -0.16821038722991943], [0.0715753585100174, -0.13020654022693634], [0.04211069643497467, -0.046096306294202805]], [[0.04528608173131943, 0.1280691921710968], [-0.007521029096096754, 0.03628424182534218], [-0.019337428733706474, -0.16679777204990387], [0.07153748720884323, -0.13018521666526794], [0.04162360355257988, -0.0454665943980217]], [[0.04528113082051277, 0.12804950773715973], [-0.007634307257831097, 0.03619637340307236], [-0.019236411899328232, -0.16676265001296997], [0.07163406908512115, -0.12971432507038116], [0.041601356118917465, -0.0454525388777256]], [[0.04519324377179146, 0.12798577547073364], [-0.007654727436602116, 0.036231596022844315], [-0.019104253500699997, -0.16563768684864044], [0.06970591843128204, -0.1290808469057083], [0.04180503264069557, -0.0453113317489624]], [[0.0451887845993042, 0.12797901034355164], [-0.007727531716227531, 0.03352491185069084], [-0.019201483577489853, -0.16536714136600494], [0.0697435513138771, -0.1290425807237625], [0.04180389270186424, -0.04530462250113487]], [[0.0450802780687809, 0.12773799896240234], [-0.008488471619784832, 0.03375500440597534], [-0.01956113800406456, -0.165390744805336], [0.0698045939207077, -0.12879018485546112], [0.04096503555774689, -0.04547271877527237]], [[0.045017316937446594, 0.12768742442131042], [-0.008480465039610863, 0.033748142421245575], [-0.019563540816307068, -0.1653774380683899], [0.06953245401382446, -0.12873587012290955], [0.04074417054653168, -0.04619388282299042]], [[0.04512884467840195, 0.12734481692314148], [-0.008517000824213028, 0.03357269614934921], [-0.019330531358718872, -0.16539442539215088], [0.06954547762870789, -0.12872543931007385], [0.040554437786340714, -0.04598044976592064]], [[0.045254454016685486, 0.12727580964565277], [-0.008595860563218594, 0.033581167459487915], [-0.01937325857579708, -0.16378602385520935], [0.06944979727268219, -0.12851092219352722], [0.040183644741773605, -0.045878637582063675]], [[0.04523087292909622, 0.1260250061750412], [-0.008552980609238148, 0.0328218899667263], [-0.01701335608959198, -0.1620439738035202], [0.06944851577281952, -0.12849678099155426], [0.040232252329587936, -0.04594430327415466]], [[0.04522167891263962, 0.12601613998413086], [-0.00854091253131628, 0.03283184766769409], [-0.015325156971812248, -0.15944786369800568], [0.0693439468741417, -0.12844865024089813], [0.04023545980453491, -0.04554201662540436]], [[0.04499521479010582, 0.12487947195768356], [-0.008283880539238453, 0.032814908772706985], [-0.014921181835234165, -0.1589028686285019], [0.06763271242380142, -0.12902666628360748], [0.04041881859302521, -0.04503059387207031]], [[0.04505488649010658, 0.12460947781801224], [-0.009635570459067822, 0.03285183757543564], [-0.01582685485482216, -0.1587410420179367], [0.06771345436573029, -0.1289622038602829], [0.04027947783470154, -0.04489389806985855]]],