{"eps": {"object_position": [[0.044724781066179276, 0.1248783990740776], [-0.008969063870608807, 0.03242325410246849], [-0.015765592455863953, -0.15872058272361755], [0.06720516085624695, -0.1289183497428894], [0.04022631049156189, -0.04491032660007477]], "object_rotation": [2.170680284500122, 1.7136403322219849, 0.13585330545902252, 1.2082796096801758, 1.828126311302185], "distractor_position": [-0.23615743219852448, 0.6666784882545471, -1.0919368267059326, 0.10587024688720703, -1.3599274158477783]}, "eps_trace": {"object_position": [[[0.04557304084300995, 0.13065595924854279], [-0.006993099115788937, 0.037574805319309235], [-0.018539907410740852, -0.17468826472759247], [0.07334563881158829, -0.13367553055286407], [0.043332573026418686, -0.049311961978673935]], [[0.04521569982171059, 0.13019174337387085], [-0.0069276513531804085, 0.03747205063700676], [-0.018723292276263237, -0.17431001365184784], [0.07331161946058273, -0.1336885541677475], [0.04328782856464386, -0.049254536628723145]], [[0.044983867555856705, 0.13010211288928986], [-0.006930948700755835, 0.03746981918811798], [-0.018939394503831863, -0.17266535758972168], [0.07201161980628967, -0.13284538686275482], [0.04300116002559662, -0.04907425120472908]], [[0.045307502150535583, 0.1298493891954422], [-0.006990828085690737, 0.0372762531042099], [-0.018946675583720207, -0.1726434975862503], [0.07175695151090622, -0.13185985386371613], [0.04295984283089638, -0.04897914081811905]], [[0.04509623721241951, 0.1297329068183899], [-0.007212651427835226, 0.037345170974731445], [-0.018750306218862534, -0.1724993735551834], [0.07176010310649872, -0.1318596452474594], [0.04297354072332382, -0.04894068464636803]], [[0.04489504173398018, 0.1295614391565323], [-0.007205177564173937, 0.03734375908970833], [-0.018817108124494553, -0.17248572409152985], [0.0712500512599945, -0.13146717846393585], [0.04295850917696953, -0.04890299215912819]], [[0.04509668052196503, 0.12937168776988983], [-0.0070581440813839436, 0.03661944717168808], [-0.01900342106819153, -0.1725262999534607], [0.07118187844753265, -0.13144755363464355], [0.04293690621852875, -0.048889026045799255]], [[0.04530514404177666, 0.12924225628376007], [-0.007014231290668249, 0.03663266822695732], [-0.01916489005088806, -0.17245686054229736], [0.0710671916604042, -0.13142921030521393], [0.04237571731209755, -0.04924982041120529]], [[0.04527115449309349, 0.12893693149089813], [-0.007041888311505318, 0.03659224510192871], [-0.019226321950554848, -0.1723141074180603], [0.0708465725183487, -0.13145671784877777], [0.0422435961663723, -0.049238111823797226]], [[0.045130304992198944, 0.12891840934753418], [-0.007065140642225742, 0.036611489951610565], [-0.019804760813713074, -0.16986173391342163], [0.07083906978368759, -0.13140922784805298], [0.04213440790772438, -0.04925976321101189]], [[0.04511293023824692, 0.1289181113243103], [-0.006995930336415768, 0.03657471388578415], [-0.019391754642128944, -0.16951817274093628], [0.07120994478464127, -0.1304698884487152], [0.042134400457143784, -0.04925966635346413]], [[0.045027412474155426, 0.1289246380329132], [-0.0072703310288488865, 0.03596583008766174], [-0.019120242446660995, -0.16915647685527802], [0.07132480293512344, -0.13015116751194], [0.042143482714891434, -0.04601823166012764]], [[0.04498693346977234, 0.128874734044075], [-0.00723225949332118, 0.03594813123345375], [-0.01957271434366703, -0.16822126507759094], [0.07132851332426071, -0.1301315724849701], [0.042097531259059906, -0.04604043811559677]], [[0.04511108994483948, 0.12826189398765564], [-0.007197018247097731, 0.03590458631515503], [-0.019326988607645035, -0.16679735481739044], [0.07128922641277313, -0.13010944426059723], [0.04159794747829437, -0.04539457708597183]], [[0.045104559510946274, 0.12823593616485596], [-0.007309660781174898, 0.035817213356494904], [-0.019222550094127655, -0.16676105558872223], [0.07138459384441376, -0.1296444535255432], [0.041575219482183456, -0.04538021981716156]], [[0.045006878674030304, 0.1281650960445404], [-0.00729204248636961, 0.03578682243824005], [-0.019090745598077774, -0.16563911736011505], [0.06935253739356995, -0.12897683680057526], [0.041779376566410065, -0.0452386774122715]], [[0.04500344395637512, 0.12815988063812256], [-0.0073643093928694725, 0.03310011327266693], [-0.019187329337000847, -0.165370374917984], [0.06937164813280106, -0.12895740568637848], [0.04177826642990112, -0.0452321395277977]], [[0.044906340539455414, 0.1279441863298416], [-0.007967639714479446, 0.03328254818916321], [-0.019537320360541344, -0.16539333760738373], [0.06942600011825562, -0.12873268127441406], [0.04093363136053085, -0.04540139436721802]], [[0.04483828693628311, 0.12788952887058258], [-0.007984152995049953, 0.033296696841716766], [-0.019539667293429375, -0.1653803437948227], [0.06915166974067688, -0.12867793440818787], [0.040688078850507736, -0.04620317742228508]], [[0.04496258497238159, 0.12750768661499023], [-0.008016088046133518, 0.03314334526658058], [-0.019305938854813576, -0.16539737582206726], [0.06916525214910507, -0.12866705656051636], [0.04051758721470833, -0.046011392027139664]], [[0.04491481930017471, 0.1275339275598526], [-0.008026535622775555, 0.03314446657896042], [-0.01934877038002014, -0.16378499567508698], [0.06905622035264969, -0.1284225881099701], [0.04012816771864891, -0.04590446501970291]], [[0.044892195612192154, 0.12633396685123444], [-0.007986462675035, 0.032434895634651184], [-0.016967665404081345, -0.1620272994041443], [0.06905467063188553, -0.12840551137924194], [0.04017866030335426, -0.045972682535648346]], [[0.04488086700439453, 0.12632304430007935], [-0.008024275302886963, 0.032403700053691864], [-0.015280713327229023, -0.15943311154842377], [0.06895975768566132, -0.12836182117462158], [0.040181905031204224, -0.045566145330667496]], [[0.04465549811720848, 0.12519188225269318], [-0.007862058468163013, 0.03239301219582558], [-0.014871036633849144, -0.15888042747974396], [0.06712672114372253, -0.12898097932338715], [0.04036740958690643, -0.04504874721169472]], [[0.044724781066179276, 0.1248783990740776], [-0.008969063870608807, 0.03242325410246849], [-0.015765592455863953, -0.15872058272361755], [0.06720516085624695, -0.1289183497428894], [0.04022631049156189, -0.04491032660007477]]],