{"eps": {"object_position": [[0.04550599306821823, 0.1300436407327652], [-0.0073228818364441395, 0.037050940096378326], [-0.018168170005083084, -0.1731354147195816], [0.0737738385796547, -0.13345281779766083], [0.04290091246366501, -0.04904754459857941]], "object_rotation": [2.172978401184082, 1.7161186933517456, 0.1296367049217224, 1.2061203718185425, 1.8285884857177734], "distractor_position": [-0.2354728728532791, 0.6697628498077393, -1.093576192855835, 0.10884509235620499, -1.3582940101623535]}, "eps_trace": {"object_position": [[[0.04557076469063759, 0.13065655529499054], [-0.007007385604083538, 0.03753402829170227], [-0.018475612625479698, -0.1747836470603943], [0.07443246245384216, -0.13394099473953247], [0.04321549832820892, -0.04950464516878128]], [[0.045535702258348465, 0.13061100244522095], [-0.0069993422366678715, 0.037521399557590485], [-0.018494930118322372, -0.17474380135536194], [0.07442954182624817, -0.133942112326622], [0.04321087896823883, -0.04949871823191643]], [[0.04551083967089653, 0.13060139119625092], [-0.007001054938882589, 0.03752024099230766], [-0.01851598732173443, -0.1745835393667221], [0.07429230213165283, -0.13385310769081116], [0.04318254813551903, -0.049480900168418884]], [[0.04554363340139389, 0.1305757761001587], [-0.007001829333603382, 0.0375177375972271], [-0.018516898155212402, -0.17458079755306244], [0.0742667093873024, -0.13375407457351685], [0.0431782566010952, -0.049471016973257065]], [[0.0455196313560009, 0.13056254386901855], [-0.007030222099274397, 0.037526559084653854], [-0.018494274467229843, -0.1745641976594925], [0.07426682114601135, -0.13375407457351685], [0.0431797094643116, -0.04946694150567055]], [[0.04549861326813698, 0.13054463267326355], [-0.0070442077703773975, 0.037529200315475464], [-0.018500523641705513, -0.17456291615962982], [0.074217289686203, -0.13371595740318298], [0.0431782566010952, -0.04946329817175865]], [[0.045518651604652405, 0.13052578270435333], [-0.007026350125670433, 0.037441231310367584], [-0.01851085014641285, -0.1745651662349701], [0.07421058416366577, -0.13371402025222778], [0.043176017701625824, -0.04946185275912285]], [[0.04554208368062973, 0.13051123917102814], [-0.007020407821983099, 0.037443019449710846], [-0.018527330830693245, -0.17455807328224182], [0.0741969645023346, -0.13371184468269348], [0.04311993345618248, -0.04949790984392166]], [[0.04553738236427307, 0.13046900928020477], [-0.00702237943187356, 0.037440136075019836], [-0.018533620983362198, -0.17454345524311066], [0.07417261600494385, -0.13371488451957703], [0.04310644790530205, -0.049496714025735855]], [[0.04552272707223892, 0.13046708703041077], [-0.007048872299492359, 0.03746206313371658], [-0.018592767417430878, -0.1742926985025406], [0.0741719976067543, -0.13371098041534424], [0.04309522733092308, -0.04949893802404404]], [[0.04552338644862175, 0.13046710193157196], [-0.007046554237604141, 0.03746083006262779], [-0.018555210903286934, -0.1742614507675171], [0.07421065121889114, -0.13361306488513947], [0.04309524968266487, -0.049499187618494034]], [[0.045521508902311325, 0.1304672509431839], [-0.007083682343363762, 0.03737844526767731], [-0.018529728055000305, -0.1742275059223175], [0.07422430068254471, -0.1335751861333847], [0.0430961549282074, -0.049175750464200974]], [[0.04551741108298302, 0.13046219944953918], [-0.007076388690620661, 0.03737505525350571], [-0.01857593096792698, -0.17413200438022614], [0.07422469556331635, -0.13357311487197876], [0.043091531842947006, -0.04917798563838005]], [[0.04552918300032616, 0.13040409982204437], [-0.007076923735439777, 0.03737571835517883], [-0.01855081506073475, -0.17398646473884583], [0.07422055304050446, -0.13357077538967133], [0.04303978383541107, -0.04911108687520027]], [[0.04552863538265228, 0.13040190935134888], [-0.007094206288456917, 0.03736231103539467], [-0.018540767952799797, -0.17398297786712646], [0.07422924041748047, -0.13352841138839722], [0.04303733631968498, -0.04910954087972641]], [[0.045518990606069565, 0.13039492070674896], [-0.007101125083863735, 0.03737424686551094], [-0.01852814108133316, -0.17387549579143524], [0.0740116760134697, -0.13345693051815033], [0.04305848106741905, -0.04909488186240196]], [[0.04551868885755539, 0.13039445877075195], [-0.007108059711754322, 0.037116438150405884], [-0.018537700176239014, -0.17384889721870422], [0.07401331514120102, -0.13345526158809662], [0.0430583693087101, -0.04909421503543854]], [[0.045508261770009995, 0.1303713023662567], [-0.007186271715909243, 0.03714008629322052], [-0.01855895295739174, -0.17385029792785645], [0.07401999086141586, -0.1334276795387268], [0.042974650859832764, -0.04911099001765251]], [[0.04550131410360336, 0.13036572933197021], [-0.007186065427958965, 0.03713991120457649], [-0.018559187650680542, -0.17384900152683258], [0.07399096339941025, -0.1334218829870224], [0.042951930314302444, -0.049185171723365784]], [[0.045514531433582306, 0.13032512366771698], [-0.007190961856395006, 0.0371163971722126], [-0.01853465475142002, -0.17385078966617584], [0.073992058634758, -0.13342100381851196], [0.04293198883533478, -0.049162741750478745]], [[0.04552604258060455, 0.1303188055753708], [-0.007198460400104523, 0.03711720183491707], [-0.018539559096097946, -0.17366619408130646], [0.07398099452257156, -0.1333961933851242], [0.04289128631353378, -0.04915156587958336]], [[0.04552370682358742, 0.13019494712352753], [-0.007194779813289642, 0.03705202788114548], [-0.018299872055649757, -0.1734892576932907], [0.07398084551095963, -0.1333945393562317], [0.042896050959825516, -0.0491580031812191]], [[0.045522600412368774, 0.13019387423992157], [-0.007198582403361797, 0.03704889118671417], [-0.01812070794403553, -0.17321373522281647], [0.07396802306175232, -0.13338863849639893], [0.04289638623595238, -0.04911600053310394]], [[0.045498985797166824, 0.1300753504037857], [-0.0071636284701526165, 0.03704658895730972], [-0.018074989318847656, -0.17315205931663513], [0.07377077639102936, -0.13345526158809662], [0.042915720492601395, -0.04906206950545311]], [[0.04550599306821823, 0.1300436407327652], [-0.0073228818364441395, 0.037050940096378326], [-0.018168170005083084, -0.1731354147195816], [0.0737738385796547, -0.13345281779766083], [0.04290091246366501, -0.04904754459857941]]],