{"eps": {"object_position": [[0.016727326437830925, -0.031887345016002655], [-0.19285951554775238, -0.17823325097560883], [0.0010504014790058136, -0.12169429659843445], [0.03200129047036171, 0.12497512996196747], [0.29342737793922424, 0.006381547078490257]], "object_rotation": [0.8889744281768799, 2.327460765838623, 0.7712786197662354, 2.3715381622314453, 1.369492769241333], "distractor_position": [-0.5277882218360901, 0.23151037096977234, -1.1808712482452393, 0.23190829157829285, -0.3577055335044861]}, "eps_trace": {"object_position": [[[0.017053108662366867, -0.032329414039850235], [-0.1946413666009903, -0.17923413217067719], [0.0010931780561804771, -0.12242391705513], [0.03226746618747711, 0.1256302446126938], [0.2948267161846161, 0.006195542868226767]], [[0.01705002225935459, -0.03232777491211891], [-0.1946214884519577, -0.17920410633087158], [0.0011137677356600761, -0.12241148203611374], [0.03227144852280617, 0.12560339272022247], [0.29478272795677185, 0.006194052752107382]], [[0.017048468813300133, -0.03232202306389809], [-0.19460657238960266, -0.17921039462089539], [0.0011800896609202027, -0.12236759066581726], [0.03227315470576286, 0.12547703087329865], [0.29478028416633606, 0.006189023144543171]], [[0.017056981101632118, -0.032315295189619064], [-0.19453884661197662, -0.1792559176683426], [0.0011353420559316874, -0.12224996089935303], [0.03229080140590668, 0.12548555433750153], [0.2947186827659607, 0.006225478835403919]], [[0.01702452264726162, -0.03232337906956673], [-0.19416168332099915, -0.1791219562292099], [0.0011357056209817529, -0.12224629521369934], [0.03228866308927536, 0.12548787891864777], [0.29469969868659973, 0.006292340345680714]], [[0.017024846747517586, -0.032320648431777954], [-0.1941014528274536, -0.17900583148002625], [0.0011338541517034173, -0.12224536389112473], [0.03223259001970291, 0.12548327445983887], [0.294638067483902, 0.006321401335299015]], [[0.017038192600011826, -0.03232346475124359], [-0.1940789669752121, -0.17901086807250977], [0.001132666366174817, -0.12224472314119339], [0.032232608646154404, 0.12548303604125977], [0.29462316632270813, 0.006334606092423201]], [[0.017046084627509117, -0.03233348950743675], [-0.19408142566680908, -0.17900672554969788], [0.0011181250447407365, -0.12220178544521332], [0.03223515674471855, 0.1254802644252777], [0.2946181893348694, 0.006317336577922106]], [[0.017045997083187103, -0.03233370557427406], [-0.19408077001571655, -0.17889167368412018], [0.001097935251891613, -0.1221947893500328], [0.03222411125898361, 0.12544892728328705], [0.2946144938468933, 0.006324355490505695]], [[0.016716375946998596, -0.03202006220817566], [-0.19406279921531677, -0.1788865327835083], [0.001108292955905199, -0.12218932062387466], [0.03222523257136345, 0.12544876337051392], [0.29456114768981934, 0.00621687900274992]], [[0.016655607149004936, -0.03199228271842003], [-0.19403773546218872, -0.1788986772298813], [0.001104940427467227, -0.12218938767910004], [0.0322207473218441, 0.1254349648952484], [0.29456254839897156, 0.0062066903337836266]], [[0.016651736572384834, -0.031996950507164], [-0.1939944624900818, -0.17889389395713806], [0.001083686831407249, -0.122108094394207], [0.03222744166851044, 0.12540307641029358], [0.29454752802848816, 0.006209977436810732]], [[0.016652191057801247, -0.031995922327041626], [-0.19381237030029297, -0.1785283237695694], [0.0010829262901097536, -0.12209643423557281], [0.03223184123635292, 0.12540169060230255], [0.2944589853286743, 0.0063166432082653046]], [[0.016654938459396362, -0.032004084438085556], [-0.19367536902427673, -0.17848412692546844], [0.0010777763091027737, -0.122095987200737], [0.0322163924574852, 0.12539732456207275], [0.29432475566864014, 0.006353540346026421]], [[0.01664838381111622, -0.032003261148929596], [-0.19366131722927094, -0.17847320437431335], [0.0010814772685989738, -0.12209616601467133], [0.0322190523147583, 0.1253867894411087], [0.2940865457057953, 0.006250397767871618]], [[0.016648435965180397, -0.032002706080675125], [-0.193654403090477, -0.17847861349582672], [0.001083620241843164, -0.12209038436412811], [0.03219915181398392, 0.1253684014081955], [0.2940196990966797, 0.006240869872272015]], [[0.01664462685585022, -0.032003577798604965], [-0.19361336529254913, -0.17848290503025055], [0.001104488386772573, -0.12208231538534164], [0.03219455108046532, 0.12536679208278656], [0.29398390650749207, 0.006217021960765123]], [[0.016658494248986244, -0.03198973461985588], [-0.19353695213794708, -0.17844735085964203], [0.001123763620853424, -0.12203443050384521], [0.03218331187963486, 0.12536387145519257], [0.29393842816352844, 0.006217100191861391]], [[0.016629965975880623, -0.031963855028152466], [-0.1934289187192917, -0.17833948135375977], [0.001114217913709581, -0.12202827632427216], [0.03213926777243614, 0.12532798945903778], [0.29374054074287415, 0.006362374871969223]], [[0.01668599434196949, -0.031935010105371475], [-0.1931571364402771, -0.1782453954219818], [0.001075920881703496, -0.12196605652570724], [0.032222211360931396, 0.1252819001674652], [0.2936822175979614, 0.0063989725895226]], [[0.01669672131538391, -0.031937431544065475], [-0.19314828515052795, -0.17825275659561157], [0.0010842169867828488, -0.12189873307943344], [0.03216490522027016, 0.1252206712961197], [0.29363635182380676, 0.006343976594507694]], [[0.016693798825144768, -0.03193666785955429], [-0.19309239089488983, -0.17825725674629211], [0.0010956318583339453, -0.12188756465911865], [0.03216699883341789, 0.12521934509277344], [0.2936108410358429, 0.006396267097443342]], [[0.016687659546732903, -0.03194715082645416], [-0.19290590286254883, -0.17827863991260529], [0.0010856713633984327, -0.12183516472578049], [0.032048799097537994, 0.12510094046592712], [0.29360273480415344, 0.006381112150847912]], [[0.0167262963950634, -0.031889963895082474], [-0.19290578365325928, -0.1782788634300232], [0.0011017107171937823, -0.12174443900585175], [0.03202137351036072, 0.12501254677772522], [0.2934635877609253, 0.006290458142757416]], [[0.016727326437830925, -0.031887345016002655], [-0.19285951554775238, -0.17823325097560883], [0.0010504014790058136, -0.12169429659843445], [0.03200129047036171, 0.12497512996196747], [0.29342737793922424, 0.006381547078490257]]],