{"final_eps": [[1388.399169921875, -0.1573336124420166, -1.4058531522750854, -0.05297958105802536, -0.2449324131011963], [1289.364990234375, -0.42678314447402954, -1.2058202028274536, -0.4202379882335663, -0.5287920832633972], [1445.263427734375, 0.14080950617790222, -1.4158203601837158, 0.05989711731672287, -0.17451536655426025], [1463.39208984375, -0.019631415605545044, -0.8196089863777161, -0.011502152308821678, -0.15006744861602783], [1419.128173828125, -0.4020483195781708, -1.3219523429870605, -0.3400903344154358, -0.13785551488399506], [1158.0697021484375, -0.6282368898391724, -1.2276177406311035, -0.567778468132019, -0.7369685769081116], [1459.108642578125, 0.2506504952907562, -0.6510001420974731, -0.13183359801769257, 0.032421670854091644], [1894.389404296875, 0.9539682269096375, 0.062252696603536606, 0.7635421752929688, 0.9584447145462036], [1572.778076171875, 0.07067906856536865, -1.4279382228851318, 0.6031099557876587, -0.3488306701183319], [1347.527587890625, -0.48661983013153076, -1.26387619972229, -0.2855431139469147, -0.32724153995513916]], "ep_logprobs": [[-6.917314529418945, -8.85836410522461, -6.345215797424316, -6.228214740753174, -6.550013542175293, -13.46025562286377, -6.250448703765869, -15.965781211853027, -6.563365936279297, -7.7163777351379395], [-7.961076736450195, -10.058162689208984, -7.446138858795166, -7.275284290313721, -7.568718433380127, -14.263773918151855, -7.3769211769104, -24.274015426635742, -14.854925155639648, -8.686574935913086], [-8.774521827697754, -10.772019386291504, -8.357640266418457, -8.130449295043945, -8.434550285339355, -14.97999095916748, -8.237125396728516, -30.761184692382812, -22.022363662719727, -9.560531616210938], [-9.533988952636719, -11.653043746948242, -9.084610939025879, -8.841573715209961, -9.128849029541016, -15.570754051208496, -8.909419059753418, -36.74326705932617, -27.782106399536133, -10.322403907775879], [-10.086994171142578, -12.273651123046875, -9.595232963562012, -9.416102409362793, -9.664052963256836, -16.143779754638672, -9.474881172180176, -41.30048751831055, -32.27547836303711, -10.875926971435547], [-10.530147552490234, -12.770130157470703, -10.095008850097656, -12.73684310913086, -10.150591850280762, -16.44443130493164, -10.889665603637695, -45.411529541015625, -34.874603271484375, -11.32010555267334], [-10.850929260253906, -13.091917991638184, -10.478435516357422, -12.299612045288086, -10.549328804016113, -16.964752197265625, -11.314913749694824, -48.64109802246094, -39.106319427490234, -11.719124794006348], [-11.508584022521973, -13.314885139465332, -14.121952056884766, -18.864181518554688, -14.74608039855957, -17.20417022705078, -18.83970832824707, -51.77565002441406, -31.235050201416016, -11.917338371276855], [-11.724943161010742, -13.556753158569336, -13.819770812988281, -19.884971618652344, -15.208501815795898, -17.335491180419922, -19.235153198242188, -53.905303955078125, -30.167036056518555, -12.170713424682617], [-13.803430557250977, -13.661592483520508, -20.15176010131836, -25.870737075805664, -20.09465789794922, -17.38132667541504, -25.03262710571289, -55.75783157348633, -31.68250846862793, -12.381027221679688], [-14.13808536529541, -13.824640274047852, -17.257234573364258, -28.98691749572754, -20.78874969482422, -17.65612030029297, -25.814699172973633, -56.50004577636719, -36.160919189453125, -12.497807502746582], [-14.099737167358398, -14.202339172363281, -16.892881393432617, -27.84601593017578, -20.50257110595703, -18.08285140991211, -25.873788833618164, -57.50835418701172, -37.63663864135742, -12.573467254638672], [-14.22355842590332, -14.341775894165039, -17.328201293945312, -26.669612884521484, -22.607711791992188, -17.740610122680664, -27.573333740234375, -58.39556121826172, -35.28462600708008, -12.862717628479004], [-14.128634452819824, -14.39051628112793, -17.23755645751953, -24.169816970825195, -23.416057586669922, -17.441368103027344, -27.621898651123047, -58.85762023925781, -31.12307357788086, -12.872567176818848], [-15.46124267578125, -14.479899406433105, -21.33209228515625, -28.3485107421875, -31.442241668701172, -17.725486755371094, -30.33709716796875, -59.87565994262695, -33.64057159423828, -12.991943359375], [-16.47992515563965, -14.43604564666748, -20.181659698486328, -31.407535552978516, -32.317787170410156, -18.467111587524414, -32.79145431518555, -59.92913055419922, -30.24551010131836, -13.011594772338867], [-16.491846084594727, -14.491716384887695, -17.730735778808594, -31.666522979736328, -32.299346923828125, -18.122339248657227, -32.0711555480957, -60.148353576660156, -30.933265686035156, -13.233842849731445], [-19.95292091369629, -14.706354141235352, -21.360958099365234, -32.62179183959961, -33.41661834716797, -17.93988037109375, -33.38752746582031, -60.092891693115234, -33.110389709472656, -13.203357696533203], [-23.324623107910156, -14.470817565917969, -23.173076629638672, -31.082725524902344, -33.296669006347656, -17.86640167236328, -33.4617805480957, -60.577796936035156, -30.112258911132812, -13.18813705444336], [-20.95050811767578, -14.562807083129883, -21.457151412963867, -31.48473358154297, -31.5454044342041, -17.963809967041016, -36.34231948852539, -61.30535125732422, -32.649417877197266, -13.255477905273438], [-24.634078979492188, -14.747282028198242, -24.2007999420166, -32.900474548339844, -32.210636138916016, -17.678014755249023, -33.40403747558594, -61.714195251464844, -32.98628234863281, -13.345155715942383], [-19.504528045654297, -14.687305450439453, -18.439868927001953, -32.19456481933594, -32.388099670410156, -17.7208309173584, -34.1153678894043, -61.864078521728516, -32.58108139038086, -13.395711898803711], [-19.964160919189453, -14.663588523864746, -24.5551700592041, -32.26409149169922, -33.28047561645508, -17.319751739501953, -33.43954086303711, -61.82158660888672, -32.84892272949219, -13.384927749633789], [-21.075407028198242, -14.675848960876465, -20.127647399902344, -30.657243728637695, -31.5283203125, -17.334318161010742, -33.24409484863281, -62.40684127807617, -29.93427848815918, -13.425500869750977], [-20.450820922851562, -14.7362642288208, -26.605762481689453, -30.997751235961914, -29.049976348876953, -17.331871032714844, -33.2722282409668, -62.22887420654297, -30.93515396118164, -13.426981925964355], [-27.267995834350586, -14.714674949645996, -23.0168399810791, -31.804378509521484, -31.80465316772461, -17.258529663085938, -33.323646545410156, -62.5482292175293, -34.24070739746094, -14.140363693237305], [-25.783855438232422, -14.776391983032227, -25.768085479736328, -32.86676025390625, -31.263038635253906, -17.376462936401367, -33.388851165771484, -62.83748245239258, -34.303260803222656, -15.470256805419922], [-27.54674530029297, -14.71799087524414, -27.98017120361328, -31.568010330200195, -30.488330841064453, -17.221473693847656, -33.3664665222168, -62.98710632324219, -32.02870559692383, -18.11958885192871], [-26.94499397277832, -14.644491195678711, -32.19828796386719, -33.29901885986328, -33.982601165771484, -17.379589080810547, -33.32777786254883, -62.64712905883789, -34.56024932861328, -14.359949111938477], [-20.668128967285156, -14.624930381774902, -27.917892456054688, -33.34385681152344, -32.08751678466797, -17.20785903930664, -33.42655563354492, -62.271148681640625, -31.12445640563965, -15.16718864440918], [-21.179576873779297, -14.4813232421875, -26.123626708984375, -33.437095642089844, -34.182159423828125, -17.243087768554688, -33.430728912353516, -62.49187088012695, -32.013511657714844, -14.510586738586426], [-19.883312225341797, -14.412635803222656, -27.802249908447266, -33.4094352722168, -31.61796760559082, -17.28780174255371, -33.462257385253906, -62.288490295410156, -31.90616226196289, -17.352428436279297], [-22.905376434326172, -14.425365447998047, -29.623653411865234, -33.451446533203125, -31.198793411254883, -17.467330932617188, -34.88338851928711, -62.89372634887695, -32.54991912841797, -19.169082641601562], [-18.745807647705078, -14.519538879394531, -27.98204803466797, -33.46640396118164, 