{"eps": {"object_position": [[0.004860818386077881, 0.041437193751335144], [-0.019253849983215332, 0.19762280583381653], [0.024356603622436523, 0.04768217355012894], [0.24817341566085815, 0.04208461195230484], [-0.11094631254673004, 0.07811110466718674]], "object_rotation": [1.5503026247024536, 0.8211138844490051, 2.8354716300964355, 1.0499309301376343, 1.1368383169174194], "distractor_position": [-1.2998732328414917, 0.2718127369880676, -1.1924461126327515, -1.1993142366409302, -0.7262219786643982]}, "eps_trace": {"object_position": [[[0.03075828030705452, -0.023081272840499878], [0.03552406653761864, -0.12978823482990265], [-0.09577536582946777, -0.0002729780972003937], [0.07715791463851929, 0.01817627251148224], [0.006440471857786179, -0.04354274272918701]], [[0.03381574898958206, -0.036826252937316895], [0.03552406653761864, -0.12978823482990265], [-0.09577536582946777, -0.0002729780972003937], [0.07235115766525269, -0.10004719346761703], [0.006440471857786179, -0.04354274272918701]], [[0.03347916156053543, -0.011967968195676804], [0.04313456267118454, -0.10054794698953629], [-0.07165907323360443, -0.04096550494432449], [0.0864446759223938, -0.15811310708522797], [0.006440471857786179, -0.04354274272918701]], [[0.03347916156053543, -0.011967968195676804], [0.03230135887861252, -0.01866157352924347], [-0.033630356192588806, -0.04573526978492737], [0.12555496394634247, -0.18141868710517883], [0.006440471857786179, -0.04354274272918701]], [[0.09648647159337997, 0.036305323243141174], [0.06457716226577759, -0.020331036299467087], [-0.015730055049061775, 0.03219882398843765], [0.13494406640529633, -0.12252235412597656], [0.006440471857786179, -0.04354274272918701]], [[0.1069582849740982, -0.01294802501797676], [0.08782216906547546, -0.024279778823256493], [-0.015730055049061775, 0.03219882398843765], [0.13585342466831207, -0.13255402445793152], [0.006440471857786179, -0.04354274272918701]], [[0.06659623980522156, -0.010043222457170486], [0.043698154389858246, 0.021190444007515907], [-0.025990691035985947, 0.014648908749222755], [0.17134296894073486, -0.06586284935474396], [-0.012836698442697525, 0.0009768791496753693]], [[0.14467713236808777, 0.05751419439911842], [0.06493236869573593, 0.04781163111329079], [-0.025990691035985947, 0.014648908749222755], [0.024125412106513977, -0.056423451751470566], [-0.012836698442697525, 0.0009768791496753693]], [[0.12151762843132019, 0.0032998211681842804], [0.06493236869573593, 0.04781163111329079], [-0.025990691035985947, 0.014648908749222755], [0.08796771615743637, -0.08702190965414047], [-0.04843210428953171, -0.017553970217704773]], [[0.12151762843132019, 0.0032998211681842804], [0.08711178600788116, 0.028301622718572617], [0.03772514685988426, -0.025857074186205864], [0.09888814389705658, -0.07219874113798141], [-0.04843210428953171, -0.017553970217704773]], [[0.08644863963127136, 0.02460416406393051], [0.08711178600788116, 0.028301622718572617], [-0.02177290990948677, 0.03183094412088394], [0.1793736070394516, -0.037246476858854294], [-0.04843210428953171, -0.017553970217704773]], [[0.08644863963127136, 0.02460416406393051], [0.08711178600788116, 0.028301622718572617], [-0.02177290990948677, 0.03183094412088394], [0.0879615843296051, 0.058051470667123795], [-0.04843210428953171, -0.017553970217704773]], [[0.08644863963127136, 0.02460416406393051], [0.08711178600788116, 0.028301622718572617], [-0.02177290990948677, 0.03183094412088394], [0.0879615843296051, 0.058051470667123795], [-0.04843210428953171, -0.017553970217704773]], [[0.11718490719795227, 0.08278334140777588], [0.1004907488822937, 0.1113385260105133], [-0.02177290990948677, 0.03183094412088394], [0.0879615843296051, 0.058051470667123795], [-0.04843210428953171, -0.017553970217704773]], [[0.15789848566055298, 0.0824376717209816], [0.05386381596326828, 0.10028180480003357], [-0.02177290990948677, 0.03183094412088394], [0.0879615843296051, 0.058051470667123795], [-0.04843210428953171, -0.017553970217704773]], [[0.15789848566055298, 0.0824376717209816], [0.05386381596326828, 0.10028180480003357], [-0.02177290990948677, 0.03183094412088394], [0.0879615843296051, 0.058051470667123795], [-0.16945019364356995, -0.014821123331785202]], [[0.19475118815898895, 0.14297236502170563], [0.05386381596326828, 0.10028180480003357], [-0.02177290990948677, 0.03183094412088394], [0.0879615843296051, 0.058051470667123795], [-0.17706678807735443, 0.09137439727783203]], [[0.1710929423570633, 0.09687630832195282], [0.10468064248561859, 0.151230126619339], [0.02924847975373268, -0.006871722638607025], [0.0879615843296051, 0.058051470667123795], [-0.17706678807735443, 0.09137439727783203]], [[0.1710929423570633, 0.09687630832195282], [0.09413056075572968, 0.18939775228500366], [0.05028030276298523, 0.12515857815742493], [0.1606467366218567, 0.05730436369776726], [-0.19200420379638672, 0.03914010152220726]], [[0.1710929423570633, 0.09687630832195282], [0.09413056075572968, 0.18939775228500366], [0.024356603622436523, 0.04768217355012894], [0.20552149415016174, 0.03152494877576828], [-0.1718520075082779, 0.017870206385850906]], [[0.1201794445514679, 0.0424928218126297], [0.08609054237604141, 0.21921448409557343], [0.024356603622436523, 0.04768217355012894], [0.12782514095306396, -0.009698957204818726], [-0.16376757621765137, -0.02582080289721489]], [[0.1257389634847641, -0.0040031857788562775], [0.08609054237604141, 0.21921448409557343], [0.024356603622436523, 0.04768217355012894], [0.2168348878622055, -0.015498620457947254], [-0.15508286654949188, -0.027394674718379974]], [[0.08388293534517288, 0.03941219300031662], [0.08609054237604141, 0.21921448409557343], [0.024356603622436523, 0.04768217355012894], [0.2168348878622055, -0.015498620457947254], [-0.15508286654949188, -0.027394674718379974]], [[0.08388293534517288, 0.03941219300031662], [0.12119057774543762, 0.16603073477745056], [0.024356603622436523, 0.04768217355012894], [0.2880176305770874, 0.07218322157859802], [-0.15809883177280426, 0.02814079076051712]], [[0.004860818386077881, 0.041437193751335144], [-0.019253849983215332, 0.19762280583381653], [0.024356603622436523, 0.04768217355012894], [0.24817341566085815, 0.04208461195230484], [-0.11094631254673004, 0.07811110466718674]]],