{"eps": {"object_position": [[-0.002640077145770192, 0.00020056776702404022], [0.016581900417804718, -0.012577029876410961], [0.00040129455737769604, -0.0009071389213204384], [0.0007693902007304132, -0.0002525597810745239], [0.011089058592915535, -0.0016129091382026672], [0.006711083464324474, 0.004824652336537838], [0.016558853909373283, -0.017823729664087296], [0.009620677679777145, 0.019934803247451782], [0.00022244732826948166, -0.0010258127003908157], [0.0037489174865186214, 0.0010331731755286455]], "object_rotation": [1.635271430015564, 2.7663419246673584, 2.078712224960327, 1.1949635744094849, 2.2594234943389893, 1.9640206098556519, 2.3393712043762207, 0.826598048210144, 1.6206557750701904, 1.3981989622116089], "distractor_position": [-0.33482107520103455, -0.2003854215145111, -1.1897814273834229, -0.5732208490371704, -0.19545422494411469, -0.18562020361423492, -0.09296979755163193, -0.4500807225704193, -0.5334027409553528, -0.5803322792053223]}, "object_type": "mug", "L": 1.0, "failure_level": 0.4, "dp_logprior_scale": 1.0, "dp_mcmc_step_size": 0.01, "ep_mcmc_step_size": 0.01, "num_rounds": 50, "num_steps_per_round": 1, "num_chains": 10, "use_gradients": true, "use_stochasticity": false, "repair": false, "predict": true, "quench_rounds": 0, "tempering_schedule": null, "ep_logprobs": [[-45.263187408447266, -46.12055587768555, -48.7635383605957, -45.30498123168945, -45.50827407836914, -46.21294021606445, -50.606590270996094, -46.55557632446289, -45.172142028808594, -47.0141487121582], [-45.13880157470703, -46.07929229736328, -48.56834411621094, -45.25460433959961, -45.450260162353516, -46.08360290527344, -50.2146110534668, -46.42409896850586, -45.080894470214844, -46.83606719970703], [-45.04232406616211, -46.06616973876953, -48.429771423339844, -45.16171646118164, -45.26920700073242, -45.97345733642578, -49.967952728271484, -46.251800537109375, -45.00215530395508, -46.66255187988281], [-44.93191146850586, -46.017215728759766, -48.27507781982422, -45.127174377441406, -45.06434631347656, -45.91813659667969, -49.66440963745117, -46.12769317626953, -44.954383850097656, -46.47504425048828], [-44.90605926513672, -45.99351119995117, -48.108463287353516, -45.08077621459961, -44.809356689453125, -45.8021240234375, -49.37792205810547, -45.972103118896484, -44.90812301635742, -46.312252044677734], [-44.781532287597656, -45.99565887451172, -47.93474578857422, -45.03749465942383, -45.035423278808594, -45.742218017578125, -49.05872344970703, -45.89177322387695, -44.863216400146484, -46.09432601928711], [-44.756797790527344, -45.9559440612793, -47.81477355957031, -45.02045440673828, -44.78397750854492, -45.681724548339844, -48.7733268737793, -45.778568267822266, -44.831111907958984, -45.934879302978516], [-44.680946350097656, -45.9727783203125, -47.70375061035156, -45.00751495361328, -44.85454559326172, -45.620323181152344, -48.510284423828125, -45.6976318359375, -44.80588912963867, -45.73065185546875], [-44.62124252319336, -45.91071319580078, -47.59013366699219, -45.00016784667969, -44.73394775390625, -45.59791946411133, -48.27459716796875, -45.60587692260742, -44.786739349365234, -45.67285919189453], [-44.591529846191406, -45.93178176879883, -47.47821044921875, -44.9844856262207, -44.82674026489258, -45.60570526123047, -48.04339599609375, -45.5390739440918, -44.77530288696289, -45.52570343017578], [-44.60399627685547, -45.99351119995117, -47.37007141113281, -44.972530364990234, -44.87684631347656, -45.54479217529297, -47.81540298461914, -45.46099853515625, -44.76370620727539, -45.43232727050781], [-44.57710647583008, -45.933929443359375, -47.27619552612305, -44.95886993408203, -44.73564910888672, -45.5300178527832, -47.638729095458984, -45.37784957885742, -44.75250244140625, -45.3469352722168], [-44.54057693481445, -45.930477142333984, -47.1682243347168, -44.93798065185547, -44.72319412231445, -45.47420883178711, -47.42698287963867, -45.35623550415039, -44.741729736328125, -45.264381408691406], [-44.505008697509766, -45.881099700927734, -47.07419204711914, -44.93685531616211, -44.7763671875, -45.479698181152344, -47.262290954589844, -45.29701232910156, -44.73142623901367, -45.18387222290039], [-44.5604362487793, -45.88302993774414, -47.01799011230469, -44.91469955444336, -44.72685241699219, -45.44602584838867, -47.03371047973633, -45.29408264160156, -44.721336364746094, -45.103553771972656], [-44.47759246826172, -45.85258865356445, -46.963623046875, -44.90406036376953, -44.65192413330078, -45.33942794799805, -46.83415222167969, -45.30022048950195, -44.71321105957031, -45.033695220947266], [-44.49629592895508, -45.74403381347656, -46.9274787902832, -44.89484786987305, -44.65235900878906, -45.27465057373047, -46.73945236206055, -45.28694152832031, -44.70392608642578, -44.970619201660156], [-44.451812744140625, -45.738285064697266, -46.873592376708984, -44.904205322265625, -44.69914245605469, -45.272071838378906, -46.61726379394531, -45.2798957824707, -44.69502639770508, -44.90244674682617], [-44.45171356201172, -45.731929779052734, -46.824928283691406, -44.89983367919922, -44.629066467285156, -45.22330093383789, -46.32553482055664, -45.2769660949707, -44.68646240234375, -44.87124252319336], [-44.471961975097656, -45.66441345214844, -46.78173065185547, -44.90431594848633, -44.81056594848633, -45.183135986328125, -46.11028289794922, -45.26076889038086, -44.678138732910156, -44.83856964111328], [-44.43914031982422, -45.59806442260742, -46.73847961425781, -44.88254165649414, -44.75617218017578, -45.15338897705078, -45.96242141723633, -45.23954772949219, -44.67023468017578, -44.81033706665039], [-44.477787017822266, -45.57381057739258, -46.68896484375, -44.87511444091797, -44.70683670043945, -45.13581466674805, -45.87784957885742, -45.23101806640625, -44.662776947021484, -44.79344940185547], [-44.47177505493164, -45.534217834472656, -46.647918701171875, -44.85872268676758, -44.75441360473633, -45.124298095703125, -45.81315231323242, -45.21754837036133, -44.65477752685547, -44.77962875366211], [-44.42738723754883, -45.51476287841797, -46.608184814453125, -44.85539245605469, -44.643394470214844, -45.1141471862793, -45.67125701904297, -45.20450973510742, -44.6480712890625, -44.77058029174805], [-44.43865203857422, -45.46958923339844, -46.57155227661133, -44.851192474365234, -44.6361083984375, -45.14065170288086, -45.66944885253906, -45.20069122314453, -44.642242431640625, -44.75986099243164], [-44.43632888793945, -45.41339111328125, -46.53313446044922, -44.8529052734375, -44.63454818725586, -45.123069763183594, -45.48710250854492, -45.18552017211914, -44.63645553588867, -44.74972915649414], [-44.43600845336914, -45.42348861694336, -46.496185302734375, -44.85573959350586, -44.80796813964844, -45.1483039855957, -45.462493896484375, -45.17665100097656, -44.63270950317383, -44.73828125], [-44.430294036865234, -45.40104675292969, -46.45943832397461, -44.845367431640625, -44.708152770996094, -45.14564895629883, -45.45917892456055, -45.15119171142578, -44.6273307800293, -44.7284049987793], [-44.475120544433594, -45.50589370727539, -46.42118835449219, -44.8358268737793, -44.648826599121094, -45.13428497314453, -45.386260986328125, -45.13237762451172, -44.62224197387695, -44.717891693115234], [-44.414161682128906, -45.509178161621094, -46.3853874206543, -44.82011413574219, -44.718963623046875, -45.11052703857422, -45.291255950927734, -45.11528778076172, -44.617000579833984, -44.71131134033203], [-44.490638732910156, -45.5230598449707, -46.349037170410156, -44.806148529052734, -44.64372253417969, -45.076663970947266, -45.2803840637207, -45.114540100097656, -44.6128044128418, -44.68975830078125], [-44.42307662963867, -45.44867706298828, -46.31349182128906, -44.797203063964844, -44.60227584838867, -45.05751037597656, -45.19023132324219, -45.10453414916992, -44.61070251464844, -44.68678283691406], [-44.46046829223633, -45.41624069213867, -46.28163146972656, -44.785160064697266, -44.723819732666016, -44.99613571166992, -45.22404479980469, -45.090938568115234, 