{"eps": {"object_position": [[0.01773831620812416, -0.005308200605213642], [-0.0002565711038187146, -0.007452421355992556], [0.00780708622187376, 0.004842935595661402], [0.002982554491609335, 0.004556963685899973], [0.0008809580467641354, 0.0015166965313255787], [-0.00019169668667018414, 0.0010531642474234104], [0.012678664177656174, 0.009401338174939156], [0.017793135717511177, -0.00361606921069324], [0.0032617542892694473, -0.007717631757259369], [0.010843060910701752, 0.01194742601364851]], "object_rotation": [2.794924736022949, 1.5485790967941284, 1.870100498199463, 2.0422444343566895, 1.9360021352767944, 0.9924838542938232, 0.44938158988952637, 1.1933802366256714, 1.4482167959213257, 2.9880967140197754], "distractor_position": [-0.430952250957489, -0.5662590861320496, -0.3393964469432831, -0.4653961658477783, -0.4606742262840271, -0.41857433319091797, -0.14810284972190857, -0.14444537460803986, -0.538267195224762, -0.4351356625556946]}, "object_type": "mug", "L": 1.0, "failure_level": 0.4, "dp_logprior_scale": 1.0, "dp_mcmc_step_size": 0.01, "ep_mcmc_step_size": 0.01, "num_rounds": 50, "num_steps_per_round": 1, "num_chains": 10, "use_gradients": true, "use_stochasticity": false, "repair": false, "predict": true, "quench_rounds": 0, "tempering_schedule": null, "ep_logprobs": [[-46.860103607177734, -45.56650161743164, -45.11468505859375, -46.723758697509766, -45.20828628540039, -44.723114013671875, -46.136539459228516, -45.70952606201172, -45.07512283325195, -46.80177307128906], [-46.76764678955078, -45.43462371826172, -45.104862213134766, -46.54722595214844, -45.155635833740234, -44.67412185668945, -46.122802734375, -45.67861557006836, -45.00558853149414, -46.75817108154297], [-46.623802185058594, -45.33363723754883, -45.073516845703125, -46.368003845214844, -45.104007720947266, -44.60274124145508, -46.06319046020508, -45.651031494140625, -44.93820571899414, -46.73869705200195], [-46.555999755859375, -45.23995590209961, -45.010902404785156, -46.2201042175293, -45.061622619628906, -44.482723236083984, -45.88249588012695, -45.65858840942383, -44.87977600097656, -46.65280532836914], [-46.14222717285156, -45.32100296020508, -44.94314193725586, -46.07444381713867, -45.03491973876953, -44.56349182128906, -45.87620162963867, -45.6192741394043, -44.824214935302734, -46.640689849853516], [-45.97265625, -45.24238967895508, -44.911659240722656, -45.949546813964844, -45.021812438964844, -44.339012145996094, -45.802345275878906, -45.5966911315918, -44.783905029296875, -46.586769104003906], [-45.89404296875, -45.15985870361328, -44.87794876098633, -45.81724166870117, -45.022830963134766, -44.46714401245117, -45.766578674316406, -45.567237854003906, -44.746665954589844, -46.48301315307617], [-45.854434967041016, -45.10091018676758, -44.85548400878906, -45.6921272277832, -45.0147590637207, -44.446693420410156, -45.778480529785156, -45.518306732177734, -44.72370529174805, -46.51494216918945], [-46.21195983886719, -45.07576370239258, -44.88545608520508, -45.5820426940918, -45.005523681640625, -44.37959289550781, -45.66316604614258, -45.47887420654297, -44.72029113769531, -46.51873016357422], [-45.81740951538086, -45.03794860839844, -44.86077880859375, -45.490177154541016, -44.9937629699707, -44.45248794555664, -45.787925720214844, -45.448577880859375, -44.71645736694336, -46.532814025878906], [-45.71769714355469, -44.99687576293945, -44.89115905761719, -45.39907455444336, -44.98281478881836, -44.35575866699219, -45.70976638793945, -45.42466354370117, -44.70785903930664, -46.499576568603516], [-45.778594970703125, -44.977108001708984, -44.87458801269531, -45.343326568603516, -44.971534729003906, -44.396278381347656, -45.71996307373047, -45.40309143066406, -44.7024040222168, -46.40206527709961], [-45.7557487487793, -44.95468521118164, -44.87089157104492, -45.275604248046875, -44.96214294433594, -44.43829345703125, -45.62967300415039, -45.382347106933594, -44.69438171386719, -46.41883087158203], [-45.72398376464844, -44.93128967285156, -44.85383224487305, -45.206356048583984, -44.95097351074219, -44.3992919921875, -45.57735061645508, -45.374202728271484, -44.68497085571289, -46.341487884521484], [-45.69340133666992, -44.91440963745117, -44.85711669921875, -45.171043395996094, -44.93830108642578, -44.377567291259766, -45.51527786254883, -45.34159851074219, -44.6751708984375, -46.39411163330078], [-45.70701217651367, -44.898624420166016, -44.85528564453125, -45.11763381958008, -44.92711639404297, -44.34796142578125, -45.461524963378906, -45.323387145996094, -44.684120178222656, -46.39198303222656], [-45.68619918823242, -44.8840217590332, -44.840641021728516, -45.09657287597656, -44.91579055786133, -44.49845886230469, -45.40775680541992, -45.305110931396484, -44.66391372680664, -46.361976623535156], [-45.70615768432617, -44.868797302246094, -44.83063888549805, -45.079708099365234, -44.90598678588867, -44.427364349365234, -45.325679779052734, -45.2778434753418, -44.65725326538086, -46.29661178588867], [-45.61784744262695, -44.85401153564453, -44.819854736328125, -45.03691864013672, -44.895870208740234, -44.38479232788086, -45.30038833618164, -45.24966812133789, -44.6495361328125, -46.38542175292969], [-45.55710983276367, -44.84000015258789, -44.81114196777344, -45.033199310302734, -44.88543701171875, -44.41456985473633, -45.33344268798828, -45.235198974609375, -44.63852310180664, -46.33275604248047], [-45.73434066772461, -44.825382232666016, -44.80878829956055, -45.01343536376953, -44.873653411865234, -44.4154167175293, -45.31707000732422, -45.20962142944336, -44.639347076416016, -46.32492446899414], [-45.65577697753906, -44.81239318847656, -44.78239822387695, -45.01250457763672, -44.863189697265625, -44.397518157958984, -45.282066345214844, -45.18674087524414, -44.63108444213867, -46.3040657043457], [-45.674129486083984, -44.799217224121094, -44.76573181152344, -44.992584228515625, -44.85276794433594, -44.53618240356445, -45.267372131347656, -45.13711166381836, -44.633506774902344, -46.275447845458984], [-45.64147186279297, -44.785804748535156, -44.74645233154297, -44.981590270996094, -44.842105865478516, -44.43300247192383, -45.2310791015625, -45.13080596923828, -44.62940979003906, -46.25897979736328], [-45.712520599365234, -44.773414611816406, -44.75254821777344, -44.97627258300781, -44.83190155029297, -44.52722930908203, -45.211753845214844, -45.09825897216797, -44.63692855834961, -46.24562072753906], [-45.6640625, -44.76139450073242, -44.74480056762695, -44.97111892700195, -44.82660675048828, -44.41564178466797, -45.193023681640625, -45.06163024902344, -44.62626647949219, -46.210201263427734], [-45.656925201416016, -44.74980163574219, -44.73120880126953, -44.95729064941406, -44.82361602783203, -44.35552978515625, -45.14487838745117, -45.021236419677734, -44.62678146362305, -46.152198791503906], [-45.70808792114258, -44.73855972290039, -44.727909088134766, -44.95391845703125, -44.81410598754883, -44.31428146362305, -45.199825286865234, -44.99451446533203, -44.623809814453125, -46.1732292175293], [-45.66294860839844, -44.727725982666016, -44.745330810546875, -44.94385528564453, -44.8011474609375, -44.38134002685547, -45.16378402709961, -44.92013168334961, -44.62093734741211, -46.176395416259766], [-45.67354965209961, -44.71739196777344, -44.74515914916992, -44.931312561035156, -44.796756744384766, -44.42878723144531, -45.225303649902344, -44.900146484375, -44.612483978271484, -46.102210998535156], [-45.58082580566406, -44.707359313964844, -44.726654052734375, -44.918697357177734, -44.77901077270508, -44.35868835449219, -45.16616439819336, -44.90169143676758, -44.616310119628906, -46.12376022338867], [-45.64319610595703, -44.69778823852539, -44.71084976196289, -44.91088104248047, -44.7785758972168, -44.45534896850586, -45.1509895324707, -44.873470306396484, -44.60869216918945, -46.138282775878906], [-45.61735153198242, -44.688499450683594, -44.71880340576172, -44.89905548095703, -44.757450103759766, -44.35865020751953, -45.17534637451172, -44.774024963378906, 