{"eps": {"object_position": [[0.00524222943931818, 0.01493792049586773], [0.00019768078345805407, 2.4146977011696436e-05], [0.0009447012562304735, -0.0016308312769979239], [0.002676159841939807, -0.0016108672134578228], [0.011161448433995247, 0.019201213493943214], [0.012376943603157997, 0.0015609891852363944], [-0.0008987564942799509, 0.011263670399785042], [0.01616823673248291, 0.009196140803396702], [-0.006117662880569696, 0.00022361474111676216], [0.022758230566978455, 0.013940836302936077]], "object_rotation": [1.8677175045013428, 1.7491015195846558, 1.3068549633026123, 1.2512685060501099, 1.362379550933838, 1.880885124206543, 1.6667276620864868, 3.1982295513153076, 1.4461439847946167, 3.0496432781219482], "distractor_position": [-0.474193811416626, -0.7133968472480774, -0.5266060829162598, -0.5628026127815247, -0.1477440446615219, -0.2236877977848053, -0.38236621022224426, -0.39710813760757446, -0.5378581285476685, -0.43002039194107056]}, "object_type": "mug", "L": 1.0, "failure_level": 0.4, "dp_logprior_scale": 1.0, "dp_mcmc_step_size": 0.01, "ep_mcmc_step_size": 0.01, "num_rounds": 50, "num_steps_per_round": 1, "num_chains": 10, "use_gradients": true, "use_stochasticity": false, "repair": false, "predict": true, "quench_rounds": 0, "tempering_schedule": null, "ep_logprobs": [[-44.96256637573242, -45.976348876953125, -46.473262786865234, -45.38151550292969, -44.84675598144531, -45.4022102355957, -45.40631866455078, -47.55735778808594, -44.77247619628906, -47.30004119873047], [-44.940120697021484, -45.87746047973633, -46.2404670715332, -45.3140983581543, -44.81499481201172, -45.335933685302734, -45.3238525390625, -47.59241485595703, -44.735740661621094, -47.289222717285156], [-44.919795989990234, -45.78799057006836, -46.10755920410156, -45.250125885009766, -44.70047378540039, -45.284523010253906, -45.203670501708984, -47.64791488647461, -44.713470458984375, -47.24130630493164], [-44.90896987915039, -45.694393157958984, -45.967525482177734, -45.190582275390625, -44.74040985107422, -45.23573684692383, -45.0793571472168, -47.54432678222656, -44.67763900756836, -47.169700622558594], [-44.89699935913086, -45.61268615722656, -45.83406066894531, -45.13105392456055, -44.7321891784668, -45.18865966796875, -44.96541213989258, -47.5028190612793, -44.68916320800781, -47.110050201416016], [-44.88788986206055, -45.55268859863281, -45.705753326416016, -45.063682556152344, -44.661781311035156, -45.15306091308594, -44.86481857299805, -47.43877029418945, -44.68400573730469, -47.05624008178711], [-44.87733459472656, -45.504207611083984, -45.57442092895508, -45.062252044677734, -44.607601165771484, -45.1136360168457, -44.71731948852539, -47.13467025756836, -44.671607971191406, -46.854496002197266], [-44.86842727661133, -45.44533157348633, -45.46037673950195, -45.010704040527344, -44.5958366394043, -45.062950134277344, -44.68437194824219, -47.08896255493164, -44.66604995727539, -46.9263916015625], [-44.85743713378906, -45.414302825927734, -45.34502410888672, -45.05182647705078, -44.565147399902344, -45.037689208984375, -44.597557067871094, -47.1557731628418, -44.65750503540039, -46.85688781738281], [-44.84527587890625, -45.378082275390625, -45.2506103515625, -45.002540588378906, -44.60352325439453, -45.03876495361328, -44.59696960449219, -47.11753463745117, -44.65058135986328, -46.83290481567383], [-44.835880279541016, -45.3442268371582, -45.177467346191406, -44.9897346496582, -44.54821014404297, -44.974586486816406, -44.62654113769531, -47.07408905029297, -44.64022445678711, -46.71869659423828], [-44.83082962036133, -45.318031311035156, -45.10050582885742, -44.956512451171875, -44.57045364379883, -44.74195861816406, -44.56242370605469, -47.232017517089844, -44.629085540771484, -46.78670883178711], [-44.82242202758789, -45.29347610473633, -45.031490325927734, -44.93225860595703, -44.504329681396484, -44.905250549316406, -44.571929931640625, -46.99913024902344, -44.635799407958984, -46.74897003173828], [-44.81250762939453, -45.26995849609375, -44.95841979980469, -44.948814392089844, -44.5749397277832, -44.873538970947266, -44.52358627319336, -46.96595001220703, -44.62621307373047, -46.62190628051758], [-44.80491638183594, -45.249786376953125, -44.913551330566406, -44.92377471923828, -44.52408981323242, -44.865272521972656, -44.64200973510742, -46.93232727050781, -44.62968063354492, -46.66234588623047], [-44.800865173339844, -45.2270393371582, -44.878849029541016, -44.938419342041016, -44.57261657714844, -44.81316375732422, -44.62046432495117, -46.94239807128906, -44.62369155883789, -46.67544174194336], [-44.78712463378906, -45.20304870605469, -44.82341003417969, -44.926536560058594, -44.53512191772461, -44.810943603515625, -44.5622673034668, -46.94553756713867, -44.62831115722656, -46.57527160644531], [-44.7918586730957, -45.18177795410156, -44.81549835205078, -44.92561340332031, -44.55025863647461, -44.82562255859375, -44.528160095214844, -46.923126220703125, -44.62042236328125, -46.64893341064453], [-44.78296661376953, -45.16071319580078, -44.81735610961914, -44.914146423339844, -44.50183868408203, -44.816078186035156, -44.5778694152832, -46.903507232666016, -44.62568664550781, -46.640525817871094], [-44.77573013305664, -45.140045166015625, -44.807716369628906, -44.89240646362305, -44.549625396728516, -44.88097381591797, -44.5251579284668, -46.96055603027344, -44.62031936645508, -46.67318344116211], [-44.76790237426758, -45.11996078491211, -44.79837417602539, -44.886661529541016, -44.52369689941406, -44.9138069152832, -44.544334411621094, -46.94031524658203, -44.625831604003906, -46.54817199707031], [-44.7589225769043, -45.10004806518555, -44.78472137451172, -44.88124084472656, -44.582366943359375, -44.88404083251953, -44.5283203125, -46.90071105957031, -44.614418029785156, -46.598236083984375], [-44.748130798339844, -45.08055114746094, -44.77451705932617, -44.87909698486328, -44.49169158935547, -44.89268112182617, -44.528804779052734, -46.863365173339844, -44.616573333740234, -46.53384017944336], [-44.738563537597656, -45.06106948852539, -44.77381134033203, -44.868194580078125, -44.547183990478516, -44.900211334228516, -44.505035400390625, -46.90288162231445, -44.609169006347656, -46.60789108276367], [-44.72502136230469, -45.04230499267578, -44.76559066772461, -44.85788345336914, -44.54420471191406, -44.894100189208984, -44.52131652832031, -46.83103942871094, -44.61680603027344, -46.32705307006836], [-44.71921157836914, -45.02482604980469, -44.75662612915039, -44.84303665161133, -44.54014587402344, -44.86042022705078, -44.5152702331543, -46.79962158203125, -44.60921859741211, -46.60568618774414], [-44.70882797241211, -45.00691604614258, -44.7531623840332, -44.83384323120117, -44.54059600830078, -44.8495979309082, -44.48488235473633, -46.804161071777344, -44.62313461303711, -46.53801727294922], [-44.70095443725586, -44.989383697509766, -44.743247985839844, -44.820068359375, -44.537254333496094, -44.849037170410156, -44.48842239379883, -46.75331497192383, -44.611854553222656, -46.58173751831055], [-44.69554901123047, -44.97226333618164, -44.73214340209961, -44.8109245300293, -44.538726806640625, -44.84492874145508, -44.48828887939453, -46.73701095581055, -44.61062240600586, -46.510009765625], [-44.61677551269531, -44.95569610595703, -44.7359619140625, -44.797630310058594, -44.526390075683594, -44.84547805786133, -44.48768997192383, -46.75969314575195, -44.6103401184082, -46.4710578918457], [-44.56743240356445, -44.93944549560547, -44.73130416870117, -44.80127716064453, -44.54572296142578, -44.85697937011719, -44.46467208862305, -46.70964050292969, -44.607269287109375, -46.459800720214844], [-44.560333251953125, -44.923160552978516, -44.72629165649414, -44.79142379760742, -44.561161041259766, -44.847496032714844, -44.45965576171875, -46.69567108154297, -44.603336334228516, -46.475189208984375], [-44.631282806396484, -44.90761184692383, -44.717529296875, -44.78199768066406, -44.543121337890625, -44.817237854003906, -44.45777893066406, -46.743412017822266, 