{"eps": {"object_position": [[-0.05567452311515808, 0.03989394009113312], [-0.13212566077709198, -0.025745660066604614], [-0.039452143013477325, -0.02200913056731224], [0.005358316004276276, 0.1678171455860138], [-0.07742467522621155, -0.01898743212223053], [0.15108942985534668, 0.007287755608558655], [-0.025551781058311462, -0.012584511190652847], [0.056234054267406464, 0.04406490921974182], [-0.007949382066726685, -0.08491615951061249], [-0.1263609379529953, 0.04880169779062271]], "object_rotation": [1.9852807521820068, 1.9335604906082153, 1.6208819150924683, 0.507095456123352, 2.5973105430603027, 1.8263708353042603, 2.0117552280426025, 2.938054323196411, 1.3535826206207275, 3.3941612243652344], "distractor_position": [-0.7102928161621094, -0.3636094331741333, -1.1753606796264648, 0.011619195342063904, 0.15806446969509125, -0.5425876975059509, -0.004970841109752655, 0.2373424768447876, -0.2866087555885315, -0.3837536573410034]}, "object_type": "mug", "L": 1.0, "failure_level": 0.4, "dp_logprior_scale": 1.0, "dp_mcmc_step_size": 0.01, "ep_mcmc_step_size": 0.01, "num_rounds": 50, "num_steps_per_round": 1, "num_chains": 10, "use_gradients": true, "use_stochasticity": true, "repair": false, "predict": true, "quench_rounds": 0, "tempering_schedule": [0.0, 0.5579473972320557, 0.804589569568634, 0.9136183261871338, 0.9618147611618042, 0.9831201434135437, 0.9925382137298584, 0.9967014789581299, 0.9985418915748596, 0.9993554353713989, 0.9997150897979736, 0.9998740553855896, 0.9999443292617798, 0.9999753832817078, 0.9999890923500061, 0.9999951720237732, 0.9999978542327881, 0.9999990463256836, 0.9999995827674866, 0.9999998211860657, 0.9999999403953552, 0.9999999403953552, 1.0, 1.0, 1.0, 1.0, 1.0, 1.0, 1.0, 1.0, 1.0, 1.0, 1.0, 1.0, 1.0, 1.0, 1.0, 1.0, 1.0, 1.0, 1.0, 1.0, 1.0, 1.0, 1.0, 1.0, 1.0, 1.0, 1.0, 1.0], "ep_logprobs": [[0.18144157528877258, -0.04936504364013672, -0.22274374961853027, 0.9485976099967957, 1.4428367614746094, 0.33790504932403564, 0.8417390584945679, -1.5088627338409424, 1.6085047721862793, -0.9963911175727844], [-25.235410690307617, -25.95578384399414, -28.321481704711914, -25.22368812561035, -24.760726928710938, -25.464977264404297, -25.01634979248047, -27.84296417236328, -24.27672004699707, -26.842548370361328], [-36.6903190612793, -37.40778732299805, -41.225616455078125, -36.028968811035156, -36.211124420166016, -36.871212005615234, -36.2897834777832, -39.13768768310547, -35.71935272216797, -38.267913818359375], [-41.900146484375, -42.47017288208008, -46.266212463378906, -41.774898529052734, -41.272796630859375, -42.34059524536133, -42.3003044128418, -44.13054656982422, -40.640525817871094, -43.60015869140625], [-44.1043586730957, -44.70801544189453, -48.07175827026367, -44.37696075439453, -43.79896545410156, -44.572296142578125, -44.27421569824219, -46.530338287353516, -42.87568283081055, -46.96489334106445], [-45.093929290771484, -45.889190673828125, -49.20153045654297, -45.136146545410156, -44.78855514526367, -44.83094024658203, -44.7879638671875, -46.1978874206543, -43.86374282836914, -47.95346450805664], [-45.531368255615234, -45.33840560913086, -48.02495574951172, -44.47205352783203, -45.15039825439453, -45.262454986572266, -45.22440719604492, -45.81320571899414, -44.300514221191406, -47.915122985839844], [-45.72473907470703, -45.53178787231445, -48.21595764160156, -44.66542053222656, -45.12464904785156, -45.453208923339844, -45.41733932495117, -46.00289535522461, -44.93312454223633, -48.355716705322266], [-45.810218811035156, -45.61727523803711, -46.145774841308594, -44.75090408325195, -45.2100944519043, -45.84560012817383, -45.98280334472656, -46.08675003051758, -45.01857376098633, -49.212318420410156], [-45.84800720214844, -45.77206039428711, -46.18351745605469, -44.78868865966797, -45.393558502197266, -45.8831787109375, -46.02056121826172, -46.123817443847656, -44.73447036743164, -47.13127899169922], [-46.5777473449707, -45.788753509521484, -46.200199127197266, -45.30522537231445, -45.41021728515625, -46.48915100097656, -45.84852600097656, -46.14020538330078, -46.344905853271484, -47.14798355102539], [-46.58513259887695, -45.79613494873047, -46.914772033691406, -46.05641174316406, -45.41758346557617, -47.298736572265625, -45.68461227416992, -46.63017654418945, -46.352291107177734, -47.155364990234375], [-46.58839416503906, -45.076873779296875, -46.519622802734375, -46.05967330932617, -45.42083740234375, -47.440555572509766, -45.687870025634766, -46.63336944580078, -46.355552673339844, -47.11271286010742], [-47.7166748046875, -45.07831573486328, -46.167518615722656, -46.486839294433594, -45.42227554321289, -47.44199752807617, -45.68931198120117, -46.63478088378906, -47.08243942260742, -47.114139556884766], [-46.933834075927734, -45.07895278930664, -47.79116439819336, -46.48747634887695, -45.83326721191406, -45.817325592041016, -45.689945220947266, -46.63540267944336, -46.24723815917969, -47.11477279663086], [-46.93411636352539, -45.512699127197266, -47.791446685791016, -46.487754821777344, -45.83354568481445, -45.212974548339844, -46.444705963134766, -46.4343147277832, -46.247520446777344, -47.11505126953125], [-46.934242248535156, -45.837669372558594, -47.79157257080078, -46.48788070678711, -45.83367156982422, -45.21310043334961, -46.44483184814453, -48.40913772583008, -46.24764633178711, -47.11517333984375], [-45.53003692626953, -45.83772277832031, -47.7916259765625, -45.97531509399414, -44.84452819824219, -45.318328857421875, -46.44488525390625, -48.40919494628906, -46.591461181640625, -47.096622467041016], [-44.97337341308594, -45.83774948120117, -46.346221923828125, -45.975341796875, -45.04725646972656, -45.318355560302734, -46.44491195678711, -48.409217834472656, -45.91583251953125, -47.43156433105469], [-44.973384857177734, -45.83776092529297, -46.34623336791992, -45.9753532409668, -44.91737365722656, -46.20380401611328, -46.444923400878906, -48.40922927856445, -48.690086364746094, -47.431575775146484], [-44.973388671875, -45.27112579345703, -46.47856521606445, -47.004730224609375, -44.91737747192383, -46.23849105834961, -46.806549072265625, -48.40923309326172, -48.69009017944336, -49.45935821533203], [-44.973388671875, -45.27112579345703, -46.47856521606445, -47.18113327026367, -44.91737747192383, -46.59752655029297, -46.98567581176758, -48.40923309326172, -45.8475341796875, -49.45935821533203], [-44.973392486572266, -45.2711296081543, -46.47856903076172, -47.18113708496094, -45.3823127746582, -45.99031448364258, -49.69649124145508, -48.409236907958984, -45.79621505737305, -48.22639465332031], [-44.9233512878418, -45.2711296081543, -46.70539474487305, -46.90349197387695, -45.97294235229492, -45.88001251220703, -47.44023895263672, -46.574256896972656, -45.79621505737305, -48.22639465332031], [-44.9233512878418, -45.2711296081543, -46.60210418701172, -46.651607513427734, -45.97294235229492, -45.83229064941406, -47.18296432495117, -46.574256896972656, -45.686038970947266, -48.22639465332031], [-44.9233512878418, -45.2711296081543, -46.60210418701172, -46.651607513427734, -47.02779769897461, -45.83229064941406, -47.18296432495117, -46.574256896972656, -45.686038970947266, -48.22639465332031], [-44.9233512878418, -45.206722259521484, -46.3907356262207, -47.16161346435547, -47.02779769897461, -45.83229064941406, -47.18296432495117, -46.574256896972656, -45.620819091796875, -48.37229919433594], [-44.9233512878418, -45.825565338134766, -46.3907356262207, -47.16161346435547, -45.75321578979492, -45.83229064941406, -47.172298431396484, -46.574256896972656, -45.620819091796875, -48.37229919433594], [-44.9233512878418, -45.13154602050781, -46.17824172973633, -47.16161346435547, -45.75321578979492, -45.83229064941406, -47.172298431396484, -46.574256896972656, -45.620819091796875, -48.37229919433594], [-44.9233512878418, -44.82697296142578, -46.17824172973633, -46.78598403930664, -45.75321578979492, -45.73561096191406, -48.187557220458984, -47.70320510864258, -45.620819091796875, -48.37229919433594], [-44.9233512878418, 