{"eps": {"object_position": [[-0.023185499012470245, -0.10480824112892151], [-0.0012789105530828238, 0.09966737031936646], [0.07733948528766632, 0.011952036991715431], [0.027470678091049194, -0.1706533581018448], [-0.053572796285152435, -0.012321346439421177], [-0.04892164468765259, -0.013346591033041477], [-0.031111815944314003, 0.03614781051874161], [-0.0013680679257959127, 0.00680964021012187], [0.0366600900888443, -0.07393535226583481], [-0.04560714587569237, -0.004250023979693651]], "object_rotation": [3.03579044342041, 1.5254840850830078, 2.1830406188964844, 2.3556935787200928, 2.342198371887207, 0.9647772908210754, 0.2153472900390625, 1.1253368854522705, 1.2947649955749512, 3.343506336212158], "distractor_position": [-0.5338988304138184, -0.9561500549316406, -0.25219589471817017, -0.37969154119491577, -0.5045347213745117, -0.42496803402900696, 0.010737475007772446, 0.20283883810043335, -0.7166224718093872, -0.43542909622192383]}, "object_type": "mug", "L": 1.0, "failure_level": 0.4, "dp_logprior_scale": 1.0, "dp_mcmc_step_size": 0.01, "ep_mcmc_step_size": 0.01, "num_rounds": 50, "num_steps_per_round": 1, "num_chains": 10, "use_gradients": true, "use_stochasticity": true, "repair": false, "predict": true, "quench_rounds": 0, "tempering_schedule": null, "ep_logprobs": [[-46.98713302612305, -45.672706604003906, -45.30115509033203, -46.879093170166016, -45.24106216430664, -44.751949310302734, -46.228336334228516, -45.7381706237793, -45.14876937866211, -46.908809661865234], [-46.97060012817383, -45.67176818847656, -45.300537109375, -46.87670135498047, -45.24101638793945, -44.75184631347656, -46.22776412963867, -45.735469818115234, -45.146976470947266, -46.90879821777344], [-46.91714859008789, -45.641422271728516, -45.287132263183594, -46.87669372558594, -45.2404670715332, -44.75152587890625, -46.226890563964844, -45.735626220703125, -45.14695358276367, -46.87968063354492], [-46.91266632080078, -45.64136505126953, -45.29987335205078, -46.88334274291992, -45.24032974243164, -44.748836517333984, -46.22562026977539, -45.73493957519531, -45.139495849609375, -46.88017654418945], [-46.91139221191406, -45.61742401123047, -45.29987335205078, -46.88315200805664, -45.24028396606445, -44.74675750732422, -46.225643157958984, -45.73539352416992, -45.13887023925781, -46.87484359741211], [-46.91142654418945, -45.60680389404297, -45.29780960083008, -46.876007080078125, -45.240760803222656, -44.746402740478516, -46.225250244140625, -45.73539733886719, -45.13883972167969, -46.882442474365234], [-46.90418243408203, -45.607521057128906, -45.297332763671875, -46.86989212036133, -45.24077224731445, -44.74639129638672, -46.22529983520508, -45.73520278930664, -45.13883590698242, -46.87439727783203], [-46.90191650390625, -45.60306930541992, -45.297279357910156, -46.861244201660156, -45.24052047729492, -44.74613952636719, -46.22456359863281, -45.735225677490234, -45.13867950439453, -46.8891487121582], [-46.89751434326172, -45.60306930541992, -45.29511642456055, -46.86075973510742, -45.23845291137695, -44.73744583129883, -46.224361419677734, -45.73591613769531, -45.12811279296875, -46.869686126708984], [-46.89183807373047, -45.604129791259766, -45.294857025146484, -46.841712951660156, -45.23720932006836, -44.73750305175781, -46.23263931274414, -45.736026763916016, -45.12908935546875, -46.868385314941406], [-46.873836517333984, -45.60411834716797, -45.295257568359375, -46.84112548828125, -45.2371826171875, -44.737060546875, -46.23076629638672, -45.73603439331055, -45.1262092590332, -46.86643981933594], [-46.87284469604492, -45.60380554199219, -45.29132843017578, -46.83025360107422, -45.23685073852539, -44.75626754760742, -46.22348403930664, -45.7353630065918, -45.12527847290039, -46.86574935913086], [-46.872501373291016, -45.60242462158203, -45.291316986083984, -46.81217956542969, -45.23618698120117, -44.755859375, -46.2309455871582, -45.73483657836914, -45.12660598754883, -46.860172271728516], [-46.87010955810547, -45.60205078125, -45.291358947753906, -46.79510498046875, -45.237186431884766, -44.75591278076172, -46.23843002319336, -45.73451232910156, -45.12445068359375, -46.85996627807617], [-46.86916732788086, -45.601585388183594, -45.29098129272461, -46.765594482421875, -45.23735046386719, -44.75577163696289, -46.23838424682617, -45.73451614379883, -45.123931884765625, -46.859737396240234], [-46.86907196044922, -45.600189208984375, -45.28327178955078, -46.76005554199219, -45.242835998535156, -44.755760192871094, -46.23847961425781, -45.73467254638672, -45.1241340637207, -46.859619140625], [-46.867279052734375, -45.59896469116211, -45.28337097167969, -46.755149841308594, -45.24240493774414, -44.751380920410156, -46.23684310913086, -45.735076904296875, -45.122802734375, -46.858951568603516], [-46.865230560302734, -45.58623504638672, -45.28180694580078, -46.73628234863281, -45.24252700805664, -44.7244873046875, -46.232608795166016, -45.73430252075195, -45.122737884521484, -46.85691833496094], [-46.86466979980469, -45.58538055419922, -45.28298568725586, -46.73624038696289, -45.24201965332031, -44.72427749633789, -46.223854064941406, -45.73454284667969, -45.12035369873047, -46.85685348510742], [-46.86304473876953, -45.575218200683594, -45.277976989746094, -46.730323791503906, -45.24190902709961, -44.72196960449219, -46.223548889160156, -45.73447036743164, -45.121002197265625, -46.85871124267578], [-46.863121032714844, -45.56379318237305, -45.2776985168457, -46.7302131652832, -45.24154281616211, -44.72126007080078, -46.222415924072266, -45.73442459106445, -45.12098693847656, -46.87464904785156], [-46.861568450927734, -45.56204605102539, -45.277584075927734, -46.72855758666992, -45.241249084472656, -44.721343994140625, -46.19263458251953, -45.73442840576172, -45.12055206298828, -46.87369918823242], [-46.85958480834961, -45.56011962890625, -45.27543640136719, -46.7210578918457, -45.2371940612793, -44.721431732177734, -46.192138671875, -45.73444366455078, -45.12042236328125, -46.865848541259766], [-46.8553466796875, -45.55400466918945, -45.27494430541992, -46.72100830078125, -45.236473083496094, -44.720237731933594, -46.213165283203125, -45.733951568603516, -45.12019729614258, -46.87245178222656], [-46.82666015625, -45.550052642822266, -45.265228271484375, -46.72098159790039, -45.23640060424805, -44.7184944152832, -46.19972229003906, -45.733970642089844, -45.12019348144531, -46.86781311035156], [-46.82648468017578, -45.54314041137695, -45.26545333862305, -46.720985412597656, -45.22786331176758, -44.74430465698242, -46.199851989746094, -45.7337646484375, -45.118621826171875, -46.867923736572266], [-46.793357849121094, -45.54258346557617, -45.26500701904297, -46.7137336730957, -45.227752685546875, -44.74489974975586, -46.1998176574707, -45.73378372192383, -45.11838150024414, -46.867767333984375], [-46.803955078125, -45.54249954223633, -45.26481628417969, -46.71110916137695, -45.22767639160156, -44.73197555541992, -46.217838287353516, -45.733009338378906, -45.1179313659668, -46.868160247802734], [-46.80928039550781, -45.536155700683594, -45.26470184326172, -46.699520111083984, -45.22768020629883, -44.73851013183594, -46.17732238769531, -45.73275375366211, -45.1178092956543, -46.83544158935547], [-46.809024810791016, -45.53566360473633, -45.264652252197266, -46.69985580444336, -45.227264404296875, -44.723262786865234, -46.19215393066406, -45.73271179199219, -45.11792755126953, -46.852149963378906], [-46.80846405029297, -45.53306579589844, -45.26334762573242, -46.6833610534668, -45.22737503051758, -44.723899841308594, -46.197486877441406, -45.731719970703125, -45.11721420288086, -46.85231018066406], [-46.80830383300781, -45.5319938659668, -45.26323699951172, -46.6833610534668, -45.22731018066406, -44.7269287109375, -46.14916229248047, -45.731590270996094, -45.11722183227539, -46.852577209472656], [-46.80829620361328, -45.530696868896484, -45.26296615600586, -46.683162689208984, -45.22722625732422, -44.725128173828125, -46.14925003051758, -45.73108673095703, -45.11687469482422, 