{"eps": {"object_position": [[-0.1120624840259552, 0.026666099205613136], [-0.005908500868827105, 0.022028164938092232], [0.15131118893623352, 0.0968400165438652], [0.027537919580936432, 0.05590564385056496], [0.08758930116891861, 0.04860692843794823], [-0.1022922471165657, 0.042803049087524414], [0.3002440631389618, 0.020046895369887352], [-0.016145989298820496, -0.1458732634782791], [0.0012879440328106284, -0.08560989052057266], [-0.11786601692438126, 0.1616644263267517]], "object_rotation": [1.8029263019561768, 3.038236379623413, 2.1777937412261963, 0.9803861975669861, 2.29931902885437, 2.0204153060913086, 2.391447067260742, 0.5852910876274109, 1.7528477907180786, 1.2835029363632202], "distractor_position": [-0.4144478738307953, 0.07350962609052658, -1.557787299156189, -0.8700019121170044, -0.17073850333690643, 0.18368059396743774, 0.09534917771816254, -0.5252088904380798, -0.8139193654060364, -0.7963489294052124]}, "object_type": "mug", "L": 1.0, "failure_level": 0.4, "dp_logprior_scale": 1.0, "dp_mcmc_step_size": 0.01, "ep_mcmc_step_size": 0.01, "num_rounds": 50, "num_steps_per_round": 1, "num_chains": 10, "use_gradients": true, "use_stochasticity": true, "repair": false, "predict": true, "quench_rounds": 0, "tempering_schedule": null, "ep_logprobs": [[-45.37312698364258, -46.20037078857422, -48.95927429199219, -45.349544525146484, -45.611507415771484, -46.30636215209961, -50.8835563659668, -46.70868682861328, -45.25773239135742, -47.29386901855469], [-45.37446975708008, -46.18655014038086, -48.959205627441406, -45.34861755371094, -45.586647033691406, -46.30080032348633, -50.87746047973633, -46.685665130615234, -45.255863189697266, -47.24162292480469], [-45.37397003173828, -46.18750762939453, -48.9556999206543, -45.34404373168945, -45.5874137878418, -46.300045013427734, -50.76292419433594, -46.68265151977539, -45.255859375, -47.207672119140625], [-45.36317443847656, -46.18702697753906, -48.95691680908203, -45.345401763916016, -45.5873908996582, -46.33088302612305, -50.76097106933594, -46.677001953125, -45.25393295288086, -47.198482513427734], [-45.367103576660156, -46.18682861328125, -48.954185485839844, -45.34454345703125, -45.5879020690918, -46.33057403564453, -50.72605895996094, -46.649574279785156, -45.252933502197266, -47.20924377441406], [-45.35618591308594, -46.18601989746094, -48.954078674316406, -45.34391403198242, -45.58635711669922, -46.31450271606445, -50.599395751953125, -46.635311126708984, -45.25313186645508, -47.20417022705078], [-45.34889602661133, -46.186031341552734, -48.9461784362793, -45.34354782104492, -45.58580017089844, -46.3138427734375, -50.62221908569336, -46.63554763793945, -45.252010345458984, -47.19449234008789], [-45.34842300415039, -46.18579864501953, -48.9454460144043, -45.34375762939453, -45.59231948852539, -46.30860900878906, -50.58927917480469, -46.63130569458008, -45.25200271606445, -47.170528411865234], [-45.351871490478516, -46.185935974121094, -48.940185546875, -45.343021392822266, -45.59401321411133, -46.30721664428711, -50.569889068603516, -46.60824966430664, -45.251739501953125, -47.15437316894531], [-45.34110641479492, -46.18600082397461, -48.939125061035156, -45.3449592590332, -45.58988571166992, -46.30284118652344, -50.53923034667969, -46.60818099975586, -45.246910095214844, -47.15376281738281], [-45.341094970703125, -46.18597412109375, -48.93696975708008, -45.34268569946289, -45.582576751708984, -46.27656936645508, -50.48328399658203, -46.60805130004883, -45.24646759033203, -47.15094757080078], [-45.33978271484375, -46.179927825927734, -48.93342971801758, -45.34138107299805, -45.579044342041016, -46.27652359008789, -50.419639587402344, -46.60794448852539, -45.245487213134766, -47.1306266784668], [-45.33308029174805, -46.18000793457031, -48.93352127075195, -45.33986282348633, -45.5974235534668, -46.27489471435547, -50.392093658447266, -46.60791778564453, -45.246822357177734, -47.130638122558594], [-45.3354377746582, -46.17394256591797, -48.91126251220703, -45.3377571105957, -45.59976577758789, -46.23533248901367, -50.34406661987305, -46.605064392089844, -45.246559143066406, -47.12395095825195], [-45.33467102050781, -46.17253875732422, -48.90798568725586, -45.33766174316406, -45.593780517578125, -46.264225006103516, -50.29782485961914, -46.60390853881836, -45.24607467651367, -47.119232177734375], [-45.331787109375, -46.17530059814453, -48.90255355834961, -45.33761215209961, -45.59186553955078, -46.263668060302734, -50.27471160888672, -46.59990692138672, -45.24537658691406, -47.11909484863281], [-45.330814361572266, -46.18096923828125, -48.88629150390625, -45.32977294921875, -45.59892654418945, -46.25959777832031, -50.20346450805664, -46.569969177246094, -45.24626922607422, -47.1165885925293], [-45.328243255615234, -46.18041229248047, -48.88277053833008, -45.32954406738281, -45.5956916809082, -46.25963592529297, -50.16236114501953, -46.56993865966797, -45.24628829956055, -47.114540100097656], [-45.32987594604492, -46.1574592590332, -48.862815856933594, -45.330196380615234, -45.59510803222656, -46.259517669677734, -50.16151428222656, -46.559730529785156, -45.246089935302734, -47.07212448120117], [-45.327049255371094, -46.138282775878906, -48.856361389160156, -45.329917907714844, -45.589393615722656, -46.25947952270508, -50.146018981933594, -46.54662322998047, -45.243080139160156, -47.071651458740234], [-45.32693099975586, -46.1384162902832, -48.84393310546875, -45.32912063598633, -45.58949279785156, -46.25963592529297, -50.142887115478516, -46.545772552490234, -45.24300765991211, -47.05649185180664], [-45.326168060302734, -46.135093688964844, -48.83845138549805, -45.328758239746094, -45.588626861572266, -46.259281158447266, -50.142982482910156, -46.538116455078125, -45.24136734008789, -47.05581283569336], [-45.3206787109375, -46.13453674316406, -48.83830642700195, -45.34507369995117, -45.588802337646484, -46.22132873535156, -50.11226272583008, -46.538612365722656, -45.240875244140625, -47.07952880859375], [-45.31802749633789, -46.139129638671875, -48.83821105957031, -45.34468078613281, -45.58894729614258, -46.22134017944336, -50.11495590209961, -46.53142547607422, -45.240875244140625, -47.02436447143555], [-45.31787109375, -46.13898468017578, -48.83134078979492, -45.341575622558594, -45.58882141113281, -46.252357482910156, -50.04072570800781, -46.55353927612305, -45.23711013793945, -46.98872756958008], [-45.318355560302734, -46.15191650390625, -48.82933807373047, -45.34010314941406, -45.58602523803711, -46.25233459472656, -50.03551483154297, -46.55344009399414, -45.23625183105469, -46.987064361572266], [-45.318260192871094, -46.15158462524414, -48.82148742675781, -45.3391227722168, -45.585235595703125, -46.25223159790039, -50.04010772705078, -46.55307388305664, -45.236167907714844, -46.96207046508789], [-45.318603515625, -46.17569351196289, -48.817901611328125, -45.33914566040039, -45.58741760253906, -46.25163650512695, -49.96844482421875, -46.538360595703125, -45.230316162109375, -46.95272445678711], [-45.28398132324219, -46.151485443115234, -48.812923431396484, -45.33843994140625, -45.587066650390625, -46.251625061035156, -49.956478118896484, -46.53838348388672, -45.229496002197266, -46.951786041259766], [-45.27144241333008, -46.15163803100586, -48.81302261352539, -45.338382720947266, -45.58583068847656, -46.24962615966797, -49.97758102416992, -46.5211067199707, -45.22834396362305, -46.95098876953125], [-45.27249526977539, -46.151512145996094, -48.81289291381836, -45.33794021606445, -45.58449935913086, -46.249290466308594, -49.972049713134766, -46.52101516723633, -45.22834777832031, -46.94801712036133], [-45.28501510620117, -46.151798248291016, -48.812347412109375, -45.32856750488281, -45.58074188232422, -46.24905014038086, -49.901058197021484, -46.52043914794922, -45.227542877197266, -46.9443473815918], [-45.28501510620117, -46.15153121948242, -48.80453109741211, -45.328285217285156, -45.58074951171875, -46.23971939086914, -49.84591293334961, -46.509742736816406, -45.22515106201172, 