{"eps": {"object_position": [[-0.07572416961193085, -0.0010756426490843296], [0.19536201655864716, 0.03530002385377884], [0.005451180040836334, -0.03095896542072296], [0.16687577962875366, 0.0323263481259346], [0.10162778198719025, 0.10929323732852936], [0.015932289883494377, 0.24727879464626312], [0.06681657582521439, 0.07864990085363388], [-0.16713464260101318, 0.10856211185455322], [-0.09217260777950287, 0.17284980416297913], [0.1720544695854187, 0.07592962682247162]], "object_rotation": [3.408982515335083, 1.0655978918075562, 1.7626045942306519, 1.7908340692520142, 1.7450454235076904, 1.0503798723220825, 0.5137458443641663, 1.134480357170105, 1.4407401084899902, 3.3973891735076904], "distractor_position": [-0.1795341968536377, -0.2695022523403168, -0.28158098459243774, -0.5571126341819763, -0.769092321395874, -0.3132418692111969, -0.7512461543083191, -0.5095254182815552, -1.21017324924469, -0.5039739012718201]}, "object_type": "mug", "L": 1.0, "failure_level": 0.4, "dp_logprior_scale": 1.0, "dp_mcmc_step_size": 0.01, "ep_mcmc_step_size": 0.01, "num_rounds": 50, "num_steps_per_round": 1, "num_chains": 10, "use_gradients": false, "use_stochasticity": true, "repair": false, "predict": true, "quench_rounds": 0, "tempering_schedule": null, "ep_logprobs": [[-46.98731231689453, -46.659996032714844, -45.00075149536133, -46.858577728271484, -45.91337966918945, -44.75174331665039, -46.238746643066406, -45.73836898803711, -45.62251663208008, -47.254451751708984], [-46.98731231689453, -48.73744201660156, -45.3375244140625, -46.858577728271484, -45.91337966918945, -44.75174331665039, -47.10374069213867, -45.73836898803711, -45.86820983886719, -47.254451751708984], [-46.98731231689453, -48.73744201660156, -45.00088882446289, -46.858577728271484, -45.91337966918945, -44.75174331665039, -47.638404846191406, -45.73836898803711, -45.86820983886719, -47.48778533935547], [-46.98731231689453, -48.73744201660156, -45.417545318603516, -45.58857727050781, -45.91337966918945, -44.75174331665039, -47.638404846191406, -45.73836898803711, -45.86820983886719, -48.83959197998047], [-46.98731231689453, -48.73744201660156, -45.42620086669922, -45.58857727050781, -46.30033493041992, -44.75174331665039, -47.638404846191406, -45.829776763916016, -45.86820983886719, -48.83959197998047], [-48.33824157714844, -48.73744201660156, -45.16958236694336, -46.3643798828125, -46.30033493041992, -44.75174331665039, -46.87055206298828, -45.829776763916016, -45.86820983886719, -48.96073913574219], [-48.33824157714844, -48.73744201660156, -46.29475021362305, -44.75386428833008, -46.30033493041992, -44.75174331665039, -46.87055206298828, -45.30455780029297, -45.86820983886719, -48.96073913574219], [-48.33824157714844, -48.73744201660156, -46.49658966064453, -44.75386428833008, -47.31818389892578, -44.75174331665039, -46.87055206298828, -45.09880065917969, -45.86820983886719, -48.96073913574219], [-48.33824157714844, -48.73744201660156, -46.49658966064453, -45.0347785949707, -46.539344787597656, -44.75174331665039, -46.50358963012695, -45.09880065917969, -45.86820983886719, -48.22518539428711], [-48.33824157714844, -48.73744201660156, -45.960914611816406, -45.0347785949707, -46.539344787597656, -45.1311149597168, -46.50358963012695, -45.09880065917969, -45.86820983886719, -48.22518539428711], [-48.33824157714844, -48.46276092529297, -45.960914611816406, -45.15927505493164, -46.539344787597656, -44.91720962524414, -47.06914138793945, -45.09880065917969, -45.92964172363281, -46.94235610961914], [-48.33824157714844, -46.428565979003906, -45.960914611816406, -46.090919494628906, -46.845523834228516, -44.91720962524414, -46.17247009277344, -45.171451568603516, -45.22250747680664, -46.94235610961914], [-48.33824157714844, -46.428565979003906, -45.97354507446289, -46.090919494628906, -46.01689529418945, -44.91720962524414, -46.26830291748047, -45.33209228515625, -45.22250747680664, -47.98552322387695], [-48.33824157714844, -46.56835174560547, -45.42109298706055, -45.84318542480469, -45.48350524902344, -45.95364761352539, -46.26830291748047, -45.59882736206055, -45.22250747680664, -47.98552322387695], [-47.6123161315918, -48.55621337890625, -46.06796646118164, -45.84318542480469, -44.94648742675781, -45.95364761352539, -46.26830291748047, -45.59882736206055, -47.24390411376953, -48.059288024902344], [-49.335166931152344, -46.68320846557617, -46.06796646118164, -45.84318542480469, -44.94648742675781, -45.88352966308594, -46.26830291748047, -45.59882736206055, -46.56692886352539, -48.059288024902344], [-49.335166931152344, -46.68320846557617, -45.373470306396484, -45.731998443603516, -45.65957260131836, -45.88352966308594, -46.26830291748047, -45.59882736206055, -46.56692886352539, -48.059288024902344], [-49.335166931152344, -46.68320846557617, -45.77799987792969, -45.731998443603516, -45.65957260131836, -45.19076156616211, -46.26830291748047, -45.1501579284668, -46.56692886352539, -47.76055145263672], [-47.65803527832031, -45.441463470458984, -45.160099029541016, -45.731998443603516, -44.80683898925781, -45.19076156616211, -46.26830291748047, -45.29599380493164, -45.860511779785156, -49.77695846557617], [-47.570064544677734, -44.65380859375, -45.160099029541016, -45.731998443603516, -44.80683898925781, -44.847816467285156, -46.26830291748047, -45.099388122558594, -45.860511779785156, -49.77695846557617], [-47.570064544677734, -45.15493392944336, -46.08672332763672, -45.731998443603516, -44.80683898925781, -44.847816467285156, -45.26606369018555, -44.91703414916992, -45.880462646484375, -49.098934173583984], [-47.570064544677734, -45.15493392944336, -46.08672332763672, -44.578033447265625, -44.80683898925781, -44.790096282958984, -44.96244812011719, -45.693115234375, -45.880462646484375, -49.098934173583984], [-47.570064544677734, -45.12397384643555, -45.3681755065918, -45.6927604675293, -44.80683898925781, -44.790096282958984, -44.96244812011719, -45.08030700683594, -45.880462646484375, -50.097312927246094], [-48.251739501953125, -45.12397384643555, -45.3681755065918, -48.18083572387695, -45.0944938659668, -44.790096282958984, -44.96244812011719, -45.08030700683594, -45.880462646484375, -50.097312927246094], [-48.41868209838867, -45.12397384643555, -45.3681755065918, -48.158416748046875, -45.0944938659668, -45.03694534301758, -44.96244812011719, -45.08030700683594, -45.880462646484375, -50.097312927246094], [-48.41868209838867, -46.05179977416992, -44.97752380371094, -45.1875, -45.0944938659668, -45.43174362182617, -44.96244812011719, -45.08030700683594, -45.94556427001953, -50.097312927246094], [-48.4172477722168, -46.0963134765625, -44.97752380371094, -45.1875, -45.0944938659668, -45.43174362182617, -44.96244812011719, -45.13844680786133, -45.94556427001953, -50.097312927246094], [-48.452545166015625, -45.32087326049805, -44.97752380371094, -45.1875, -44.46660232543945, -45.43174362182617, -44.96244812011719, -45.13844680786133, -46.28915023803711, -50.097312927246094], [-48.452545166015625, -45.32087326049805, -44.96161651611328, -45.1875, -44.46660232543945, -45.43174362182617, -44.96244812011719, -45.13844680786133, -46.28915023803711, -48.85551452636719], [-48.78217697143555, -44.75042724609375, -44.96161651611328, -45.1875, -44.46660232543945, -45.43174362182617, -44.96244812011719, -45.13844680786133, -46.28915023803711, -48.653541564941406], [-48.8392333984375, -44.98454666137695, -44.96161651611328, -44.579063415527344, -44.702293395996094, -45.43174362182617, -48.40236282348633, -45.13844680786133, -46.28915023803711, -48.653541564941406], [-48.8392333984375, -44.98454666137695, -44.96161651611328, -44.579063415527344, -44.702293395996094, -45.189884185791016, -48.40236282348633, -45.13844680786133, -48.434974670410156, -48.287471771240234], [-48.725120544433594, -44.98454666137695, -44.96161651611328, -44.579063415527344, -44.702293395996094, -44.87328338623047, -48.766265869140625, -44.83477783203125, -48.434974670410156, -47.47943115234375], [-48.725120544433594, -44.978309631347656, 