{"eps": {"object_position": [[-0.1198926642537117, 0.05424920469522476], [0.19153760373592377, -0.04387609660625458], [-0.1127425879240036, 0.10765142738819122], [0.04275725781917572, 0.12389568984508514], [0.02620944194495678, -0.10555455088615417], [-0.11052895337343216, -0.020178556442260742], [0.14461307227611542, -0.20694516599178314], [0.036176636815071106, -0.03986060991883278], [-0.02549881488084793, -0.2550436556339264], [0.04114045947790146, -0.07365185022354126]], "object_rotation": [1.183016061782837, 2.8515026569366455, 2.5969483852386475, 0.9441759586334229, 0.8136016130447388, 1.7653876543045044, 3.015918493270874, 1.3854424953460693, 1.5675396919250488, 2.0910162925720215], "distractor_position": [-1.159482479095459, -0.04195498302578926, -0.7522166967391968, -0.8543223142623901, -0.7619296312332153, -0.9761151075363159, 0.08549021929502487, 0.34237563610076904, -0.3520236313343048, 0.11309012770652771]}, "object_type": "mug", "L": 1.0, "failure_level": 0.4, "dp_logprior_scale": 1.0, "dp_mcmc_step_size": 0.01, "ep_mcmc_step_size": 0.01, "num_rounds": 50, "num_steps_per_round": 1, "num_chains": 10, "use_gradients": false, "use_stochasticity": true, "repair": false, "predict": true, "quench_rounds": 0, "tempering_schedule": null, "ep_logprobs": [[-45.14109802246094, -46.188133239746094, -47.94525146484375, -45.35016632080078, -45.612060546875, -46.30716323852539, -50.88319778442383, -46.715702056884766, -45.25912094116211, -45.24876022338867], [-45.14109802246094, -46.188133239746094, -48.65413284301758, -45.35016632080078, -45.612060546875, -47.31837844848633, -50.88319778442383, -45.11991500854492, -46.62746810913086, -45.63602066040039], [-44.98384475708008, -46.599525451660156, -49.24805450439453, -45.34783935546875, -45.612060546875, -47.18013381958008, -50.88319778442383, -45.11991500854492, -46.62746810913086, -45.7877082824707], [-44.98384475708008, -46.354434967041016, -48.694393157958984, -45.34783935546875, -45.612060546875, -47.18013381958008, -50.88319778442383, -45.11991500854492, -46.62746810913086, -45.7877082824707], [-44.98384475708008, -47.02307891845703, -48.694393157958984, -45.34783935546875, -45.67287826538086, -46.259056091308594, -50.88319778442383, -45.11991500854492, -46.62746810913086, -45.7877082824707], [-44.98384475708008, -47.02307891845703, -48.694393157958984, -45.34783935546875, -45.67287826538086, -45.3492317199707, -52.26258087158203, -45.050086975097656, -46.62746810913086, -44.68962478637695], [-44.98384475708008, -46.22145080566406, -48.75654602050781, -45.34783935546875, -45.67287826538086, -45.367088317871094, -52.26258087158203, -44.864295959472656, -46.62746810913086, -44.68962478637695], [-45.12173080444336, -45.465248107910156, -48.75654602050781, -47.538761138916016, -45.67287826538086, -45.367088317871094, -52.26258087158203, -44.8724479675293, -46.43900680541992, -44.68962478637695], [-45.96748352050781, -45.817970275878906, -49.449180603027344, -47.538761138916016, -45.66865539550781, -45.094154357910156, -52.26258087158203, -44.8724479675293, -45.63821029663086, -44.68962478637695], [-45.96748352050781, -45.817970275878906, -49.15452575683594, -47.538761138916016, -47.43840026855469, -45.094154357910156, -48.551231384277344, -44.8724479675293, -45.63821029663086, -44.68962478637695], [-45.96748352050781, -46.87848663330078, -49.15452575683594, -47.538761138916016, -47.43840026855469, -45.094154357910156, -49.48429870605469, -44.8724479675293, -45.63821029663086, -45.17314910888672], [-45.96748352050781, -46.87848663330078, -49.15452575683594, -46.14274978637695, -46.759395599365234, -45.094154357910156, -48.65929412841797, -44.8724479675293, -45.4931755065918, -45.17314910888672], [-45.313987731933594, -46.87848663330078, -49.15452575683594, -46.14274978637695, -46.9129753112793, -45.094154357910156, -48.65929412841797, -44.8724479675293, -45.23990249633789, -45.381080627441406], [-45.313987731933594, -47.24224090576172, -49.15452575683594, -46.53206253051758, -47.90507125854492, -45.094154357910156, -47.36880874633789, -44.8724479675293, -45.23990249633789, -45.381080627441406], [-45.313987731933594, -47.24224090576172, -49.15452575683594, -46.53206253051758, -47.90507125854492, -45.094154357910156, -46.413272857666016, -46.04457092285156, -44.74302673339844, -45.381080627441406], [-45.313987731933594, -47.24224090576172, -49.47377395629883, -46.53206253051758, -46.44891357421875, -45.094154357910156, -46.54265594482422, -46.23395919799805, -45.642608642578125, -44.436641693115234], [-45.2329216003418, -47.24224090576172, -49.47377395629883, -46.59738540649414, -46.44891357421875, -45.094154357910156, -46.54265594482422, -47.441917419433594, -45.642608642578125, -44.436641693115234], [-45.278831481933594, -47.21039581298828, -49.47377395629883, -46.59738540649414, -46.44891357421875, -46.13107681274414, -46.96697235107422, -47.441917419433594, -45.13832092285156, -44.436641693115234], [-45.278831481933594, -47.21039581298828, -49.47377395629883, -46.59738540649414, -47.54861068725586, -46.13107681274414, -46.96697235107422, -47.441917419433594, -45.13832092285156, -44.436641693115234], [-45.278831481933594, -47.21039581298828, -49.47377395629883, -47.385013580322266, -45.814632415771484, -46.811119079589844, -47.20863723754883, -46.43202209472656, -45.13832092285156, -44.50096130371094], [-45.278831481933594, -47.21039581298828, -51.602447509765625, -47.385013580322266, -45.814632415771484, -46.811119079589844, -47.20863723754883, -46.43202209472656, -45.13832092285156, -44.50096130371094], [-45.278831481933594, -48.382293701171875, -48.305171966552734, -46.08079147338867, -46.13309860229492, -46.811119079589844, -47.20863723754883, -44.65935516357422, -45.08909606933594, -44.50096130371094], [-45.278831481933594, -48.50556564331055, -48.43904113769531, -46.08079147338867, -47.55650329589844, -47.56276321411133, -46.613590240478516, -46.069793701171875, -45.08909606933594, -44.50096130371094], [-45.278831481933594, -46.406105041503906, -46.91005325317383, -45.94417953491211, -47.55650329589844, -47.216278076171875, -46.613590240478516, -46.069793701171875, -45.08909606933594, -44.726844787597656], [-45.278831481933594, -46.406105041503906, -47.51173400878906, -46.31068801879883, -47.55650329589844, -44.89622116088867, -46.613590240478516, -45.29392623901367, -45.08909606933594, -44.726844787597656], [-45.278831481933594, -46.406105041503906, -46.733489990234375, -46.31068801879883, -47.55650329589844, -44.89622116088867, -46.080482482910156, -45.29392623901367, -45.01920700073242, -46.48836135864258], [-45.9132194519043, -46.025997161865234, -46.14621353149414, -46.31068801879883, -48.75925827026367, -44.89622116088867, -46.080482482910156, -45.29392623901367, -45.01920700073242, -46.48836135864258], [-45.9132194519043, -46.025997161865234, -46.14621353149414, -46.31068801879883, -48.75925827026367, -44.89622116088867, -46.080482482910156, -45.29392623901367, -45.01920700073242, -45.317691802978516], [-45.948204040527344, -46.025997161865234, -46.14621353149414, -46.31068801879883, -50.06269073486328, -44.89622116088867, -46.080482482910156, -45.29392623901367, -45.427696228027344, -48.052242279052734], [-45.948204040527344, -46.025997161865234, -46.14621353149414, -46.651390075683594, -45.40239715576172, -44.89622116088867, -46.080482482910156, -45.69602966308594, -45.087440490722656, -48.052242279052734], [-45.923336029052734, -46.025997161865234, -46.14621353149414, -46.651390075683594, -44.89920425415039, -45.72107696533203, -47.632511138916016, -45.25106430053711, -45.35959243774414, -48.052242279052734], [-45.739784240722656, -46.57427978515625, -46.14621353149414, -48.329925537109375, -45.09880828857422, -45.57447814941406, -47.632511138916016, -45.25106430053711, -45.35959243774414, -48.052242279052734], [-45.739784240722656, -47.8050422668457, -46.14621353149414, -47.37342071533203, -45.09880828857422, -44.77997589111328, -47.632511138916016, -45.25106430053711, 