{"eps": {"object_position": [[-0.12702296674251556, 0.1398945450782776], [-0.1332930624485016, 0.006975162774324417], [-0.16028504073619843, 0.15642064809799194], [0.13596034049987793, -0.08123588562011719], [-0.15413810312747955, 0.08763234317302704]], "object_rotation": [0.9113599061965942, 1.8022671937942505, 3.053685188293457, 1.2174946069717407, 1.3927569389343262], "distractor_position": [-1.8345439434051514, 0.45079752802848816, -0.5121520757675171, -1.270094633102417, -0.6456700563430786]}, "eps_trace": {"object_position": [[[0.01158694177865982, 0.03415355831384659], [-0.17879313230514526, -0.19753852486610413], [-0.1363202929496765, -0.0777953714132309], [0.038366034626960754, -0.044076573103666306], [-0.021682022139430046, -0.031725071370601654]], [[0.01158694177865982, 0.03415355831384659], [-0.06027817726135254, -0.2676258683204651], [-0.1363202929496765, -0.0777953714132309], [0.09212741255760193, 0.11914941668510437], [-0.180275559425354, 0.0016409531235694885]], [[0.01158694177865982, 0.03415355831384659], [-0.041173629462718964, -0.1873658299446106], [-0.1363202929496765, -0.0777953714132309], [0.09212741255760193, 0.11914941668510437], [-0.027280807495117188, 0.1699499487876892]], [[0.01158694177865982, 0.03415355831384659], [-0.17037644982337952, -0.1412319391965866], [0.10593679547309875, -0.15110954642295837], [0.09212741255760193, 0.11914941668510437], [-0.027280807495117188, 0.1699499487876892]], [[0.005429289303719997, 0.07044732570648193], [-0.1448264718055725, -0.010778680443763733], [0.10593679547309875, -0.15110954642295837], [0.09935083985328674, -0.14326617121696472], [-0.20310138165950775, 0.07917433977127075]], [[0.005429289303719997, 0.07044732570648193], [0.14772140979766846, -0.07457350939512253], [0.10593679547309875, -0.15110954642295837], [0.09935083985328674, -0.14326617121696472], [-0.20310138165950775, 0.07917433977127075]], [[-0.08675356954336166, 0.006090253591537476], [0.14772140979766846, -0.07457350939512253], [0.04022207111120224, -0.2138655185699463], [0.12723775207996368, -0.20427457988262177], [-0.20310138165950775, 0.07917433977127075]], [[0.03197181969881058, -0.09950754046440125], [0.14772140979766846, -0.07457350939512253], [0.04022207111120224, -0.2138655185699463], [0.12723775207996368, -0.20427457988262177], [-0.20310138165950775, 0.07917433977127075]], [[0.03197181969881058, -0.09950754046440125], [0.14772140979766846, -0.07457350939512253], [-0.15355202555656433, -0.1017526164650917], [-0.042786434292793274, -0.07414738833904266], [-0.11881756037473679, 0.10471374541521072]], [[-0.04675842076539993, -0.08529277890920639], [0.17286403477191925, -0.0980387032032013], [-0.15355202555656433, -0.1017526164650917], [0.014496810734272003, -0.02751850336790085], [-0.11881756037473679, 0.10471374541521072]], [[-0.04675842076539993, -0.08529277890920639], [0.17286403477191925, -0.0980387032032013], [-0.15606248378753662, 0.00792837142944336], [0.014496810734272003, -0.02751850336790085], [-0.11881756037473679, 0.10471374541521072]], [[-0.046289049088954926, -0.04912791773676872], [-0.055450648069381714, -0.035582538694143295], [-0.07182113081216812, 0.08486362546682358], [0.014496810734272003, -0.02751850336790085], [-0.11881756037473679, 0.10471374541521072]], [[-0.046289049088954926, -0.04912791773676872], [-0.055450648069381714, -0.035582538694143295], [0.15214642882347107, 0.255182683467865], [-0.023760497570037842, -0.28927066922187805], [-0.15413810312747955, 0.08763234317302704]], [[-0.046289049088954926, -0.04912791773676872], [-0.055450648069381714, -0.035582538694143295], [0.10807890444993973, 0.22581762075424194], [-0.14379209280014038, -0.10846246778964996], [-0.15413810312747955, 0.08763234317302704]], [[-0.046289049088954926, -0.04912791773676872], [-0.055450648069381714, -0.035582538694143295], [0.10807890444993973, 0.22581762075424194], [-0.03019741177558899, -0.19952234625816345], [-0.15413810312747955, 0.08763234317302704]], [[-0.046289049088954926, -0.04912791773676872], [-0.055450648069381714, -0.035582538694143295], [0.10807890444993973, 0.22581762075424194], [-0.03019741177558899, -0.19952234625816345], [-0.15413810312747955, 0.08763234317302704]], [[-0.046289049088954926, -0.04912791773676872], [-0.055450648069381714, -0.035582538694143295], [0.21155226230621338, 0.19551177322864532], [-0.03019741177558899, -0.19952234625816345], [-0.15413810312747955, 0.08763234317302704]], [[-0.046289049088954926, -0.04912791773676872], [-0.055450648069381714, -0.035582538694143295], [0.21155226230621338, 0.19551177322864532], [0.000774819403886795, -0.16776752471923828], [-0.15413810312747955, 0.08763234317302704]], [[-0.046289049088954926, -0.04912791773676872], [-0.055450648069381714, -0.035582538694143295], [0.21155226230621338, 0.19551177322864532], [-0.10558657348155975, 0.014194488525390625], [-0.15413810312747955, 0.08763234317302704]], [[-0.04899358004331589, 0.07459406554698944], [-0.055450648069381714, -0.035582538694143295], [0.11968117952346802, 0.2816181182861328], [-0.10558657348155975, 0.014194488525390625], [-0.15413810312747955, 0.08763234317302704]], [[-0.13696347177028656, 0.11347708106040955], [-7.004290819168091e-05, -0.07118120789527893], [0.11968117952346802, 0.2816181182861328], [-0.10558657348155975, 0.014194488525390625], [-0.15413810312747955, 0.08763234317302704]], [[-0.09365569055080414, 0.1440938115119934], [-0.010177301242947578, -0.10272418707609177], [-0.128339022397995, 0.2671780586242676], [-0.06465207040309906, -0.033478014171123505], [-0.15413810312747955, 0.08763234317302704]], [[-0.16004739701747894, 0.13331985473632812], [-0.010177301242947578, -0.10272418707609177], [-0.16028504073619843, 0.15642064809799194], [-0.06465207040309906, -0.033478014171123505], [-0.15413810312747955, 0.08763234317302704]], [[-0.12702296674251556, 0.1398945450782776], [-0.20196694135665894, -0.025689780712127686], [-0.16028504073619843, 0.15642064809799194], [-0.0453881099820137, -0.09995175153017044], [-0.15413810312747955, 0.08763234317302704]], [[-0.12702296674251556, 0.1398945450782776], [-0.1332930624485016, 0.006975162774324417], [-0.16028504073619843, 0.15642064809799194], [0.13596034049987793, -0.08123588562011719], [-0.15413810312747955, 0.08763234317302704]]],