{"eps": {"object_position": [[0.026234403252601624, -0.00898241251707077], [-0.03891396522521973, -0.10688192397356033], [0.12645773589611053, -0.060845933854579926], [-0.1372888684272766, -0.09660571813583374], [0.0055567920207977295, 0.09600480645895004]], "object_rotation": [1.9398149251937866, 1.9710813760757446, -1.4398231506347656, 1.4998100996017456, 2.323258399963379], "distractor_position": [0.3144443929195404, 0.6051775217056274, -0.45510756969451904, -0.05453935265541077, -0.8345586061477661]}, "eps_trace": {"object_position": [[[0.04556615278124809, 0.13065779209136963], [-0.007023244630545378, 0.03748876228928566], [-0.010281194932758808, 0.01104743778705597], [-0.008829288184642792, -0.16898305714130402], [0.043202467262744904, -0.049526095390319824]], [[-0.0067082904279232025, 0.03623875230550766], [-0.007023244630545378, 0.03748876228928566], [-0.010281194932758808, 0.01104743778705597], [-0.008829288184642792, -0.16898305714130402], [0.043202467262744904, -0.049526095390319824]], [[-0.0067082904279232025, 0.03623875230550766], [-0.04532346501946449, -0.009974420070648193], [-0.010281194932758808, 0.01104743778705597], [0.03171219676733017, -0.05282079428434372], [0.043202467262744904, -0.049526095390319824]], [[0.05742540583014488, 0.062077686190605164], [-0.04532346501946449, -0.009974420070648193], [0.016324207186698914, -0.009303804486989975], [0.03171219676733017, -0.05282079428434372], [0.043202467262744904, -0.049526095390319824]], [[0.05742540583014488, 0.062077686190605164], [-0.04532346501946449, -0.009974420070648193], [-0.01776135340332985, -0.02760212868452072], [-0.010210126638412476, 0.004029728472232819], [0.043202467262744904, -0.049526095390319824]], [[0.05742540583014488, 0.062077686190605164], [-0.04532346501946449, -0.009974420070648193], [-0.01776135340332985, -0.02760212868452072], [-0.010210126638412476, 0.004029728472232819], [0.043202467262744904, -0.049526095390319824]], [[0.05742540583014488, 0.062077686190605164], [-0.04532346501946449, -0.009974420070648193], [0.008307671174407005, -0.08327619731426239], [0.06124410033226013, -0.06720728427171707], [0.043202467262744904, -0.049526095390319824]], [[0.149750217795372, -0.023301154375076294], [-0.04532346501946449, -0.009974420070648193], [0.1835450828075409, -0.014486119151115417], [0.06124410033226013, -0.06720728427171707], [0.043202467262744904, -0.049526095390319824]], [[0.08467121422290802, 0.09206482023000717], [-0.04532346501946449, -0.009974420070648193], [0.12325980514287949, -0.07724577933549881], [0.018154777586460114, -0.04724685475230217], [0.043202467262744904, -0.049526095390319824]], [[0.08467121422290802, 0.09206482023000717], [-0.04532346501946449, -0.009974420070648193], [0.1394803673028946, -0.1696110963821411], [0.018154777586460114, -0.04724685475230217], [-0.040932126343250275, 0.04770510643720627]], [[0.08467121422290802, 0.09206482023000717], [-0.04532346501946449, -0.009974420070648193], [0.1394803673028946, -0.1696110963821411], [0.018154777586460114, -0.04724685475230217], [0.015917416661977768, -0.16137662529945374]], [[-0.037628769874572754, -0.07172002643346786], [-0.04532346501946449, -0.009974420070648193], [0.001969963312149048, -0.02723388373851776], [0.018154777586460114, -0.04724685475230217], [0.015917416661977768, -0.16137662529945374]], [[-0.02978397347033024, -0.2218107283115387], [-0.04532346501946449, -0.009974420070648193], [0.001969963312149048, -0.02723388373851776], [-0.07005768269300461, -0.10596752166748047], [0.015917416661977768, -0.16137662529945374]], [[-0.02978397347033024, -0.2218107283115387], [-0.04532346501946449, -0.009974420070648193], [0.001969963312149048, -0.02723388373851776], [-0.07005768269300461, -0.10596752166748047], [0.015917416661977768, -0.16137662529945374]], [[-0.02978397347033024, -0.2218107283115387], [-0.04532346501946449, -0.009974420070648193], [0.001969963312149048, -0.02723388373851776], [-0.07005768269300461, -0.10596752166748047], [0.015917416661977768, -0.16137662529945374]], [[-0.02978397347033024, -0.2218107283115387], [-0.03891396522521973, -0.10688192397356033], [0.001969963312149048, -0.02723388373851776], [0.05775677412748337, -0.0995049700140953], [0.015917416661977768, -0.16137662529945374]], [[-0.02978397347033024, -0.2218107283115387], [-0.03891396522521973, -0.10688192397356033], [0.001969963312149048, -0.02723388373851776], [-0.039387792348861694, -0.06165057048201561], [-0.049111682921648026, -0.04274605214595795]], [[-0.03373438119888306, -0.10278862714767456], [-0.03891396522521973, -0.10688192397356033], [0.001969963312149048, -0.02723388373851776], [-0.039387792348861694, -0.06165057048201561], [-0.049111682921648026, -0.04274605214595795]], [[-0.03373438119888306, -0.10278862714767456], [-0.03891396522521973, -0.10688192397356033], [0.001969963312149048, -0.02723388373851776], [-0.039387792348861694, -0.06165057048201561], [-0.049111682921648026, -0.04274605214595795]], [[-0.03373438119888306, -0.10278862714767456], [-0.03891396522521973, -0.10688192397356033], [0.001969963312149048, -0.02723388373851776], [-0.039387792348861694, -0.06165057048201561], [-0.049111682921648026, -0.04274605214595795]], [[-0.03373438119888306, -0.10278862714767456], [-0.03891396522521973, -0.10688192397356033], [0.12645773589611053, -0.060845933854579926], [-0.039387792348861694, -0.06165057048201561], [-0.049111682921648026, -0.04274605214595795]], [[-0.03373438119888306, -0.10278862714767456], [-0.03891396522521973, -0.10688192397356033], [0.12645773589611053, -0.060845933854579926], [-0.039387792348861694, -0.06165057048201561], [-0.05264190211892128, 0.07081424444913864]], [[-0.03373438119888306, -0.10278862714767456], [-0.03891396522521973, -0.10688192397356033], [0.12645773589611053, -0.060845933854579926], [-0.039387792348861694, -0.06165057048201561], [0.15478670597076416, 0.01316039264202118]], [[-0.03373438119888306, -0.10278862714767456], [-0.03891396522521973, -0.10688192397356033], [0.12645773589611053, -0.060845933854579926], [-0.1372888684272766, -0.09660571813583374], [0.0055567920207977295, 0.09600480645895004]], [[0.026234403252601624, -0.00898241251707077], [-0.03891396522521973, -0.10688192397356033], [0.12645773589611053, -0.060845933854579926], [-0.1372888684272766, -0.09660571813583374], [0.0055567920207977295, 0.09600480645895004]]],