{"eps": {"object_position": [[-0.10644127428531647, -0.09795830398797989], [0.17303824424743652, -0.06961410492658615], [-0.005570918321609497, -0.09332863986492157], [-0.023191239684820175, -0.001920066773891449], [-0.09183263778686523, -0.03509468957781792]], "object_rotation": [1.310413122177124, 2.253708600997925, 1.2220033407211304, 2.3597962856292725, 1.3832030296325684], "distractor_position": [-0.1404247283935547, -0.2396303117275238, -0.6124736666679382, 0.08170545101165771, -0.15482252836227417]}, "eps_trace": {"object_position": [[[0.017038343474268913, -0.03232039138674736], [-0.004437759518623352, -0.13225150108337402], [-0.14845193922519684, -0.2279139757156372], [0.06943964958190918, 0.04048014432191849], [0.29486268758773804, 0.006243403535336256]], [[0.017038343474268913, -0.03232039138674736], [-0.004437759518623352, -0.13225150108337402], [0.10544358193874359, -0.054804325103759766], [0.038196347653865814, 0.05697882920503616], [0.29486268758773804, 0.006243403535336256]], [[0.017038343474268913, -0.03232039138674736], [-0.004437759518623352, -0.13225150108337402], [0.10544358193874359, -0.054804325103759766], [0.038196347653865814, 0.05697882920503616], [0.3278762102127075, 0.05369618535041809]], [[0.017038343474268913, -0.03232039138674736], [-0.004437759518623352, -0.13225150108337402], [-0.026171565055847168, -0.009030651301145554], [0.038196347653865814, 0.05697882920503616], [0.3470553755760193, -0.06827901303768158]], [[0.01063711941242218, -0.03624366223812103], [-0.004437759518623352, -0.13225150108337402], [-0.026171565055847168, -0.009030651301145554], [0.038196347653865814, 0.05697882920503616], [0.3470553755760193, -0.06827901303768158]], [[0.01063711941242218, -0.03624366223812103], [0.10479217767715454, -0.13172857463359833], [-0.026171565055847168, -0.009030651301145554], [0.038196347653865814, 0.05697882920503616], [0.3470553755760193, -0.06827901303768158]], [[0.03770581632852554, -0.023625461384654045], [0.01378757506608963, -0.017267875373363495], [-0.026171565055847168, -0.009030651301145554], [0.038196347653865814, 0.05697882920503616], [-0.0023958981037139893, -0.037857308983802795]], [[-0.01050780713558197, 0.09432193636894226], [-0.024706631898880005, 0.09962800145149231], [-0.026171565055847168, -0.009030651301145554], [0.038196347653865814, 0.05697882920503616], [-0.024154335260391235, 0.1448059231042862]], [[-0.01050780713558197, 0.09432193636894226], [0.06693249195814133, -0.030079513788223267], [-0.026171565055847168, -0.009030651301145554], [0.038196347653865814, 0.05697882920503616], [-0.16745874285697937, 0.012040093541145325]], [[-0.01050780713558197, 0.09432193636894226], [0.025578930974006653, -0.014973936602473259], [-0.026171565055847168, -0.009030651301145554], [0.038196347653865814, 0.05697882920503616], [-0.16745874285697937, 0.012040093541145325]], [[-0.01050780713558197, 0.09432193636894226], [0.025578930974006653, -0.014973936602473259], [0.1214747428894043, 0.028161868453025818], [0.038196347653865814, 0.05697882920503616], [-0.16745874285697937, 0.012040093541145325]], [[-0.01050780713558197, 0.09432193636894226], [0.025578930974006653, -0.014973936602473259], [0.1214747428894043, 0.028161868453025818], [0.038196347653865814, 0.05697882920503616], [-0.20822444558143616, -0.032425928860902786]], [[-0.01050780713558197, 0.09432193636894226], [0.025578930974006653, -0.014973936602473259], [0.1214747428894043, 0.028161868453025818], [0.0625169426202774, 0.06560328602790833], [-0.15858615934848785, -0.1893410086631775]], [[-0.01050780713558197, 0.09432193636894226], [0.025578930974006653, -0.014973936602473259], [0.1214747428894043, 0.028161868453025818], [0.1130509227514267, -0.052168674767017365], [0.08811691403388977, -0.08178490400314331]], [[-0.01050780713558197, 0.09432193636894226], [0.025578930974006653, -0.014973936602473259], [0.1214747428894043, 0.028161868453025818], [-0.02659083902835846, -0.06635827571153641], [-0.07185420393943787, -0.1761811375617981]], [[0.052032314240932465, 0.09050456434488297], [0.03702588379383087, -0.015314150601625443], [0.07158736884593964, 0.0340428426861763], [-0.02659083902835846, -0.06635827571153641], [-0.07185420393943787, -0.1761811375617981]], [[-0.08720702677965164, 0.12440453469753265], [0.03702588379383087, -0.015314150601625443], [0.07158736884593964, 0.0340428426861763], [-0.02659083902835846, -0.06635827571153641], [0.08329667150974274, 0.09984564781188965]], [[-0.08720702677965164, 0.12440453469753265], [0.03702588379383087, -0.015314150601625443], [0.07158736884593964, 0.0340428426861763], [0.0031406432390213013, 0.004646711051464081], [-0.15107136964797974, 0.13113422691822052]], [[-0.08720702677965164, 0.12440453469753265], [0.03702588379383087, -0.015314150601625443], [-0.0800628513097763, 0.19107934832572937], [0.0031406432390213013, 0.004646711051464081], [-0.08810312300920486, 0.2735919952392578]], [[-0.029999427497386932, 0.06942088901996613], [0.03702588379383087, -0.015314150601625443], [-0.09005490690469742, 0.13583090901374817], [0.0031406432390213013, 0.004646711051464081], [-0.08810312300920486, 0.2735919952392578]], [[-0.09667924046516418, -0.1012803167104721], [0.03702588379383087, -0.015314150601625443], [-0.09005490690469742, 0.13583090901374817], [0.12329462170600891, -0.13578680157661438], [-0.11063408106565475, 0.17499785125255585]], [[-0.10644127428531647, -0.09795830398797989], [0.03702588379383087, -0.015314150601625443], [-0.09005490690469742, 0.13583090901374817], [0.12329462170600891, -0.13578680157661438], [-0.1708477884531021, 0.03899945318698883]], [[-0.10644127428531647, -0.09795830398797989], [0.11049887537956238, 0.04405588656663895], [-0.09005490690469742, 0.13583090901374817], [0.02297629415988922, -0.12151817977428436], [-0.1708477884531021, 0.03899945318698883]], [[-0.10644127428531647, -0.09795830398797989], [0.17303824424743652, -0.06961410492658615], [-0.005570918321609497, -0.09332863986492157], [-0.023191239684820175, -0.001920066773891449], [-0.10373996198177338, -0.09208126366138458]], [[-0.10644127428531647, -0.09795830398797989], [0.17303824424743652, -0.06961410492658615], [-0.005570918321609497, -0.09332863986492157], [-0.023191239684820175, -0.001920066773891449], [-0.09183263778686523, -0.03509468957781792]]],