{"eps": {"object_position": [[-0.18582989275455475, -0.05042014271020889], [0.10221356898546219, -0.04596710205078125], [-0.14003528654575348, -0.11984225362539291], [-0.0064984336495399475, 0.19911842048168182], [0.02714555151760578, 0.18753033876419067]], "object_rotation": [2.5966813564300537, 0.16959689557552338, 2.4370782375335693, 1.3026525974273682, 1.9679094552993774], "distractor_position": [-0.6975876092910767, -0.6558263897895813, -0.8297661542892456, -0.010646432638168335, -0.6045880913734436]}, "eps_trace": {"object_position": [[[-0.25304490327835083, -0.107110895216465], [-0.11485040187835693, 0.1147889643907547], [0.16961818933486938, -0.05572129786014557], [0.16694572567939758, 0.14951026439666748], [-0.0849301815032959, -0.13620895147323608]], [[-0.25304490327835083, -0.107110895216465], [-0.11485040187835693, 0.1147889643907547], [0.15009146928787231, -0.11914736777544022], [0.16694572567939758, 0.14951026439666748], [-0.1460987627506256, -0.05682354420423508]], [[-0.09031955897808075, -0.18582478165626526], [0.09068563580513, 0.01892004907131195], [0.18801520764827728, -0.023075081408023834], [0.16694572567939758, 0.14951026439666748], [-0.27363497018814087, -0.11192543804645538]], [[-0.09031955897808075, -0.18582478165626526], [0.09068563580513, 0.01892004907131195], [0.18801520764827728, -0.023075081408023834], [0.16694572567939758, 0.14951026439666748], [-0.27363497018814087, -0.11192543804645538]], [[0.11280415952205658, 0.0464659184217453], [0.09068563580513, 0.01892004907131195], [0.11147056519985199, -0.008256521075963974], [0.16694572567939758, 0.14951026439666748], [-0.27363497018814087, -0.11192543804645538]], [[0.11280415952205658, 0.0464659184217453], [0.09068563580513, 0.01892004907131195], [0.11147056519985199, -0.008256521075963974], [0.16694572567939758, 0.14951026439666748], [-0.27363497018814087, -0.11192543804645538]], [[0.09137830883264542, -0.13317108154296875], [0.13700319826602936, 0.027160581201314926], [0.11147056519985199, -0.008256521075963974], [0.14806601405143738, 0.2132154107093811], [-0.27363497018814087, -0.11192543804645538]], [[0.09137830883264542, -0.13317108154296875], [0.08827787637710571, -0.056620966643095016], [0.11147056519985199, -0.008256521075963974], [0.14806601405143738, 0.2132154107093811], [-0.27363497018814087, -0.11192543804645538]], [[0.09137830883264542, -0.13317108154296875], [0.08827787637710571, -0.056620966643095016], [0.11147056519985199, -0.008256521075963974], [0.14806601405143738, 0.2132154107093811], [-0.27363497018814087, -0.11192543804645538]], [[0.17890003323554993, -0.002558767795562744], [0.08827787637710571, -0.056620966643095016], [0.11147056519985199, -0.008256521075963974], [-0.0038518160581588745, 0.16797539591789246], [-0.308571994304657, 0.10193638503551483]], [[0.19412492215633392, -0.07424099743366241], [0.08827787637710571, -0.056620966643095016], [0.0860515683889389, 0.17051835358142853], [-0.0038518160581588745, 0.16797539591789246], [-0.308571994304657, 0.10193638503551483]], [[0.09949401766061783, -0.08705804497003555], [-0.03801193833351135, -0.0021797604858875275], [0.0860515683889389, 0.17051835358142853], [-0.0038518160581588745, 0.16797539591789246], [-0.35681235790252686, 0.08530603349208832]], [[0.09949401766061783, -0.08705804497003555], [-0.03801193833351135, -0.0021797604858875275], [0.0860515683889389, 0.17051835358142853], [0.07903919368982315, 0.08079925924539566], [-0.13599875569343567, 0.14815068244934082]], [[0.07390398532152176, -0.13446493446826935], [-0.03801193833351135, -0.0021797604858875275], [-0.03506086766719818, 0.17864163219928741], [0.07903919368982315, 0.08079925924539566], [-0.1240130215883255, 0.04058811068534851]], [[0.07390398532152176, -0.13446493446826935], [-0.03801193833351135, -0.0021797604858875275], [-0.03506086766719818, 0.17864163219928741], [-0.04295923560857773, 0.15763704478740692], [-0.24696362018585205, 0.1481633484363556]], [[0.07390398532152176, -0.13446493446826935], [-0.03801193833351135, -0.0021797604858875275], [-0.019056905061006546, 0.21052706241607666], [0.08376494795084, 0.11441318690776825], [-0.24696362018585205, 0.1481633484363556]], [[0.07390398532152176, -0.13446493446826935], [-0.03801193833351135, -0.0021797604858875275], [-0.019056905061006546, 0.21052706241607666], [0.08376494795084, 0.11441318690776825], [-0.24696362018585205, 0.1481633484363556]], [[0.11191044747829437, 0.03173777461051941], [-0.10047338902950287, 0.06143251433968544], [-0.019056905061006546, 0.21052706241607666], [0.08376494795084, 0.11441318690776825], [-0.24696362018585205, 0.1481633484363556]], [[0.19236260652542114, 0.04013899713754654], [-0.10047338902950287, 0.06143251433968544], [-0.019056905061006546, 0.21052706241607666], [0.0388694629073143, 0.13446387648582458], [-0.24696362018585205, 0.1481633484363556]], [[0.01874864101409912, -0.10244540125131607], [-0.10047338902950287, 0.06143251433968544], [-0.019056905061006546, 0.21052706241607666], [0.0388694629073143, 0.13446387648582458], [-0.17779013514518738, 0.25464552640914917]], [[-0.21398016810417175, -0.04089576005935669], [-0.10047338902950287, 0.06143251433968544], [0.01683102548122406, -0.1770293116569519], [0.0388694629073143, 0.13446387648582458], [-0.17779013514518738, 0.25464552640914917]], [[-0.21398016810417175, -0.04089576005935669], [-0.10047338902950287, 0.06143251433968544], [0.01683102548122406, -0.1770293116569519], [0.0388694629073143, 0.13446387648582458], [0.046396613121032715, 0.21370165050029755]], [[-0.21398016810417175, -0.04089576005935669], [-0.04350747913122177, -0.0687171071767807], [0.01683102548122406, -0.1770293116569519], [0.0388694629073143, 0.13446387648582458], [0.046396613121032715, 0.21370165050029755]], [[-0.1735181361436844, -0.06549987941980362], [0.10221356898546219, -0.04596710205078125], [-0.14003528654575348, -0.11984225362539291], [-0.0064984336495399475, 0.19911842048168182], [0.046396613121032715, 0.21370165050029755]], [[-0.18582989275455475, -0.05042014271020889], [0.10221356898546219, -0.04596710205078125], [-0.14003528654575348, -0.11984225362539291], [-0.0064984336495399475, 0.19911842048168182], [0.02714555151760578, 0.18753033876419067]]],