{"eps": {"object_position": [[-0.0676056295633316, -0.11178207397460938], [-0.08900157362222672, -0.012588277459144592], [-0.19205421209335327, 0.22751791775226593], [-0.02757299691438675, 0.003731347620487213], [-0.07679422199726105, 0.0746525451540947]], "object_rotation": [2.788461208343506, 1.676255226135254, 0.3938712179660797, 1.7616369724273682, 2.1814064979553223], "distractor_position": [-0.21386173367500305, -0.0982753187417984, -0.5923120975494385, -0.053096264600753784, -1.4656590223312378]}, "eps_trace": {"object_position": [[[0.04556615278124809, 0.13065779209136963], [-0.007023244630545378, 0.03748876228928566], [0.09675858169794083, -0.12002982199192047], [0.07455994188785553, -0.13397212326526642], [0.043202467262744904, -0.049526095390319824]], [[0.04556615278124809, 0.13065779209136963], [-0.007023244630545378, 0.03748876228928566], [0.1570059061050415, -0.028501711785793304], [-0.11553211510181427, -0.12285126000642776], [0.043202467262744904, -0.049526095390319824]], [[0.04556615278124809, 0.13065779209136963], [-0.0602404959499836, -0.09634089469909668], [0.1570059061050415, -0.028501711785793304], [0.2591579556465149, -0.07398325204849243], [0.043202467262744904, -0.049526095390319824]], [[-0.009438686072826385, -0.18950191140174866], [-0.0602404959499836, -0.09634089469909668], [-0.08004350960254669, 0.20261898636817932], [0.3162865936756134, -0.10556448996067047], [0.043202467262744904, -0.049526095390319824]], [[-0.009438686072826385, -0.18950191140174866], [-0.0602404959499836, -0.09634089469909668], [-0.18910938501358032, 0.19181247055530548], [0.3162865936756134, -0.10556448996067047], [-0.010958906263113022, 0.025348350405693054]], [[-0.009438686072826385, -0.18950191140174866], [-0.0602404959499836, -0.09634089469909668], [0.007904872298240662, 0.3324047029018402], [0.18843084573745728, -0.1636233776807785], [-0.010958906263113022, 0.025348350405693054]], [[-0.03475414961576462, -0.1723022758960724], [-0.0602404959499836, -0.09634089469909668], [-0.021177737042307854, 0.40776365995407104], [0.1525840163230896, -0.0994759351015091], [-0.010958906263113022, 0.025348350405693054]], [[0.025211535394191742, -0.21372398734092712], [-0.028719540685415268, -0.12689389288425446], [-0.021177737042307854, 0.40776365995407104], [0.1525840163230896, -0.0994759351015091], [0.13487191498279572, -0.04348353296518326]], [[0.025211535394191742, -0.21372398734092712], [-0.028719540685415268, -0.12689389288425446], [-0.021177737042307854, 0.40776365995407104], [0.1525840163230896, -0.0994759351015091], [-0.03285945951938629, -0.07096683979034424]], [[0.025211535394191742, -0.21372398734092712], [-0.028719540685415268, -0.12689389288425446], [-0.021177737042307854, 0.40776365995407104], [0.1525840163230896, -0.0994759351015091], [0.09469765424728394, 0.006400279700756073]], [[-0.18711453676223755, -0.07068964838981628], [-0.041192203760147095, -0.1560271680355072], [-0.021177737042307854, 0.40776365995407104], [0.11002656817436218, -0.016626715660095215], [0.1190706193447113, 0.1795113980770111]], [[-0.10797473043203354, -0.054321616888046265], [-0.0909186527132988, -0.13413362205028534], [-0.021177737042307854, 0.40776365995407104], [0.12671715021133423, 0.07094075530767441], [0.14194974303245544, 0.1670767068862915]], [[-0.12468180805444717, 0.13147306442260742], [0.11583194881677628, -0.041392385959625244], [-0.021177737042307854, 0.40776365995407104], [0.12671715021133423, 0.07094075530767441], [0.14194974303245544, 0.1670767068862915]], [[-0.1434045433998108, 0.09688308835029602], [0.11583194881677628, -0.041392385959625244], [-0.021177737042307854, 0.40776365995407104], [0.12671715021133423, 0.07094075530767441], [0.02335003763437271, 0.14915065467357635]], [[-0.1434045433998108, 0.09688308835029602], [0.11583194881677628, -0.041392385959625244], [-0.010961750522255898, 0.3859291970729828], [0.11475332081317902, -0.002137705683708191], [0.02335003763437271, 0.14915065467357635]], [[-0.07649273425340652, 0.02193908393383026], [0.11583194881677628, -0.041392385959625244], [-0.05138488858938217, 0.32366469502449036], [0.11475332081317902, -0.002137705683708191], [0.02335003763437271, 0.14915065467357635]], [[-0.04637636989355087, 0.046493202447891235], [0.048906028270721436, -0.13169388473033905], [-0.1185615137219429, 0.20767000317573547], [0.11475332081317902, -0.002137705683708191], [0.02335003763437271, 0.14915065467357635]], [[-0.04637636989355087, 0.046493202447891235], [0.10399562865495682, 0.05863744020462036], [-0.1185615137219429, 0.20767000317573547], [0.11475332081317902, -0.002137705683708191], [0.0015153121203184128, 0.08957793563604355]], [[-0.04637636989355087, 0.046493202447891235], [0.10399562865495682, 0.05863744020462036], [-0.1185615137219429, 0.20767000317573547], [0.11475332081317902, -0.002137705683708191], [-0.0514090359210968, 0.24368801712989807]], [[-0.1741921305656433, -0.014176234602928162], [-0.13370856642723083, 0.08037657290697098], [-0.1185615137219429, 0.20767000317573547], [0.018373779952526093, 0.08086377382278442], [-0.0514090359210968, 0.24368801712989807]], [[-0.1741921305656433, -0.014176234602928162], [-0.13370856642723083, 0.08037657290697098], [-0.19205421209335327, 0.22751791775226593], [0.1398724913597107, -0.044159069657325745], [-0.11478206515312195, 0.10204769670963287]], [[-0.0676056295633316, -0.11178207397460938], [0.06502610445022583, 0.053046293556690216], [-0.19205421209335327, 0.22751791775226593], [-0.07166801393032074, 0.023088403046131134], [-0.11478206515312195, 0.10204769670963287]], [[-0.0676056295633316, -0.11178207397460938], [-0.02089739590883255, 0.08466668426990509], [-0.19205421209335327, 0.22751791775226593], [-0.02757299691438675, 0.003731347620487213], [-0.21824190020561218, -0.001174643635749817]], [[-0.0676056295633316, -0.11178207397460938], [-0.08900157362222672, -0.012588277459144592], [-0.19205421209335327, 0.22751791775226593], [-0.02757299691438675, 0.003731347620487213], [-0.21824190020561218, -0.001174643635749817]], [[-0.0676056295633316, -0.11178207397460938], [-0.08900157362222672, -0.012588277459144592], [-0.19205421209335327, 0.22751791775226593], [-0.02757299691438675, 0.003731347620487213], [-0.07679422199726105, 0.0746525451540947]]],