{"eps": {"object_position": [[-0.1188599094748497, -0.06539897620677948], [-0.08281942456960678, -0.09212079644203186], [0.01622547209262848, 0.1715707629919052], [0.018122680485248566, 0.013671427965164185], [-0.07679422199726105, 0.0746525451540947]], "object_rotation": [2.568376064300537, 1.3345788717269897, 0.6312656402587891, 1.7537751197814941, 2.1814064979553223], "distractor_position": [-0.18281590938568115, 0.00665813684463501, -0.5481786131858826, 0.13324423134326935, -1.4656590223312378]}, "eps_trace": {"object_position": [[[0.04556615278124809, 0.13065779209136963], [-0.007023244630545378, 0.03748876228928566], [0.09675858169794083, -0.12002982199192047], [0.07455994188785553, -0.13397212326526642], [0.043202467262744904, -0.049526095390319824]], [[0.04556615278124809, 0.13065779209136963], [-0.007023244630545378, 0.03748876228928566], [0.1570059061050415, -0.028501711785793304], [-0.11553211510181427, -0.12285126000642776], [0.043202467262744904, -0.049526095390319824]], [[0.04556615278124809, 0.13065779209136963], [-0.007023244630545378, 0.03748876228928566], [0.1570059061050415, -0.028501711785793304], [0.2591579556465149, -0.07398325204849243], [0.043202467262744904, -0.049526095390319824]], [[-0.009438686072826385, -0.18950191140174866], [-0.007023244630545378, 0.03748876228928566], [-0.08004350960254669, 0.20261898636817932], [0.3162865936756134, -0.10556448996067047], [0.043202467262744904, -0.049526095390319824]], [[-0.009438686072826385, -0.18950191140174866], [-0.007023244630545378, 0.03748876228928566], [-0.18910938501358032, 0.19181247055530548], [0.3162865936756134, -0.10556448996067047], [-0.010958906263113022, 0.025348350405693054]], [[-0.009438686072826385, -0.18950191140174866], [-0.007023244630545378, 0.03748876228928566], [0.007904872298240662, 0.3324047029018402], [0.18843084573745728, -0.1636233776807785], [-0.010958906263113022, 0.025348350405693054]], [[-0.03475414961576462, -0.1723022758960724], [-0.007023244630545378, 0.03748876228928566], [0.007904872298240662, 0.3324047029018402], [0.1525840163230896, -0.0994759351015091], [-0.010958906263113022, 0.025348350405693054]], [[-0.03475414961576462, -0.1723022758960724], [0.024497710168361664, 0.006935765966773033], [0.007904872298240662, 0.3324047029018402], [0.1525840163230896, -0.0994759351015091], [0.13487191498279572, -0.04348353296518326]], [[-0.03475414961576462, -0.1723022758960724], [0.024497710168361664, 0.006935765966773033], [0.007904872298240662, 0.3324047029018402], [0.1525840163230896, -0.0994759351015091], [-0.03285945951938629, -0.07096683979034424]], [[-0.03475414961576462, -0.1723022758960724], [0.024497710168361664, 0.006935765966773033], [-0.1991034895181656, 0.029698073863983154], [0.1525840163230896, -0.0994759351015091], [0.09469765424728394, 0.006400279700756073]], [[-0.03475414961576462, -0.1723022758960724], [0.012025048956274986, -0.02219751663506031], [-0.06323525309562683, 0.08083123713731766], [0.11002656817436218, -0.016626715660095215], [0.1190706193447113, 0.1795113980770111]], [[0.04438565671443939, -0.15593424439430237], [-0.03770139813423157, -0.0003039650619029999], [0.03021160513162613, 0.12838493287563324], [0.12671715021133423, 0.07094075530767441], [0.14194974303245544, 0.1670767068862915]], [[0.027678579092025757, 0.02986043691635132], [-0.03770139813423157, -0.0003039650619029999], [0.03021160513162613, 0.12838493287563324], [0.12671715021133423, 0.07094075530767441], [0.14194974303245544, 0.1670767068862915]], [[0.008955845609307289, -0.004729539155960083], [-0.03770139813423157, -0.0003039650619029999], [0.03021160513162613, 0.12838493287563324], [0.044004619121551514, -0.14007702469825745], [0.02335003763437271, 0.14915065467357635]], [[0.008955845609307289, -0.004729539155960083], [-0.03770139813423157, -0.0003039650619029999], [0.040427591651678085, 0.10655046254396439], [0.044004619121551514, -0.14007702469825745], [0.02335003763437271, 0.14915065467357635]], [[0.008955845609307289, -0.004729539155960083], [0.006158147007226944, 0.01923053339123726], [4.451721906661987e-06, 0.04428597167134285], [0.044004619121551514, -0.14007702469825745], [0.02335003763437271, 0.14915065467357635]], [[0.008955845609307289, -0.004729539155960083], [-0.060767773538827896, -0.07107096910476685], [-0.06717216968536377, -0.07170870900154114], [0.044004619121551514, -0.14007702469825745], [0.02335003763437271, 0.14915065467357635]], [[0.008955845609307289, -0.004729539155960083], [-0.005678173154592514, 0.11926035583019257], [-0.06717216968536377, -0.07170870900154114], [0.044004619121551514, -0.14007702469825745], [0.0015153121203184128, 0.08957793563604355]], [[0.008955845609307289, -0.004729539155960083], [0.11017777025699615, -0.020895078778266907], [-0.06717216968536377, -0.07170870900154114], [-0.0510915145277977, 0.07504984736442566], [-0.0514090359210968, 0.24368801712989807]], [[-0.1188599094748497, -0.06539897620677948], [-0.1275264173746109, 0.0008440520614385605], [-0.06717216968536377, -0.07170870900154114], [-0.14747105538845062, 0.15805132687091827], [-0.0514090359210968, 0.24368801712989807]], [[-0.1188599094748497, -0.06539897620677948], [-0.1275264173746109, 0.0008440520614385605], [-0.14066487550735474, -0.05186079815030098], [-0.025972336530685425, 0.033028483390808105], [-0.11478206515312195, 0.10204769670963287]], [[-0.1188599094748497, -0.06539897620677948], [0.07120825350284576, -0.026486225426197052], [-0.1629207730293274, -0.004587341099977493], [-0.025972336530685425, 0.033028483390808105], [-0.11478206515312195, 0.10204769670963287]], [[-0.1188599094748497, -0.06539897620677948], [-0.014715246856212616, 0.005134161561727524], [0.01622547209262848, 0.1715707629919052], [0.018122680485248566, 0.013671427965164185], [-0.21824190020561218, -0.001174643635749817]], [[-0.1188599094748497, -0.06539897620677948], [-0.08281942456960678, -0.09212079644203186], [0.01622547209262848, 0.1715707629919052], [0.018122680485248566, 0.013671427965164185], [-0.21824190020561218, -0.001174643635749817]], [[-0.1188599094748497, -0.06539897620677948], [-0.08281942456960678, -0.09212079644203186], [0.01622547209262848, 0.1715707629919052], [0.018122680485248566, 0.013671427965164185], [-0.07679422199726105, 0.0746525451540947]]],