{"eps": {"object_position": [[0.037288542836904526, 0.10723742097616196], [0.0021882965229451656, 0.014721532352268696], [-0.0158444344997406, -0.14993315935134888], [0.062442608177661896, -0.11210590600967407], [0.026821181178092957, -0.0306438896805048]], "object_rotation": [2.14931058883667, 1.7106003761291504, 0.15393362939357758, 1.2203705310821533, 1.8183928728103638], "distractor_position": [-0.2576863765716553, 0.6452176570892334, -1.0687892436981201, 0.0841442197561264, -1.333113431930542]}, "eps_trace": {"object_position": [[[0.04384300857782364, 0.12596777081489563], [-0.005883225705474615, 0.03263115510344505], [-0.017957083880901337, -0.16982097923755646], [0.0721285492181778, -0.12960319221019745], [0.039967432618141174, -0.04571392387151718]], [[0.042172666639089584, 0.1212555319070816], [-0.004181085154414177, 0.027934743091464043], [-0.01739903911948204, -0.1648523062467575], [0.06972727179527283, -0.12521767616271973], [0.03669487312436104, -0.04193378984928131]], [[0.04061252251267433, 0.11650633811950684], [-0.0017308774404227734, 0.02360905148088932], [-0.01688697561621666, -0.15987864136695862], [0.06731227785348892, -0.12083959579467773], [0.03342115506529808, -0.03815469518303871]], [[0.038997992873191833, 0.1117742657661438], [0.00047185347648337483, 0.019332874566316605], [-0.016366634517908096, -0.1549057960510254], [0.06486396491527557, -0.11648047715425491], [0.030146801844239235, -0.03437621891498566]], [[0.037288542836904526, 0.10723742097616196], [0.0021882965229451656, 0.014721532352268696], [-0.0158444344997406, -0.14993315935134888], [0.062442608177661896, -0.11210590600967407], [0.026821181178092957, -0.0306438896805048]]], "object_rotation": [[2.1683905124664307, 1.715211272239685, 0.1339353770017624, 1.2088128328323364, 1.8265591859817505], [2.163562297821045, 1.714044451713562, 0.1389349400997162, 1.2117376327514648, 1.8244926929473877], [2.158773183822632, 1.7128870487213135, 0.14393450319766998, 1.214638590812683, 1.8224430084228516], [2.154022693634033, 1.7117390632629395, 0.14893406629562378, 1.2175161838531494, 1.8204097747802734], [2.14931058883667, 1.7106003761291504, 0.15393362939357758, 1.2203705310821533, 1.8183928728103638]], "distractor_position": [[-0.24037888646125793, 0.6652173399925232, -1.0887877941131592, 0.1041424423456192, -1.353111982345581], [-0.2453766018152237, 0.6602174043655396, -1.0837881565093994, 0.0991428792476654, -1.3481123447418213], [-0.2502930462360382, 0.6552175283432007, -1.0787885189056396, 0.09414331614971161, -1.3431127071380615], [-0.254732221364975, 0.650217592716217, -1.0737888813018799, 0.08914375305175781, -1.3381130695343018], [-0.2576863765716553, 0.6452176570892334, -1.0687892436981201, 0.0841442197561264, -1.333113431930542]]}, "object_type": "bowl", "L": 1.0, "failure_level": 0.2, "dp_logprior_scale": 1.0, "dp_mcmc_step_size": 0.001, "ep_mcmc_step_size": 0.001, "num_rounds": 5, "num_steps_per_round": 5, "num_chains": 5, "use_gradients": true, "use_stochasticity": false, "repair": true, "predict": true, "quench_rounds": 0, "tempering_schedule": null, "ep_logprobs": [[-31.80538558959961, -33.261077880859375, -34.3176155090332, -32.401573181152344, -32.18553924560547], [-31.73032569885254, -33.15022659301758, -34.20903396606445, -32.31206512451172, -32.13896560668945], [-31.652151107788086, -33.14316940307617, -34.1055793762207, -32.2318000793457, -32.09335708618164], [-31.577421188354492, -33.070980072021484, -34.0033073425293, -32.15154266357422, -32.04939651489258], [-31.525102615356445, -33.029937744140625, -33.90378189086914, -32.07822036743164, -32.011592864990234]], "dp_logprobs": [[-0.7745647430419922, -0.7745647430419922, -0.7745647430419922, -0.7745647430419922, -0.7745647430419922], [-0.7714264392852783, -0.7714264392852783, -0.7714264392852783, -0.7714264392852783, -0.7714264392852783], [-0.7815555334091187, -0.7815555334091187, -0.7815555334091187, -0.7815555334091187, -0.7815555334091187], [-0.7739509344100952, -0.7739509344100952, -0.7739509344100952, -0.7739509344100952, -0.7739509344100952], [-0.7867993116378784, -0.7867993116378784, -0.7867993116378784, -0.7867993116378784, -0.7867993116378784]]}