{"eps": {"object_position": [[0.04556615278124809, 0.13065779209136963], [-0.007023244630545378, 0.03748876228928566], [-0.018468104302883148, -0.17479479312896729], [0.07455994188785553, -0.13397212326526642], [0.043202467262744904, -0.049526095390319824]], "object_rotation": [2.14931058883667, 1.7106003761291504, 0.15393362939357758, 1.2203705310821533, 1.8183928728103638], "distractor_position": [-0.23538106679916382, 0.6702172756195068, -1.093787431716919, 0.109142005443573, -1.3581116199493408]}, "eps_trace": {"object_position": [[[0.04556615278124809, 0.13065779209136963], [-0.007023244630545378, 0.03748876228928566], [-0.018468104302883148, -0.17479479312896729], [0.07455994188785553, -0.13397212326526642], [0.043202467262744904, -0.049526095390319824]], [[0.04556615278124809, 0.13065779209136963], [-0.007023244630545378, 0.03748876228928566], [-0.018468104302883148, -0.17479479312896729], [0.07455994188785553, -0.13397212326526642], [0.043202467262744904, -0.049526095390319824]], [[0.04556615278124809, 0.13065779209136963], [-0.007023244630545378, 0.03748876228928566], [-0.018468104302883148, -0.17479479312896729], [0.07455994188785553, -0.13397212326526642], [0.043202467262744904, -0.049526095390319824]], [[0.04556615278124809, 0.13065779209136963], [-0.007023244630545378, 0.03748876228928566], [-0.018468104302883148, -0.17479479312896729], [0.07455994188785553, -0.13397212326526642], [0.043202467262744904, -0.049526095390319824]], [[0.04556615278124809, 0.13065779209136963], [-0.007023244630545378, 0.03748876228928566], [-0.018468104302883148, -0.17479479312896729], [0.07455994188785553, -0.13397212326526642], [0.043202467262744904, -0.049526095390319824]]], "object_rotation": [[2.1683905124664307, 1.715211272239685, 0.1339353770017624, 1.2088128328323364, 1.8265591859817505], [2.163562297821045, 1.714044451713562, 0.1389349400997162, 1.2117376327514648, 1.8244926929473877], [2.158773183822632, 1.7128870487213135, 0.14393450319766998, 1.214638590812683, 1.8224430084228516], [2.154022693634033, 1.7117390632629395, 0.14893406629562378, 1.2175161838531494, 1.8204097747802734], [2.14931058883667, 1.7106003761291504, 0.15393362939357758, 1.2203705310821533, 1.8183928728103638]], "distractor_position": [[-0.23538106679916382, 0.6702172756195068, -1.093787431716919, 0.109142005443573, -1.3581116199493408], [-0.23538106679916382, 0.6702172756195068, -1.093787431716919, 0.109142005443573, -1.3581116199493408], [-0.23538106679916382, 0.6702172756195068, -1.093787431716919, 0.109142005443573, -1.3581116199493408], [-0.23538106679916382, 0.6702172756195068, -1.093787431716919, 0.109142005443573, -1.3581116199493408], [-0.23538106679916382, 0.6702172756195068, -1.093787431716919, 0.109142005443573, -1.3581116199493408]]}, "object_type": "bowl", "L": 1.0, "failure_level": 0.2, "dp_logprior_scale": 1.0, "dp_mcmc_step_size": 0.001, "ep_mcmc_step_size": 0.001, "num_rounds": 5, "num_steps_per_round": 5, "num_chains": 5, "use_gradients": true, "use_stochasticity": false, "repair": true, "predict": true, "quench_rounds": 0, "tempering_schedule": null, "ep_logprobs": [[-31.786333084106445, -33.319183349609375, -34.408660888671875, -32.423614501953125, -32.23398208618164], [-31.788131713867188, -33.31886291503906, -34.39646911621094, -32.425174713134766, -32.23291015625], [-31.78868293762207, -33.31862258911133, -34.384315490722656, -32.42620849609375, -32.23147964477539], [-31.78859519958496, -33.31850051879883, -34.3723030090332, -32.42683029174805, -32.22993850708008], [-31.788223266601562, -33.31837463378906, -34.36052703857422, -32.427249908447266, -32.22846221923828]], "dp_logprobs": [[-0.7988602519035339, -0.7988602519035339, -0.7988602519035339, -0.7988602519035339, -0.7988602519035339], [-0.7972006797790527, -0.7972006797790527, -0.7972006797790527, -0.7972006797790527, -0.7972006797790527], [-0.795946478843689, -0.795946478843689, -0.795946478843689, -0.795946478843689, -0.795946478843689], [-0.7948943972587585, -0.7948943972587585, -0.7948943972587585, -0.7948943972587585, -0.7948943972587585], [-0.7939149737358093, -0.7939149737358093, -0.7939149737358093, -0.7939149737358093, -0.7939149737358093]]}