{"eps": {"object_position": [[0.005583991762250662, -0.010122951120138168], [-0.17607294023036957, -0.16249646246433258], [0.0007238232647068799, -0.09748715162277222], [0.02589781954884529, 0.10149674862623215], [0.27034202218055725, 0.0035792237613350153]], "object_rotation": [0.9139205813407898, 2.302953004837036, 0.7959250807762146, 2.346578598022461, 1.3777799606323242], "distractor_position": [-0.5249207019805908, 0.20620839297771454, -1.1559008359909058, 0.20705179870128632, -0.34270909428596497]}, "eps_trace": {"object_position": [[[0.014707033522427082, -0.027898404747247696], [-0.19090981781482697, -0.17590691149234772], [0.0011197427520528436, -0.11747745424509048], [0.0309998020529747, 0.12083324044942856], [0.2898971438407898, 0.005825338419526815]], [[0.01234338991343975, -0.023493405431509018], [-0.1872069090604782, -0.17254739999771118], [0.001071208855137229, -0.11247772723436356], [0.02970850095152855, 0.11600300669670105], [0.2849128246307373, 0.00558652076870203]], [[0.009996367618441582, -0.019079500809311867], [-0.18350662291049957, -0.16918477416038513], [0.0009067444480024278, -0.10748503357172012], [0.028467735275626183, 0.11115971207618713], [0.2799836993217468, 0.005039237905293703]], [[0.007753346581012011, -0.01461432408541441], [-0.17978106439113617, -0.16585013270378113], [0.0008398207719437778, -0.10248551517724991], [0.027162183076143265, 0.10633323341608047], [0.2750168740749359, 0.00485669169574976]], [[0.005583991762250662, -0.010122951120138168], [-0.17607294023036957, -0.16249646246433258], [0.0007238232647068799, -0.09748715162277222], [0.02589781954884529, 0.10149674862623215], [0.27034202218055725, 0.0035792237613350153]]], "object_rotation": [[0.8939291834831238, 2.322946786880493, 0.7759312987327576, 2.366572380065918, 1.371414065361023], [0.8989270329475403, 2.317948341369629, 0.7809297442436218, 2.3615739345550537, 1.3730249404907227], [0.9039248824119568, 2.3129498958587646, 0.7859281897544861, 2.3565754890441895, 1.3746228218078613], [0.9089227318763733, 2.3079514503479004, 0.7909266352653503, 2.351577043533325, 1.3762078285217285], [0.9139205813407898, 2.302953004837036, 0.7959250807762146, 2.346578598022461, 1.3777799606323242]], "distractor_position": [[-0.5270266532897949, 0.2262069433927536, -1.1758993864059448, 0.22705064713954926, -0.3538721799850464], [-0.5264794230461121, 0.22120735049247742, -1.170899748802185, 0.22205093502998352, -0.3504756689071655], [-0.5259374976158142, 0.21620769798755646, -1.1659001111984253, 0.21705122292041779, -0.347346693277359], [-0.52541184425354, 0.21120807528495789, -1.1609004735946655, 0.21205151081085205, -0.3471963405609131], [-0.5249207019805908, 0.20620839297771454, -1.1559008359909058, 0.20705179870128632, -0.34270909428596497]]}, "object_type": "bowl", "L": 1.0, "failure_level": 0.2, "dp_logprior_scale": 1.0, "dp_mcmc_step_size": 0.001, "ep_mcmc_step_size": 0.001, "num_rounds": 5, "num_steps_per_round": 5, "num_chains": 5, "use_gradients": true, "use_stochasticity": false, "repair": true, "predict": true, "quench_rounds": 0, "tempering_schedule": null, "ep_logprobs": [[-30.914634704589844, -35.32261657714844, -32.6087532043457, -32.835723876953125, -34.41571807861328], [-30.889415740966797, -35.191951751708984, -32.531368255615234, -32.759490966796875, -34.22270584106445], [-30.875045776367188, -35.041664123535156, -32.456565856933594, -32.67458724975586, -34.14949035644531], [-30.861358642578125, -34.907432556152344, -32.3844108581543, -32.59935760498047, -33.988563537597656], [-30.850309371948242, -34.75581359863281, -32.31426239013672, -32.52519226074219, -34.20182800292969]], "dp_logprobs": [[-0.807099461555481, -0.807099461555481, -0.807099461555481, -0.807099461555481, -0.807099461555481], [-0.820624589920044, -0.820624589920044, -0.820624589920044, -0.820624589920044, -0.820624589920044], [-0.841890811920166, -0.841890811920166, -0.841890811920166, -0.841890811920166, -0.841890811920166], [-0.8009781837463379, -0.8009781837463379, -0.8009781837463379, -0.8009781837463379, -0.8009781837463379], [-0.8194525241851807, -0.8194525241851807, -0.8194525241851807, -0.8194525241851807, -0.8194525241851807]]}