{"eps": {"object_position": [[0.050220172852277756, 0.0019951374270021915], [-0.020469125360250473, -0.07983972132205963], [-0.12342170625925064, -0.03370751440525055], [0.03819965943694115, -0.043992891907691956], [-0.021563153713941574, -0.03137139230966568]], "object_rotation": [1.3538146018981934, 0.9551858901977539, 2.7762722969055176, 1.0975899696350098, 0.9229422807693481], "distractor_position": [-1.2492536306381226, 0.10168733447790146, -1.1302039623260498, -1.4686676263809204, -0.8766750693321228]}, "eps_trace": {"object_position": [[[0.05039365217089653, 0.00218979106284678], [-0.020799124613404274, -0.08030160516500473], [-0.12429068982601166, -0.033862072974443436], [0.03824657201766968, -0.0440923348069191], [-0.021670933812856674, -0.03165612369775772]], [[0.05034596100449562, 0.0021493935491889715], [-0.020711490884423256, -0.08014968037605286], [-0.12413397431373596, -0.03400927037000656], [0.03822020813822746, -0.044078998267650604], [-0.021640008315443993, -0.03161521628499031]], [[0.05033755302429199, 0.002114602131769061], [-0.02066544070839882, -0.08010054379701614], [-0.12376397103071213, -0.03386671468615532], [0.038147103041410446, -0.04406363144516945], [-0.021601852029561996, -0.03162415698170662]], [[0.05026877671480179, 0.0020562727004289627], [-0.020563429221510887, -0.07992162555456161], [-0.12361061573028564, -0.0338343046605587], [0.03814000263810158, -0.04405741021037102], [-0.021591566503047943, -0.0315539576113224]], [[0.050220172852277756, 0.0019951374270021915], [-0.020469125360250473, -0.07983972132205963], [-0.12342170625925064, -0.03370751440525055], [0.03819965943694115, -0.043992891907691956], [-0.021563153713941574, -0.03137139230966568]]], "object_rotation": [[1.35370934009552, 0.955165445804596, 2.7761662006378174, 1.0975236892700195, 0.9228637218475342], [1.3537468910217285, 0.9552760124206543, 2.7762348651885986, 1.0975046157836914, 0.9229045510292053], [1.3537625074386597, 0.9553208351135254, 2.776115894317627, 1.09755539894104, 0.9229267835617065], [1.3537709712982178, 0.9551553130149841, 2.7761363983154297, 1.097558617591858, 0.922907829284668], [1.3538146018981934, 0.9551858901977539, 2.7762722969055176, 1.0975899696350098, 0.9229422807693481]], "distractor_position": [[-1.2494984865188599, 0.10192452371120453, -1.1302855014801025, -1.4687514305114746, -0.8766887784004211], [-1.249470591545105, 0.10187343508005142, -1.1302411556243896, -1.4687085151672363, -0.8766846060752869], [-1.2493736743927002, 0.10189368575811386, -1.1303220987319946, -1.4687155485153198, -0.8766759634017944], [-1.2493044137954712, 0.10173030197620392, -1.1303428411483765, -1.468684196472168, -0.8766710162162781], [-1.2492536306381226, 0.10168733447790146, -1.1302039623260498, -1.4686676263809204, -0.8766750693321228]]}, "object_type": "bowl", "L": 1.0, "failure_level": 0.2, "dp_logprior_scale": 1.0, "dp_mcmc_step_size": 0.001, "ep_mcmc_step_size": 0.001, "num_rounds": 5, "num_steps_per_round": 5, "num_chains": 5, "use_gradients": true, "use_stochasticity": true, "repair": true, "predict": true, "quench_rounds": 0, "tempering_schedule": null, "ep_logprobs": [[-31.770036697387695, -31.828140258789062, -33.28390884399414, -32.72015380859375, -31.173622131347656], [-31.769580841064453, -31.825075149536133, -33.28263473510742, -32.71990203857422, -31.173473358154297], [-31.76974868774414, -31.824525833129883, -33.26698684692383, -32.72047424316406, -31.173404693603516], [-31.76927947998047, -31.82053565979004, -33.26522445678711, -32.719200134277344, -31.17305564880371], [-31.768993377685547, -31.820514678955078, -33.261844635009766, -32.720176696777344, -31.172977447509766]], "dp_logprobs": [[-0.7780805826187134, -0.778093159198761, -0.7780918478965759, -0.7780575752258301, -0.7780782580375671], [-0.7780686020851135, -0.7781170010566711, -0.778120219707489, -0.778079628944397, -0.7780770063400269], [-0.7782827615737915, -0.7783690094947815, -0.7783524394035339, -0.7783048152923584, -0.7783201932907104], [-0.7798462510108948, -0.779918909072876, -0.7798937559127808, -0.7798518538475037, -0.7798752784729004], [-0.7803984880447388, -0.7804624438285828, -0.7804632186889648, -0.7803808450698853, -0.7804224491119385]]}