{"eps": {"object_position": [[0.044858720153570175, 0.12967464327812195], [-0.006816487293690443, 0.03709084540605545], [-0.0189217459410429, -0.17374460399150848], [0.07420819997787476, -0.13346466422080994], [0.04306218773126602, -0.049224693328142166]], "object_rotation": [2.1729836463928223, 1.7164480686187744, 0.12924349308013916, 1.2057623863220215, 1.8285388946533203], "distractor_position": [-0.23559509217739105, 0.6699913144111633, -1.0933960676193237, 0.10896797478199005, -1.357955813407898]}, "eps_trace": {"object_position": [[[0.04555429145693779, 0.13061104714870453], [-0.006915403995662928, 0.037362340837717056], [-0.018600838258862495, -0.17451326549053192], [0.07447969168424606, -0.1338241696357727], [0.04314856603741646, -0.049479495733976364]], [[0.045305557548999786, 0.13024117052555084], [-0.006847225595265627, 0.03729657456278801], [-0.0185316801071167, -0.1744900494813919], [0.07441170513629913, -0.13382859528064728], [0.043110933154821396, -0.0493820384144783]], [[0.04517244175076485, 0.1301340013742447], [-0.006795690860599279, 0.037321705371141434], [-0.018632426857948303, -0.1741774082183838], [0.07447957992553711, -0.13350428640842438], [0.04308200627565384, -0.04928771033883095]], [[0.04506027325987816, 0.12999248504638672], [-0.00683093024417758, 0.03707189857959747], [-0.0187491774559021, -0.17403818666934967], [0.07428036630153656, -0.13348858058452606], [0.04305519163608551, -0.04924393817782402]], [[0.044858720153570175, 0.12967464327812195], [-0.006816487293690443, 0.03709084540605545], [-0.0189217459410429, -0.17374460399150848], [0.07420819997787476, -0.13346466422080994], [0.04306218773126602, -0.049224693328142166]]], "object_rotation": [[2.173269271850586, 1.7162879705429077, 0.12889213860034943, 1.2058382034301758, 1.8285770416259766], [2.173107862472534, 1.7163547277450562, 0.12893210351467133, 1.205854892730713, 1.8285566568374634], [2.173117160797119, 1.7163876295089722, 0.12931086122989655, 1.2056984901428223, 1.8286058902740479], [2.1730453968048096, 1.7164483070373535, 0.12922675907611847, 1.2057151794433594, 1.8285536766052246], [2.1729836463928223, 1.7164480686187744, 0.12924349308013916, 1.2057623863220215, 1.8285388946533203]], "distractor_position": [[-0.23538804054260254, 0.6702478528022766, -1.093792200088501, 0.1091560423374176, -1.3580377101898193], [-0.2351965457201004, 0.6701378226280212, -1.0938037633895874, 0.10905315726995468, -1.3580058813095093], [-0.23526833951473236, 0.670071542263031, -1.0935457944869995, 0.1091058999300003, -1.3580396175384521], [-0.23555710911750793, 0.6700369715690613, -1.0936416387557983, 0.10900495201349258, -1.3579578399658203], [-0.23559509217739105, 0.6699913144111633, -1.0933960676193237, 0.10896797478199005, -1.357955813407898]]}, "object_type": "bowl", "L": 1.0, "failure_level": 0.2, "dp_logprior_scale": 1.0, "dp_mcmc_step_size": 0.001, "ep_mcmc_step_size": 0.001, "num_rounds": 5, "num_steps_per_round": 5, "num_chains": 5, "use_gradients": true, "use_stochasticity": true, "repair": true, "predict": true, "quench_rounds": 0, "tempering_schedule": null, "ep_logprobs": [[-31.780593872070312, -33.316219329833984, -34.41550827026367, -32.41820526123047, -32.23286819458008], [-31.775428771972656, -33.31543731689453, -34.41493606567383, -32.417606353759766, -32.23106002807617], [-31.773590087890625, -33.315093994140625, -34.40800094604492, -32.41559600830078, -32.229312896728516], [-31.771162033081055, -33.25930404663086, -34.4060173034668, -32.413909912109375, -32.22831726074219], [-31.76592445373535, -33.259117126464844, -34.400482177734375, -32.41304016113281, -32.228172302246094]], "dp_logprobs": [[-0.8025176525115967, -0.8024882078170776, -0.8024857044219971, -0.8025470972061157, -0.802544116973877], [-0.8022681474685669, -0.8022669553756714, -0.8022453784942627, -0.8022758364677429, -0.8022677898406982], [-0.8022956848144531, -0.8022613525390625, -0.8023021817207336, -0.8022951483726501, -0.8022662997245789], [-0.802237331867218, -0.8021758198738098, -0.8022162914276123, -0.8022255897521973, -0.8021904826164246], [-0.8118128180503845, -0.8117086291313171, -0.8117802739143372, -0.8117308020591736, -0.8118067383766174]]}