{"eps": {"object_position": [[0.016762586310505867, -0.03216344863176346], [-0.19402118027210236, -0.1783733069896698], [0.001162199187092483, -0.1217321828007698], [0.03166535496711731, 0.12397480010986328], [0.2932164967060089, 0.006144126411527395]], "object_rotation": [0.8889635801315308, 2.327803134918213, 0.771017849445343, 2.3711578845977783, 1.3697850704193115], "distractor_position": [-0.5276586413383484, 0.23107632994651794, -1.1805893182754517, 0.2314874231815338, -0.3567339777946472]}, "eps_trace": {"object_position": [[[0.017048204317688942, -0.03227674216032028], [-0.19463980197906494, -0.17892947793006897], [0.0010274791857227683, -0.12237950414419174], [0.032223813235759735, 0.12531991302967072], [0.2945657968521118, 0.006336333230137825]], [[0.01695377379655838, -0.03216275945305824], [-0.19450706243515015, -0.17868733406066895], [0.0010363287292420864, -0.12235657870769501], [0.032024603337049484, 0.12479175627231598], [0.2943049967288971, 0.006300230044871569]], [[0.01696035824716091, -0.03215595334768295], [-0.19443641602993011, -0.17853803932666779], [0.0011091625783592463, -0.1221836656332016], [0.03197924792766571, 0.12468351423740387], [0.2941817343235016, 0.006394383497536182]], [[0.016813261434435844, -0.03216185420751572], [-0.19435159862041473, -0.1783692091703415], [0.0011657837312668562, -0.12188630551099777], [0.031731195747852325, 0.12405599653720856], [0.29334571957588196, 0.006200139876455069]], [[0.016762586310505867, -0.03216344863176346], [-0.19402118027210236, -0.1783733069896698], [0.001162199187092483, -0.1217321828007698], [0.03166535496711731, 0.12397480010986328], [0.2932164967060089, 0.006144126411527395]]], "object_rotation": [[0.8888878226280212, 2.327846050262451, 0.7710338234901428, 2.3717269897460938, 1.3699302673339844], [0.888886570930481, 2.3279504776000977, 0.7710708975791931, 2.371508836746216, 1.3698477745056152], [0.8888970613479614, 2.3276607990264893, 0.7711212038993835, 2.3713111877441406, 1.3700449466705322], [0.8889253735542297, 2.3277056217193604, 0.7711541652679443, 2.371188163757324, 1.3699133396148682], [0.8889635801315308, 2.327803134918213, 0.771017849445343, 2.3711578845977783, 1.3697850704193115]], "distractor_position": [[-0.5276511311531067, 0.2311674952507019, -1.1809611320495605, 0.23189271986484528, -0.3573419451713562], [-0.5276507139205933, 0.23126405477523804, -1.1809831857681274, 0.23144720494747162, -0.3570499122142792], [-0.5276654362678528, 0.23113293945789337, -1.181025743484497, 0.23141813278198242, -0.35713911056518555], [-0.5276504755020142, 0.23107123374938965, -1.1808656454086304, 0.2315291315317154, -0.3567393124103546], [-0.5276586413383484, 0.23107632994651794, -1.1805893182754517, 0.2314874231815338, -0.3567339777946472]]}, "object_type": "bowl", "L": 1.0, "failure_level": 0.2, "dp_logprior_scale": 1.0, "dp_mcmc_step_size": 0.001, "ep_mcmc_step_size": 0.001, "num_rounds": 5, "num_steps_per_round": 5, "num_chains": 5, "use_gradients": true, "use_stochasticity": true, "repair": true, "predict": true, "quench_rounds": 0, "tempering_schedule": null, "ep_logprobs": [[-30.937335968017578, -35.44369888305664, -32.68766403198242, -32.91934585571289, -34.59667205810547], [-30.936973571777344, -35.43730545043945, -32.68743896484375, -32.90932083129883, -34.59019470214844], [-30.93729019165039, -35.43284606933594, -32.685367584228516, -32.90857696533203, -34.55600357055664], [-30.936626434326172, -35.42823791503906, -32.68119430541992, -32.90013885498047, -34.535858154296875], [-30.936298370361328, -35.42178726196289, -32.67862319946289, -32.89894104003906, -34.52431869506836]], "dp_logprobs": [[-0.8396276235580444, -0.8394941091537476, -0.8393818736076355, -0.8393712639808655, -0.8396050930023193], [-0.8397078514099121, -0.839756965637207, -0.8396916389465332, -0.8397958278656006, -0.8398096561431885], [-0.8397049307823181, -0.8397109508514404, -0.8397824764251709, -0.8397109508514404, -0.8396949172019958], [-0.846642017364502, -0.8466513752937317, -0.8466269969940186, -0.8467010259628296, -0.8466876745223999], [-0.8456204533576965, -0.8456777930259705, -0.8456238508224487, -0.8455976843833923, -0.8456313014030457]]}