{"eps": {"object_position": [[-0.2461041361093521, 0.1419399231672287], [0.016640223562717438, -0.23461970686912537], [0.027029067277908325, 0.13625793159008026], [0.21872466802597046, -0.011842884123325348], [-0.09031978994607925, -0.09473685920238495]], "object_rotation": [1.2186822891235352, 1.786438226699829, 2.913278579711914, 1.0377320051193237, 1.3054895401000977], "distractor_position": [-1.4930447340011597, 0.38179337978363037, -1.1396989822387695, -1.2733330726623535, -0.39232710003852844]}, "eps_trace": {"object_position": [[[0.015354271978139877, 0.043416768312454224], [-0.020883701741695404, -0.08043058961629868], [-0.1243235245347023, -0.03384285792708397], [-0.007973086088895798, -0.13227975368499756], [-0.021682022139430046, -0.031725071370601654]], [[0.015354271978139877, 0.043416768312454224], [-0.020883701741695404, -0.08043058961629868], [-0.1243235245347023, -0.03384285792708397], [0.054980870336294174, 0.027010291814804077], [-0.021682022139430046, -0.031725071370601654]], [[0.015354271978139877, 0.043416768312454224], [-0.003198675811290741, -0.01006927341222763], [-0.1243235245347023, -0.03384285792708397], [0.054980870336294174, 0.027010291814804077], [-0.021682022139430046, -0.031725071370601654]], [[0.015354271978139877, 0.043416768312454224], [-0.003198675811290741, -0.01006927341222763], [0.10924965888261795, -0.1121157854795456], [0.054980870336294174, 0.027010291814804077], [-0.021682022139430046, -0.031725071370601654]], [[0.01810612343251705, 0.0751696228981018], [0.013740411028265953, 0.11529945582151413], [0.10924965888261795, -0.1121157854795456], [0.054980870336294174, 0.027010291814804077], [-0.021682022139430046, -0.031725071370601654]], [[0.01810612343251705, 0.0751696228981018], [0.2987700402736664, 0.0580982081592083], [0.10924965888261795, -0.1121157854795456], [0.054980870336294174, 0.027010291814804077], [-0.021682022139430046, -0.031725071370601654]], [[0.01810612343251705, 0.0751696228981018], [0.2987700402736664, 0.0580982081592083], [0.04920182749629021, -0.1831110566854477], [0.08865959942340851, -0.04215008020401001], [-0.021682022139430046, -0.031725071370601654]], [[0.01810612343251705, 0.0751696228981018], [0.2987700402736664, 0.0580982081592083], [0.04920182749629021, -0.1831110566854477], [0.08865959942340851, -0.04215008020401001], [-0.021682022139430046, -0.031725071370601654]], [[0.01810612343251705, 0.0751696228981018], [0.2987700402736664, 0.0580982081592083], [-0.14233973622322083, -0.08074574917554855], [0.08865959942340851, -0.04215008020401001], [0.05306706577539444, -0.003170926123857498]], [[-0.05758826434612274, 0.07985638082027435], [0.2987700402736664, 0.0580982081592083], [-0.14233973622322083, -0.08074574917554855], [0.14166782796382904, -0.0045613013207912445], [0.016556531190872192, -0.0726042240858078]], [[-0.05758826434612274, 0.07985638082027435], [0.2987700402736664, 0.0580982081592083], [-0.15371514856815338, 0.03356260806322098], [0.14166782796382904, -0.0045613013207912445], [0.016556531190872192, -0.0726042240858078]], [[-0.05758826434612274, 0.07985638082027435], [0.07783704996109009, 0.11380822211503983], [-0.07848487794399261, 0.114833764731884], [0.14166782796382904, -0.0045613013207912445], [-0.022042013704776764, -0.18569548428058624]], [[-0.05758826434612274, 0.07985638082027435], [0.06313645839691162, -0.0741855576634407], [-0.07848487794399261, 0.114833764731884], [0.14166782796382904, -0.0045613013207912445], [-0.022042013704776764, -0.18569548428058624]], [[-0.05758826434612274, 0.07985638082027435], [0.06313645839691162, -0.0741855576634407], [-0.07848487794399261, 0.114833764731884], [0.14166782796382904, -0.0045613013207912445], [-0.022042013704776764, -0.18569548428058624]], [[-0.05758826434612274, 0.07985638082027435], [0.06313645839691162, -0.0741855576634407], [-0.07848487794399261, 0.114833764731884], [0.24703511595726013, -0.10130535066127777], [-0.022042013704776764, -0.18569548428058624]], [[-0.12471115589141846, -0.06070110201835632], [0.1691245138645172, -0.20199429988861084], [0.027029067277908325, 0.13625793159008026], [0.24703511595726013, -0.10130535066127777], [-0.022042013704776764, -0.18569548428058624]], [[-0.12471115589141846, -0.06070110201835632], [0.1691245138645172, -0.20199429988861084], [0.027029067277908325, 0.13625793159008026], [0.24703511595726013, -0.10130535066127777], [-0.022042013704776764, -0.18569548428058624]], [[-0.12471115589141846, -0.06070110201835632], [0.04437970370054245, -0.22510451078414917], [0.027029067277908325, 0.13625793159008026], [0.24703511595726013, -0.10130535066127777], [-0.022042013704776764, -0.18569548428058624]], [[-0.12471115589141846, -0.06070110201835632], [0.10534840822219849, -0.27439936995506287], [0.027029067277908325, 0.13625793159008026], [0.24703511595726013, -0.10130535066127777], [-0.022042013704776764, -0.18569548428058624]], [[-0.13557623326778412, 0.0572412833571434], [0.10534840822219849, -0.27439936995506287], [0.027029067277908325, 0.13625793159008026], [0.24703511595726013, -0.10130535066127777], [-0.022042013704776764, -0.18569548428058624]], [[-0.23353290557861328, 0.09663687646389008], [0.1527261734008789, -0.31599414348602295], [0.027029067277908325, 0.13625793159008026], [0.20798951387405396, 0.0598517507314682], [-0.022042013704776764, -0.18569548428058624]], [[-0.19926773011684418, 0.13152338564395905], [0.1476665884256363, -0.3561696410179138], [0.027029067277908325, 0.13625793159008026], [0.20798951387405396, 0.0598517507314682], [-0.09031978994607925, -0.09473685920238495]], [[-0.2715752124786377, 0.12881188094615936], [0.1476665884256363, -0.3561696410179138], [0.027029067277908325, 0.13625793159008026], [0.20798951387405396, 0.0598517507314682], [-0.09031978994607925, -0.09473685920238495]], [[-0.2461041361093521, 0.1419399231672287], [-0.042241692543029785, -0.2693138122558594], [0.027029067277908325, 0.13625793159008026], [0.21872466802597046, -0.011842884123325348], [-0.09031978994607925, -0.09473685920238495]], [[-0.2461041361093521, 0.1419399231672287], [0.016640223562717438, -0.23461970686912537], [0.027029067277908325, 0.13625793159008026], [0.21872466802597046, -0.011842884123325348], [-0.09031978994607925, -0.09473685920238495]]],