{"eps": {"object_position": [[0.2023206353187561, 0.09416893124580383], [0.03739462047815323, -0.018629752099514008], [-0.10345928370952606, 0.17535613477230072], [0.0562899187207222, -0.116773322224617], [0.008384525775909424, 0.08616341650485992]], "object_rotation": [1.1854233741760254, 2.5091235637664795, 0.7568337917327881, 2.3903181552886963, 1.6591483354568481], "distractor_position": [-0.5167563557624817, 0.36614111065864563, -0.772675633430481, 0.04850577563047409, -0.4084640145301819]}, "eps_trace": {"object_position": [[[0.1130305826663971, 0.16528809070587158], [-0.06380580365657806, -0.1894686073064804], [-0.02902454137802124, 0.02078552544116974], [0.03229909390211105, 0.12566141784191132], [0.29486268758773804, 0.006243403535336256]], [[0.1130305826663971, 0.16528809070587158], [-0.06380580365657806, -0.1894686073064804], [-0.02902454137802124, 0.02078552544116974], [-0.12980645895004272, -0.046231359243392944], [0.17346103489398956, 0.2817268669605255]], [[0.19630441069602966, 0.047877781093120575], [-0.08246800303459167, -0.07433707267045975], [0.041171155869960785, -0.03564199060201645], [-0.12980645895004272, -0.046231359243392944], [0.17346103489398956, 0.2817268669605255]], [[0.19630441069602966, 0.047877781093120575], [-0.08246800303459167, -0.07433707267045975], [0.001787714660167694, 0.09593551605939865], [-0.049764178693294525, -0.19396626949310303], [0.17346103489398956, 0.2817268669605255]], [[0.19630441069602966, 0.047877781093120575], [-0.08246800303459167, -0.07433707267045975], [-0.0044405413791537285, -0.04018848389387131], [-0.025868790224194527, -0.20699405670166016], [0.10244356840848923, 0.1608228087425232]], [[0.03454236686229706, 0.15553192794322968], [-0.08246800303459167, -0.07433707267045975], [0.021970495581626892, 0.017017871141433716], [-0.025868790224194527, -0.20699405670166016], [0.10244356840848923, 0.1608228087425232]], [[0.03454236686229706, 0.15553192794322968], [-0.08246800303459167, -0.07433707267045975], [0.021970495581626892, 0.017017871141433716], [-0.02584756538271904, -0.17111796140670776], [0.10244356840848923, 0.1608228087425232]], [[0.011368216946721077, 0.2675091326236725], [-0.08246800303459167, -0.07433707267045975], [0.021970495581626892, 0.017017871141433716], [-0.02584756538271904, -0.17111796140670776], [-0.11383406072854996, 0.09750877320766449]], [[0.011368216946721077, 0.2675091326236725], [-0.08246800303459167, -0.07433707267045975], [0.021970495581626892, 0.017017871141433716], [-0.02584756538271904, -0.17111796140670776], [-0.11383406072854996, 0.09750877320766449]], [[0.011368216946721077, 0.2675091326236725], [-0.08246800303459167, -0.07433707267045975], [0.021970495581626892, 0.017017871141433716], [-0.02584756538271904, -0.17111796140670776], [0.0429859384894371, 0.15625043213367462]], [[0.011368216946721077, 0.2675091326236725], [-0.08246800303459167, -0.07433707267045975], [0.021970495581626892, 0.017017871141433716], [-0.02584756538271904, -0.17111796140670776], [0.239153653383255, 0.07082854211330414]], [[-0.051300808787345886, 0.02427700161933899], [-0.08246800303459167, -0.07433707267045975], [0.021970495581626892, 0.017017871141433716], [0.156436488032341, -0.12173043191432953], [0.07591812312602997, 0.03406279534101486]], [[-0.09658827632665634, -0.06415317207574844], [-0.08246800303459167, -0.07433707267045975], [0.021970495581626892, 0.017017871141433716], [0.16237188875675201, -0.015061452984809875], [0.07591812312602997, 0.03406279534101486]], [[-0.09658827632665634, -0.06415317207574844], [-0.08246800303459167, -0.07433707267045975], [-0.07128045707941055, 0.02254362590610981], [0.16237188875675201, -0.015061452984809875], [0.07591812312602997, 0.03406279534101486]], [[-0.09658827632665634, -0.06415317207574844], [-0.08246800303459167, -0.07433707267045975], [-0.1492362916469574, -0.016839465126395226], [0.17752574384212494, 0.04032843932509422], [0.07591812312602997, 0.03406279534101486]], [[-0.09658827632665634, -0.06415317207574844], [-0.08246800303459167, -0.07433707267045975], [-0.1492362916469574, -0.016839465126395226], [0.17752574384212494, 0.04032843932509422], [0.24978047609329224, -0.0023057684302330017]], [[-0.10542724281549454, 0.145138680934906], [-0.08246800303459167, -0.07433707267045975], [-0.1492362916469574, -0.016839465126395226], [0.17752574384212494, 0.04032843932509422], [0.24978047609329224, -0.0023057684302330017]], [[-0.10542724281549454, 0.145138680934906], [-0.08246800303459167, -0.07433707267045975], [-0.1492362916469574, -0.016839465126395226], [0.17752574384212494, 0.04032843932509422], [0.24978047609329224, -0.0023057684302330017]], [[-0.04472127929329872, -0.035979077219963074], [-0.08246800303459167, -0.07433707267045975], [-0.1492362916469574, -0.016839465126395226], [0.17752574384212494, 0.04032843932509422], [0.017367437481880188, 0.10934720188379288]], [[-0.04472127929329872, -0.035979077219963074], [-0.08246800303459167, -0.07433707267045975], [-0.1492362916469574, -0.016839465126395226], [0.0562899187207222, -0.116773322224617], [0.017367437481880188, 0.10934720188379288]], [[-0.03075529634952545, -0.06315174698829651], [-0.08246800303459167, -0.07433707267045975], [-0.1492362916469574, -0.016839465126395226], [0.0562899187207222, -0.116773322224617], [0.017367437481880188, 0.10934720188379288]], [[-0.03075529634952545, -0.06315174698829651], [-0.08246800303459167, -0.07433707267045975], [-0.061253972351551056, 0.11875764280557632], [0.0562899187207222, -0.116773322224617], [-0.13628742098808289, 0.1424025297164917]], [[-0.03075529634952545, -0.06315174698829651], [-0.08246800303459167, -0.07433707267045975], [-0.061253972351551056, 0.11875764280557632], [0.0562899187207222, -0.116773322224617], [0.0018330812454223633, 0.0425071194767952]], [[-0.03075529634952545, -0.06315174698829651], [-0.08246800303459167, -0.07433707267045975], [-0.10345928370952606, 0.17535613477230072], [0.0562899187207222, -0.116773322224617], [0.1821325272321701, -0.048328667879104614]], [[0.2023206353187561, 0.09416893124580383], [0.03739462047815323, -0.018629752099514008], [-0.10345928370952606, 0.17535613477230072], [0.0562899187207222, -0.116773322224617], [0.008384525775909424, 0.08616341650485992]]],