{"eps": {"object_position": [[0.151722252368927, 0.03173679858446121], [-0.03489215672016144, -0.19288413226604462], [0.2473263293504715, 0.05290479212999344], [-0.20199579000473022, 0.07580162584781647], [-0.014509491622447968, 0.11111803352832794]], "object_rotation": [2.0953128337860107, 0.09004189074039459, 1.628739356994629, 1.292799949645996, 2.6624248027801514], "distractor_position": [-0.5966267585754395, -0.11654533445835114, -1.5329346656799316, -0.44776105880737305, 0.058489054441452026]}, "eps_trace": {"object_position": [[[-0.22535333037376404, -0.2786904275417328], [-0.11485040187835693, 0.1147889643907547], [0.007612572051584721, 0.07053124904632568], [-0.15574383735656738, 0.07015136629343033], [-0.27295199036598206, 0.040730588138103485]], [[-0.22535333037376404, -0.2786904275417328], [-0.11485040187835693, 0.1147889643907547], [0.1096857339143753, 0.13233719766139984], [-0.15574383735656738, 0.07015136629343033], [-0.26439714431762695, 0.09078305959701538]], [[-0.22535333037376404, -0.2786904275417328], [-0.11485040187835693, 0.1147889643907547], [-0.0027289465069770813, 0.11616359651088715], [-0.15574383735656738, 0.07015136629343033], [-0.26439714431762695, 0.09078305959701538]], [[-0.22535333037376404, -0.2786904275417328], [-0.12588346004486084, 0.10740520060062408], [-0.0676879957318306, -0.05542951822280884], [-0.15574383735656738, 0.07015136629343033], [-0.29254835844039917, 0.2163669764995575]], [[-0.11355099827051163, -0.15196232497692108], [-0.12588346004486084, 0.10740520060062408], [0.05655146390199661, -0.035048216581344604], [-0.15574383735656738, 0.07015136629343033], [-0.29254835844039917, 0.2163669764995575]], [[-0.0027698948979377747, -0.04409298300743103], [0.045585453510284424, -0.29571670293807983], [0.05655146390199661, -0.035048216581344604], [-0.15574383735656738, 0.07015136629343033], [-0.29254835844039917, 0.2163669764995575]], [[0.011864053085446358, -0.23856742680072784], [-0.13566412031650543, -0.11517888307571411], [0.08282624185085297, -4.157423973083496e-06], [-0.15574383735656738, 0.07015136629343033], [-0.29254835844039917, 0.2163669764995575]], [[0.011864053085446358, -0.23856742680072784], [-0.1473345011472702, -0.030874505639076233], [0.08282624185085297, -4.157423973083496e-06], [-0.15574383735656738, 0.07015136629343033], [-0.29254835844039917, 0.2163669764995575]], [[0.011864053085446358, -0.23856742680072784], [-0.11939196288585663, -0.04049209877848625], [0.08282624185085297, -4.157423973083496e-06], [-0.15574383735656738, 0.07015136629343033], [-0.29254835844039917, 0.2163669764995575]], [[0.011864053085446358, -0.23856742680072784], [0.06480725109577179, -0.010525159537792206], [0.08282624185085297, -4.157423973083496e-06], [-0.15574383735656738, 0.07015136629343033], [-0.29254835844039917, 0.2163669764995575]], [[0.016446245834231377, 0.02188776433467865], [0.06480725109577179, -0.010525159537792206], [0.08282624185085297, -4.157423973083496e-06], [-0.15574383735656738, 0.07015136629343033], [-0.17515280842781067, 0.0813274085521698]], [[-0.050757959485054016, -0.006772506982088089], [0.06480725109577179, -0.010525159537792206], [0.17029838263988495, 0.018459094688296318], [-0.15574383735656738, 0.07015136629343033], [-0.17515280842781067, 0.0813274085521698]], [[-0.050757959485054016, -0.006772506982088089], [0.06480725109577179, -0.010525159537792206], [0.17029838263988495, 0.018459094688296318], [-0.15574383735656738, 0.07015136629343033], [-0.17515280842781067, 0.0813274085521698]], [[-0.050757959485054016, -0.006772506982088089], [0.06480725109577179, -0.010525159537792206], [0.10104221850633621, 0.10069121420383453], [-0.15574383735656738, 0.07015136629343033], [-0.17515280842781067, 0.0813274085521698]], [[-0.050757959485054016, -0.006772506982088089], [0.06480725109577179, -0.010525159537792206], [0.02771759033203125, 0.0070175901055336], [-0.15574383735656738, 0.07015136629343033], [-0.09888143092393875, 0.09433195739984512]], [[-0.050757959485054016, -0.006772506982088089], [0.11148299276828766, -0.007895879447460175], [0.15016493201255798, 0.046017829328775406], [-0.15574383735656738, 0.07015136629343033], [-0.034487009048461914, 0.05479970946907997]], [[-0.050757959485054016, -0.006772506982088089], [0.11148299276828766, -0.007895879447460175], [0.24625450372695923, 0.0381820909678936], [-0.15574383735656738, 0.07015136629343033], [-0.010458895936608315, -0.01964116469025612]], [[-0.050757959485054016, -0.006772506982088089], [0.11148299276828766, -0.007895879447460175], [0.24625450372695923, 0.0381820909678936], [-0.15574383735656738, 0.07015136629343033], [-0.010458895936608315, -0.01964116469025612]], [[-0.050757959485054016, -0.006772506982088089], [0.11148299276828766, -0.007895879447460175], [0.2473263293504715, 0.05290479212999344], [-0.15574383735656738, 0.07015136629343033], [-0.010458895936608315, -0.01964116469025612]], [[-0.050757959485054016, -0.006772506982088089], [0.11148299276828766, -0.007895879447460175], [0.2473263293504715, 0.05290479212999344], [-0.15574383735656738, 0.07015136629343033], [-0.010458895936608315, -0.01964116469025612]], [[0.19646772742271423, 0.08441416919231415], [-0.09999091923236847, -0.09689738601446152], [0.2473263293504715, 0.05290479212999344], [-0.15574383735656738, 0.07015136629343033], [-0.010458895936608315, -0.01964116469025612]], [[0.19646772742271423, 0.08441416919231415], [-0.03489215672016144, -0.19288413226604462], [0.2473263293504715, 0.05290479212999344], [-0.15574383735656738, 0.07015136629343033], [0.06916136294603348, -0.08083665370941162]], [[0.19646772742271423, 0.08441416919231415], [-0.03489215672016144, -0.19288413226604462], [0.2473263293504715, 0.05290479212999344], [-0.15574383735656738, 0.07015136629343033], [-0.08144257217645645, -0.10708828270435333]], [[0.151722252368927, 0.03173679858446121], [-0.03489215672016144, -0.19288413226604462], [0.2473263293504715, 0.05290479212999344], [-0.20199579000473022, 0.07580162584781647], [-0.014509491622447968, 0.11111803352832794]], [[0.151722252368927, 0.03173679858446121], [-0.03489215672016144, -0.19288413226604462], [0.2473263293504715, 0.05290479212999344], [-0.20199579000473022, 0.07580162584781647], [-0.014509491622447968, 0.11111803352832794]]],