{"eps": {"object_position": [[0.12390725314617157, -0.12323201447725296], [0.12227071821689606, 0.07285232841968536], [0.011637628078460693, -0.16684219241142273], [-0.09919802099466324, 0.006458539515733719], [0.028028354048728943, 0.07344695180654526]], "object_rotation": [2.234585762023926, 1.775654673576355, -0.9909287691116333, 1.6667256355285645, 2.1137077808380127], "distractor_position": [-0.21061287820339203, 1.054087519645691, -0.7884154915809631, 0.06450802087783813, -1.1618527173995972]}, "eps_trace": {"object_position": [[[0.04556615278124809, 0.13065779209136963], [-0.007023244630545378, 0.03748876228928566], [-0.00978708453476429, 0.0010596811771392822], [-0.009457476437091827, -0.178963303565979], [0.043202467262744904, -0.049526095390319824]], [[-0.0043619610369205475, 0.045959554612636566], [0.09692379832267761, -0.048996467143297195], [-0.00978708453476429, 0.0010596811771392822], [-0.009457476437091827, -0.178963303565979], [0.043202467262744904, -0.049526095390319824]], [[-0.0043619610369205475, 0.045959554612636566], [0.09692379832267761, -0.048996467143297195], [-0.00978708453476429, 0.0010596811771392822], [0.03063502162694931, -0.07279093563556671], [0.043202467262744904, -0.049526095390319824]], [[0.05347772687673569, 0.07956921309232712], [0.09692379832267761, -0.048996467143297195], [-0.00978708453476429, 0.0010596811771392822], [0.030042733997106552, -0.18905451893806458], [0.043202467262744904, -0.049526095390319824]], [[0.05347772687673569, 0.07956921309232712], [0.09692379832267761, -0.048996467143297195], [-0.00978708453476429, 0.0010596811771392822], [-0.009230632334947586, -0.12256141006946564], [0.043202467262744904, -0.049526095390319824]], [[0.05347772687673569, 0.07956921309232712], [0.09692379832267761, -0.048996467143297195], [-0.00978708453476429, 0.0010596811771392822], [-0.11888779699802399, -0.13501697778701782], [0.043202467262744904, -0.049526095390319824]], [[0.05347772687673569, 0.07956921309232712], [0.09692379832267761, -0.048996467143297195], [0.006285989657044411, -0.05434040352702141], [-0.11888779699802399, -0.13501697778701782], [0.043202467262744904, -0.049526095390319824]], [[0.14800454676151276, 0.003944851458072662], [0.09692379832267761, -0.048996467143297195], [0.18737220764160156, 0.006338503211736679], [-0.11888779699802399, -0.13501697778701782], [0.043202467262744904, -0.049526095390319824]], [[0.14800454676151276, 0.003944851458072662], [0.09692379832267761, -0.048996467143297195], [0.18737220764160156, 0.006338503211736679], [-0.15699492394924164, -0.1237269714474678], [0.043202467262744904, -0.049526095390319824]], [[0.14800454676151276, 0.003944851458072662], [0.09692379832267761, -0.048996467143297195], [0.21206022799015045, -0.09134675562381744], [-0.15699492394924164, -0.1237269714474678], [-0.03280319273471832, 0.04188122600317001]], [[0.14800454676151276, 0.003944851458072662], [0.09692379832267761, -0.048996467143297195], [0.21206022799015045, -0.09134675562381744], [-0.17167699337005615, 0.06151442974805832], [-0.03280319273471832, 0.04188122600317001]], [[0.14800454676151276, 0.003944851458072662], [0.09692379832267761, -0.048996467143297195], [0.08119450509548187, 0.0435573011636734], [0.020091474056243896, -0.12996792793273926], [-0.03280319273471832, 0.04188122600317001]], [[0.1565953940153122, -0.13617372512817383], [-0.08209295570850372, 0.09495608508586884], [0.08119450509548187, 0.0435573011636734], [-0.06761356443166733, -0.19867563247680664], [-0.03280319273471832, 0.04188122600317001]], [[0.1565953940153122, -0.13617372512817383], [-0.08209295570850372, 0.09495608508586884], [0.08119450509548187, 0.0435573011636734], [-0.06761356443166733, -0.19867563247680664], [-0.03280319273471832, 0.04188122600317001]], [[0.07156069576740265, -0.2216249406337738], [-0.08209295570850372, 0.09495608508586884], [0.1953328251838684, -0.06302855163812637], [-0.06761356443166733, -0.19867563247680664], [-0.03280319273471832, 0.04188122600317001]], [[0.07156069576740265, -0.2216249406337738], [-0.08209295570850372, 0.09495608508586884], [0.1953328251838684, -0.06302855163812637], [0.05389723926782608, -0.19997602701187134], [-0.03280319273471832, 0.04188122600317001]], [[0.07156069576740265, -0.2216249406337738], [-0.08209295570850372, 0.09495608508586884], [0.1953328251838684, -0.06302855163812637], [0.05389723926782608, -0.19997602701187134], [-0.03280319273471832, 0.04188122600317001]], [[0.0675855502486229, -0.11260280013084412], [-0.08209295570850372, 0.09495608508586884], [0.1953328251838684, -0.06302855163812637], [0.05389723926782608, -0.19997602701187134], [-0.03280319273471832, 0.04188122600317001]], [[0.0675855502486229, -0.11260280013084412], [-0.08209295570850372, 0.09495608508586884], [0.1953328251838684, -0.06302855163812637], [0.05389723926782608, -0.19997602701187134], [-0.03280319273471832, 0.04188122600317001]], [[0.0675855502486229, -0.11260280013084412], [-0.08209295570850372, 0.09495608508586884], [0.1953328251838684, -0.06302855163812637], [0.20127427577972412, 0.07828918099403381], [-0.03280319273471832, 0.04188122600317001]], [[0.0675855502486229, -0.11260280013084412], [-0.08209295570850372, 0.09495608508586884], [0.1953328251838684, -0.06302855163812637], [0.00564950704574585, 0.04860597103834152], [-0.03280319273471832, 0.04188122600317001]], [[0.0675855502486229, -0.11260280013084412], [-0.08209295570850372, 0.09495608508586884], [0.1953328251838684, -0.06302855163812637], [0.00564950704574585, 0.04860597103834152], [-0.03280319273471832, 0.04188122600317001]], [[0.06397467851638794, -0.20703837275505066], [0.12227071821689606, 0.07285232841968536], [0.1953328251838684, -0.06302855163812637], [0.00564950704574585, 0.04860597103834152], [0.1672661006450653, -0.0090022012591362]], [[0.06397467851638794, -0.20703837275505066], [0.12227071821689606, 0.07285232841968536], [0.011637628078460693, -0.16684219241142273], [-0.09919802099466324, 0.006458539515733719], [0.028028354048728943, 0.07344695180654526]], [[0.12390725314617157, -0.12323201447725296], [0.12227071821689606, 0.07285232841968536], [0.011637628078460693, -0.16684219241142273], [-0.09919802099466324, 0.006458539515733719], [0.028028354048728943, 0.07344695180654526]]],