{"eps": {"object_position": [[-0.11428117007017136, 0.05277130752801895], [0.046020038425922394, -0.13389241695404053], [-0.0001491401344537735, -0.16796433925628662], [0.100911945104599, 0.020961647853255272], [-0.055976979434490204, -0.1514236479997635]], "object_rotation": [1.0873751640319824, 1.1127876043319702, 2.9782023429870605, 1.2559446096420288, 1.1508663892745972], "distractor_position": [-1.5674464702606201, 0.37323635816574097, -1.012681484222412, -1.3554754257202148, -0.619417130947113]}, "eps_trace": {"object_position": [[[0.039385635405778885, 0.015280662104487419], [-0.0720679834485054, -0.12036855518817902], [-0.1312253177165985, -0.04832473024725914], [0.023712316527962685, -0.07196886837482452], [-0.021682022139430046, -0.031725071370601654]], [[0.03126588836312294, 0.07532316446304321], [-0.03650552034378052, -0.14504842460155487], [-0.1312253177165985, -0.04832473024725914], [0.04362010955810547, -0.02159693092107773], [-0.07221231609582901, -0.024313297122716904]], [[0.05960752069950104, 0.004422113299369812], [-0.03091302327811718, -0.12279821932315826], [-0.1571209728717804, -0.07023236900568008], [0.14023813605308533, -0.0328877717256546], [-0.026975557208061218, 0.029246151447296143]], [[0.05960752069950104, 0.004422113299369812], [-0.07286150753498077, -0.11117752641439438], [-0.08325863629579544, -0.09498444199562073], [0.11842895299196243, 0.03547573834657669], [0.009628888219594955, 0.05648374557495117]], [[0.05960752069950104, 0.004422113299369812], [-0.0675048977136612, -0.07153245061635971], [-0.03719362989068031, -0.14899595081806183], [0.12277527898550034, -0.04510990530252457], [-0.045607030391693115, 0.03091929294168949]], [[0.006455540657043457, -0.027921441942453384], [0.02262938767671585, -0.08962107449769974], [-0.03719362989068031, -0.14899595081806183], [0.12277527898550034, -0.04510990530252457], [-0.045607030391693115, 0.03091929294168949]], [[-0.02297338843345642, -0.045122940093278885], [0.014491203241050243, -0.15054206550121307], [-0.05618242174386978, -0.17144663631916046], [0.13342542946338654, -0.06698033958673477], [-0.045607030391693115, 0.03091929294168949]], [[0.011425744742155075, -0.07884453982114792], [0.014491203241050243, -0.15054206550121307], [0.01202297955751419, -0.1613033413887024], [0.18951541185379028, -0.10408805310726166], [-0.0703045055270195, 0.021665461361408234]], [[0.011425744742155075, -0.07884453982114792], [0.06517642736434937, -0.1579217165708542], [0.01202297955751419, -0.1613033413887024], [0.1373446136713028, -0.06566844880580902], [-0.046666763722896576, 0.030695075169205666]], [[-0.01251092366874218, -0.07736245542764664], [0.07618127763271332, -0.16616225242614746], [0.01202297955751419, -0.1613033413887024], [0.1373446136713028, -0.06566844880580902], [-0.058212410658597946, 0.008738335222005844]], [[-0.01251092366874218, -0.07736245542764664], [0.0853462964296341, -0.1220778375864029], [0.01202297955751419, -0.1613033413887024], [0.1373446136713028, -0.06566844880580902], [-0.058212410658597946, 0.008738335222005844]], [[-0.013147076591849327, -0.06898951530456543], [0.015481144189834595, -0.10446078330278397], [0.01202297955751419, -0.1613033413887024], [0.1373446136713028, -0.06566844880580902], [-0.0704183429479599, -0.027024265378713608]], [[0.03318548947572708, 0.05748343467712402], [0.015481144189834595, -0.10446078330278397], [0.01202297955751419, -0.1613033413887024], [0.1269518882036209, -0.15110476315021515], [-0.0704183429479599, -0.027024265378713608]], [[0.03318548947572708, 0.05748343467712402], [0.04212265461683273, -0.08737045526504517], [-0.0001491401344537735, -0.16796433925628662], [0.08880874514579773, -0.09708499908447266], [-0.10256833583116531, -0.02948969602584839]], [[-0.06188669055700302, 0.08405366539955139], [0.15507540106773376, -0.03824928402900696], [-0.0001491401344537735, -0.16796433925628662], [0.12212881445884705, -0.12767815589904785], [-0.10256833583116531, -0.02948969602584839]], [[-0.08311281353235245, 0.039605483412742615], [0.18859177827835083, -0.07866596430540085], [-0.0001491401344537735, -0.16796433925628662], [0.11871466040611267, -0.1526014804840088], [-0.053424667567014694, -0.07981328666210175]], [[-0.079472117125988, -0.010009471327066422], [0.18859177827835083, -0.07866596430540085], [-0.0001491401344537735, -0.16796433925628662], [0.11871466040611267, -0.1526014804840088], [0.022702526301145554, -0.1260203719139099]], [[-0.07980255037546158, -0.05697391927242279], [0.1491439938545227, -0.08597405254840851], [-0.0001491401344537735, -0.16796433925628662], [0.12800411880016327, -0.1456814408302307], [0.022702526301145554, -0.1260203719139099]], [[-0.07980255037546158, -0.05697391927242279], [0.16842399537563324, -0.10156245529651642], [-0.0001491401344537735, -0.16796433925628662], [0.09435740858316422, -0.09130224585533142], [0.022702526301145554, -0.1260203719139099]], [[-0.0832383930683136, -0.019677259027957916], [0.08905419707298279, -0.15962527692317963], [-0.0001491401344537735, -0.16796433925628662], [0.06691180914640427, -0.009277284145355225], [0.022702526301145554, -0.1260203719139099]], [[-0.11421501636505127, -0.007219279184937477], [0.08905419707298279, -0.15962527692317963], [-0.0001491401344537735, -0.16796433925628662], [0.05456450209021568, 0.0416850708425045], [-0.03272787109017372, -0.10369056463241577]], [[-0.10337941348552704, 0.0038128048181533813], [0.08745421469211578, -0.1723298877477646], [-0.0001491401344537735, -0.16796433925628662], [0.06457267701625824, 0.025436149910092354], [-0.03272787109017372, -0.10369056463241577]], [[-0.12624505162239075, 0.002955350326374173], [0.08745421469211578, -0.1723298877477646], [-0.0001491401344537735, -0.16796433925628662], [0.04128551483154297, 0.04067389294505119], [-0.03272787109017372, -0.10369056463241577]], [[-0.11819039285182953, 0.007106803357601166], [0.0273999385535717, -0.14486366510391235], [-0.0001491401344537735, -0.16796433925628662], [0.04468027129769325, 0.018002057448029518], [-0.03272787109017372, -0.10369056463241577]], [[-0.11428117007017136, 0.05277130752801895], [0.046020038425922394, -0.13389241695404053], [-0.0001491401344537735, -0.16796433925628662], [0.100911945104599, 0.020961647853255272], [-0.055976979434490204, -0.1514236479997635]]],