{"eps": {"object_position": [[-0.11341095715761185, 0.0628124549984932], [0.09081970900297165, -0.1290908008813858], [-0.06577089428901672, 0.025403592735528946], [0.100911945104599, 0.020961647853255272], [-0.06797400116920471, -0.17498040199279785]], "object_rotation": [1.0288593769073486, 1.1374907493591309, 2.972691535949707, 1.2559446096420288, 1.1715885400772095], "distractor_position": [-1.5467519760131836, 0.3349170684814453, -1.0047563314437866, -1.3554754257202148, -0.6435542702674866]}, "eps_trace": {"object_position": [[[0.039385635405778885, 0.015280662104487419], [-0.0720679834485054, -0.12036855518817902], [-0.1312253177165985, -0.04832473024725914], [0.023712316527962685, -0.07196886837482452], [-0.021682022139430046, -0.031725071370601654]], [[0.03126588836312294, 0.07532316446304321], [-0.03650552034378052, -0.14504842460155487], [-0.1312253177165985, -0.04832473024725914], [0.04362010955810547, -0.02159693092107773], [-0.07221231609582901, -0.024313297122716904]], [[0.05960752069950104, 0.004422113299369812], [-0.03091302327811718, -0.12279821932315826], [-0.1571209728717804, -0.07023236900568008], [0.14023813605308533, -0.0328877717256546], [-0.026975557208061218, 0.029246151447296143]], [[0.05960752069950104, 0.004422113299369812], [-0.03091302327811718, -0.12279821932315826], [-0.08325863629579544, -0.09498444199562073], [0.11842895299196243, 0.03547573834657669], [0.009628888219594955, 0.05648374557495117]], [[0.06047773361206055, 0.014463248662650585], [-0.0255564134567976, -0.0831531435251236], [-0.03719362989068031, -0.14899595081806183], [0.12277527898550034, -0.04510990530252457], [-0.045607030391693115, 0.03091929294168949]], [[0.007325753569602966, -0.017880305647850037], [0.0645778700709343, -0.10124176740646362], [-0.03719362989068031, -0.14899595081806183], [0.12277527898550034, -0.04510990530252457], [-0.045607030391693115, 0.03091929294168949]], [[-0.02210317552089691, -0.03508180379867554], [0.0645778700709343, -0.10124176740646362], [-0.05618242174386978, -0.17144663631916046], [0.13342542946338654, -0.06698033958673477], [-0.045607030391693115, 0.03091929294168949]], [[0.012295957654714584, -0.06880339980125427], [0.0645778700709343, -0.10124176740646362], [0.01202297955751419, -0.1613033413887024], [0.18951541185379028, -0.10408805310726166], [-0.0703045055270195, 0.021665461361408234]], [[0.012295957654714584, -0.06880339980125427], [0.11526309698820114, -0.10862141847610474], [-0.048547789454460144, -0.12893258035182953], [0.1373446136713028, -0.06566844880580902], [-0.046666763722896576, 0.030695075169205666]], [[-0.01164071075618267, -0.06732131540775299], [0.1262679398059845, -0.11686195433139801], [-0.048547789454460144, -0.12893258035182953], [0.1373446136713028, -0.06566844880580902], [-0.058212410658597946, 0.008738335222005844]], [[-0.01164071075618267, -0.06732131540775299], [0.13543295860290527, -0.07277753949165344], [-0.052145011723041534, -0.09278510510921478], [0.1373446136713028, -0.06566844880580902], [0.028560418635606766, -0.03525201603770256]], [[-0.012276863679289818, -0.058948371559381485], [0.06556780636310577, -0.055160485208034515], [-0.028355108574032784, -0.0670849084854126], [0.1373446136713028, -0.06566844880580902], [0.016354486346244812, -0.07101461291313171]], [[0.03405570238828659, 0.06752458214759827], [0.06091907247900963, -0.11460934579372406], [0.04019349068403244, -0.011030085384845734], [0.1269518882036209, -0.15110476315021515], [0.002883301116526127, -0.07424794137477875]], [[0.03405570238828659, 0.06752458214759827], [0.08756058663129807, -0.09751901775598526], [0.028021370992064476, -0.017691077664494514], [0.08880874514579773, -0.09708499908447266], [-0.02926669269800186, -0.07671337574720383]], [[-0.06101647764444351, 0.09409481287002563], [0.2005133330821991, -0.04839784651994705], [0.03777231648564339, 0.020633777603507042], [0.12212881445884705, -0.12767815589904785], [-0.02926669269800186, -0.07671337574720383]], [[-0.08224260061979294, 0.04964663088321686], [0.23402971029281616, -0.08881452679634094], [0.07113875448703766, 0.027408692985773087], [0.11871466040611267, -0.1526014804840088], [0.019876975566148758, -0.12703697383403778]], [[-0.0786019042134285, 3.1676143407821655e-05], [0.23402971029281616, -0.08881452679634094], [0.10524538159370422, 0.020667750388383865], [0.11871466040611267, -0.1526014804840088], [0.019876975566148758, -0.12703697383403778]], [[-0.07893233746290207, -0.04693277180194855], [0.19458192586898804, -0.0961226150393486], [0.1449737846851349, 0.05101677030324936], [0.12800411880016327, -0.1456814408302307], [-0.028100911527872086, -0.16435641050338745]], [[-0.07893233746290207, -0.04693277180194855], [0.19458192586898804, -0.0961226150393486], [0.18704208731651306, 0.026243867352604866], [0.09435740858316422, -0.09130224585533142], [0.032296836376190186, -0.17834077775478363]], [[-0.08236818015575409, -0.009636111557483673], [0.11521212756633759, -0.1541854441165924], [0.1604752391576767, 0.05542834848165512], [0.06691180914640427, -0.009277284145355225], [0.032296836376190186, -0.17834077775478363]], [[-0.11334480345249176, 0.002821868285536766], [0.130194291472435, -0.16733887791633606], [0.13365241885185242, 0.11415114253759384], [0.05456450209021568, 0.0416850708425045], [-0.02313356101512909, -0.1560109704732895]], [[-0.10250920057296753, 0.013853952288627625], [0.128594309091568, -0.18004348874092102], [0.056602418422698975, 0.11242964118719101], [0.06457267701625824, 0.025436149910092354], [-0.04472488909959793, -0.12724731862545013]], [[-0.12537483870983124, 0.012996497564017773], [0.13225388526916504, -0.16752827167510986], [0.04482920840382576, 0.08008980005979538], [0.04128551483154297, 0.04067389294505119], [-0.04472488909959793, -0.12724731862545013]], [[-0.11732017993927002, 0.01714795082807541], [0.07219961285591125, -0.14006204903125763], [0.04482920840382576, 0.08008980005979538], [0.04468027129769325, 0.018002057448029518], [-0.04472488909959793, -0.12724731862545013]], [[-0.11341095715761185, 0.0628124549984932], [0.09081970900297165, -0.1290908008813858], [-0.06577089428901672, 0.025403592735528946], [0.100911945104599, 0.020961647853255272], [-0.06797400116920471, -0.17498040199279785]]],