{"eps": {"object_position": [[0.10354264080524445, -0.19978642463684082], [-0.1357932686805725, -0.18093064427375793], [0.10954250395298004, -0.030455946922302246], [-0.17633859813213348, 0.10050414502620697], [-0.1890282779932022, 0.16269735991954803]], "object_rotation": [2.4558825492858887, 0.012420430779457092, 1.7707217931747437, 1.423240303993225, 2.504016160964966], "distractor_position": [-1.0174938440322876, -0.5274101495742798, -1.6690223217010498, -0.6348332166671753, -0.3909366726875305]}, "eps_trace": {"object_position": [[[-0.26329728960990906, -0.08519133925437927], [-0.09157516807317734, 0.19085386395454407], [0.007612572051584721, 0.07053124904632568], [0.0005684271454811096, 0.12194176018238068], [-0.2042596936225891, 0.0013128910213708878]], [[-0.27017927169799805, -0.1524272859096527], [-0.09157516807317734, 0.19085386395454407], [0.039890941232442856, 0.0900760069489479], [0.012610554695129395, 0.11877075582742691], [-0.20155441761016846, 0.01714087463915348]], [[-0.2319364845752716, -0.2899876832962036], [-0.09157516807317734, 0.19085386395454407], [0.004342295229434967, 0.08496146649122238], [0.046180013567209244, 0.10087810456752777], [-0.16684949398040771, 0.09255557507276535]], [[-0.296639621257782, -0.31095221638679504], [-0.09157516807317734, 0.19085386395454407], [-0.016199560835957527, 0.030698955059051514], [0.046180013567209244, 0.10087810456752777], [-0.16684949398040771, 0.09255557507276535]], [[-0.26128461956977844, -0.27087727189064026], [-0.08294262737035751, 0.1729261428117752], [0.02308840863406658, 0.03714409098029137], [-0.04640328511595726, 0.09342312812805176], [-0.16684949398040771, 0.09255557507276535]], [[-0.22625255584716797, -0.23676598072052002], [-0.02871939167380333, 0.04544779658317566], [-0.011515950784087181, 0.04055226221680641], [-0.04640328511595726, 0.09342312812805176], [-0.16684949398040771, 0.09255557507276535]], [[-0.22625255584716797, -0.23676598072052002], [-0.08603554964065552, 0.10253886878490448], [-0.003207135945558548, 0.05163417011499405], [-0.038401491940021515, 0.07389242947101593], [-0.2006113976240158, 0.1289757490158081]], [[-0.14882969856262207, -0.26105770468711853], [-0.08603554964065552, 0.10253886878490448], [0.0453789047896862, -0.015430554747581482], [-0.05273532122373581, 0.09463544189929962], [-0.2006113976240158, 0.1289757490158081]], [[-0.08027153462171555, -0.3140943944454193], [-0.07719933986663818, 0.09949751943349838], [0.020593147724866867, -0.12042099982500076], [-0.06528805196285248, -0.016048505902290344], [-0.2006113976240158, 0.1289757490158081]], [[-0.035500820726156235, -0.3304622769355774], [-0.018950428813695908, 0.1089738979935646], [0.03392835706472397, -0.08289006352424622], [-0.06528805196285248, -0.016048505902290344], [-0.16341422498226166, 0.1734502911567688]], [[-0.0340518057346344, -0.24809910356998444], [-0.0967288464307785, 0.02762056142091751], [0.00901777297258377, -0.16399039328098297], [-0.06528805196285248, -0.016048505902290344], [-0.16341422498226166, 0.1734502911567688]], [[-0.05530364438891411, -0.25716227293014526], [-0.009940564632415771, -0.0631013736128807], [0.036678895354270935, -0.1581518054008484], [-0.05172726511955261, 0.06102771311998367], [-0.16341422498226166, 0.1734502911567688]], [[-0.016673248261213303, -0.25929775834083557], [-0.009940564632415771, -0.0631013736128807], [0.036678895354270935, -0.1581518054008484], [-0.11290515959262848, 0.020849402993917465], [-0.16341422498226166, 0.1734502911567688]], [[-0.016673248261213303, -0.25929775834083557], [-0.03388150408864021, -0.11276791989803314], [0.014778170734643936, -0.13214772939682007], [-0.13772153854370117, 0.004335489124059677], [-0.16341422498226166, 0.1734502911567688]], [[-0.016673248261213303, -0.25929775834083557], [-0.03388150408864021, -0.11276791989803314], [0.014778170734643936, -0.13214772939682007], [-0.1293778121471405, -0.04852966219186783], [-0.16341422498226166, 0.1734502911567688]], [[0.053272683173418045, -0.1991187334060669], [-0.019121337682008743, -0.11193646490573883], [0.05349942669272423, -0.11981476843357086], [-0.10564187914133072, -0.004417058080434799], [-0.1430509239435196, 0.16094909608364105]], [[0.08407533913850784, -0.2361205369234085], [-0.019121337682008743, -0.11193646490573883], [0.05349942669272423, -0.11981476843357086], [-0.10564187914133072, -0.004417058080434799], [-0.1430509239435196, 0.16094909608364105]], [[0.12059006094932556, -0.16866514086723328], [-0.027841264382004738, -0.19527210295200348], [0.05349942669272423, -0.11981476843357086], [-0.10564187914133072, -0.004417058080434799], [-0.17493660748004913, 0.12297086417675018]], [[0.05674608796834946, -0.23838505148887634], [-0.07520114630460739, -0.20539356768131256], [0.05383836850523949, -0.1151590421795845], [-0.08467157930135727, 0.0377783440053463], [-0.17493660748004913, 0.12297086417675018]], [[0.053580667823553085, -0.19367311894893646], [-0.08206558227539062, -0.15522488951683044], [0.07291600108146667, -0.04680692404508591], [-0.05453328788280487, 0.04157973825931549], [-0.17493660748004913, 0.12297086417675018]], [[0.13176029920578003, -0.16483736038208008], [-0.14893952012062073, -0.18336963653564453], [0.07291600108146667, -0.04680692404508591], [-0.05453328788280487, 0.04157973825931549], [-0.17493660748004913, 0.12297086417675018]], [[0.09857244789600372, -0.12509316205978394], [-0.14893952012062073, -0.18336963653564453], [0.08322571963071823, -0.013223253190517426], [-0.05453328788280487, 0.04157973825931549], [-0.1497584730386734, 0.10361915081739426]], [[0.11769240349531174, -0.18312837183475494], [-0.12560449540615082, -0.19139468669891357], [0.15037041902542114, -0.002794022671878338], [-0.13637888431549072, 0.05841434374451637], [-0.19738362729549408, 0.09531765431165695]], [[0.10354264080524445, -0.19978642463684082], [-0.08935870230197906, -0.1924443542957306], [0.13223116099834442, -0.04166471213102341], [-0.15100504457950592, 0.06020111218094826], [-0.17621752619743347, 0.16432055830955505]], [[0.10354264080524445, -0.19978642463684082], [-0.1357932686805725, -0.18093064427375793], [0.10954250395298004, -0.030455946922302246], [-0.17633859813213348, 0.10050414502620697], [-0.1890282779932022, 0.16269735991954803]]],