{"eps": {"drone_state": [[-9.904882431030273, 0.04262319952249527, 1.0009033679962158, -0.013785921037197113], [-10.04936408996582, -0.08047333359718323, 0.9870190620422363, 0.0015720280352979898], [-9.864616394042969, 0.06553801894187927, 1.0141035318374634, -0.11146658658981323], [-10.101404190063477, 0.0471537783741951, 1.1156610250473022, 0.10120179504156113], [-10.103826522827148, -0.09897741675376892, 0.9737206101417542, 0.025955481454730034]], "tree_locations": [[[-1.284841537475586, 2.6219406127929688], [-3.362359046936035, -3.068061590194702], [-6.556364059448242, 3.781998872756958], [-2.9297094345092773, -1.8240904808044434], [-2.1929962635040283, 2.2590715885162354]], [[-1.7721928358078003, 0.8201133608818054], [-6.123153209686279, -3.0649499893188477], [-4.3762640953063965, -0.10750442743301392], [-7.53577995300293, -3.733011245727539], [-3.121889591217041, 0.0027638194151222706]], [[-2.2310280799865723, 0.9142305254936218], [-4.50166130065918, 2.0023446083068848], [-4.191989421844482, 3.9070496559143066], [-6.626903533935547, 0.17982494831085205], [-1.1792538166046143, -3.286534547805786]], [[-2.130998373031616, -0.6661998629570007], [-2.4397835731506348, -2.4965860843658447], [-5.884252548217773, -3.844618320465088], [-3.3634233474731445, 0.6069504618644714], [-4.072666168212891, 0.5534901022911072]], [[-1.891188144683838, 3.887712001800537], [-5.776230812072754, 0.0854610875248909], [-6.3556084632873535, -3.810058355331421], [-4.023554801940918, -2.2432785034179688], [-2.9843339920043945, 2.0723214149475098]]], "tree_velocities": [[[-8.2502665463835e-05, 0.001918144873343408], [-0.002232807222753763, 0.0038883707020431757], [0.003555882489308715, 0.005855278577655554], [-0.0014992940705269575, -0.0021394144278019667], [-0.00044576695654541254, 0.0007690054480917752]], [[-0.0017036464996635914, 0.0022617848590016365], [-0.0014081642730161548, 0.005648160818964243], [-0.004676942713558674, -0.0019843217451125383], [-0.002041128696873784, -0.006566403899341822], [0.001949450932443142, -0.001932303188368678]], [[-0.005067101679742336, -0.004895702935755253], [-0.00039770183502696455, 0.0025868997909128666], [-0.009154511615633965, -0.0005355648463591933], [-0.0017946521984413266, 0.0012736922362819314], [-0.0014261191245168447, 0.011481108143925667]], [[0.003806470660492778, -0.014877188950777054], [0.010151819325983524, -0.0016968586714938283], [-0.002964513376355171, 0.0038507962599396706], [-0.00909489020705223, 0.002823476679623127], [0.011708608828485012, -0.005762962624430656]], [[-0.003479345003142953, -0.0017288518138229847], [0.0035227774642407894, -0.0007787267677485943], [0.001858598436228931, -0.0016380487941205502], [-0.004101532511413097, -0.0008129208581522107], [-0.0032145448494702578, 0.00011696213914547116]]], "wind_speed": [[0.024561943486332893, -0.03762716427445412], [-0.13509371876716614, -0.09356074780225754], [-0.059295039623975754, 0.041808225214481354], [-0.018748121336102486, -0.10019978880882263], [-0.026065295562148094, -0.12067867815494537]]}, "eps_trace": {"drone_state": [[[-9.897648811340332, 0.0473032183945179, 1.0009748935699463, -0.009096659719944], [-10.053409576416016, -0.08856663852930069, 0.9766724705696106, 0.0014303517527878284], [-9.855476379394531, 0.07198755443096161, 1.0109531879425049, -0.11243265867233276], [-10.112075805664062, 0.059052422642707825, 1.140343189239502, 0.1213475838303566], [-10.109619140625, -0.10326670855283737, 0.9716057181358337, 0.028702326118946075]], [[-9.900168418884277, 0.04496846720576286, 0.9986341595649719, -0.01195332407951355], [-10.053081512451172, -0.0828511193394661, 0.9840897917747498, 0.0005298973992466927], [-9.857501029968262, 0.06704190373420715, 1.013087272644043, -0.11212744563817978], [-10.111128807067871, 0.05568508803844452, 1.1363615989685059, 0.12183957546949387], [-10.10799789428711, -0.1022500991821289, 0.9729973077774048, 0.028622418642044067]], [[-9.901289939880371, 0.042798981070518494, 0.9997615218162537, -0.012278120033442974], [-10.052632331848145, -0.08327905833721161, 0.9834837317466736, 0.001142988563515246], [-9.859641075134277, 0.06510399281978607, 1.016624927520752, -0.11136597394943237], [-10.108551979064941, 0.04839686304330826, 1.1314327716827393, 0.1235736757516861], [-10.106904029846191, -0.10028470307588577, 0.971726655960083, 0.026386523619294167]], [[-9.902708053588867, 0.04210963845252991, 1.0012311935424805, -0.012483078986406326], [-10.049588203430176, -0.08091597259044647, 0.9864625334739685, 0.00036875365185551345], [-9.861658096313477, 0.06568692624568939, 1.0158721208572388, -0.11136052012443542], [-10.10451602935791, 0.049389250576496124, 1.1198642253875732, 0.10332459956407547], [-10.105663299560547, -0.09832233935594559, 0.9716768860816956, 0.026179488748311996]], [[-9.904882431030273, 0.04262319952249527, 1.0009033679962158, -0.013785921037197113], [-10.04936408996582, -0.08047333359718323, 0.9870190620422363, 0.0015720280352979898], [-9.864616394042969, 0.06553801894187927, 1.0141035318374634, -0.11146658658981323], [-10.101404190063477, 0.0471537783741951, 1.1156610250473022, 0.10120179504156113], [-10.103826522827148, -0.09897741675376892, 0.9737206101417542, 0.025955481454730034]]],