{"eps": {"drone_state": [[-10.043230056762695, 0.115162692964077, 0.9892489910125732, -0.01529498677700758], [-9.953296661376953, 0.28120535612106323, 0.9904159307479858, -0.0711769163608551], [-9.88944149017334, 0.008814125321805477, 1.016254186630249, 0.23827627301216125], [-10.128183364868164, 0.11524159461259842, 1.0543102025985718, -0.047065410763025284], [-9.864768028259277, 0.06706755608320236, 1.0250879526138306, 0.1665375530719757]], "tree_locations": [[[-6.5583109855651855, 3.952848196029663], [-4.668546676635742, -3.2342607975006104], [-1.3945680856704712, -0.09336583316326141], [-7.9005560874938965, 2.5635507106781006], [-6.089902400970459, -2.470064640045166]], [[-2.715212345123291, 1.7876497507095337], [-2.542773723602295, -2.898240566253662], [-5.693371772766113, 0.9820030927658081], [-3.6341683864593506, 3.1257097721099854], [-4.125269889831543, 0.6452020406723022]], [[-4.611316680908203, -2.726221799850464], [-2.522721529006958, 2.2841715812683105], [-1.7291440963745117, 2.7932143211364746], [-2.249539375305176, -2.7710204124450684], [-2.667837619781494, 0.9816159605979919]], [[-3.6080305576324463, 3.782975435256958], [-3.7678189277648926, 3.0803744792938232], [-3.2905843257904053, 1.9718858003616333], [-2.0966525077819824, -0.026829078793525696], [-7.327853679656982, 2.649113893508911]], [[-4.775345325469971, 2.9491467475891113], [-7.238970756530762, 3.276320695877075], [-1.9179915189743042, -0.546362042427063], [-1.8608806133270264, 2.9900455474853516], [-5.643836975097656, 3.006434917449951]]], "tree_velocities": [[[-0.0038695246912539005, -0.0007264285814017057], [-0.004295796155929565, -0.0039015281945466995], [-0.0067386627197265625, -0.00038791162660345435], [0.00282366294413805, 0.0018669981509447098], [0.00019660092948470265, -0.0036897677928209305]], [[0.002891759853810072, 0.00757255032658577], [0.00042968359775841236, -0.00645106565207243], [0.006634704768657684, -0.00045748124830424786], [-0.006034804042428732, 0.0031632441096007824], [-0.0006772423512302339, 0.0019166978308930993]], [[-0.005053041968494654, 0.0006815067608840764], [-0.007750083692371845, -0.006136667914688587], [-0.0056673805229365826, -0.001381510286591947], [0.0022781365551054478, -0.0036561586894094944], [0.0038141082040965557, -0.0001914778258651495]], [[-0.0007447324460372329, 0.005573607515543699], [-0.003399455454200506, 0.00035749361268244684], [0.007034849375486374, -0.0005995254032313824], [-0.004748739302158356, 0.0057319654151797295], [-0.007941365242004395, -0.0027733875904232264]], [[-0.005865663290023804, 0.00020451503223739564], [0.002791017759591341, 0.00843766424804926], [-0.0019654305651783943, -0.006399094592779875], [-0.00120753631927073, 0.0007372663239948452], [0.0035137708764523268, 0.007665594108402729]]], "wind_speed": [[-0.007735894992947578, 0.009599056094884872], [0.0731346383690834, -0.07240389287471771], [-0.16222891211509705, 0.05429740995168686], [0.007649336010217667, 0.04882701113820076], [0.08278423547744751, -0.0016817249124869704]]}, "eps_trace": {"drone_state": [[[-10.042760848999023, 0.1266891360282898, 0.9837870597839355, -0.011477516032755375], [-9.954928398132324, 0.29157647490501404, 0.9931724667549133, -0.07807809859514236], [-9.888992309570312, 0.006552731152623892, 1.0215096473693848, 0.2468651533126831], [-10.137555122375488, 0.12412114441394806, 1.0547291040420532, -0.048253271728754044], [-9.856895446777344, 0.07231048494577408, 1.040635108947754, 0.18384747207164764]], [[-10.042243003845215, 0.12715359032154083, 0.9837486743927002, -0.011014382354915142], [-9.95314884185791, 0.28882738947868347, 0.9948513507843018, -0.07797406613826752], [-9.884969711303711, 0.005727794021368027, 1.0188666582107544, 0.24035321176052094], [-10.136176109313965, 0.1210637092590332, 1.0538913011550903, -0.04631136357784271], [-9.858222007751465, 0.06733709573745728, 1.0344382524490356, 0.1754280924797058]], [[-10.042673110961914, 0.12130861729383469, 0.9822341203689575, -0.01253802701830864], [-9.952376365661621, 0.28623658418655396, 0.993391752243042, -0.07411814481019974], [-9.886905670166016, 0.008222922682762146, 1.0205022096633911, 0.2374587506055832], [-10.131969451904297, 0.11567311733961105, 1.055829405784607, -0.046494051814079285], [-9.85954475402832, 0.0657409131526947, 1.0319925546646118, 0.17005634307861328]], [[-10.041216850280762, 0.11912471801042557, 0.9879395961761475, -0.011236025020480156], [-9.951766967773438, 0.2856159806251526, 0.9935852289199829, -0.07312298566102982], [-9.889220237731934, 0.008475343696773052, 1.0152850151062012, 0.23932939767837524], [-10.129799842834473, 0.1162632629275322, 1.0543617010116577, -0.04726164788007736], [-9.86083984375, 0.06804820895195007, 1.0274368524551392, 0.1679634004831314]], [[-10.043230056762695, 0.115162692964077, 0.9892489910125732, -0.01529498677700758], [-9.953296661376953, 0.28120535612106323, 0.9904159307479858, -0.0711769163608551], [-9.88944149017334, 0.008814125321805477, 1.016254186630249, 0.23827627301216125], [-10.128183364868164, 0.11524159461259842, 1.0543102025985718, -0.047065410763025284], [-9.864768028259277, 0.06706755608320236, 1.0250879526138306, 0.1665375530719757]]],