{"eps": {"drone_state": [[-10.118927001953125, -0.0791553184390068, 1.0070658922195435, 0.07247764617204666], [-9.942875862121582, 0.0538717545568943, 0.9959428310394287, -0.12411053478717804], [-9.915181159973145, -0.05508008226752281, 1.0545839071273804, 0.01054215058684349], [-9.998367309570312, 0.026599258184432983, 0.9881212115287781, -0.005077391862869263], [-9.86803150177002, 0.14537136256694794, 1.028320074081421, 0.02060878649353981]], "tree_locations": [[[-3.0689878463745117, -3.955960750579834], [-3.7648260593414307, -0.5421782732009888], [-7.017442226409912, -3.46905517578125], [-6.993252277374268, -0.9853541851043701], [-5.284592628479004, -1.553073525428772]], [[-3.794351100921631, -0.049037788063287735], [-7.3497419357299805, -0.7441170811653137], [-2.203308343887329, 2.5301926136016846], [-1.565723180770874, -2.469714641571045], [-6.587686061859131, 2.468836545944214]], [[-2.7352499961853027, -1.7863051891326904], [-5.075842380523682, -3.2784650325775146], [-6.474362373352051, 3.4582748413085938], [-7.308899402618408, -1.7739875316619873], [-7.983169078826904, -3.018480062484741]], [[-6.897514343261719, 0.9035418033599854], [-3.3715412616729736, 3.4084861278533936], [-4.826334476470947, -3.562485456466675], [-3.959523916244507, 1.2253097295761108], [-1.4691768884658813, 2.805128335952759]], [[-3.1303136348724365, 1.1452891826629639], [-5.945285797119141, -3.969759702682495], [-4.880974769592285, -2.419412851333618], [-5.715742111206055, 3.0789031982421875], [-3.773216962814331, 1.5795587301254272]]], "tree_velocities": [[[0.006903818808495998, 0.0037556951865553856], [-0.007098301313817501, 0.006444910541176796], [0.00426985789090395, -0.00041017253533937037], [-0.0017718186136335135, -0.008355744183063507], [0.005245868116617203, -0.006320304237306118]], [[0.0013516985345631838, -0.00229615974240005], [0.004490935709327459, 0.0031586785335093737], [0.006588235031813383, 0.004814242012798786], [-0.0011403949465602636, -0.0017273575067520142], [0.00547470897436142, 0.0020529001485556364]], [[-0.008099738508462906, 0.007552583701908588], [-0.017341595143079758, -0.0004424131475389004], [0.0008510766201652586, -0.007200630381703377], [-0.008231645449995995, -0.0009580744663253427], [0.002697028685361147, -0.0012336074141785502]], [[0.0004622929263859987, -0.0003162554348818958], [-0.00198507122695446, 0.005069113336503506], [0.0008718842873349786, -0.00598798505961895], [0.004908949136734009, 0.003532343078404665], [-0.0014004327822476625, -0.0024123387411236763]], [[0.0044060805812478065, 0.004716901574283838], [0.006515822373330593, 0.0023656354751437902], [-0.002113644266501069, 0.0021025431342422962], [-0.0030143449548631907, 0.00459878146648407], [-0.0036444193683564663, -0.0036907033063471317]]], "wind_speed": [[-0.12761414051055908, 0.03443631902337074], [-0.0368124395608902, 0.06812732666730881], [0.1133451908826828, -0.008691554889082909], [0.06839711219072342, 0.036205317825078964], [-0.02881617844104767, 0.04381190612912178]]}, "eps_trace": {"drone_state": [[[-10.126115798950195, -0.09183752536773682, 1.0206127166748047, 0.08583573251962662], [-9.941713333129883, 0.050925564020872116, 1.000828504562378, -0.13211309909820557], [-9.905817985534668, -0.0458405464887619, 1.076018214225769, 0.013197563588619232], [-10.001239776611328, 0.021982939913868904, 0.9844899773597717, -0.013791931793093681], [-9.866899490356445, 0.1478419452905655, 1.0301789045333862, 0.015085228718817234]], [[-10.1226806640625, -0.0876503437757492, 1.00670325756073, 0.08021301031112671], [-9.941380500793457, 0.05073658376932144, 0.9997282028198242, -0.13033710420131683], [-9.908808708190918, -0.04782123118638992, 1.0734941959381104, 0.014060888439416885], [-9.999391555786133, 0.021754594519734383, 0.9840954542160034, -0.011628448963165283], [-9.866856575012207, 0.14588788151741028, 1.0273042917251587, 0.01567249372601509]], [[-10.122590065002441, -0.08024223148822784, 1.0076895952224731, 0.07173813879489899], [-9.943267822265625, 0.05349219962954521, 0.9963576197624207, -0.12612158060073853], [-9.91287899017334, -0.05586869269609451, 1.0647895336151123, 0.004830927588045597], [-9.998608589172363, 0.023069294169545174, 0.9850965738296509, -0.011461268179118633], [-9.871353149414062, 0.14636816084384918, 1.0273387432098389, 0.019508659839630127]], [[-10.12185001373291, -0.07891391962766647, 1.0113445520401, 0.07375241816043854], [-9.942378044128418, 0.052588000893592834, 0.997416615486145, -0.12545016407966614], [-9.912386894226074, -0.05629853904247284, 1.0642669200897217, 0.0030838169623166323], [-10.000022888183594, 0.022670196369290352, 0.9846662282943726, -0.009213930927217007], [-9.871501922607422, 0.1460978239774704, 1.0272927284240723, 0.019970759749412537]], [[-10.118927001953125, -0.0791553184390068, 1.0070658922195435, 0.07247764617204666], [-9.942875862121582, 0.0538717545568943, 0.9959428310394287, -0.12411053478717804], [-9.915181159973145, -0.05508008226752281, 1.0545839071273804, 0.01054215058684349], [-9.998367309570312, 0.026599258184432983, 0.9881212115287781, -0.005077391862869263], [-9.86803150177002, 0.14537136256694794, 1.028320074081421, 0.02060878649353981]]],