{"eps": {"object_position": [[-0.07563076913356781, 0.060888417065143585], [0.0252874493598938, -0.0670832172036171], [-0.05298452824354172, -0.015150032937526703], [0.08491045236587524, 0.028069598600268364], [-0.14045993983745575, -0.10113474726676941]], "object_rotation": [1.0387921333312988, 1.1781346797943115, 2.8207590579986572, 1.1541879177093506, 1.1234365701675415], "distractor_position": [-1.5838840007781982, 0.35985612869262695, -1.141885757446289, -1.429613471031189, -0.6562097072601318]}, "eps_trace": {"object_position": [[[0.033284224569797516, 0.01703299954533577], [-0.06924869120121002, -0.11616341024637222], [-0.1243235245347023, -0.03384285792708397], [0.01917675882577896, -0.06774725019931793], [-0.023069340735673904, -0.10404621809720993]], [[0.021568018943071365, 0.07559181749820709], [-0.027558960020542145, -0.13034218549728394], [-0.1243235245347023, -0.03384285792708397], [0.0351993553340435, -0.008325513452291489], [-0.07148697972297668, -0.08695647120475769]], [[0.04844202846288681, -0.004792474210262299], [-0.01761055365204811, -0.10016422718763351], [-0.1243235245347023, -0.03384285792708397], [0.1279623657464981, -0.018521100282669067], [-0.019400451332330704, -0.02356097102165222]], [[0.07272395491600037, -0.014965882524847984], [-0.05819205567240715, -0.08291183412075043], [-0.03872933238744736, -0.03872458636760712], [0.09368155896663666, 0.04948405921459198], [0.017235666513442993, 0.006727553904056549]], [[0.06476288288831711, -0.00261023361235857], [-0.04581151530146599, -0.040203724056482315], [-0.03872933238744736, -0.03872458636760712], [0.08815208822488785, -0.03535235673189163], [-0.04079866409301758, -0.020046088844537735]], [[0.004800416529178619, -0.03437023609876633], [0.04780605062842369, -0.05871634930372238], [-0.03872933238744736, -0.03872458636760712], [0.2071656584739685, 4.693865776062012e-05], [-0.07766260206699371, 0.04404696449637413]], [[-0.025054804980754852, -0.04526419937610626], [0.03731834888458252, -0.11870362609624863], [-0.054173246026039124, -0.060458458960056305], [0.19739338755607605, -0.021108213812112808], [-0.08847108483314514, 0.019795823842287064]], [[0.011224862188100815, -0.07237306982278824], [0.053934384137392044, -0.18702952563762665], [-0.054173246026039124, -0.060458458960056305], [0.2361012101173401, -0.05722811818122864], [-0.1043916642665863, 0.009443694725632668]], [[0.011224862188100815, -0.07237306982278824], [0.09989262372255325, -0.17963308095932007], [-0.10989979654550552, -0.02421584352850914], [0.1601938158273697, -0.013090580701828003], [-0.07002818584442139, 0.019088536500930786]], [[-0.011683033779263496, -0.06745016574859619], [0.10219628363847733, -0.17413216829299927], [-0.10989979654550552, -0.02421584352850914], [0.1608877182006836, 0.0025613177567720413], [-0.07501451671123505, -0.004204975441098213]], [[0.022304056212306023, -0.10464233160018921], [0.10164360702037811, -0.11607158929109573], [-0.14376533031463623, -0.04893774539232254], [0.17853835225105286, -0.030623747035861015], [-0.07501451671123505, -0.004204975441098213]], [[0.018849393352866173, -0.08867012709379196], [0.023307189345359802, -0.08990521728992462], [-0.11113765090703964, -0.025618040934205055], [0.24296006560325623, -0.022420372813940048], [-0.07967367768287659, -0.035705216228961945]], [[0.06608662754297256, 0.0389852449297905], [0.023307189345359802, -0.08990521728992462], [-0.03800743818283081, 0.03661531209945679], [0.2078416794538498, -0.10845229029655457], [-0.07967367768287659, -0.035705216228961945]], [[-0.02344224601984024, 0.060595035552978516], [0.04914967343211174, -0.06821570545434952], [-0.0470801442861557, 0.023182513192296028], [0.1500457227230072, -0.041538067162036896], [-0.10316479951143265, -0.030360106378793716]], [[-0.11621633172035217, 0.08147087693214417], [0.1579674333333969, -0.017336461693048477], [-0.03689892217516899, 0.05335010588169098], [0.16830220818519592, -0.06798480451107025], [-0.0831889882683754, -0.10818405449390411]], [[-0.12604230642318726, 0.02931017428636551], [0.17712856829166412, -0.060266897082328796], [0.017122123390436172, 0.07715854048728943], [0.14795969426631927, -0.08527013659477234], [-0.025156892836093903, -0.14340892434120178]], [[-0.10994092375040054, -0.021710723638534546], [0.17712856829166412, -0.060266897082328796], [0.017122123390436172, 0.07715854048728943], [0.1730836182832718, -0.1632356345653534], [0.054633595049381256, -0.17007321119308472]], [[-0.10034370422363281, -0.06719253212213516], [0.12035110592842102, -0.06500871479511261], [0.04535212740302086, 0.0905795469880104], [0.16470967233181, -0.14170566201210022], [0.001146797090768814, -0.18911194801330566]], [[-0.10034370422363281, -0.06719253212213516], [0.12903113663196564, -0.07716339826583862], [0.08198757469654083, 0.04261761158704758], [0.11534678190946579, -0.07322389632463455], [0.06199834495782852, -0.1805124580860138]], [[-0.0937969982624054, -0.022472620010375977], [0.03762829303741455, -0.13123486936092377], [0.08198757469654083, 0.04261761158704758], [0.07717892527580261, 0.01624147593975067], [0.06199834495782852, -0.1805124580860138]], [[-0.11710898578166962, -0.0012592021375894547], [0.09829351305961609, -0.12857840955257416], [0.08198757469654083, 0.04261761158704758], [0.05714213848114014, 0.06656137853860855], [0.00040215253829956055, -0.13713718950748444]], [[-0.09367335587739944, 0.013079928234219551], [0.08640067279338837, -0.12534010410308838], [0.08198757469654083, 0.04261761158704758], [0.061136819422245026, 0.04411439970135689], [-0.021031484007835388, -0.09125431627035141]], [[-0.1072574108839035, 0.013520157895982265], [0.08212034404277802, -0.10337382555007935], [0.03314914554357529, 0.042674969881772995], [0.031191697344183922, 0.05637960135936737], [-0.08178708702325821, -0.08472323417663574]], [[-0.08796178549528122, 0.016570519655942917], [0.014865748584270477, -0.06890765577554703], [0.06768237054347992, 0.06387551128864288], [0.03194984421133995, 0.02783692069351673], [-0.13045847415924072, -0.06376149505376816]], [[-0.07563076913356781, 0.060888417065143585], [0.0252874493598938, -0.0670832172036171], [-0.05298452824354172, -0.015150032937526703], [0.08491045236587524, 0.028069598600268364], [-0.14045993983745575, -0.10113474726676941]]],