{"eps": {"object_position": [[-0.03128214180469513, 0.17839336395263672], [0.18697063624858856, -0.19465360045433044], [0.05329079553484917, -0.10286325216293335], [0.019054505974054337, -0.11369740962982178], [0.017150122672319412, 0.050999511033296585]], "object_rotation": [0.7841165065765381, 2.5528056621551514, 0.6694103479385376, 3.2126102447509766, 1.4802460670471191], "distractor_position": [-0.6807004809379578, -0.8232269883155823, -0.5888876914978027, 0.08064813911914825, -0.0926128625869751]}, "eps_trace": {"object_position": [[[0.017038343474268913, -0.03232039138674736], [-0.04531898722052574, -0.005418702960014343], [-0.11624102294445038, 0.06877845525741577], [0.0034808069467544556, -0.031678736209869385], [0.29486268758773804, 0.006243403535336256]], [[0.05502454191446304, 0.15462827682495117], [-0.052390798926353455, -0.11443989723920822], [-0.02501150406897068, 0.08537694066762924], [0.0034808069467544556, -0.031678736209869385], [-0.1695118546485901, -0.20678794384002686]], [[-0.09547758102416992, -0.1978076845407486], [0.0681048184633255, -0.12387348711490631], [0.10384756326675415, 0.03022131323814392], [-0.04946168512105942, -0.06848163902759552], [0.14385654032230377, -0.06589525938034058]], [[0.02637752890586853, 0.006867684423923492], [-0.156900092959404, -0.04888869822025299], [0.06925138831138611, 0.18874788284301758], [0.06760472059249878, 0.19976583123207092], [0.008182801306247711, -0.014527708292007446]], [[-0.03128214180469513, 0.17839336395263672], [0.18697063624858856, -0.19465360045433044], [0.05329079553484917, -0.10286325216293335], [0.019054505974054337, -0.11369740962982178], [0.017150122672319412, 0.050999511033296585]]], "object_rotation": [[0.8889313340187073, 2.5953776836395264, 0.898432195186615, 2.760317802429199, 1.369789958000183], [0.7846468687057495, 2.4083120822906494, 0.4226303696632385, 2.760317802429199, 1.6131699085235596], [0.918789803981781, 2.4477322101593018, 0.33259472250938416, 2.7917861938476562, 1.3167074918746948], [0.8967551589012146, 2.4687767028808594, 0.5337303280830383, 3.1221189498901367, 1.6230403184890747], [0.7841165065765381, 2.5528056621551514, 0.6694103479385376, 3.2126102447509766, 1.4802460670471191]], "distractor_position": [[-0.5276800394058228, 0.24665942788124084, -0.9214509725570679, 0.23033256828784943, -0.35734522342681885], [-0.7188065052032471, -0.31426212191581726, -0.8574491739273071, 0.23033256828784943, -0.2935006618499756], [-0.707938551902771, -0.32210826873779297, -0.7779960632324219, 0.06484287977218628, -0.2544340491294861], [-0.633940577507019, -0.6174939274787903, -0.6118083000183105, 0.21864809095859528, -0.16431322693824768], [-0.6807004809379578, -0.8232269883155823, -0.5888876914978027, 0.08064813911914825, -0.0926128625869751]]}, "object_type": "box", "L": 10.0, "failure_level": 0.2, "dp_logprior_scale": 1.0, "dp_mcmc_step_size": 0.01, "ep_mcmc_step_size": 0.01, "num_rounds": 5, "num_steps_per_round": 5, "num_chains": 5, "use_gradients": true, "use_stochasticity": true, "repair": true, "predict": true, "quench_rounds": 0, "tempering_schedule": [0.9816843867301941, 0.9999991655349731, 1.0, 1.0, 1.0], "ep_logprobs": [[-31.094383239746094, -32.41016387939453, -31.860666275024414, -32.4454345703125, -35.40907669067383], [-33.066749572753906, -31.78420639038086, -32.93820571899414, -32.782039642333984, -34.12006759643555], [-33.96239471435547, -32.14139175415039, -33.45783996582031, -32.80082321166992, -32.872413635253906], [-32.029476165771484, -32.907203674316406, -33.754886627197266, -35.47941207885742, -31.933975219726562], [-33.090972900390625, -35.046478271484375, -32.9694709777832, -33.16008758544922, -32.231895446777344]], "dp_logprobs": [[-0.23465728759765625, -0.044886648654937744, -0.41263699531555176, 0.16050320863723755, -0.9792255163192749], [-0.8604280948638916, -0.21598434448242188, -0.3169342875480652, -0.27067750692367554, -0.05383110046386719], [-0.8719715476036072, -0.5829803943634033, -0.6693902015686035, -0.3314674496650696, -0.37298518419265747], [-0.49531465768814087, -0.2908083200454712, -0.23130148649215698, -0.0569385290145874, -0.030821919441223145], [-0.3982430100440979, -0.8532687425613403, -0.39312613010406494, -0.4894707202911377, -0.5055100917816162]]}