{"eps": {"object_position": [[0.01852763444185257, -0.030258964747190475], [-0.1832236498594284, -0.17420798540115356], [-0.0006431139772757888, -0.11454389989376068], [0.028992850333452225, 0.11717959493398666], [0.2684105336666107, 0.00590975908562541]], "object_rotation": [0.8886828422546387, 2.3266024589538574, 0.7708795070648193, 2.3711445331573486, 1.3688154220581055], "distractor_position": [-0.5287785530090332, 0.22750312089920044, -1.1809558868408203, 0.229370579123497, -0.3594398498535156]}, "eps_trace": {"object_position": [[[0.016970673575997353, -0.03237388655543327], [-0.19307972490787506, -0.17884495854377747], [0.0010413718409836292, -0.12223896384239197], [0.032621417194604874, 0.12403672188520432], [0.29387229681015015, 0.006903869099915028]], [[0.01698499359190464, -0.03229890391230583], [-0.19046032428741455, -0.17848177254199982], [0.0012267385609447956, -0.12195945531129837], [0.032759979367256165, 0.12390145659446716], [0.2938542366027832, 0.006999904755502939]], [[0.017006661742925644, -0.03232436999678612], [-0.19025316834449768, -0.1786528080701828], [0.0012237699702382088, -0.12195292860269547], [0.03286261111497879, 0.1236264556646347], [0.2934739887714386, 0.007648204453289509]], [[0.01702839881181717, -0.03226124495267868], [-0.19023343920707703, -0.1786823570728302], [0.0005320594063960016, -0.11974488943815231], [0.03286975249648094, 0.12339126318693161], [0.29320693016052246, 0.007157331798225641]], [[0.01696302555501461, -0.03211574628949165], [-0.19024443626403809, -0.17866180837154388], [0.0005267164087854326, -0.11974295228719711], [0.032946038991212845, 0.12314796447753906], [0.29079708456993103, 0.007236727513372898]], [[0.01690906472504139, -0.03205562382936478], [-0.18913331627845764, -0.17887796461582184], [0.0005099729169160128, -0.11971622705459595], [0.032854970544576645, 0.12285524606704712], [0.29079505801200867, 0.00725950300693512]], [[0.016880856826901436, -0.03193863108754158], [-0.1889631301164627, -0.17889279127120972], [0.0005158869316801429, -0.11964492499828339], [0.032784923911094666, 0.12258352339267731], [0.28920838236808777, 0.007619057781994343]], [[0.01684255339205265, -0.031920354813337326], [-0.18904069066047668, -0.17863450944423676], [0.0005210642702877522, -0.11964363604784012], [0.03274869546294212, 0.1225930005311966], [0.28851887583732605, 0.00850614532828331]], [[0.01679065078496933, -0.031945738941431046], [-0.1890445202589035, -0.17863285541534424], [0.0005563633749261498, -0.11941429227590561], [0.031434476375579834, 0.12188580632209778], [0.28837138414382935, 0.008961619809269905]], [[0.01737852953374386, -0.03178883343935013], [-0.18859080970287323, -0.17853175103664398], [0.0003931939718313515, -0.11916695535182953], [0.031478382647037506, 0.12180397659540176], [0.2846333086490631, 0.008039247244596481]], [[0.016953838989138603, -0.03183097764849663], [-0.18924115598201752, -0.17697066068649292], [0.0003206391120329499, -0.11913751065731049], [0.03166540712118149, 0.12165030092000961], [0.2842707931995392, 0.007829149253666401]], [[0.016986439004540443, -0.031805720180273056], [-0.18886150419712067, -0.17647697031497955], [0.00029599585104733706, -0.11875256896018982], [0.03149070218205452, 0.12127415090799332], [0.2835773825645447, 0.007165619172155857]], [[0.01710575819015503, -0.031634584069252014], [-0.18885767459869385, -0.17645135521888733], [0.00036626632208935916, -0.11870452016592026], [0.03151571750640869, 0.12126705050468445], [0.2829740345478058, 0.00549959996715188]], [[0.01700453832745552, -0.031255900859832764], [-0.1888548880815506, -0.17645826935768127], [0.00043819285929203033, -0.11865858733654022], [0.03142460808157921, 0.12127426266670227], [0.2827005684375763, 0.005410206038504839]], [[0.017034165561199188, -0.031244810670614243], [-0.1884150505065918, -0.17643629014492035], [8.667263318784535e-05, -0.11761491000652313], [0.03148370608687401, 0.12125250697135925], [0.2820901870727539, 0.004918996710330248]], [[0.0170359518378973, -0.031245818361639977], [-0.18834678828716278, -0.17625027894973755], [0.00011282572813797742, -0.11750912666320801], [0.031585536897182465, 0.12092767655849457], [0.27617859840393066, 0.005146459676325321]], [[0.017027178779244423, -0.031256016343832016], [-0.18834266066551208, -0.17621348798274994], [0.00012804294237866998, -0.11750577390193939], [0.03139319643378258, 0.12045758962631226], [0.2729220688343048, 0.006103568710386753]], [[0.017146166414022446, -0.03118715062737465], [-0.18815472722053528, -0.17627938091754913], [5.864493869012222e-05, -0.11744557321071625], [0.031444672495126724, 0.12045178562402725], [0.2726810574531555, 0.006202789023518562]], [[0.01715073361992836, -0.031169073656201363], [-0.1874118447303772, -0.17518143355846405], [-0.000476336368592456, -0.11739978194236755], [0.0314442403614521, 0.1202014684677124], [0.271820604801178, 0.006562315858900547]], [[0.017103595659136772, -0.031168881803750992], [-0.18736328184604645, -0.17469455301761627], [-0.000266948773059994, -0.11707954853773117], [0.03107146918773651, 0.12026021629571915], [0.2718088924884796, 0.006537555251270533]], [[0.018326513469219208, -0.03020201064646244], [-0.18704186379909515, -0.1748122274875641], [-0.0001740608422551304, -0.11681204289197922], [0.031020518392324448, 0.11990807205438614], [0.27179428935050964, 0.006605464033782482]], [[0.018496494740247726, -0.030286801978945732], [-0.18431305885314941, -0.1744391769170761], [0.000608617439866066, -0.11514922976493835], [0.031255219131708145, 0.11950361728668213], [0.2692834734916687, 0.004620506893843412]], [[0.01850631833076477, -0.030268067494034767], [-0.18393202126026154, -0.17419162392616272], [0.0005544749437831342, -0.11517535895109177], [0.02960043027997017, 0.11772879213094711], [0.26894301176071167, 0.004861664492636919]], [[0.018533093854784966, -0.030251476913690567], [-0.1835380345582962, -0.1741374284029007], [-0.0004739896976388991, -0.11465614289045334], [0.028993718326091766, 0.11718586087226868], [0.26848846673965454, 0.005811844486743212]], [[0.01852763444185257, -0.030258964747190475], [-0.1832236498594284, -0.17420798540115356], [-0.0006431139772757888, -0.11454389989376068], [0.028992850333452225, 0.11717959493398666], [0.2684105336666107, 0.00590975908562541]]],