{"eps": {"object_position": [[0.0467120036482811, 0.0004370382521301508], [-0.01964014582335949, -0.07404111325740814], [-0.11914792656898499, -0.029730647802352905], [0.036592815071344376, -0.04121604189276695], [-0.02107927016913891, -0.027113407850265503]], "object_rotation": [1.3536869287490845, 0.9580104351043701, 2.7753875255584717, 1.0950162410736084, 0.923454761505127], "distractor_position": [-1.2482627630233765, 0.10185515880584717, -1.1296207904815674, -1.4669547080993652, -0.8752716779708862]}, "eps_trace": {"object_position": [[[0.050271451473236084, 0.002314268844202161], [-0.02100873924791813, -0.08000257611274719], [-0.1242462769150734, -0.034299325197935104], [0.0403595007956028, -0.043262653052806854], [-0.021550782024860382, -0.03157709911465645]], [[0.049955569207668304, 0.001107794581912458], [-0.021134933456778526, -0.08001261204481125], [-0.1242760568857193, -0.034271929413080215], [0.04028590768575668, -0.043270308524370193], [-0.02127806842327118, -0.03202017769217491]], [[0.04992816224694252, 0.0010920537170022726], [-0.021059632301330566, -0.07994619011878967], [-0.12420035898685455, -0.03409171476960182], [0.04024090990424156, -0.04323907196521759], [-0.02127790078520775, -0.03200044482946396]], [[0.04989303648471832, 0.0010739172575995326], [-0.020889919251203537, -0.07963240146636963], [-0.1241677924990654, -0.034072138369083405], [0.040241193026304245, -0.043237946927547455], [-0.02156929112970829, -0.03168916702270508]], [[0.049941398203372955, 0.0017277769511565566], [-0.019910229369997978, -0.07945332676172256], [-0.12409495562314987, -0.03409486263990402], [0.040176112204790115, -0.04314156994223595], [-0.021196262910962105, -0.03153455629944801]], [[0.049902595579624176, 0.0015762766124680638], [-0.019789116457104683, -0.07938981801271439], [-0.12362516671419144, -0.033222343772649765], [0.0401712991297245, -0.043160829693078995], [-0.02104322984814644, -0.031601522117853165]], [[0.04990401491522789, 0.0015768606681376696], [-0.019681373611092567, -0.07932940870523453], [-0.1234014555811882, -0.03312234953045845], [0.04008135944604874, -0.04299573600292206], [-0.02102312445640564, -0.03164542466402054]], [[0.04989183321595192, 0.001566853141412139], [-0.01988852396607399, -0.07925496995449066], [-0.12277906388044357, -0.032196540385484695], [0.040270861238241196, -0.042781077325344086], [-0.02124190330505371, -0.03132479637861252]], [[0.049831993877887726, 0.0015302306273952127], [-0.019859889522194862, -0.0791914090514183], [-0.12280210107564926, -0.03217551112174988], [0.040467653423547745, -0.04271167144179344], [-0.021199019625782967, -0.03152856603264809]], [[0.04976026713848114, 0.0014066966250538826], [-0.019466117024421692, -0.07875410467386246], [-0.12160111963748932, -0.03301543742418289], [0.04048991948366165, -0.042688850313425064], [-0.021313093602657318, -0.03147902712225914]], [[0.04974255710840225, 0.0015151638071984053], [-0.019435612484812737, -0.07866191864013672], [-0.1214035302400589, -0.03273584321141243], [0.04052544757723808, -0.042646221816539764], [-0.021991794928908348, -0.03089471347630024]], [[0.04974164813756943, 0.0015154097927734256], [-0.019472086802124977, -0.0786135345697403], [-0.12153060734272003, -0.032501596957445145], [0.040499668568372726, -0.04256222024559975], [-0.021947132423520088, -0.030854174867272377]], [[0.04861484467983246, 0.002135953400284052], [-0.01937171071767807, -0.07865333557128906], [-0.12155153602361679, -0.03246680274605751], [0.04049450159072876, -0.04252227023243904], [-0.0219431109726429, -0.030852267518639565]], [[0.0486527644097805, 0.0021117939613759518], [-0.019448520615696907, -0.07853063195943832], [-0.12153668701648712, -0.03250264376401901], [0.040906429290771484, -0.04199627414345741], [-0.021929385140538216, -0.030842972919344902]], [[0.04834916070103645, 0.002156111178919673], [-0.01945510320365429, -0.07851392775774002], [-0.12127523124217987, -0.0312662199139595], [0.04008185490965843, -0.0424957312643528], [-0.021438729017972946, -0.02935759164392948]], [[0.04841489717364311, 0.001982373185455799], [-0.0194801464676857, -0.07848198711872101], [-0.12112738192081451, -0.03165949136018753], [0.04013238847255707, -0.04245906323194504], [-0.021441495046019554, -0.029357606545090675]], [[0.048332102596759796, 0.0019174296176061034], [-0.019452180713415146, -0.0784437507390976], [-0.1202382892370224, -0.031351856887340546], [0.03783351182937622, -0.041593216359615326], [-0.021465938538312912, -0.029340488836169243]], [[0.04797828942537308, 0.0018577625742182136], [-0.01933310367166996, -0.07816074788570404], [-0.1201438382267952, -0.031238311901688576], [0.03790268674492836, -0.041657544672489166], [-0.02145615965127945, -0.02934536151587963]], [[0.047869764268398285, 0.0018592551350593567], [-0.01953011192381382, -0.07754373550415039], [-0.11996935307979584, -0.031179461628198624], [0.03802186995744705, -0.041515517979860306], [-0.02185552939772606, -0.028574945405125618]], [[0.047753285616636276, 0.001671623787842691], [-0.019547073170542717, -0.0773705393075943], [-0.11946965754032135, -0.030460134148597717], [0.03738224133849144, -0.04151860252022743], [-0.021839259192347527, -0.02855803072452545]], [[0.047758202999830246, 0.0017462739488109946], [-0.019970757886767387, -0.07712382823228836], [-0.11944872885942459, -0.02986728958785534], [0.03736337646842003, -0.0415363647043705], [-0.021588049829006195, -0.028608709573745728]], [[0.04769492521882057, 0.001704001915641129], [-0.019970376044511795, -0.07629182189702988], [-0.11944229155778885, -0.029868870973587036], [0.037369757890701294, -0.04152250662446022], [-0.021059924736618996, -0.02795352041721344]], [[0.046736571937799454, 0.0004544513067230582], [-0.020471395924687386, -0.07580842077732086], [-0.11923304945230484, -0.029718440026044846], [0.03671376407146454, -0.041212763637304306], [-0.02112550660967827, -0.02716941572725773]], [[0.0467374287545681, 0.0004546856798697263], [-0.019861213862895966, -0.07416728138923645], [-0.11916006356477737, -0.029776955023407936], [0.03671376779675484, -0.04121256247162819], [-0.021077878773212433, -0.027107100933790207]], [[0.0467120036482811, 0.0004370382521301508], [-0.01964014582335949, -0.07404111325740814], [-0.11914792656898499, -0.029730647802352905], [0.036592815071344376, -0.04121604189276695], [-0.02107927016913891, -0.027113407850265503]]],