{"eps": {"object_position": [[0.0041821119375526905, 0.008074614219367504], [0.004989942070096731, -0.004963896237313747], [-0.0011946563608944416, -0.01302254293113947], [0.003784783650189638, -0.00808458961546421], [0.003543667495250702, -0.004711941350251436]], "object_rotation": [2.14931058883667, 1.7106003761291504, 0.18624942004680634, 1.2203705310821533, 1.8183928728103638], "distractor_position": [-0.25981780886650085, 0.5557764172554016, -1.0371732711791992, 0.05102715641260147, -1.2762960195541382]}, "eps_trace": {"object_position": [[[0.0388517752289772, 0.1169520914554596], [-0.006207767408341169, 0.034038394689559937], [-0.01664387434720993, -0.1572650820016861], [0.06737834215164185, -0.1209765374660492], [0.039010368287563324, -0.044606029987335205]], [[0.03491835296154022, 0.10548907518386841], [-0.005293819587677717, 0.030904129147529602], [-0.014985695481300354, -0.14155936241149902], [0.060544077306985855, -0.10891257226467133], [0.0351632721722126, -0.04016481339931488]], [[0.03295108303427696, 0.09399279952049255], [-0.0023950631730258465, 0.025381311774253845], [-0.013474080711603165, -0.12746566534042358], [0.05468343198299408, -0.0983026847243309], [0.0317477323114872, -0.03615514934062958]], [[0.029665064066648483, 0.08465079963207245], [0.0024643046781420708, 0.019515808671712875], [-0.0121029457077384, -0.1149250715970993], [0.04838772490620613, -0.08694283664226532], [0.02868386171758175, -0.03258557245135307]], [[0.026726335287094116, 0.07603313773870468], [0.0029105821158736944, 0.01705491915345192], [-0.010891728103160858, -0.10337015986442566], [0.043594419956207275, -0.07831080257892609], [0.025819990783929825, -0.029422983527183533]], [[0.024072080850601196, 0.0682653859257698], [0.0031330713536590338, 0.01502715703099966], [-0.009828083217144012, -0.09308400750160217], [0.03752214461565018, -0.07061228901147842], [0.02323862351477146, -0.02662123739719391]], [[0.021667854860424995, 0.06132318079471588], [0.003491694573312998, 0.013067955151200294], [-0.008827111683785915, -0.08374223113059998], [0.033996619284152985, -0.06359684467315674], [0.02117779292166233, -0.024366043508052826]], [[0.019419003278017044, 0.05503297224640846], [0.006789505481719971, 0.01023222878575325], [-0.007886628620326519, -0.07539607584476471], [0.030705269426107407, -0.05719129741191864], [0.019070066511631012, -0.02210039086639881]], [[0.01749669760465622, 0.04927742853760719], [0.0071759712882339954, 0.009153066202998161], [-0.00711435079574585, -0.06797580420970917], [0.027656517922878265, -0.05155880004167557], [0.01735939458012581, -0.020288577303290367]], [[0.015733305364847183, 0.04431311413645744], [0.007178510073572397, 0.007962265983223915], [-0.006447535008192062, -0.061200179159641266], [0.024893902242183685, -0.04645564407110214], [0.01560257188975811, -0.018334658816456795]], [[0.014228541404008865, 0.03971625864505768], [0.007119549438357353, 0.006630648393183947], [-0.005708938930183649, -0.05505211278796196], [0.02235056459903717, -0.04183826595544815], [0.013820657506585121, -0.016515925526618958]], [[0.012859456241130829, 0.035583801567554474], [0.0068736993707716465, 0.005587853956967592], [-0.00502890395000577, -0.049581367522478104], [0.02004147507250309, -0.03763861209154129], [0.01248549111187458, -0.015054521150887012]], [[0.011581961065530777, 0.03207070380449295], [0.0064866975881159306, 0.004595923237502575], [-0.00446378905326128, -0.04477453604340553], [0.017799582332372665, -0.03349243104457855], [0.011441990733146667, -0.013907957822084427]], [[0.010421441867947578, 0.02879044972360134], [0.006111133843660355, 0.003662772011011839], [-0.003937246277928352, -0.04037480801343918], [0.01603010855615139, -0.03001413866877556], [0.010429678484797478, -0.012812908738851547]], [[0.009440700523555279, 0.02584296092391014], [0.005857792217284441, 0.0028345701284706593], [-0.003472916316241026, -0.03642123192548752], [0.014383428730070591, -0.02685600519180298], [0.00967666506767273, -0.011706218123435974]], [[0.008685189299285412, 0.02318219467997551], [0.005601127166301012, 0.0021123364567756653], [-0.0029302979819476604, -0.0328078530728817], [0.012862886302173138, -0.023914452642202377], [0.008832816034555435, -0.010701790452003479]], [[0.007791840471327305, 0.020816907286643982], [0.005297908093780279, 0.0015203013317659497], [-0.002431305358186364, -0.029664374887943268], [0.011470199562609196, -0.02121819369494915], [0.007976996712386608, -0.009728526696562767]], [[0.007018754258751869, 0.018724167719483376], [0.005024485755711794, 0.0008265695068985224], [-0.002004836453124881, -0.026800746098160744], [0.010262195020914078, -0.018887076526880264], [0.007227211259305477, -0.008883855305612087]], [[0.006350360810756683, 0.0168234184384346], [0.004858470056205988, 4.281633300706744e-05], [-0.0016646700678393245, -0.024153202772140503], [0.00886518508195877, -0.016606179997324944], [0.0065842377953231335, -0.008055650629103184]], [[0.005847332999110222, 0.015088388696312904], [0.005226506851613522, -0.0009695954504422843], [-0.0014076611259952188, -0.02193785272538662], [0.007828954607248306, -0.01475068274885416], [0.005880532320588827, -0.007283769082278013]], [[0.005362015217542648, 0.013510477729141712], [0.00516275642439723, -0.0017531902994960546], [-0.0012620824854820967, -0.01985538750886917], [0.0068762097507715225, -0.013162510469555855], [0.005342443473637104, -0.006648340728133917]], [[0.00495392270386219, 0.012084221467375755], [0.005105544347316027, -0.0025085476227104664], [-0.001642386196181178, -0.0174965038895607], [0.006010373122990131, -0.011746278032660484], [0.004849250428378582, -0.006066685076802969]], [[0.004748475272208452, 0.010510019958019257], [0.004699624143540859, -0.0027977293357253075], [-0.0014853770844638348, -0.015877151861786842], [0.005226373206824064, -0.010396783240139484], [0.004376579541712999, -0.005582036916166544]], [[0.004461913835257292, 0.00910198874771595], [0.0042006224393844604, -0.0029871563892811537], [-0.001333005027845502, -0.014367752708494663], [0.004471540451049805, -0.00917152501642704], [0.003915403503924608, -0.005094762425869703]], [[0.0041821119375526905, 0.008074614219367504], [0.004989942070096731, -0.004963896237313747], [-0.0011946563608944416, -0.01302254293113947], [0.003784783650189638, -0.00808458961546421], [0.003543667495250702, -0.004711941350251436]]],