{"eps": {"object_position": [[-0.2797759175300598, 0.004633138421922922], [-0.11442504078149796, 0.11396988481283188], [0.007601871620863676, 0.07030023634433746], [0.0725288838148117, 0.14515230059623718], [-0.17172673344612122, -0.016567809507250786]], "object_rotation": [2.578300952911377, 0.26666340231895447, 2.240565061569214, 1.2494884729385376, 2.4800937175750732], "distractor_position": [-0.6848429441452026, -0.7242732644081116, -1.6478582620620728, -0.7128073573112488, -0.3865348696708679]}, "eps_trace": {"object_position": [[[-0.2808220088481903, 0.004321744665503502], [-0.11483057588338852, 0.11474645137786865], [0.00765740592032671, 0.07045779377222061], [0.07286377996206284, 0.1458948701620102], [-0.17248134315013885, -0.01687851920723915]], [[-0.28081855177879333, 0.004308647941797972], [-0.11480889469385147, 0.11472246050834656], [0.007680173963308334, 0.07046138495206833], [0.07283510267734528, 0.1458815336227417], [-0.17242193222045898, -0.016896460205316544]], [[-0.2808009386062622, 0.004349853377789259], [-0.11481080204248428, 0.11472087353467941], [0.007675780449062586, 0.07045973837375641], [0.07276821881532669, 0.14574530720710754], [-0.17241297662258148, -0.016879260540008545]], [[-0.2807096242904663, 0.004558965563774109], [-0.11481056362390518, 0.11472027003765106], [0.007672963198274374, 0.07046091556549072], [0.07280439883470535, 0.14559948444366455], [-0.17238694429397583, -0.01685670204460621]], [[-0.28071221709251404, 0.004529760684818029], [-0.1147754043340683, 0.11467402428388596], [0.007653891574591398, 0.07045595347881317], [0.07280858606100082, 0.1456010341644287], [-0.17229363322257996, -0.016831057146191597]], [[-0.2806999683380127, 0.004547260235995054], [-0.11479061096906662, 0.11465316265821457], [0.00765130715444684, 0.07046274840831757], [0.07277548313140869, 0.14555828273296356], [-0.17229032516479492, -0.016828685998916626]], [[-0.28042343258857727, 0.00465805409476161], [-0.11472103744745255, 0.1146029382944107], [0.007633361965417862, 0.07045242935419083], [0.07270501554012299, 0.14550021290779114], [-0.17230038344860077, -0.0167698971927166]], [[-0.28042033314704895, 0.004642870742827654], [-0.11472412198781967, 0.1145896390080452], [0.0076580168679356575, 0.0704152062535286], [0.07270374894142151, 0.14550113677978516], [-0.17229686677455902, -0.01676088757812977]], [[-0.280416339635849, 0.004654016345739365], [-0.11466355621814728, 0.11451493948698044], [0.007630440406501293, 0.0704137533903122], [0.07257111370563507, 0.14541979134082794], [-0.1722417175769806, -0.01675143465399742]], [[-0.2804147005081177, 0.004660577047616243], [-0.1146593689918518, 0.11448752135038376], [0.007629604544490576, 0.07041335105895996], [0.07255296409130096, 0.14541377127170563], [-0.17221146821975708, -0.01677953079342842]], [[-0.28041237592697144, 0.004656603094190359], [-0.11462587863206863, 0.11436713486909866], [0.007643283344805241, 0.07040608674287796], [0.07266377657651901, 0.1453597992658615], [-0.17221149802207947, -0.0167793408036232]], [[-0.2803981900215149, 0.0046554687432944775], [-0.11460871994495392, 0.1143679991364479], [0.007641474716365337, 0.07039447128772736], [0.07267627865076065, 0.14533844590187073], [-0.17220202088356018, -0.016792675480246544]], [[-0.2803982198238373, 0.00465135695412755], [-0.11460953950881958, 0.11436464637517929], [0.007651247084140778, 0.0703946053981781], [0.07265527546405792, 0.14533878862857819], [-0.17202898859977722, -0.016838304698467255]], [[-0.2803628146648407, 0.004715138114988804], [-0.11461174488067627, 0.1143597960472107], [0.007646827958524227, 0.07039197534322739], [0.07266884297132492, 0.145292729139328], [-0.1720111221075058, -0.016863282769918442]], [[-0.2803358733654022, 0.0047029759734869], [-0.11459548026323318, 0.1143297627568245], [0.007640855386853218, 0.07038523256778717], [0.07266326248645782, 0.1452842801809311], [-0.1719922423362732, -0.01686520129442215]], [[-0.2802891433238983, 0.004787967540323734], [-0.11457327008247375, 0.11433035880327225], [0.007633093278855085, 0.07037117332220078], [0.07265976071357727, 0.145283043384552], [-0.1719781905412674, -0.016832323744893074]], [[-0.28027334809303284, 0.004806967452168465], [-0.11456865072250366, 0.11434175819158554], [0.007630232255905867, 0.07037238776683807], [0.072629913687706, 0.14527055621147156], [-0.17191267013549805, -0.016775457188487053]], [[-0.2802542448043823, 0.004767612554132938], [-0.11456336826086044, 0.11434075236320496], [0.007620410993695259, 0.07037410885095596], [0.07262849062681198, 0.1452709585428238], [-0.1718941181898117, -0.016722403466701508]], [[-0.28025466203689575, 0.004759790375828743], [-0.11455418914556503, 0.11434484273195267], [0.007621759548783302, 0.07036653161048889], [0.07262718677520752, 0.1452719122171402], [-0.17183281481266022, -0.01675371266901493]], [[-0.28024977445602417, 0.0047450680285692215], [-0.11450234055519104, 0.114242322742939], [0.007620567921549082, 0.07035659998655319], [0.07260014861822128, 0.14523383975028992], [-0.17179398238658905, -0.016563406214118004]], [[-0.28023985028266907, 0.004750039894133806], [-0.11453456431627274, 0.11400432139635086], [0.007610315922647715, 0.07033604383468628], [0.07257170975208282, 0.1452147364616394], [-0.17178884148597717, -0.016560107469558716]], [[-0.28019586205482483, 0.00470743840560317], [-0.11454837769269943, 0.11396723985671997], [0.007621548138558865, 0.07031595706939697], [0.07256521284580231, 0.14521995186805725], [-0.17173172533512115, -0.016554228961467743]], [[-0.2798277735710144, 0.004594992380589247], [-0.1144229993224144, 0.11399867385625839], [0.007621773984283209, 0.0703153982758522], [0.07258901000022888, 0.1451917588710785], [-0.1717318296432495, -0.016555262729525566]], [[-0.27977636456489563, 0.004635140299797058], [-0.11441640555858612, 0.11399916559457779], [0.007588835433125496, 0.07031868398189545], [0.07253572344779968, 0.1451520174741745], [-0.17172840237617493, -0.016550876200199127]], [[-0.2797759175300598, 0.004633138421922922], [-0.11442504078149796, 0.11396988481283188], [0.007601871620863676, 0.07030023634433746], [0.0725288838148117, 0.14515230059623718], [-0.17172673344612122, -0.016567809507250786]]],