{"eps": {"object_position": [[0.017078261822462082, -0.03211956098675728], [-0.19347041845321655, -0.1787337064743042], [0.00098843511659652, -0.12166652828454971], [0.031999778002500534, 0.12481021881103516], [0.29216963052749634, 0.00619078753516078]], "object_rotation": [0.888767659664154, 2.3278138637542725, 0.7709290385246277, 2.371504068374634, 1.369739055633545], "distractor_position": [-0.5278704166412354, 0.23089374601840973, -1.180908203125, 0.2317572683095932, -0.3574483096599579]}, "eps_trace": {"object_position": [[[0.017031580209732056, -0.03232573717832565], [-0.19448727369308472, -0.17918993532657623], [0.0011567375622689724, -0.12245356291532516], [0.03232940286397934, 0.125508651137352], [0.2947666049003601, 0.00630748737603426]], [[0.01703212410211563, -0.03232288360595703], [-0.19422028958797455, -0.17915292084217072], [0.0011749190744012594, -0.12242614477872849], [0.03235480561852455, 0.12548385560512543], [0.29476314783096313, 0.006325821857899427]], [[0.017032917588949203, -0.03232381492853165], [-0.19419871270656586, -0.17917072772979736], [0.0011746438685804605, -0.12242554128170013], [0.03236465901136398, 0.12545745074748993], [0.2947206199169159, 0.006398325320333242]], [[0.01702635921537876, -0.032342858612537384], [-0.1941952109336853, -0.1791759729385376], [0.001105651492252946, -0.12220530956983566], [0.03236536681652069, 0.12543411552906036], [0.2946985065937042, 0.0063576893880963326]], [[0.017017189413309097, -0.03232244774699211], [-0.1941957175731659, -0.17917503416538239], [0.0011049421736970544, -0.12220504879951477], [0.03237280994653702, 0.12541037797927856], [0.2944614887237549, 0.006365498527884483]], [[0.01701638288795948, -0.03232154995203018], [-0.194078728556633, -0.1791977882385254], [0.0011031031608581543, -0.12220211327075958], [0.03236435726284981, 0.12538321316242218], [0.2944607734680176, 0.0063735125586390495]], [[0.017015893012285233, -0.03231951966881752], [-0.19406041502952576, -0.17919938266277313], [0.0011036964133381844, -0.12219496071338654], [0.03235752508044243, 0.12535670399665833], [0.29432156682014465, 0.006405055522918701]], [[0.016989048570394516, -0.03230671212077141], [-0.19406773149967194, -0.17917500436306], [0.0011044407729059458, -0.12219477444887161], [0.032355647534132004, 0.12535719573497772], [0.2942620515823364, 0.006481635384261608]], [[0.016973841935396194, -0.03231414780020714], [-0.19406822323799133, -0.17917479574680328], [0.0011080533731728792, -0.1221713051199913], [0.03222747519612312, 0.1252882182598114], [0.2942483425140381, 0.006523951888084412]], [[0.017057759687304497, -0.032291751354932785], [-0.1940222531557083, -0.1791645586490631], [0.001090491539798677, -0.1221446841955185], [0.03223208710551262, 0.12527962028980255], [0.29386261105537415, 0.006428770255297422]], [[0.016993843019008636, -0.032298095524311066], [-0.19408458471298218, -0.17901493608951569], [0.0010828280355781317, -0.12214157730340958], [0.03225947543978691, 0.12525711953639984], [0.2938268780708313, 0.006408054381608963]], [[0.01699373871088028, -0.03229817748069763], [-0.1940457671880722, -0.17896445095539093], [0.001080336282029748, -0.12210265547037125], [0.03224216029047966, 0.12521983683109283], [0.29376131296157837, 0.006345321889966726]], [[0.017014000564813614, -0.03226911649107933], [-0.19404537975788116, -0.17896181344985962], [0.001087954849936068, -0.122097447514534], [0.03224452957510948, 0.1252191662788391], [0.2936857044696808, 0.006136531010270119]], [[0.017000669613480568, -0.03221924602985382], [-0.19404520094394684, -0.17896226048469543], [0.0010954897152259946, -0.12209263443946838], [0.03223621845245361, 0.12521982192993164], [0.29365721344947815, 0.006127213593572378]], [[0.01699827052652836, -0.03222014382481575], [-0.19400016963481903, -0.17896001040935516], [0.001059756614267826, -0.12198653817176819], [0.032243140041828156, 0.1252172738313675], [0.29359766840934753, 0.006079291459172964]], [[0.01699252799153328, -0.03221690654754639], [-0.1939934939146042, -0.17894180119037628], [0.0010626098373904824, -0.12197499722242355], [0.03225355222821236, 0.1251840591430664], [0.29294151067733765, 0.006104539148509502]], [[0.01698794588446617, -0.03222223371267319], [-0.19399304687976837, -0.17893779277801514], [0.0010642221895977855, -0.1219746395945549], [0.03223447874188423, 0.12513744831085205], [0.2926234304904938, 0.006198027171194553]], [[0.017013082280755043, -0.032207686454057693], [-0.19397370517253876, -0.17894457280635834], [0.0010569324949756265, -0.12196831405162811], [0.032239701598882675, 0.1251368522644043], [0.2925991117954254, 0.006208042148500681]], [[0.01701277680695057, -0.032208893448114395], [-0.19389782845973969, -0.17883242666721344], [0.0010026328964158893, -0.12196366488933563], [0.03223966062068939, 0.12511397898197174], [0.29250964522361755, 0.006245422177016735]], [[0.016998307779431343, -0.03220883384346962], [-0.19389291107654572, -0.178783118724823], [0.0010263565927743912, -0.12192738056182861], [0.03220392018556595, 0.12511961162090302], [0.2925080358982086, 0.006242028903216124]], [[0.01710762456059456, -0.032122403383255005], [-0.1938580423593521, -0.17879588901996613], [0.0010360210435464978, -0.1218995451927185], [0.0321984738111496, 0.12508198618888855], [0.2925070822238922, 0.006246442440897226]], [[0.01708412915468216, -0.032110683619976044], [-0.19357681274414062, -0.178757444024086], [0.0011162168812006712, -0.12172916531562805], [0.03222314268350601, 0.1250394731760025], [0.2922610342502594, 0.006051917094737291]], [[0.01708276756107807, -0.03211328014731407], [-0.19353502988815308, -0.1787302941083908], [0.0011114954249933362, -0.12173144519329071], [0.03206123039126396, 0.1248658150434494], [0.2922293543815613, 0.006074362434446812]], [[0.017082899808883667, -0.032113198190927505], [-0.19350437819957733, -0.17872607707977295], [0.0010060318745672703, -0.12167820334434509], [0.031999874860048294, 0.12481091171503067], [0.2921797037124634, 0.006178134586662054]], [[0.017078261822462082, -0.03211956098675728], [-0.19347041845321655, -0.1787337064743042], [0.00098843511659652, -0.12166652828454971], [0.031999778002500534, 0.12481021881103516], [0.29216963052749634, 0.00619078753516078]]],