{"eps": {"object_position": [[0.05011538416147232, 0.002077607437968254], [-0.020725922659039497, -0.07978030294179916], [-0.12379314005374908, -0.0334167517721653], [0.038190532475709915, -0.04377776011824608], [-0.021620236337184906, -0.03125424310564995]], "object_rotation": [1.3536120653152466, 0.9554368257522583, 2.776111125946045, 1.0972999334335327, 0.9229167699813843], "distractor_position": [-1.2494838237762451, 0.1020427793264389, -1.130214810371399, -1.4685947895050049, -0.8765535950660706]}, "eps_trace": {"object_position": [[[0.05047735944390297, 0.0022728657349944115], [-0.02089453674852848, -0.08039350062608719], [-0.1243157610297203, -0.03388875350356102], [0.038565605878829956, -0.04399508982896805], [-0.021668964996933937, -0.03171034902334213]], [[0.05044563487172127, 0.002151696477085352], [-0.02090638130903244, -0.0803944393992424], [-0.12431845813989639, -0.033886272460222244], [0.03855852037668228, -0.043995827436447144], [-0.021641934290528297, -0.0317542664706707]], [[0.050442010164260864, 0.00214961520396173], [-0.020898666232824326, -0.08038763701915741], [-0.12431097775697708, -0.033868469297885895], [0.03855399787425995, -0.04399268701672554], [-0.021641917526721954, -0.03175228461623192]], [[0.0504385270178318, 0.0021478168200701475], [-0.020881731063127518, -0.08035632967948914], [-0.12430769205093384, -0.03386649489402771], [0.03855388984084129, -0.043993111699819565], [-0.021670790389180183, -0.031721439212560654]], [[0.050443269312381744, 0.002211925806477666], [-0.020754603669047356, -0.08033309131860733], [-0.12429989129304886, -0.033868927508592606], [0.0385473296046257, -0.043983396142721176], [-0.021632742136716843, -0.031705670058727264]], [[0.05043937638401985, 0.002196729416027665], [-0.020743180066347122, -0.0803271010518074], [-0.1242523193359375, -0.03378057852387428], [0.0385468415915966, -0.04398535564541817], [-0.021617375314235687, -0.03171239420771599]], [[0.0504395067691803, 0.0021967825014144182], [-0.020732160657644272, -0.08032092452049255], [-0.12423020601272583, -0.03377069532871246], [0.038537949323654175, -0.04396903142333031], [-0.021615346893668175, -0.03171682357788086]], [[0.050438299775123596, 0.0021957915741950274], [-0.020754540339112282, -0.08031288534402847], [-0.12416765838861465, -0.03367765620350838], [0.038558654487133026, -0.04394557699561119], [-0.021637123078107834, -0.031684909015893936]], [[0.050432030111551285, 0.002191955456510186], [-0.020750779658555984, -0.08030453324317932], [-0.12417010962963104, -0.033675417304039], [0.03857981786131859, -0.04393811523914337], [-0.021632788702845573, -0.03170550614595413]], [[0.050424911081790924, 0.0021796957589685917], [-0.02071247808635235, -0.08026199787855148], [-0.12404964119195938, -0.033759668469429016], [0.03858207166194916, -0.043935805559158325], [-0.02164408564567566, -0.03170059993863106]], [[0.05042318254709244, 0.0021902727894484997], [-0.02070920355618, -0.08025210350751877], [-0.12402838468551636, -0.03372959420084953], [0.03858649358153343, -0.043930500745773315], [-0.021711774170398712, -0.03164232522249222]], [[0.050422925502061844, 0.002190342638641596], [-0.020713001489639282, -0.08024706691503525], [-0.12404027581214905, -0.033707670867443085], [0.038583818823099136, -0.043921779841184616], [-0.02170775644481182, -0.031638678163290024]], [[0.05031006410717964, 0.002252496313303709], [-0.020703505724668503, -0.0802508294582367], [-0.1240423396229744, -0.0337042361497879], [0.03858330473303795, -0.043917812407016754], [-0.021707994863390923, -0.03163878992199898]], [[0.0503142774105072, 0.002249811077490449], [-0.020712045952677727, -0.08023718744516373], [-0.12404090166091919, -0.03370770066976547], [0.03862566500902176, -0.04386372119188309], [-0.021706601604819298, -0.03163784742355347]], [[0.050283484160900116, 0.0022543061058968306], [-0.02071048505604267, -0.0802411437034607], [-0.12401405721902847, -0.03358073905110359], [0.038546912372112274, -0.04391142353415489], [-0.021657299250364304, -0.03148859366774559]], [[0.05029021576046944, 0.002236513653770089], [-0.02071424573659897, -0.08023634552955627], [-0.12399939447641373, -0.03361973538994789], [0.03855203837156296, -0.04390770196914673], [-0.021657457575201988, -0.03148859366774559]], [[0.05028173327445984, 0.002229861216619611], [-0.02071077562868595, -0.08023159950971603], [-0.12390585243701935, -0.033587370067834854], [0.03831841051578522, -0.04381970688700676], [-0.021659843623638153, -0.03148692101240158]], [[0.05024557560682297, 0.002223763382062316], [-0.020698392763733864, -0.08020216971635818], [-0.12389611452817917, -0.03357566520571709], [0.03832341358065605, -0.04382435977458954], [-0.021658608689904213, -0.03148753568530083]], [[0.050234604626894, 0.0022239142563194036], [-0.020718134939670563, -0.08014033734798431], [-0.12387819588184357, -0.03356961905956268], [0.03833557292819023, -0.04380987212061882], [-0.02169995941221714, -0.03140776604413986]], [[0.05022256448864937, 0.0022045180667191744], [-0.02071993425488472, -0.0801219642162323], [-0.12382672727108002, -0.033495526760816574], [0.038270797580480576, -0.04381018504500389], [-0.02169826813042164, -0.03140600770711899]], [[0.05022304505109787, 0.00221183686517179], [-0.02076088823378086, -0.08009811490774155], [-0.12382443994283676, -0.033430665731430054], [0.038269199430942535, -0.04381169006228447], [-0.021673068404197693, -0.03141109272837639]], [[0.050216589123010635, 0.0022075241431593895], [-0.020760849118232727, -0.08001428842544556], [-0.12382428348064423, -0.03343070298433304], [0.038269974291324615, -0.04381000995635986], [-0.02161901630461216, -0.031344037503004074]], [[0.05011873319745064, 0.002079935045912862], [-0.02081078663468361, -0.07996610552072525], [-0.12380272150039673, -0.03341520205140114], [0.03820325806736946, -0.04377850890159607], [-0.021625814959406853, -0.03126274794340134]], [[0.050118740648031235, 0.002079936908558011], [-0.020745953544974327, -0.07979173213243484], [-0.12379446625709534, -0.033421821892261505], [0.038203272968530655, -0.04377739503979683], [-0.0216206107288599, -0.03125593811273575]], [[0.05011538416147232, 0.002077607437968254], [-0.020725922659039497, -0.07978030294179916], [-0.12379314005374908, -0.0334167517721653], [0.038190532475709915, -0.04377776011824608], [-0.021620236337184906, -0.03125424310564995]]],