{"eps": {"object_position": [[-0.28084543347358704, 0.0042972201481461525], [-0.11485040187835693, 0.1147889643907547], [0.007612572051584721, 0.07053124904632568], [0.07285899668931961, 0.14589354395866394], [-0.17249120771884918, -0.016916824504733086]], "object_rotation": [2.578634262084961, 0.2665424346923828, 2.24066424369812, 1.249703049659729, 2.480353593826294], "distractor_position": [-0.6852453351020813, -0.7248637676239014, -1.647964596748352, -0.7129955291748047, -0.38642260432243347]}, "eps_trace": {"object_position": [[[-0.28084543347358704, 0.0042972201481461525], [-0.11485040187835693, 0.1147889643907547], [0.007612572051584721, 0.07053124904632568], [0.07285899668931961, 0.14589354395866394], [-0.17249120771884918, -0.016916824504733086]], [[-0.28084543347358704, 0.0042972201481461525], [-0.11485040187835693, 0.1147889643907547], [0.007612572051584721, 0.07053124904632568], [0.07285899668931961, 0.14589354395866394], [-0.17249120771884918, -0.016916824504733086]], [[-0.28084543347358704, 0.0042972201481461525], [-0.11485040187835693, 0.1147889643907547], [0.007612572051584721, 0.07053124904632568], [0.07285899668931961, 0.14589354395866394], [-0.17249120771884918, -0.016916824504733086]], [[-0.28084543347358704, 0.0042972201481461525], [-0.11485040187835693, 0.1147889643907547], [0.007612572051584721, 0.07053124904632568], [0.07285899668931961, 0.14589354395866394], [-0.17249120771884918, -0.016916824504733086]], [[-0.28084543347358704, 0.0042972201481461525], [-0.11485040187835693, 0.1147889643907547], [0.007612572051584721, 0.07053124904632568], [0.07285899668931961, 0.14589354395866394], [-0.17249120771884918, -0.016916824504733086]]], "object_rotation": [[2.578634262084961, 0.2665424346923828, 2.24066424369812, 1.249703049659729, 2.480353593826294], [2.578634262084961, 0.2665424346923828, 2.24066424369812, 1.249703049659729, 2.480353593826294], [2.578634262084961, 0.2665424346923828, 2.24066424369812, 1.249703049659729, 2.480353593826294], [2.578634262084961, 0.2665424346923828, 2.24066424369812, 1.249703049659729, 2.480353593826294], [2.578634262084961, 0.2665424346923828, 2.24066424369812, 1.249703049659729, 2.480353593826294]], "distractor_position": [[-0.6852453351020813, -0.7248637676239014, -1.647964596748352, -0.7129955291748047, -0.38642260432243347], [-0.6852453351020813, -0.7248637676239014, -1.647964596748352, -0.7129955291748047, -0.38642260432243347], [-0.6852453351020813, -0.7248637676239014, -1.647964596748352, -0.7129955291748047, -0.38642260432243347], [-0.6852453351020813, -0.7248637676239014, -1.647964596748352, -0.7129955291748047, -0.38642260432243347], [-0.6852453351020813, -0.7248637676239014, -1.647964596748352, -0.7129955291748047, -0.38642260432243347]]}, "object_type": "mug", "L": 1.0, "failure_level": 0.2, "dp_logprior_scale": 1.0, "dp_mcmc_step_size": 0.001, "ep_mcmc_step_size": 0.001, "num_rounds": 5, "num_steps_per_round": 5, "num_chains": 5, "use_gradients": true, "use_stochasticity": false, "repair": true, "predict": true, "quench_rounds": 0, "tempering_schedule": null, "ep_logprobs": [[-35.18416213989258, -33.19246292114258, -33.65113830566406, -31.723791122436523, -32.61486053466797], [-35.19441604614258, -33.21340560913086, -33.67097473144531, -31.74151039123535, -32.62449264526367], [-35.20432662963867, -33.2329216003418, -33.68846130371094, -31.755128860473633, -32.63631057739258], [-35.21506118774414, -33.251258850097656, -33.70124816894531, -31.768659591674805, -32.644954681396484], [-35.2247428894043, -33.26316452026367, -33.705894470214844, -31.780752182006836, -32.65065383911133]], "dp_logprobs": [[-0.8910142779350281, -0.8910142779350281, -0.8910142779350281, -0.8910146951675415, -0.8910142779350281], [-0.8758436441421509, -0.8758436441421509, -0.8758436441421509, -0.8758436441421509, -0.8758436441421509], [-0.8621676564216614, -0.8621676564216614, -0.8621676564216614, -0.8621618747711182, -0.8621675968170166], [-0.8501605987548828, -0.8501605987548828, -0.8501605987548828, -0.8501574397087097, -0.8501607179641724], [-0.841873288154602, -0.841873288154602, -0.841873288154602, -0.8418706655502319, -0.8418722748756409]]}