{"eps": {"object_position": [[0.01673731952905655, -0.03215847909450531], [-0.19399313628673553, -0.17838327586650848], [0.0011067287996411324, -0.12173217535018921], [0.03163056820631027, 0.12387675046920776], [0.29317450523376465, 0.0061657968908548355]], "object_rotation": [0.8889493346214294, 2.3278005123138428, 0.7710261940956116, 2.3711376190185547, 1.3697280883789062], "distractor_position": [-0.5275875329971313, 0.23104457557201385, -1.1806449890136719, 0.23147402703762054, -0.35668373107910156]}, "eps_trace": {"object_position": [[[0.0170491524040699, -0.032284099608659744], [-0.19463439285755157, -0.17891323566436768], [0.0010211003245785832, -0.12237797677516937], [0.032212741672992706, 0.12528494000434875], [0.294524610042572, 0.006391612347215414]], [[0.01695345900952816, -0.03214674070477486], [-0.1944984495639801, -0.17866632342338562], [0.0010044252267107368, -0.12234413623809814], [0.032014477998018265, 0.1247495710849762], [0.29425743222236633, 0.006343374028801918]], [[0.01695174165070057, -0.03214873746037483], [-0.19442613422870636, -0.17852382361888885], [0.0010625503491610289, -0.122172050178051], [0.0319601446390152, 0.12462640553712845], [0.29412707686424255, 0.006473558023571968]], [[0.016764696687459946, -0.03214304894208908], [-0.1943424791097641, -0.17836672067642212], [0.0011106907622888684, -0.12188540399074554], [0.031696975231170654, 0.12396498769521713], [0.29329219460487366, 0.006216130219399929]], [[0.01673731952905655, -0.03215847909450531], [-0.19399313628673553, -0.17838327586650848], [0.0011067287996411324, -0.12173217535018921], [0.03163056820631027, 0.12387675046920776], [0.29317450523376465, 0.0061657968908548355]]], "object_rotation": [[0.8888904452323914, 2.327852964401245, 0.7710396647453308, 2.3717398643493652, 1.3699265718460083], [0.8888925313949585, 2.3279435634613037, 0.7710731625556946, 2.3715174198150635, 1.3698196411132812], [0.8889226913452148, 2.327653408050537, 0.771121084690094, 2.3712987899780273, 1.3700400590896606], [0.8889545798301697, 2.327705144882202, 0.77115797996521, 2.371173143386841, 1.3698582649230957], [0.8889493346214294, 2.3278005123138428, 0.7710261940956116, 2.3711376190185547, 1.3697280883789062]], "distractor_position": [[-0.5276415944099426, 0.2311687171459198, -1.1809687614440918, 0.23187369108200073, -0.35736334323883057], [-0.527623176574707, 0.23125705122947693, -1.1810060739517212, 0.23142404854297638, -0.35702675580978394], [-0.5276143550872803, 0.2310982495546341, -1.1810576915740967, 0.23139064013957977, -0.3570893704891205], [-0.5275818705558777, 0.23103635013103485, -1.1809135675430298, 0.23151104152202606, -0.3566787540912628], [-0.5275875329971313, 0.23104457557201385, -1.1806449890136719, 0.23147402703762054, -0.35668373107910156]]}, "object_type": "mug", "L": 1.0, "failure_level": 0.2, "dp_logprior_scale": 1.0, "dp_mcmc_step_size": 0.001, "ep_mcmc_step_size": 0.001, "num_rounds": 5, "num_steps_per_round": 5, "num_chains": 5, "use_gradients": true, "use_stochasticity": true, "repair": true, "predict": true, "quench_rounds": 0, "tempering_schedule": null, "ep_logprobs": [[-30.746074676513672, -34.9578857421875, -32.6473274230957, -32.5276985168457, -34.64323043823242], [-30.745403289794922, -34.954383850097656, -32.64697265625, -32.5176887512207, -34.635292053222656], [-30.745403289794922, -34.949851989746094, -32.65861892700195, -32.51561737060547, -34.63028335571289], [-30.745054244995117, -34.944847106933594, -32.65834045410156, -32.50094985961914, -34.61417770385742], [-30.74510955810547, -34.935707092285156, -32.65660095214844, -32.49946975708008, -34.611114501953125]], "dp_logprobs": [[-1.0686919689178467, -1.0686843395233154, -1.0686362981796265, -1.068683385848999, -1.0686328411102295], [-1.0709933042526245, -1.0710563659667969, -1.0708026885986328, -1.0709956884384155, -1.0709716081619263], [-1.0702292919158936, -1.0702340602874756, -1.070159673690796, -1.070291519165039, -1.0702316761016846], [-1.0680656433105469, -1.0680958032608032, -1.0679537057876587, -1.068071961402893, -1.0679709911346436], [-1.0672909021377563, -1.0672214031219482, -1.0671025514602661, -1.0672069787979126, -1.0671660900115967]]}