{"eps": {"object_position": [[-0.2787477374076843, 0.004230784717947245], [-0.11428268998861313, 0.11423846334218979], [0.007201943080872297, 0.06986687332391739], [0.07265450805425644, 0.145427405834198], [-0.17168422043323517, -0.016455629840493202]], "object_rotation": [2.5784127712249756, 0.266880065202713, 2.2404963970184326, 1.2494120597839355, 2.480314016342163], "distractor_position": [-0.685433030128479, -0.7249134182929993, -1.6474889516830444, -0.7127609252929688, -0.3866497874259949]}, "eps_trace": {"object_position": [[[-0.2801430821418762, 0.003987887408584356], [-0.11474312096834183, 0.11477687954902649], [0.007536380086094141, 0.07051852345466614], [0.07279834896326065, 0.14582006633281708], [-0.17207075655460358, -0.016711413860321045]], [[-0.2792903780937195, 0.004138112533837557], [-0.11467830091714859, 0.11479855328798294], [0.007401753682643175, 0.07040020823478699], [0.0727437436580658, 0.145676389336586], [-0.1719701886177063, -0.016634127125144005]], [[-0.27923646569252014, 0.004218163900077343], [-0.11443240940570831, 0.11472451686859131], [0.007295514922589064, 0.07036606222391129], [0.07267182320356369, 0.14553923904895782], [-0.17181137204170227, -0.0165888462215662]], [[-0.2790443003177643, 0.004109535366296768], [-0.11421091854572296, 0.11443594843149185], [0.007214656565338373, 0.07012543082237244], [0.07268593460321426, 0.14552468061447144], [-0.1717212200164795, -0.01640748605132103]], [[-0.2787477374076843, 0.004230784717947245], [-0.11428268998861313, 0.11423846334218979], [0.007201943080872297, 0.06986687332391739], [0.07265450805425644, 0.145427405834198], [-0.17168422043323517, -0.016455629840493202]]], "object_rotation": [[2.578752040863037, 0.26651665568351746, 2.2406370639801025, 1.249778389930725, 2.48018479347229], [2.5783913135528564, 0.2666136622428894, 2.240436315536499, 1.2494828701019287, 2.480137825012207], [2.5784173011779785, 0.26666373014450073, 2.240471363067627, 1.2494218349456787, 2.4802603721618652], [2.578505277633667, 0.26681381464004517, 2.240389108657837, 1.2494421005249023, 2.480241298675537], [2.5784127712249756, 0.266880065202713, 2.2404963970184326, 1.2494120597839355, 2.480314016342163]], "distractor_position": [[-0.6853734850883484, -0.7249462008476257, -1.647730827331543, -0.7129430770874023, -0.3868424892425537], [-0.6855244636535645, -0.7249637842178345, -1.6476346254348755, -0.7129326462745667, -0.3867245614528656], [-0.6854875683784485, -0.724998414516449, -1.6476030349731445, -0.7127470970153809, -0.38681140542030334], [-0.685333788394928, -0.7249683141708374, -1.6474487781524658, -0.7127113938331604, -0.3866548538208008], [-0.685433030128479, -0.7249134182929993, -1.6474889516830444, -0.7127609252929688, -0.3866497874259949]]}, "object_type": "mug", "L": 1.0, "failure_level": 0.2, "dp_logprior_scale": 1.0, "dp_mcmc_step_size": 0.001, "ep_mcmc_step_size": 0.001, "num_rounds": 5, "num_steps_per_round": 5, "num_chains": 5, "use_gradients": true, "use_stochasticity": true, "repair": true, "predict": true, "quench_rounds": 0, "tempering_schedule": null, "ep_logprobs": [[-35.285133361816406, -33.27246856689453, -33.742469787597656, -31.91638946533203, -32.53706359863281], [-35.26120376586914, -33.271766662597656, -33.740867614746094, -31.913904190063477, -32.535186767578125], [-35.25980758666992, -33.27063751220703, -33.74044418334961, -31.910751342773438, -32.53269958496094], [-35.25507354736328, -33.264644622802734, -33.73789596557617, -31.910757064819336, -32.531044006347656], [-35.24662399291992, -33.263092041015625, -33.73638153076172, -31.908798217773438, -32.530433654785156]], "dp_logprobs": [[-0.8119267821311951, -0.811826229095459, -0.8118072748184204, -0.8118537664413452, -0.8117834329605103], [-0.8118240237236023, -0.8117165565490723, -0.8116742372512817, -0.8117949366569519, -0.8116963505744934], [-0.8118674755096436, -0.8117967247962952, -0.8116445541381836, -0.8118264675140381, -0.8117656707763672], [-0.8114109039306641, -0.8112820982933044, -0.8113058805465698, -0.8113904595375061, -0.8113118410110474], [-0.8112083077430725, -0.8110628128051758, -0.8112119436264038, -0.8113775849342346, -0.8111326098442078]]}