{"eps": {"object_position": [[0.04480326920747757, 0.12965260446071625], [-0.006888131145387888, 0.037176068872213364], [-0.018917758017778397, -0.17374560236930847], [0.07412248104810715, -0.13350392878055573], [0.04306722804903984, -0.049226924777030945]], "object_rotation": [2.172987222671509, 1.716391682624817, 0.12924543023109436, 1.2057924270629883, 1.828539252281189], "distractor_position": [-0.23562298715114594, 0.6699472665786743, -1.0934056043624878, 0.10897961258888245, -1.3579555749893188]}, "eps_trace": {"object_position": [[[0.045549944043159485, 0.13061843812465668], [-0.006920789368450642, 0.03739766776561737], [-0.01860382966697216, -0.17451155185699463], [0.07445346564054489, -0.13382379710674286], [0.0431496761739254, -0.04948039725422859]], [[0.04529847577214241, 0.13025273382663727], [-0.006875250022858381, 0.03735480457544327], [-0.018528318032622337, -0.1744864583015442], [0.0743720680475235, -0.1338391751050949], [0.043114762753248215, -0.04938250035047531]], [[0.04515398293733597, 0.13013942539691925], [-0.006847446318715811, 0.03739910572767258], [-0.018628787249326706, -0.17417487502098083], [0.07443211227655411, -0.13353483378887177], [0.043085768818855286, -0.049288708716630936]], [[0.045026544481515884, 0.1299900859594345], [-0.006891987752169371, 0.037142761051654816], [-0.01874498277902603, -0.17403875291347504], [0.0742156133055687, -0.13352328538894653], [0.04305950552225113, -0.04924599453806877]], [[0.04480326920747757, 0.12965260446071625], [-0.006888131145387888, 0.037176068872213364], [-0.018917758017778397, -0.17374560236930847], [0.07412248104810715, -0.13350392878055573], [0.04306722804903984, -0.049226924777030945]]], "object_rotation": [[2.1732616424560547, 1.7162753343582153, 0.12888894975185394, 1.2058500051498413, 1.8285776376724243], [2.173107624053955, 1.716328740119934, 0.12893229722976685, 1.2058639526367188, 1.828558325767517], [2.1731197834014893, 1.7163395881652832, 0.1293061077594757, 1.2057222127914429, 1.8286067247390747], [2.1730430126190186, 1.7163954973220825, 0.1292257308959961, 1.2057470083236694, 1.8285541534423828], [2.172987222671509, 1.716391682624817, 0.12924543023109436, 1.2057924270629883, 1.828539252281189]], "distractor_position": [[-0.23538954555988312, 0.670225203037262, -1.0937927961349487, 0.10914992541074753, -1.3580384254455566], [-0.23520119488239288, 0.6701486706733704, -1.0938069820404053, 0.10906626284122467, -1.3580048084259033], [-0.23526394367218018, 0.67006516456604, -1.0935511589050293, 0.10913154482841492, -1.3580384254455566], [-0.23557494580745697, 0.6700297594070435, -1.093648910522461, 0.10902800410985947, -1.3579576015472412], [-0.23562298715114594, 0.6699472665786743, -1.0934056043624878, 0.10897961258888245, -1.3579555749893188]]}, "object_type": "mug", "L": 1.0, "failure_level": 0.2, "dp_logprior_scale": 1.0, "dp_mcmc_step_size": 0.001, "ep_mcmc_step_size": 0.001, "num_rounds": 5, "num_steps_per_round": 5, "num_chains": 5, "use_gradients": true, "use_stochasticity": true, "repair": true, "predict": true, "quench_rounds": 0, "tempering_schedule": null, "ep_logprobs": [[-31.800167083740234, -33.202003479003906, -34.374908447265625, -32.37504959106445, -32.233463287353516], [-31.794750213623047, -33.202003479003906, -34.37427520751953, -32.37443923950195, -32.23271942138672], [-31.792566299438477, -33.20111083984375, -34.36762237548828, -32.372196197509766, -32.2322883605957], [-31.789386749267578, -33.20090103149414, -34.36595916748047, -32.3697509765625, -32.23167037963867], [-31.784000396728516, -33.20196533203125, -34.360595703125, -32.36857986450195, -32.231605529785156]], "dp_logprobs": [[-0.83456951379776, -0.8346361517906189, -0.8345857858657837, -0.8344270586967468, -0.8345097899436951], [-0.8343348503112793, -0.8344817161560059, -0.8343083262443542, -0.8343232870101929, -0.8343708515167236], [-0.8342213034629822, -0.8341976404190063, -0.8341657519340515, -0.8341561555862427, -0.8340532779693604], [-0.834031343460083, -0.8341481685638428, -0.8340203762054443, -0.8341348171234131, -0.8339955806732178], [-0.8341506719589233, -0.8340131044387817, -0.8340578079223633, -0.8339022397994995, -0.8339552283287048]]}