{"eps": {"object_position": [[0.05023263767361641, 0.0019909932743757963], [-0.020392751321196556, -0.07975144684314728], [-0.12330015748739243, -0.03374653309583664], [0.03825744614005089, -0.04394549876451492], [-0.02154657430946827, -0.03132311999797821]], "object_rotation": [1.3538213968276978, 0.9551505446434021, 2.776285409927368, 1.0975122451782227, 0.9229428768157959], "distractor_position": [-1.2492650747299194, 0.10164705663919449, -1.1302071809768677, -1.4686492681503296, -0.8766829967498779]}, "eps_trace": {"object_position": [[[0.050397250801324844, 0.0021903773304075003], [-0.020770542323589325, -0.08027109503746033], [-0.12427771091461182, -0.033869609236717224], [0.03827546536922455, -0.044062379747629166], [-0.021665874868631363, -0.0316346250474453]], [[0.05035249888896942, 0.002148132072761655], [-0.02066885121166706, -0.08009805530309677], [-0.12408397346735, -0.034058403223752975], [0.0382457971572876, -0.04403838515281677], [-0.021629419177770615, -0.03159039840102196]], [[0.050343651324510574, 0.002107819775119424], [-0.020624123513698578, -0.0800420492887497], [-0.12367770075798035, -0.03389883413910866], [0.03818958252668381, -0.04402640461921692], [-0.021594613790512085, -0.03160906583070755]], [[0.05028168857097626, 0.0020561267156153917], [-0.020501721650362015, -0.07984668761491776], [-0.12351556122303009, -0.03387857973575592], [0.03818255290389061, -0.044021591544151306], [-0.02157786302268505, -0.03152376413345337]], [[0.05023263767361641, 0.0019909932743757963], [-0.020392751321196556, -0.07975144684314728], [-0.12330015748739243, -0.03374653309583664], [0.03825744614005089, -0.04394549876451492], [-0.02154657430946827, -0.03132311999797821]]], "object_rotation": [[1.3537111282348633, 0.9551563858985901, 2.7761728763580322, 1.0974856615066528, 0.9228565692901611], [1.3537487983703613, 0.9552748799324036, 2.776256799697876, 1.0974615812301636, 0.9229153394699097], [1.3537696599960327, 0.9553201198577881, 2.7761354446411133, 1.0975030660629272, 0.9229186773300171], [1.3537789583206177, 0.9551221132278442, 2.776146650314331, 1.0974900722503662, 0.9228995442390442], [1.3538213968276978, 0.9551505446434021, 2.776285409927368, 1.0975122451782227, 0.9229428768157959]], "distractor_position": [[-1.2495036125183105, 0.10190048068761826, -1.130297064781189, -1.4687495231628418, -0.8766957521438599], [-1.2494839429855347, 0.10185019671916962, -1.1302642822265625, -1.4687086343765259, -0.8766921758651733], [-1.2493798732757568, 0.10187060385942459, -1.130353331565857, -1.4687092304229736, -0.8766854405403137], [-1.2493163347244263, 0.10169384628534317, -1.130355954170227, -1.4686771631240845, -0.8766689896583557], [-1.2492650747299194, 0.10164705663919449, -1.1302071809768677, -1.4686492681503296, -0.8766829967498779]]}, "object_type": "mug", "L": 1.0, "failure_level": 0.2, "dp_logprior_scale": 1.0, "dp_mcmc_step_size": 0.001, "ep_mcmc_step_size": 0.001, "num_rounds": 5, "num_steps_per_round": 5, "num_chains": 5, "use_gradients": true, "use_stochasticity": true, "repair": true, "predict": true, "quench_rounds": 0, "tempering_schedule": null, "ep_logprobs": [[-31.70831298828125, -31.684846878051758, -32.96728515625, -32.6680908203125, -30.90117645263672], [-31.70808982849121, -31.684276580810547, -33.00086975097656, -32.667686462402344, -30.900842666625977], [-31.707656860351562, -31.685501098632812, -32.961055755615234, -32.66743469238281, -30.900819778442383], [-31.706581115722656, -31.687320709228516, -32.95937728881836, -32.6672477722168, -30.90045928955078], [-31.70393180847168, -31.686079025268555, -32.95699691772461, -32.66703796386719, -30.89940643310547]], "dp_logprobs": [[-0.9431231617927551, -0.9430012702941895, -0.9430325627326965, -0.9430779814720154, -0.942959189414978], [-0.942950963973999, -0.9427579641342163, -0.942781925201416, -0.942719042301178, -0.942720890045166], [-0.9343836903572083, -0.9342548251152039, -0.9343491196632385, -0.9343147873878479, -0.9342630505561829], [-0.9419170618057251, -0.9418841004371643, -0.9418494701385498, -0.9419066309928894, -0.9418466687202454], [-0.9412166476249695, -0.9412131905555725, -0.9410730004310608, -0.9412692785263062, -0.9411159157752991]]}