{"eps": {"object_position": [[0.01678021065890789, -0.03212234005331993], [-0.19403406977653503, -0.17836406826972961], [0.0011611346853896976, -0.12173201888799667], [0.03167366236448288, 0.12396998703479767], [0.2932388186454773, 0.006174583453685045]], "object_rotation": [0.8889061212539673, 2.3278064727783203, 0.7710217833518982, 2.371169328689575, 1.369733452796936], "distractor_position": [-0.527678370475769, 0.23106573522090912, -1.180588722229004, 0.23152534663677216, -0.3568197190761566]}, "eps_trace": {"object_position": [[[0.017037395387887955, -0.03227857127785683], [-0.19463999569416046, -0.17892716825008392], [0.0010266572935506701, -0.12237897515296936], [0.032220687717199326, 0.12531405687332153], [0.29455268383026123, 0.0063875294290483]], [[0.0169413723051548, -0.03213150426745415], [-0.1945064663887024, -0.17868036031723022], [0.0010349915828555822, -0.12235575169324875], [0.032037731260061264, 0.1247919350862503], [0.29429540038108826, 0.006355355493724346]], [[0.016947505995631218, -0.032122813165187836], [-0.19443728029727936, -0.1785346120595932], [0.0011083342833444476, -0.12218237668275833], [0.03198999539017677, 0.12468142062425613], [0.2941664755344391, 0.00644949683919549]], [[0.01677904836833477, -0.032114628702402115], [-0.19435420632362366, -0.17836229503154755], [0.0011652744142338634, -0.12188392132520676], [0.031738318502902985, 0.12404657900333405], [0.29334747791290283, 0.006217575632035732]], [[0.01678021065890789, -0.03212234005331993], [-0.19403406977653503, -0.17836406826972961], [0.0011611346853896976, -0.12173201888799667], [0.03167366236448288, 0.12396998703479767], [0.2932388186454773, 0.006174583453685045]]], "object_rotation": [[0.8888916969299316, 2.3278443813323975, 0.7710338234901428, 2.3717265129089355, 1.3699103593826294], [0.8888770341873169, 2.3279552459716797, 0.771072268486023, 2.371521234512329, 1.3698277473449707], [0.8888631463050842, 2.3276703357696533, 0.7711234092712402, 2.3713223934173584, 1.3700013160705566], [0.8888813257217407, 2.327709913253784, 0.771156370639801, 2.3711986541748047, 1.3698503971099854], [0.8889061212539673, 2.3278064727783203, 0.7710217833518982, 2.371169328689575, 1.369733452796936]], "distractor_position": [[-0.5276848077774048, 0.2311674952507019, -1.1809606552124023, 0.2318955510854721, -0.35736945271492004], [-0.5276591777801514, 0.23126712441444397, -1.180983066558838, 0.23147206008434296, -0.35708799958229065], [-0.5276786684989929, 0.2311294823884964, -1.1810251474380493, 0.23144613206386566, -0.3572060465812683], [-0.5276620388031006, 0.231063574552536, -1.1808634996414185, 0.2315584421157837, -0.3568160831928253], [-0.527678370475769, 0.23106573522090912, -1.180588722229004, 0.23152534663677216, -0.3568197190761566]]}, "object_type": "mug", "L": 1.0, "failure_level": 0.2, "dp_logprior_scale": 1.0, "dp_mcmc_step_size": 0.001, "ep_mcmc_step_size": 0.001, "num_rounds": 5, "num_steps_per_round": 5, "num_chains": 5, "use_gradients": true, "use_stochasticity": true, "repair": true, "predict": true, "quench_rounds": 0, "tempering_schedule": null, "ep_logprobs": [[-30.809112548828125, -35.069026947021484, -32.67483901977539, -32.615272521972656, -34.67714309692383], [-30.808813095092773, -35.061466217041016, -32.67456817626953, -32.60649490356445, -34.669795989990234], [-30.808935165405273, -35.056907653808594, -32.67251205444336, -32.6046028137207, -34.66596221923828], [-30.808664321899414, -35.05215072631836, -32.67257308959961, -32.595977783203125, -34.64213562011719], [-30.808679580688477, -35.04616165161133, -32.67106246948242, -32.59465789794922, -34.638954162597656]], "dp_logprobs": [[-0.9914828538894653, -0.9912252426147461, -0.9915396571159363, -0.9913871884346008, -0.9914204478263855], [-0.9914998412132263, -0.9914697408676147, -0.9915186166763306, -0.9916760921478271, -0.9915872812271118], [-0.9917899370193481, -0.9916892051696777, -0.9918056130409241, -0.9917899370193481, -0.9918011426925659], [-0.9916374683380127, -0.991652250289917, -0.9917791485786438, -0.991745114326477, -0.9916987419128418], [-0.9909561276435852, -0.9910081028938293, -0.9910953640937805, -0.9909859895706177, -0.9908950924873352]]}