{"eps": {"drone_state": [[-10.050036430358887, 0.08753203600645065, 1.0458074808120728, -0.03379885107278824], [-10.081499099731445, -0.02484748512506485, 0.9120948910713196, 0.00833091139793396], [-9.997614860534668, 0.013103790581226349, 0.9909861087799072, 0.02928069233894348], [-10.063944816589355, -0.025638148188591003, 0.955121636390686, 0.02818860299885273], [-10.036502838134766, 0.09141489863395691, 0.9985935688018799, -0.09494870901107788]], "tree_locations": [[[-6.489938735961914, 1.7420082092285156], [-2.109480381011963, 3.468494415283203], [-1.6094141006469727, 1.6298646926879883], [-7.541113376617432, 3.3744373321533203], [-4.330662727355957, -3.5059852600097656]], [[-1.4970722198486328, -0.1924511343240738], [-6.497935771942139, 2.1966283321380615], [-1.7862555980682373, -2.464604139328003], [-1.9474760293960571, -0.2406308799982071], [-1.2530834674835205, -1.1964324712753296]], [[-5.623365879058838, 1.5930136442184448], [-7.280370712280273, -3.6062867641448975], [-1.9726794958114624, 3.4022443294525146], [-1.4870917797088623, 1.0734866857528687], [-7.1134748458862305, 1.327869176864624]], [[-5.535144805908203, 2.1833765506744385], [-5.340051174163818, -1.209243655204773], [-6.016468524932861, -3.6077542304992676], [-2.690629482269287, -3.5623130798339844], [-5.452664852142334, 2.0192646980285645]], [[-1.3320393562316895, -2.6189613342285156], [-1.6387028694152832, -0.4785442352294922], [-4.290311336517334, -1.3728046417236328], [-4.454260349273682, -0.09706306457519531], [-1.4592928886413574, -2.4634628295898438]]], "tree_velocities": [[[-0.20205166935920715, 0.08185627311468124], [0.38555848598480225, 0.06684235483407974], [-0.3494758605957031, -0.20116057991981506], [-0.0962335467338562, 0.10405734181404114], [-0.11702600121498108, -0.26205170154571533]], [[0.08079923689365387, -0.05752947926521301], [0.000935778021812439, 0.02347492054104805], [-0.1512230783700943, 0.2336578518152237], [-0.6905825138092041, 0.2296086996793747], [-0.09879407286643982, 0.11077210307121277]], [[-0.23934105038642883, 0.368436336517334], [-0.23699092864990234, -0.06416695564985275], [0.0493042916059494, -0.5336301326751709], [0.11520722508430481, -0.28900402784347534], [-0.027134183794260025, 0.17994287610054016]], [[-0.06393419206142426, 0.045092709362506866], [-0.12149566411972046, -0.368524968624115], [0.14806628227233887, -0.02225683256983757], [0.47986868023872375, 0.1616668403148651], [-0.2663781940937042, 0.6824814677238464]], [[-0.29270705580711365, -0.023124312981963158], [-0.29431429505348206, -0.041121263056993484], [-0.1433071494102478, 0.392760694026947], [-0.060670603066682816, 0.01455589197576046], [0.034352198243141174, 0.3640671372413635]]], "wind_speed": [[-0.15926849842071533, -0.01395814586430788], [0.050576526671648026, 0.04662775993347168], [-0.03260628134012222, -0.1534401774406433], [0.10648874193429947, -0.20510007441043854], [0.0019447477534413338, -0.021325519308447838]]}, "eps_trace": {"drone_state": [[[-10.050036430358887, 0.08753203600645065, 1.0458074808120728, -0.03379885107278824], [-10.104548454284668, 0.10894741863012314, 1.0117051601409912, -0.09637247771024704], [-9.98578929901123, -0.07226935029029846, 0.9279481172561646, 0.0289378110319376], [-9.817413330078125, 0.010109263472259045, 0.9250756502151489, -0.05315706506371498], [-10.036502838134766, 0.09141489863395691, 0.9985935688018799, -0.09494870901107788]], [[-10.050036430358887, 0.08753203600645065, 1.0458074808120728, -0.03379885107278824], [-10.104548454284668, 0.10894741863012314, 1.0117051601409912, -0.09637247771024704], [-9.98578929901123, -0.07226935029029846, 0.9279481172561646, 0.0289378110319376], [-10.180802345275879, 0.1372331827878952, 1.0689117908477783, 0.008910536766052246], [-10.036502838134766, 0.09141489863395691, 0.9985935688018799, -0.09494870901107788]], [[-10.050036430358887, 0.08753203600645065, 1.0458074808120728, -0.03379885107278824], [-10.104548454284668, 0.10894741863012314, 1.0117051601409912, -0.09637247771024704], [-9.98578929901123, -0.07226935029029846, 0.9279481172561646, 0.0289378110319376], [-10.180802345275879, 0.1372331827878952, 1.0689117908477783, 0.008910536766052246], [-10.036502838134766, 0.09141489863395691, 0.9985935688018799, -0.09494870901107788]], [[-10.050036430358887, 0.08753203600645065, 1.0458074808120728, -0.03379885107278824], [-10.081499099731445, -0.02484748512506485, 0.9120948910713196, 0.00833091139793396], [-9.98578929901123, -0.07226935029029846, 0.9279481172561646, 0.0289378110319376], [-10.063944816589355, -0.025638148188591003, 0.955121636390686, 0.02818860299885273], [-10.036502838134766, 0.09141489863395691, 0.9985935688018799, -0.09494870901107788]], [[-10.050036430358887, 0.08753203600645065, 1.0458074808120728, -0.03379885107278824], [-10.081499099731445, -0.02484748512506485, 0.9120948910713196, 0.00833091139793396], [-9.997614860534668, 0.013103790581226349, 0.9909861087799072, 0.02928069233894348], [-10.063944816589355, -0.025638148188591003, 0.955121636390686, 0.02818860299885273], [-10.036502838134766, 0.09141489863395691, 0.9985935688018799, -0.09494870901107788]]],