{"eps": {"drone_state": [[-9.97256088256836, -0.08899335563182831, 0.9499898552894592, 0.12307730317115784], [-9.814635276794434, -0.15717799961566925, 1.055911660194397, 0.1656387746334076], [-9.903752326965332, -0.045634474605321884, 1.0783591270446777, 0.011142674833536148], [-10.3392972946167, 0.1230754628777504, 0.9309907555580139, -0.10916554927825928], [-9.870652198791504, 0.1483611762523651, 1.0311353206634521, 0.015499529428780079]], "tree_locations": [[[-3.0499107837677, -3.773550033569336], [-3.8969039916992188, -0.8631107807159424], [-7.375071048736572, -3.3810322284698486], [-6.83608865737915, -1.07333242893219], [-5.0595383644104, -1.1864231824874878]], [[-3.6582834720611572, -0.2386915683746338], [-7.608837127685547, -0.7267633676528931], [-2.303591728210449, 2.5015861988067627], [-2.024174213409424, -2.42915415763855], [-6.741092205047607, 2.5441439151763916]], [[-2.728745460510254, -1.7913541793823242], [-5.076339244842529, -3.277918815612793], [-6.478289604187012, 3.4605398178100586], [-7.30561637878418, -1.7704801559448242], [-7.999860763549805, -3.0098438262939453]], [[-6.959842681884766, 0.8351256847381592], [-3.4545187950134277, 3.585236072540283], [-4.701990127563477, -3.6904191970825195], [-3.6365604400634766, 1.3168714046478271], [-1.34877347946167, 2.6121315956115723]], [[-3.1376700401306152, 1.1363334655761719], [-5.949957847595215, -3.9917564392089844], [-4.880272388458252, -2.4272279739379883], [-5.7250189781188965, 3.0834274291992188], [-3.775731086730957, 1.5801429748535156]]], "tree_velocities": [[[-0.22991985082626343, 0.2896331548690796], [0.4548567831516266, 0.2589864134788513], [-0.36497750878334045, -0.2598789930343628], [0.214513897895813, -0.03691034018993378], [-0.7682288885116577, 0.46178632974624634]], [[0.02736268937587738, 0.2468264400959015], [0.4644770324230194, 0.2982974648475647], [0.29254189133644104, -0.15122127532958984], [-0.5784519910812378, -0.16430258750915527], [0.4227275252342224, -0.08734137564897537]], [[0.2236516773700714, -0.07229875773191452], [-0.5340637564659119, 0.08851157128810883], [-0.260395348072052, 0.4271946847438812], [-0.3586024045944214, -0.21860550343990326], [0.3327481746673584, -0.07708621770143509]], [[-0.26925212144851685, -0.2564517855644226], [-0.014056649059057236, 0.13586284220218658], [0.1446170061826706, -0.47747164964675903], [-0.013772286474704742, -0.5451084971427917], [0.4679241180419922, -0.08672882616519928]], [[0.3181779384613037, 0.14283913373947144], [0.018446356058120728, 0.16904698312282562], [0.14799244701862335, -0.012176582589745522], [0.057359013706445694, -0.03489852696657181], [0.3838185667991638, -0.15129272639751434]]], "wind_speed": [[-0.19840595126152039, -0.1598963588476181], [0.13464465737342834, 0.17978622019290924], [0.1143207997083664, -0.0032355403527617455], [-0.008276127278804779, -0.35338160395622253], [-0.030621659010648727, 0.047713786363601685]]}, "eps_trace": {"drone_state": [[[-9.909912109375, -0.22694814205169678, 0.9794921278953552, 0.22473087906837463], [-9.858247756958008, -0.06170274317264557, 0.9840394854545593, 0.20707349479198456], [-9.903752326965332, -0.045634474605321884, 1.0783591270446777, 0.011142674833536148], [-10.117831230163574, 0.053667694330215454, 1.1017109155654907, 0.12544682621955872], [-9.870652198791504, 0.1483611762523651, 1.0311353206634521, 0.015499529428780079]], [[-9.818193435668945, -0.221883624792099, 1.0315192937850952, 0.08327049016952515], [-9.858247756958008, -0.06170274317264557, 0.9840394854545593, 0.20707349479198456], [-9.903752326965332, -0.045634474605321884, 1.0783591270446777, 0.011142674833536148], [-10.117831230163574, 0.053667694330215454, 1.1017109155654907, 0.12544682621955872], [-9.870652198791504, 0.1483611762523651, 1.0311353206634521, 0.015499529428780079]], [[-9.818193435668945, -0.221883624792099, 1.0315192937850952, 0.08327049016952515], [-9.858247756958008, -0.06170274317264557, 0.9840394854545593, 0.20707349479198456], [-9.903752326965332, -0.045634474605321884, 1.0783591270446777, 0.011142674833536148], [-10.234177589416504, 0.10812738537788391, 1.032339096069336, 0.1405886560678482], [-9.870652198791504, 0.1483611762523651, 1.0311353206634521, 0.015499529428780079]], [[-9.97256088256836, -0.08899335563182831, 0.9499898552894592, 0.12307730317115784], [-9.985696792602539, -0.10742354393005371, 1.0655180215835571, 0.1838950216770172], [-9.903752326965332, -0.045634474605321884, 1.0783591270446777, 0.011142674833536148], [-10.234177589416504, 0.10812738537788391, 1.032339096069336, 0.1405886560678482], [-9.870652198791504, 0.1483611762523651, 1.0311353206634521, 0.015499529428780079]], [[-9.97256088256836, -0.08899335563182831, 0.9499898552894592, 0.12307730317115784], [-9.814635276794434, -0.15717799961566925, 1.055911660194397, 0.1656387746334076], [-9.903752326965332, -0.045634474605321884, 1.0783591270446777, 0.011142674833536148], [-10.3392972946167, 0.1230754628777504, 0.9309907555580139, -0.10916554927825928], [-9.870652198791504, 0.1483611762523651, 1.0311353206634521, 0.015499529428780079]]],