{"initial_states": {"ego_state": [[-100.4031753540039, -2.806741952896118, 0.0012252076994627714, 9.925121307373047], [-100.0165786743164, -3.9063570499420166, 0.00023513572523370385, 9.766876220703125], [-100.72476959228516, -2.9969584941864014, -0.00011344958329573274, 9.692859649658203], [-100.66532135009766, -2.5805201530456543, 0.0018622885691002011, 9.47537899017334], [-100.31539916992188, -2.1703336238861084, 0.0003323006094433367, 9.998793601989746], [-99.7209701538086, -3.1088085174560547, -0.0009280652739107609, 10.375480651855469], [-100.34668731689453, -3.086958169937134, -0.0012572403065860271, 10.628229141235352], [-99.96894073486328, -3.0653011798858643, 0.0011209473013877869, 9.692999839782715], [-100.12190246582031, -3.1733598709106445, 0.00036709883715957403, 9.229500770568848], [-100.06604766845703, -2.696606159210205, 0.0010374272242188454, 10.379048347473145]], "non_ego_states": [[[-90.30976104736328, -2.9694035053253174, -0.0011888252338394523, 6.5814127922058105], [-70.10743713378906, 3.410221815109253, -0.0007932233856990933, 7.648306846618652]], [[-89.9792709350586, -2.7175509929656982, -0.00013005262007936835, 6.890150547027588], [-69.92579650878906, 2.653106212615967, -0.0009010875946842134, 9.092769622802734]], [[-90.04843139648438, -3.715259075164795, -0.0009813489159569144, 7.589345455169678], [-69.87032318115234, 2.1422653198242188, -0.00032296148128807545, 8.613755226135254]], [[-90.1210708618164, -2.0250701904296875, 0.0015035034157335758, 5.961880683898926], [-70.26944732666016, 2.9848389625549316, -0.0006003669695928693, 9.014862060546875]], [[-89.6530532836914, -3.3895998001098633, 0.0008840130176395178, 7.640915393829346], [-70.28621673583984, 3.0614476203918457, -0.0014269391540437937, 8.393757820129395]], [[-89.27484130859375, -2.1135523319244385, -0.001991280820220709, 6.779914379119873], [-70.58082580566406, 2.6657965183258057, 0.0008202964090742171, 8.25044059753418]], [[-90.29653930664062, -3.448185682296753, 0.0006349635659717023, 7.881093978881836], [-69.89266204833984, 2.3902041912078857, -0.0003530440153554082, 8.29818344116211]], [[-90.48345184326172, -3.150376796722412, 0.0016418932937085629, 6.895965099334717], [-69.54064178466797, 1.8152445554733276, -0.0017735178116708994, 8.202436447143555]], [[-89.75164031982422, -3.0454928874969482, -0.00031243753619492054, 7.099774360656738], [-69.91653442382812, 3.3551056385040283, 0.00017391570145264268, 8.568021774291992]], [[-90.1994400024414, -2.8534979820251465, -0.0007177782244980335, 7.959339618682861], [-70.39439392089844, 2.5310323238372803, 0.0007747395429760218, 8.339174270629883]]], "shading_light_direction": [[-0.2572133541107178, -0.9831190705299377, 1.4437264204025269], [-0.31635621190071106, -0.5829168558120728, 0.8256893157958984], [-0.1769159585237503, -0.5365287661552429, 1.2260637283325195], [-0.20916076004505157, -0.9997622966766357, 0.6419687867164612], [-0.04447845742106438, -0.4768794775009155, 0.43717464804649353], [0.01746605709195137, -0.5224137902259827, 0.6570239663124084], [-0.4111108183860779, 0.029682787135243416, 0.8262059092521667], [-0.2796899378299713, -0.6515440344810486, 0.8663672208786011], [-0.09278248250484467, -0.3493719696998596, 0.5544432401657104], [-0.0940346047282219, -0.5087890028953552, 1.194739580154419]], "non_ego_colors": [[[0.05338580533862114, 0.468141108751297, 0.0721188634634018], [0.47231611609458923, 0.546807587146759, 0.04694207385182381]], [[0.08231215924024582, 0.8586462736129761, 0.8637699484825134], [0.701397716999054, 0.79979008436203, 0.9116235971450806]], [[0.0064124190248548985, 0.6714293956756592, 0.398077130317688], [0.8058129549026489, 0.07378952950239182, 0.8902702927589417]], [[0.6884638071060181, 0.5119889378547668, 0.3435922861099243], [0.29138800501823425, 0.024396251887083054, 0.8841531276702881]], [[0.32390862703323364, 0.9770787954330444, 0.1850627213716507], [0.9556301236152649, 0.9492799043655396, 0.9577406048774719]], [[0.7059872150421143, 0.19080393016338348, 0.1182912066578865], [0.7525692582130432, 0.8375099301338196, 0.5669746994972229]], [[0.028994951397180557, 0.06573104113340378, 0.2580898404121399], [0.38396602869033813, 0.13900983333587646, 0.911166787147522]], [[0.4373750686645508, 0.051795247942209244, 0.8441389203071594], [0.29142752289772034, 0.06901077926158905, 0.26675477623939514]], [[0.1893952637910843, 0.6276719570159912, 0.3313523828983307], [0.6261847615242004, 0.3598666191101074, 0.27207380533218384]], [[0.44399356842041016, 0.7164708375930786, 0.7673406004905701], [0.4662747383117676, 0.9761601686477661, 0.6522613763809204]]]}, "time": 4422.669083533809, "L": 5.0, "dp_mcmc_step_size": 1e-05, "ep_mcmc_step_size": 1e-06, "num_rounds": 30, "num_mcmc_steps_per_round": 10, "num_chains": 10, "use_gradients": true, "use_stochasticity": true, "repair": false, "predict": true, "quench_rounds": 0, "tempering_schedule": [0.0, 0.15836912393569946, 0.29165756702423096, 0.40383708477020264, 0.49825096130371094, 0.5777125358581543, 0.6445897817611694, 0.7008758783340454, 0.7482478618621826, 0.7881176471710205, 0.8216732740402222, 0.8499147295951843, 0.8736835718154907, 0.8936882019042969, 0.9105247259140015, 0.9246948957443237, 0.9366208910942078, 0.946658194065094, 0.9551058411598206, 0.9622157216072083, 0.968199610710144, 0.9732357859611511, 0.9774743914604187, 0.9810417890548706, 0.9840441942214966, 0.9865710735321045, 0.9886978268623352, 0.9904877543449402, 0.9919942021369934, 0.9932620525360107]}