{"initial_states": {"ego_state": [[-100.40816497802734, -2.7975428104400635, 0.0005015900824218988, 9.914175987243652], [-100.0165786743164, -3.9063570499420166, 0.00023507053265348077, 9.766876220703125], [-100.72695922851562, -3.003509759902954, 0.0005826848791912198, 9.69241714477539], [-100.67000579833984, -2.5919430255889893, 0.0007210699841380119, 9.492488861083984], [-100.31558227539062, -2.163569211959839, 0.0014007287099957466, 9.990628242492676], [-99.7251968383789, -3.099303722381592, 0.0006819012342020869, 10.365738868713379], [-100.3384017944336, -3.087646484375, -0.0006820287671871483, 10.62695598602295], [-99.9647216796875, -3.0757532119750977, -0.001991930650547147, 9.688957214355469], [-100.1176986694336, -3.173461437225342, 0.0004725049948319793, 9.228446960449219], [-100.0699462890625, -2.6908740997314453, -0.0009428889025002718, 10.353536605834961]], "non_ego_states": [[[-90.32965850830078, -2.971480369567871, -0.0016222859267145395, 6.587202548980713], [-70.07833862304688, 3.409128189086914, -0.0006355663063004613, 7.6407060623168945]], [[-89.9792709350586, -2.7175509929656982, -0.00013005349319428205, 6.890150547027588], [-69.92579650878906, 2.653106212615967, -0.0009010943467728794, 9.092769622802734]], [[-90.04049682617188, -3.7046759128570557, 1.0119307262357324e-05, 7.586203098297119], [-69.88582611083984, 2.1560347080230713, 0.00017741858027875423, 8.610539436340332]], [[-90.13719177246094, -2.031806707382202, 0.0015677782939746976, 5.965412139892578], [-70.26307678222656, 2.9921536445617676, 0.0013434343272820115, 9.02490234375]], [[-89.6479721069336, -3.4100849628448486, -0.00023696098651271313, 7.641578197479248], [-70.3031234741211, 3.075713872909546, -0.00039493339136242867, 8.3815279006958]], [[-89.2647705078125, -2.1108109951019287, -0.0005462029948830605, 6.779628753662109], [-70.58074951171875, 2.670550584793091, 0.0003536058939062059, 8.24487590789795]], [[-90.29596710205078, -3.4442293643951416, 0.00021447223844006658, 7.891035079956055], [-69.90597534179688, 2.382073163986206, 2.5679823011159897e-05, 8.299925804138184]], [[-90.48011779785156, -3.1568918228149414, -0.0027474325615912676, 6.899297714233398], [-69.53813171386719, 1.812605381011963, 0.0007972163730300963, 8.207015991210938]], [[-89.7596206665039, -3.0546422004699707, -0.0006844108575023711, 7.123655319213867], [-69.91244506835938, 3.351940393447876, 0.001009421655908227, 8.570576667785645]], [[-90.20166015625, -2.849172830581665, -0.0007834319258108735, 7.953560829162598], [-70.39334106445312, 2.5438191890716553, 0.0011881894897669554, 8.361828804016113]]], "shading_light_direction": [[-0.2617987096309662, -0.9876846671104431, 1.4421929121017456], [-0.31635621190071106, -0.5829168558120728, 0.8256893157958984], [-0.17320722341537476, -0.5310953855514526, 1.2371678352355957], [-0.21610890328884125, -0.996547520160675, 0.6443776488304138], [-0.05502430349588394, -0.49429014325141907, 0.4168268144130707], [0.02095073275268078, -0.5285829305648804, 0.6510289907455444], [-0.4077698886394501, 0.03220975399017334, 0.8180786967277527], [-0.27247828245162964, -0.6545124053955078, 0.8487205505371094], [-0.07777781784534454, -0.3412497043609619, 0.5748054385185242], [-0.09175245463848114, -0.5133125185966492, 1.2032403945922852]], "non_ego_colors": [[[0.04334821552038193, 0.4794192314147949, 0.07354435324668884], [0.48002487421035767, 0.5321367979049683, 0.05710362270474434]], [[0.08231215924024582, 0.8586462736129761, 0.8637699484825134], [0.701397716999054, 0.79979008436203, 0.9116235971450806]], [[0.01910371333360672, 0.6687280535697937, 0.3950766324996948], [0.8076235055923462, 0.08376014977693558, 0.8699045181274414]], [[0.6846711039543152, 0.5142662525177002, 0.34619736671447754], [0.2952990233898163, 0.011877679266035557, 0.8938212990760803]], [[0.32103314995765686, 0.9629335403442383, 0.187204048037529], [0.9509592056274414, 0.9530959129333496, 0.954548180103302]], [[0.7163894772529602, 0.1967989206314087, 0.1083008423447609], [0.749795138835907, 0.8465896844863892, 0.5508726239204407]], [[0.017818687483668327, 0.05750033259391785, 0.2731519341468811], [0.3815315365791321, 0.1403713971376419, 0.9114837646484375]], [[0.4305952787399292, 0.053959645330905914, 0.8346785306930542], [0.2859877049922943, 0.06536152958869934, 0.2694193720817566]], [[0.17806194722652435, 0.6168507933616638, 0.32410916686058044], [0.6181808710098267, 0.3544120788574219, 0.26947835087776184]], [[0.4567587375640869, 0.7230544090270996, 0.7568173408508301], [0.461000919342041, 0.97709721326828, 0.6461306810379028]]]}, "time": 4244.761057348922, "L": 5.0, "dp_mcmc_step_size": 1e-05, "ep_mcmc_step_size": 1e-06, "num_rounds": 30, "num_mcmc_steps_per_round": 10, "num_chains": 10, "use_gradients": true, "use_stochasticity": true, "repair": false, "predict": true, "quench_rounds": 0, "tempering_schedule": null}