{"eps": {"object_position": [[-0.03085823729634285, 0.004842027556151152], [0.0008303102222271264, 0.0035466765984892845], [1.671537756919861e-05, -0.00101584626827389], [0.000283500412479043, 0.005655900575220585], [-0.0005271639674901962, 0.00601592194288969]], "object_rotation": [2.328690528869629, 0.496509313583374, 2.0179035663604736, 1.3415776491165161, 2.235382556915283], "distractor_position": [-0.6256394982337952, -0.6018810868263245, -1.3979721069335938, -0.6541833281517029, -0.4663982391357422]}, "eps_trace": {"object_position": [[[-0.27084553241729736, 0.004343511536717415], [-0.1068708524107933, 0.10876183956861496], [0.006502305157482624, 0.06059317663311958], [0.0680963322520256, 0.13710056245326996], [-0.16253292560577393, -0.016004452481865883]], [[-0.2608456015586853, 0.004380735103040934], [-0.09990447759628296, 0.10158763825893402], [0.005316450726240873, 0.05066387355327606], [0.06354893743991852, 0.12819434702396393], [-0.15260928869247437, -0.014771166257560253]], [[-0.25084564089775085, 0.00440786499530077], [-0.09056201577186584, 0.09802154451608658], [0.004128431435674429, 0.04073489084839821], [0.05875861644744873, 0.11941640824079514], [-0.14261041581630707, -0.014920419082045555]], [[-0.24084565043449402, 0.004415938630700111], [-0.0839850977063179, 0.09048870950937271], [0.003127634059637785, 0.030785396695137024], [0.054235491901636124, 0.11049784719944], [-0.132614403963089, -0.014638474211096764]], [[-0.23084567487239838, 0.00443330779671669], [-0.08463550359010696, 0.10046752542257309], [0.0018325010314583778, 0.020870182663202286], [0.04974385350942612, 0.10156339406967163], [-0.12303327769041061, -0.011774618178606033]], [[-0.22084568440914154, 0.00443448917940259], [-0.07844068855047226, 0.0926174446940422], [0.001008107210509479, 0.01090539526194334], [0.04524310678243637, 0.09263353049755096], [-0.11306396126747131, -0.010992221534252167]], [[-0.2108457088470459, 0.004452867899090052], [-0.07291874289512634, 0.08428031206130981], [-0.0012557933805510402, 0.0013829907402396202], [0.04040704295039177, 0.08388073742389679], [-0.10313672572374344, -0.009788362309336662]], [[-0.20084579288959503, 0.004489628132432699], [-0.06678901612758636, 0.07637931406497955], [-0.0008347979746758938, 0.0016009245300665498], [0.03557031229138374, 0.07512833178043365], [-0.09320862591266632, -0.008591694757342339]], [[-0.1908458173274994, 0.004508351441472769], [-0.0609985888004303, 0.06822637468576431], [-0.0010375006822869182, 0.0018118653679266572], [0.031026232987642288, 0.0662204846739769], [-0.08326110243797302, -0.007569103967398405]], [[-0.18084585666656494, 0.004532357212156057], [-0.054384488612413406, 0.06072621047496796], [-0.0009166462114080787, 0.0014081473927944899], [0.02655874937772751, 0.05727401375770569], [-0.07336962968111038, -0.006100294645875692]], [[-0.17084603011608124, 0.004589253105223179], [-0.0476735383272171, 0.053312599658966064], [-0.0008689058595336974, 0.0014871074818074703], [0.021231571212410927, 0.048811495304107666], [-0.06346049159765244, -0.004755942150950432]], [[-0.1608460545539856, 0.004572925623506308], [-0.04007427394390106, 0.04681272804737091], [-0.0011118734255433083, 0.0017833737656474113], [0.017078015953302383, 0.03971511870622635], [-0.053531646728515625, -0.003566093510016799]], [[-0.15084673464298248, 0.0046883742325007915], [-0.03334445506334305, 0.03941633179783821], [-0.0011779572814702988, 0.0015699719078838825], [0.012748376466333866, 0.03070135787129402], [-0.04361635819077492, -0.002268435899168253]], [[-0.14085006713867188, 0.004945477936416864], [-0.026955129578709602, 0.031723927706480026], [-0.0013616880169138312, 0.001659018569625914], [0.009129402227699757, 0.021379370242357254], [-0.03371596708893776, -0.0008622212335467339]], [[-0.1308506280183792, 0.005049008876085281], [-0.020426485687494278, 0.024149566888809204], [-0.0015059174038469791, 0.001660146634094417], [0.004696701653301716, 0.012416855432093143], [-0.023821327835321426, 0.0005827019922435284]], [[-0.12085066735744476, 0.005064459051936865], [-0.01141559798270464, 0.019815996289253235], [-0.0011348531115800142, 0.0006443363381549716], [0.00015723146498203278, 0.004166408441960812], [-0.013837604783475399, 0.001136927749030292]], [[-0.11085090041160583, 0.005002004560083151], [-0.005036701913923025, 0.012117214500904083], [-0.0012065049959346652, 0.000727195932995528], [0.0006613017758354545, 0.004629469942301512], [-0.008064918220043182, -0.000644323299638927]], [[-0.10085095465183258, 0.004986094776540995], [-0.0010440782643854618, 0.0029516825452446938], [-0.0012393778888508677, 0.00021562521578744054], [-9.347801096737385e-05, 0.0012395477388054132], [-0.0062940726056694984, 0.006995823234319687]], [[-0.09085110574960709, 0.004941239487379789], [0.00030294281896203756, 0.0014501939294859767], [-0.0012389899929985404, 0.00016527251864317805], [0.00024103804025799036, 0.004627993330359459], [0.0012722904793918133, 0.0025629480369389057]], [[-0.08085504174232483, 0.005219598766416311], [-0.00016782406601123512, 0.004108839202672243], [-0.0012390936026349664, 0.00017049768939614296], [4.85883210785687e-05, 0.0032814336009323597], [0.003826351137831807, 0.0015952088870108128]], [[-0.07085573673248291, 0.005108384415507317], [0.00035428794217295945, 0.0011310165282338858], [0.002434840891510248, -0.00912499986588955], [-0.0001886802929220721, 0.0020882696844637394], [-0.0014575396198779345, 0.00456306803971529]], [[-0.060856014490127563, 0.005047732498496771], [0.00019409629749134183, 0.0047911726869642735], [-0.0006477718707174063, -0.00156790716573596], [-1.7642625607550144e-05, 0.0038796383887529373], [-0.0018082107417285442, 0.005976617801934481]], [[-0.050856634974479675, 0.004949062597006559], [0.0003733252815436572, 0.0016239369288086891], [-0.0007671690545976162, 0.0023615960963070393], [-0.0005314832669682801, 0.0002948017790913582], [-0.0012754143681377172, 0.004632285330444574]], [[-0.040856897830963135, 0.004987225867807865], [0.00040386078762821853, 0.005652193911373615], [-0.001553746871650219, 0.0007754560792818666], [0.0003184507950209081, 0.003626713063567877], [-0.0019143830286338925, 0.0067802052944898605]], [[-0.03085823729634285, 0.004842027556151152], [0.0008303102222271264, 0.0035466765984892845], [1.671537756919861e-05, -0.00101584626827389], [0.000283500412479043, 0.005655900575220585], [-0.0005271639674901962, 0.00601592194288969]]],