{"trajs": {"trajectories": [[[-0.590194046497345, -0.34909263253211975], [-0.5713193416595459, 0.024391725659370422], [0.531338632106781, -0.30476418137550354]], [[-0.9805665016174316, 0.41581296920776367], [-0.3866848051548004, 0.23939365148544312], [0.9625633358955383, -0.2203744798898697]], [[-0.9529913663864136, 0.0332585871219635], [0.03176672384142876, 0.2521454691886902], [0.019348151981830597, -0.3623862862586975]], [[-1.1088356971740723, -0.17209985852241516], [1.0270153284072876, 0.39079272747039795], [0.28604385256767273, 0.2927210330963135]], [[-0.8849125504493713, 0.04714475944638252], [0.7244507670402527, 0.45654529333114624], [0.15726275742053986, 0.06570146977901459]]]}, "best_eps_idx": 1, "time": 274.79525504098274, "n": 5, "T": 3, "width": 3.2, "height": 2.0, "R": 0.5, "max_wind_thrust": 0.5, "duration": 30.0, "dp_mcmc_step_size": 0.001, "ep_mcmc_step_size": 0.001, "num_rounds": 50, "num_mcmc_steps_per_round": 5, "num_chains": 5, "use_gradients": false, "use_stochasticity": true, "repair": true, "predict": true, "quench_rounds": 0, "tempering_schedule": null}