{"trajs": {"trajectories": [[[-0.7359811663627625, -0.41196948289871216], [-0.7776880264282227, -0.2750414311885834], [0.9971132278442383, -0.25535476207733154]], [[-0.9872430562973022, 0.24586966633796692], [-0.6908827424049377, -0.11190347373485565], [1.0357154607772827, 0.12898802757263184]], [[-0.8070288300514221, -0.02251341938972473], [0.37052005529403687, -0.088283970952034], [0.03858822584152222, -0.3001009225845337]], [[-1.0815966129302979, 0.33434075117111206], [1.0899072885513306, 0.07802983373403549], [0.2776188254356384, 0.014814544469118118]], [[-0.614332377910614, 0.30708983540534973], [0.8309471011161804, 0.4378243684768677], [0.6911255717277527, -0.14498884975910187]]]}, "best_eps_idx": 2, "time": 235.02617662295233, "n": 5, "T": 3, "width": 3.2, "height": 2.0, "R": 0.5, "max_wind_thrust": 0.5, "duration": 30.0, "dp_mcmc_step_size": 0.001, "ep_mcmc_step_size": 0.001, "num_rounds": 50, "num_mcmc_steps_per_round": 5, "num_chains": 5, "use_gradients": false, "use_stochasticity": true, "repair": true, "predict": true, "quench_rounds": 0, "tempering_schedule": null}