{"eps": {"drone_state": [[-9.875202178955078, 0.020318076014518738, 1.1532347202301025, -0.062199026346206665], [-10.012110710144043, 0.11336478590965271, 1.1546937227249146, 0.0588035061955452], [-9.969161033630371, 0.07410216331481934, 0.8514119386672974, 0.054072968661785126], [-10.071061134338379, 0.02442295104265213, 1.0256218910217285, 0.22425054013729095], [-10.110331535339355, -0.10240515321493149, 0.9709358811378479, 0.029153874143958092]], "tree_locations": [[[-1.3556500673294067, 2.737597703933716], [-3.4629266262054443, -2.758873701095581], [-6.514167308807373, 3.6057074069976807], [-2.5476059913635254, -1.7695467472076416], [-2.1328377723693848, 2.1409599781036377]], [[-1.7638323307037354, 1.053574562072754], [-5.902990341186523, -2.9539036750793457], [-4.481100082397461, 0.11980640888214111], [-7.747847557067871, -3.6940152645111084], [-2.8929219245910645, 0.07437290251255035]], [[-1.6786409616470337, 1.3288060426712036], [-4.230629920959473, 2.126854658126831], [-3.5132699012756348, 3.7003870010375977], [-7.04630184173584, 0.6647111177444458], [-1.3268417119979858, -2.8787682056427]], [[-1.8963395357131958, -0.6554738879203796], [-2.33628511428833, -2.466182231903076], [-5.726253509521484, -3.9480953216552734], [-3.3426854610443115, 0.5739148259162903], [-3.9017536640167236, 0.4371851086616516]], [[-1.8912262916564941, 3.8867950439453125], [-5.778258323669434, 0.08097648620605469], [-6.355669021606445, -3.807392120361328], [-4.025628089904785, -2.2430381774902344], [-2.9837827682495117, 2.0715599060058594]]], "tree_velocities": [[[0.22450533509254456, 0.3409488797187805], [0.30808025598526, -0.10260451585054398], [0.03917460888624191, 0.3615652620792389], [-0.02847442403435707, 0.35608306527137756], [0.22003090381622314, 0.24426768720149994]], [[-0.48150205612182617, -0.18470242619514465], [-0.06254000961780548, -0.015605852007865906], [-0.6399250030517578, -0.19683074951171875], [0.08563090115785599, -0.17280340194702148], [-0.1324155628681183, -0.26226145029067993]], [[0.3602184057235718, 0.042345281690359116], [-0.2014068067073822, -0.035475850105285645], [0.3298545479774475, 0.012132987380027771], [0.17311878502368927, -0.17856305837631226], [-0.2523319125175476, 0.007138870656490326]], [[-0.06317554414272308, 0.4852589964866638], [0.2718961834907532, 0.1206912249326706], [-0.36406344175338745, -0.2468491643667221], [0.3003275990486145, -0.13856518268585205], [-0.04418160393834114, 0.06088254973292351]], [[0.0577252171933651, 0.30123862624168396], [-0.22446981072425842, -0.19442476332187653], [-0.06096838787198067, 0.10606372356414795], [0.0985821932554245, 0.29310083389282227], [-0.03352184221148491, -0.15015920996665955]]], "wind_speed": [[0.0946420207619667, -0.06754685938358307], [-0.03179556131362915, -0.04645082354545593], [-0.1938370019197464, 0.09427740424871445], [-0.20772041380405426, -0.11870087683200836], [-0.028277691453695297, -0.12512362003326416]]}, "eps_trace": {"drone_state": [[[-9.924893379211426, 0.0049273110926151276, 1.101999044418335, 0.02429264597594738], [-10.0535249710083, -0.08929135650396347, 0.9761804342269897, 0.0017365291714668274], [-9.851728439331055, -0.14666840434074402, 1.17289400100708, -0.10574521124362946], [-10.111414909362793, 0.060877375304698944, 1.1408318281173706, 0.12462542206048965], [-10.110331535339355, -0.10240515321493149, 0.9709358811378479, 0.029153874143958092]], [[-9.924893379211426, 0.0049273110926151276, 1.101999044418335, 0.02429264597594738], [-10.0535249710083, -0.08929135650396347, 0.9761804342269897, 0.0017365291714668274], [-9.851728439331055, -0.14666840434074402, 1.17289400100708, -0.10574521124362946], [-10.071061134338379, 0.02442295104265213, 1.0256218910217285, 0.22425054013729095], [-10.110331535339355, -0.10240515321493149, 0.9709358811378479, 0.029153874143958092]], [[-9.875202178955078, 0.020318076014518738, 1.1532347202301025, -0.062199026346206665], [-9.951563835144043, -0.023941949009895325, 1.086543321609497, 0.010461309924721718], [-9.828951835632324, -0.048459745943546295, 1.1963365077972412, 0.13638745248317719], [-10.071061134338379, 0.02442295104265213, 1.0256218910217285, 0.22425054013729095], [-10.110331535339355, -0.10240515321493149, 0.9709358811378479, 0.029153874143958092]], [[-9.875202178955078, 0.020318076014518738, 1.1532347202301025, -0.062199026346206665], [-10.012110710144043, 0.11336478590965271, 1.1546937227249146, 0.0588035061955452], [-10.020028114318848, 0.24839705228805542, 1.0849570035934448, 0.27512821555137634], [-10.071061134338379, 0.02442295104265213, 1.0256218910217285, 0.22425054013729095], [-10.110331535339355, -0.10240515321493149, 0.9709358811378479, 0.029153874143958092]], [[-9.875202178955078, 0.020318076014518738, 1.1532347202301025, -0.062199026346206665], [-10.012110710144043, 0.11336478590965271, 1.1546937227249146, 0.0588035061955452], [-9.969161033630371, 0.07410216331481934, 0.8514119386672974, 0.054072968661785126], [-10.071061134338379, 0.02442295104265213, 1.0256218910217285, 0.22425054013729095], [-10.110331535339355, -0.10240515321493149, 0.9709358811378479, 0.029153874143958092]]],