{"eps": {"drone_state": [[-9.923828125, 0.004906095564365387, 1.0921049118041992, 0.025277385488152504], [-10.014700889587402, 0.10998943448066711, 1.153879165649414, 0.06562405824661255], [-9.86839771270752, 0.04557950794696808, 1.1727919578552246, 0.05067954957485199], [-10.078566551208496, -0.06833300739526749, 1.1113587617874146, -0.008128590881824493], [-10.110331535339355, -0.10240515321493149, 0.9709358811378479, 0.029153874143958092]], "tree_locations": [[[-1.4402577877044678, 2.522357702255249], [-3.484264612197876, -2.981116771697998], [-6.686357498168945, 3.6433603763580322], [-2.8604605197906494, -1.8278824090957642], [-2.1676528453826904, 2.196476697921753]], [[-1.7726908922195435, 1.056792974472046], [-5.902878761291504, -2.953886032104492], [-4.477973461151123, 0.11360403150320053], [-7.747848033905029, -3.6940152645111084], [-2.8904151916503906, 0.08068616688251495]], [[-2.0773823261260986, 1.20511794090271], [-4.507394313812256, 2.354940414428711], [-3.3747928142547607, 3.770162582397461], [-7.476247310638428, 0.4697929322719574], [-1.3976658582687378, -2.6577911376953125]], [[-1.9436641931533813, -0.9362109899520874], [-2.2497127056121826, -2.467149257659912], [-5.845548629760742, -3.865121841430664], [-3.101464033126831, 0.662752091884613], [-4.0341877937316895, 0.8708605766296387]], [[-1.8912262916564941, 3.8867950439453125], [-5.778258323669434, 0.08097648620605469], [-6.355669021606445, -3.807392120361328], [-4.025628089904785, -2.2430381774902344], [-2.9837827682495117, 2.0715599060058594]]], "tree_velocities": [[[0.2341924011707306, 0.2072007805109024], [0.41515690088272095, -0.20987272262573242], [-0.09552128612995148, 0.3558676540851593], [-0.04903648793697357, 0.45220327377319336], [0.24472346901893616, 0.12796905636787415]], [[-0.49281373620033264, -0.1816619634628296], [-0.062451764941215515, -0.01498933881521225], [-0.6408301591873169, -0.2035137265920639], [0.08586647361516953, -0.17387859523296356], [-0.13028812408447266, -0.25646623969078064]], [[0.2972622811794281, 0.0928988978266716], [-0.11166241019964218, 0.03605411946773529], [0.12200775742530823, 0.26013487577438354], [0.44471660256385803, -0.10005811601877213], [-0.26470497250556946, 0.018824586644768715]], [[-0.25618502497673035, 0.4243214428424835], [0.1597326546907425, 0.13776738941669464], [-0.09310503304004669, -1.3276934623718262e-05], [0.29181474447250366, -0.4618207812309265], [-0.09743563830852509, 0.08168020844459534]], [[0.0577252171933651, 0.30123862624168396], [-0.22446981072425842, -0.19442476332187653], [-0.06096838787198067, 0.10606372356414795], [0.0985821932554245, 0.29310083389282227], [-0.03352184221148491, -0.15015920996665955]]], "wind_speed": [[-0.0419226735830307, -0.04283428564667702], [-0.03644281625747681, -0.060851726680994034], [-0.224375382065773, -0.031247414648532867], [-0.13238279521465302, -0.21614062786102295], [-0.028277691453695297, -0.12512362003326416]]}, "eps_trace": {"drone_state": [[[-9.923828125, 0.004906095564365387, 1.0921049118041992, 0.025277385488152504], [-10.0535249710083, -0.08929135650396347, 0.9761804342269897, 0.0017365291714668274], [-9.84912109375, -0.14668697118759155, 1.1649539470672607, -0.09823945164680481], [-10.111414909362793, 0.060877375304698944, 1.1408318281173706, 0.12462542206048965], [-10.110331535339355, -0.10240515321493149, 0.9709358811378479, 0.029153874143958092]], [[-9.923828125, 0.004906095564365387, 1.0921049118041992, 0.025277385488152504], [-10.0535249710083, -0.08929135650396347, 0.9761804342269897, 0.0017365291714668274], [-9.84912109375, -0.14668697118759155, 1.1649539470672607, -0.09823945164680481], [-10.078566551208496, -0.06833300739526749, 1.1113587617874146, -0.008128590881824493], [-10.110331535339355, -0.10240515321493149, 0.9709358811378479, 0.029153874143958092]], [[-9.923828125, 0.004906095564365387, 1.0921049118041992, 0.025277385488152504], [-9.954700469970703, -0.02605515718460083, 1.0774015188217163, 0.011918534524738789], [-9.824514389038086, -0.05045175552368164, 1.1980241537094116, 0.14364296197891235], [-10.078566551208496, -0.06833300739526749, 1.1113587617874146, -0.008128590881824493], [-10.110331535339355, -0.10240515321493149, 0.9709358811378479, 0.029153874143958092]], [[-9.923828125, 0.004906095564365387, 1.0921049118041992, 0.025277385488152504], [-10.014700889587402, 0.10998943448066711, 1.153879165649414, 0.06562405824661255], [-9.829623222351074, 0.1113472431898117, 1.1803597211837769, 0.24731776118278503], [-10.078566551208496, -0.06833300739526749, 1.1113587617874146, -0.008128590881824493], [-10.110331535339355, -0.10240515321493149, 0.9709358811378479, 0.029153874143958092]], [[-9.923828125, 0.004906095564365387, 1.0921049118041992, 0.025277385488152504], [-10.014700889587402, 0.10998943448066711, 1.153879165649414, 0.06562405824661255], [-9.86839771270752, 0.04557950794696808, 1.1727919578552246, 0.05067954957485199], [-10.078566551208496, -0.06833300739526749, 1.1113587617874146, -0.008128590881824493], [-10.110331535339355, -0.10240515321493149, 0.9709358811378479, 0.029153874143958092]]],