{"eps": {"object_position": [[-0.02759552001953125, 0.018104899674654007], [-0.003212869167327881, -0.03450998663902283], [0.05803850293159485, -0.026276875287294388], [0.062193721532821655, -0.008504331111907959], [-0.028111353516578674, -0.0013442921917885542], [0.0036865470465272665, -0.06694871187210083], [0.032594528049230576, 0.024197831749916077], [0.01274226326495409, -0.049555130302906036], [0.029518697410821915, -0.04897238686680794], [0.05832242593169212, -0.02982942759990692]], "object_rotation": [1.8478446006774902, 1.5760135650634766, 1.7094197273254395, 1.7340350151062012, 1.724187970161438, 1.4494856595993042, 1.3815544843673706, 1.4297035932540894, 1.552585482597351, 1.9836194515228271], "distractor_position": [-0.4560674726963043, -0.43737563490867615, -0.5037789344787598, -0.4545019268989563, -0.4278206527233124, -0.19323845207691193, -0.45160600543022156, -0.3421569764614105, -0.45888838171958923, -0.4509090781211853]}, "object_type": "box", "L": 1.0, "failure_level": 0.4, "dp_logprior_scale": 1.0, "dp_mcmc_step_size": 0.1, "ep_mcmc_step_size": 0.1, "num_rounds": 50, "num_steps_per_round": 1, "num_chains": 10, "use_gradients": true, "use_stochasticity": false, "repair": false, "predict": true, "quench_rounds": 0, "tempering_schedule": null, "ep_logprobs": [[-46.058589935302734, -44.9937858581543, -44.72029113769531, -45.3773193359375, -45.0297737121582, -44.951377868652344, -46.33885955810547, -45.26384353637695, -44.71773147583008, -46.9989013671875], [-46.24396514892578, -45.05375671386719, -44.87664794921875, -44.9228630065918, -45.09672164916992, -44.83881378173828, -45.83567428588867, -44.814964294433594, -44.75133514404297, -46.79927444458008], [-45.957218170166016, -44.90339279174805, -44.92684555053711, -44.9815559387207, -44.97929763793945, -44.80034637451172, -45.38908767700195, -44.866912841796875, -44.681617736816406, -46.59666061401367], [-45.957889556884766, -44.94477462768555, -44.784610748291016, -45.24214553833008, -44.9937744140625, -44.775962829589844, -45.51460647583008, -44.75114822387695, -44.691219329833984, -47.231590270996094], [-45.772377014160156, -44.844261169433594, -44.90645980834961, -44.90740966796875, -44.9975471496582, -44.86212921142578, -45.504268646240234, -44.55600357055664, -44.685508728027344, -46.52931594848633], [-45.674095153808594, -44.866966247558594, -44.80889892578125, -45.136253356933594, -44.94968032836914, -44.81924057006836, -45.50294494628906, -44.416194915771484, -44.693321228027344, -46.277217864990234], [-45.4674186706543, -44.80176544189453, -44.85396957397461, -44.861488342285156, -44.9657096862793, -45.05258560180664, -45.10689163208008, -44.72137451171875, -44.68306350708008, -46.386756896972656], [-45.578468322753906, -44.82231903076172, -44.78847885131836, -45.010746002197266, -44.93687057495117, -44.73410415649414, -45.23388671875, -44.26874542236328, -44.65488052368164, -46.106876373291016], [-45.38146209716797, -44.770172119140625, -44.827171325683594, -44.87152862548828, -44.93586349487305, -44.972415924072266, -45.260658264160156, -44.353633880615234, -45.29752731323242, -46.81314468383789], [-45.52200698852539, -44.78794479370117, -44.78388977050781, -44.96524429321289, -44.89901351928711, -44.715667724609375, -45.27177429199219, -44.552879333496094, -44.61652374267578, -45.9866828918457], [-45.2891731262207, -44.74718475341797, -44.81064987182617, -44.87663269042969, -44.86450958251953, -44.876956939697266, -45.196537017822266, -44.532691955566406, -44.811100006103516, -46.08757781982422], [-45.41767501831055, -44.766170501708984, -44.77877426147461, -44.92892837524414, -44.81850814819336, -44.71844482421875, -45.09910583496094, -44.52108383178711, -44.618228912353516, -45.750911712646484], [-45.24049377441406, -44.71827697753906, -44.69283676147461, -44.82811737060547, -44.86417007446289, -44.77482986450195, -44.76763916015625, -44.47785186767578, -44.79420852661133, -46.00014114379883], [-45.31477737426758, -44.72795486450195, -44.741302490234375, -44.88741683959961, -44.747920989990234, -44.53202438354492, -45.07588577270508, -44.489200592041016, -44.5869026184082, -45.765220642089844], [-45.24741744995117, -44.69312286376953, -44.668914794921875, -44.78299331665039, -44.820556640625, -44.71139144897461, -44.95535659790039, -44.41936492919922, -44.68083953857422, -45.844329833984375], [-45.10162353515625, -44.71987533569336, -44.26195526123047, -44.91570281982422, -44.74025344848633, -45.04972457885742, -44.82529067993164, -44.34224319458008, -44.23361587524414, -45.65812301635742], [-45.29474639892578, -44.69483184814453, -44.80144119262695, -44.74415969848633, -44.71101760864258, -44.56847381591797, -44.786930084228516, -44.57319641113281, -44.37984848022461, -45.62257385253906], [-45.10974884033203, -44.713382720947266, -44.478843688964844, -44.84650421142578, -45.22518539428711, -45.03430938720703, -44.91461944580078, -44.45293045043945, -44.13296127319336, -45.47400665283203], [-45.026283264160156, -44.681949615478516, -44.8499870300293, -44.733924865722656, -44.6124382019043, -44.631996154785156, -44.87712478637695, -44.393463134765625, -44.63042068481445, -45.38536071777344], [-45.01225662231445, -44.69972610473633, -44.43783950805664, -44.77265930175781, -44.53915023803711, -45.12533187866211, -44.82977294921875, -44.45350646972656, -44.69819259643555, -45.29130172729492], [-45.133914947509766, -44.69029998779297, -44.53205490112305, -44.73737716674805, -44.60508346557617, -44.560394287109375, -44.97478485107422, -44.19569778442383, -44.64619064331055, -45.3577995300293], [-44.90530776977539, -44.68336486816406, -44.57663345336914, -44.73072814941406, -44.884376525878906, -44.82643127441406, -44.85879898071289, -44.638694763183594, -44.714229583740234, -45.24718475341797], [-45.078033447265625, -44.656517028808594, -44.60329055786133, -44.71940612792969, -44.51035690307617, -44.64458465576172, -44.886268615722656, -44.347660064697266, -44.59001922607422, -45.37816619873047], [-44.89015579223633, -44.68983840942383, -45.585540771484375, -44.73923110961914, -45.24612045288086, -44.88157272338867, -44.64630126953125, -44.4998664855957, -44.772586822509766, -45.255584716796875], [-45.012306213378906, -44.65443420410156, -44.39605712890625, -44.694034576416016, -44.62439727783203, -44.60505676269531, -44.894100189208984, -44.4405403137207, -44.93357849121094, -45.2352180480957], [-44.861412048339844, -44.67013931274414, -44.72047424316406, -44.564239501953125, -44.40168762207031, -44.86408615112305, -44.80852127075195, -44.476253509521484, -44.56102752685547, -45.188968658447266], [-45.03767776489258, -44.66069793701172, -44.385459899902344, -44.50724792480469, -44.675323486328125, -44.61127471923828, -44.853816986083984, -44.50163269042969, -44.15255355834961, -45.064205169677734], [-44.84817886352539, -44.63444519042969, -44.78515625, -44.87532424926758, -44.610557556152344, -44.8396110534668, -44.75509262084961, -44.58143615722656, -44.6149787902832, -45.15843963623047], [-45.0001220703125, -44.62880325317383, -44.3931999206543, -44.60798645019531, -44.74498748779297, -44.612152099609375, -44.85280227661133, -44.351654052734375, -44.54335403442383, -45.054473876953125], [-44.86559295654297, -44.68257141113281, -44.83652877807617, -44.701961517333984, -44.52661895751953, -44.82960891723633, -44.74204635620117, -44.432701110839844, -44.564144134521484, -45.167572021484375], [-44.88667297363281, -44.548370361328125, -44.441532135009766, -44.629093170166016, -44.728973388671875, -44.601593017578125, -44.41270446777344, -44.650970458984375, -44.26335525512695, -45.00072479248047], [-44.81623458862305, -44.29117965698242, -44.864898681640625, -44.64482879638672, -44.44462585449219, -44.78526306152344, -44.72594451904297, -44.447898864746094, -44.52747344970703, -45.11859130859375], [-44.94970703125, -44.59391784667969, -44.470916748046875, -44.64908218383789, -44.714115142822266, -44.44523620605469, -44.769020080566406, -44.83158874511719, -44.62825393676758,