{"eps": {"object_position": [[0.0774688869714737, -0.14141735434532166], [0.10929006338119507, -0.030441001057624817], [-0.0915677398443222, -0.19320136308670044], [0.014532268047332764, -0.015509337186813354], [-0.009678691625595093, 0.07691644132137299], [0.18217332661151886, 0.06468375027179718], [0.07239916175603867, 0.05659620091319084], [0.007820546627044678, 0.12721118330955505], [0.034831784665584564, 0.27356183528900146], [0.03807739168405533, -0.10522842407226562]], "object_rotation": [1.1836330890655518, 1.3997631072998047, 2.2093892097473145, 2.0371696949005127, 1.490938663482666, 1.9411616325378418, 0.01609623432159424, 0.6933609247207642, 2.0021064281463623, 1.7381935119628906], "distractor_position": [-0.7791012525558472, -0.4449177086353302, -0.26816171407699585, -0.691657543182373, -0.12699800729751587, -0.03426593542098999, -0.4874761402606964, -0.0726892277598381, -0.46161985397338867, -0.3052595853805542]}, "object_type": "box", "L": 1.0, "failure_level": 0.4, "dp_logprior_scale": 1.0, "dp_mcmc_step_size": 0.1, "ep_mcmc_step_size": 0.1, "num_rounds": 50, "num_steps_per_round": 1, "num_chains": 10, "use_gradients": true, "use_stochasticity": true, "repair": false, "predict": true, "quench_rounds": 0, "tempering_schedule": [0.0, 0.5579473972320557, 0.804589569568634, 0.9136183261871338, 0.9618147611618042, 0.9831201434135437, 0.9925382137298584, 0.9967014789581299, 0.9985418915748596, 0.9993554353713989, 0.9997150897979736, 0.9998740553855896, 0.9999443292617798, 0.9999753832817078, 0.9999890923500061, 0.9999951720237732, 0.9999978542327881, 0.9999990463256836, 0.9999995827674866, 0.9999998211860657, 0.9999999403953552, 0.9999999403953552, 1.0, 1.0, 1.0, 1.0, 1.0, 1.0, 1.0, 1.0, 1.0, 1.0, 1.0, 1.0, 1.0, 1.0, 1.0, 1.0, 1.0, 1.0, 1.0, 1.0, 1.0, 1.0, 1.0, 1.0, 1.0, 1.0, 1.0, 1.0], "ep_logprobs": [[-0.9944591522216797, -2.624955415725708, -0.8068728446960449, -2.9855563640594482, 0.7196546792984009, 0.21832138299942017, -0.5176457166671753, -1.7197835445404053, -1.2169973850250244, 1.2066435813903809], [-26.906862258911133, -28.54160499572754, -26.5496826171875, -28.74295997619629, -25.14963150024414, -25.54642105102539, -26.12445068359375, -27.606897354125977, -26.146413803100586, -24.456344604492188], [-38.36151123046875, -39.99812698364258, -37.92936325073242, -40.129093170166016, -36.58522033691406, -36.935794830322266, -37.44401168823242, -37.97405242919922, -37.599510192871094, -35.80073928833008], [-43.42506408691406, -45.0625114440918, -42.95977783203125, -45.162357330322266, -41.64034652709961, -41.97049331665039, -42.44784927368164, -43.03852844238281, -42.662376403808594, -40.815555572509766], [-45.663421630859375, -47.30123519897461, -45.1834831237793, -47.387325286865234, -43.87498092651367, -44.19609832763672, -44.65980911254883, -45.27729415893555, -44.900428771972656, -43.03236770629883], [-46.65289306640625, -48.290870666503906, -46.166481018066406, -48.36346435546875, -44.86280822753906, -45.179931640625, -45.637611389160156, -44.99720001220703, -45.8897705078125, -44.0123176574707], [-47.090293884277344, -48.72834014892578, -46.60101318359375, -48.79530715942383, -45.299476623535156, -45.61483383178711, -46.06985092163086, -45.433040618896484, -46.32710647583008, -44.44550323486328], [-47.28364562988281, -48.921722412109375, -46.7931022644043, -49.302818298339844, -45.49250793457031, -45.80708694458008, -46.260921478271484, -45.625701904296875, -46.52043151855469, -44.756072998046875], [-47.369117736816406, -49.00720977783203, -46.878013610839844, -49.38702392578125, -45.57783889770508, -45.89207077026367, -46.34538650512695, -45.71086883544922, -46.60589599609375, -44.8408203125], [-47.406898498535156, -49.04499816894531, -46.915550231933594, -49.42424392700195, -45.61555862426758, -45.92963790893555, -46.38272476196289, -45.74851989746094, -46.643672943115234, -44.87828063964844], [-47.42359924316406, -49.06170654296875, -47.42342758178711, -49.44070053100586, -45.632232666015625, -45.94624710083008, -46.39923095703125, -45.76516342163086, -46.66037368774414, -44.89484405517578], [-47.43098449707031, -49.069087982177734, -47.430728912353516, -49.44797134399414, -45.63960266113281, -45.95358657836914, -46.40652847290039, -45.772518157958984, -46.30856704711914, -44.902164459228516], [-47.43424987792969, -49.07235336303711, -47.4339599609375, -50.744468688964844, -45.642860412597656, -45.95683288574219, -46.409751892089844, -45.77577209472656, -45.2879753112793, -44.905399322509766], [-47.435691833496094, -49.073795318603516, -47.435386657714844, -50.6173095703125, -45.64430236816406, -45.95826721191406, -46.41117858886719, -45.77720642089844, -45.28941345214844, -44.906829833984375], [-47.43632507324219, -49.074432373046875, -47.43601608276367, -50.617942810058594, -45.644935607910156, -45.958900451660156, -46.411808013916016, -45.74522018432617, -45.2900505065918, -44.9074592590332], [-47.436607360839844, -49.07471466064453, -47.43629455566406, -50.61822509765625, -45.64521789550781, -45.95918273925781, -46.412086486816406, -45.74549865722656, -45.29032897949219, -44.90774154663086], [-47.436737060546875, -49.0748405456543, -47.43641662597656, -50.61834716796875, -45.64534378051758, -45.95930480957031, -46.412208557128906, -45.74562072753906, -45.29045486450195, -44.90786361694336], [-47.436790466308594, -49.074893951416016, -45.9593505859375, -50.61840057373047, -45.6453971862793, -45.95935821533203, -46.41226577758789, -45.74567794799805, -45.29050827026367, -44.90791702270508], [-47.43681335449219, -49.074920654296875, -45.95937728881836, -50.61842727661133, -45.645423889160156, -45.95938491821289, -46.412288665771484, -45.74570083618164, -45.29053497314453, -44.90794372558594], [-45.213558197021484, -49.084014892578125, -45.959388732910156, -50.618438720703125, -45.64543533325195, -45.95939636230469, -46.41230010986328, -46.48607635498047, -45.29054641723633, -44.907955169677734], [-45.21356201171875, -49.08401870727539, -45.95939254760742, -44.83466720581055, -45.64543914794922, -45.95940017700195, -46.41230392456055, -46.486080169677734, -45.290550231933594, -44.907958984375], [-45.21356201171875, -49.08401870727539, -45.95939254760742, -44.83466720581055, -45.64543914794922, -45.95940017700195, -46.41230392456055, -46.486080169677734, -47.57687759399414, -44.907958984375], [-45.213565826416016, -45.76773452758789, -45.95939636230469, -44.83467102050781, -45.645442962646484, -45.95940399169922, -46.41230773925781, -46.486083984375, -47.576881408691406, -44.907962799072266], [-45.33073806762695, -45.76773452758789, -45.95939636230469, -44.83467102050781, -46.78590393066406, -45.95940399169922, -46.41230773925781, -46.486083984375, -47.576881408691406, -44.907962799072266], [-45.33073806762695, -45.76773452758789, -45.95939636230469, -44.83467102050781, -46.78590393066406, -45.95940399169922, -46.41230773925781, -46.486083984375, -47.576881408691406, -44.907962799072266], [-45.33073806762695, -45.76773452758789, -45.95939636230469, -44.83467102050781, -46.78590393066406, -45.95940399169922, -46.41230773925781, -46.06502151489258, -47.576881408691406, -44.907962799072266], [-45.33073806762695, -45.76773452758789, -45.95939636230469, -44.83467102050781, -46.246665954589844, -45.95940399169922, -46.41230773925781, -46.06502151489258, -47.576881408691406, -44.907962799072266], [-45.33073806762695, -45.76773452758789, -45.95939636230469, -44.83467102050781, -46.246665954589844, -45.95940399169922, -46.41230773925781, -46.06502151489258, -47.576881408691406, -44.907962799072266], [-45.33073806762695, -45.76773452758789, -45.95939636230469, -44.83467102050781, -46.246665954589844, -45.95940399169922, -46.41230773925781, -46.06502151489258, -47.576881408691406, -44.907962799072266], [-45.33073806762695, -45.8631706237793, -45.95939636230469, -44.83467102050781, -44.727806091308594, -45.95940399169922, -46.41230773925781, -46.06502151489258, -47.576881408691406, -44.907962799072266], [-45.33073806762695, 