{"eps": {"object_position": [[-0.02755817025899887, -0.027034761384129524], [0.0013022907078266144, 0.019347934052348137], [0.07165846228599548, 0.05370780825614929], [0.015340747311711311, 0.02116514928638935], [0.046888694167137146, 0.031003456562757492], [-0.06310539692640305, 0.007037898525595665], [0.09925337135791779, 0.0035651610232889652], [-0.021196670830249786, -0.04161953553557396], [0.011118329130113125, -0.036918893456459045], [-0.026389246806502342, 0.07924789935350418]], "object_rotation": [1.8167802095413208, 2.990997791290283, 2.1775219440460205, 1.026480793952942, 2.287949323654175, 1.9800752401351929, 2.3706676959991455, 0.6041259169578552, 1.7689189910888672, 1.286965012550354], "distractor_position": [-0.4143660366535187, 0.04330756887793541, -1.529008150100708, -0.861356794834137, -0.17846962809562683, 0.12634123861789703, 0.005606779363006353, -0.5272170305252075, -0.7764114737510681, -0.7762975692749023]}, "object_type": "box", "L": 1.0, "failure_level": 0.4, "dp_logprior_scale": 1.0, "dp_mcmc_step_size": 0.1, "ep_mcmc_step_size": 0.1, "num_rounds": 50, "num_steps_per_round": 1, "num_chains": 10, "use_gradients": true, "use_stochasticity": true, "repair": false, "predict": true, "quench_rounds": 0, "tempering_schedule": null, "ep_logprobs": [[-45.37797164916992, -46.60588455200195, -48.79591751098633, -45.10337829589844, -45.55961608886719, -46.12885284423828, -51.287269592285156, -46.627010345458984, -45.088619232177734, -47.314903259277344], [-45.26272964477539, -46.59421157836914, -48.795867919921875, -45.090911865234375, -45.48196792602539, -46.14311599731445, -51.23017501831055, -46.26528549194336, -45.02894592285156, -47.09097671508789], [-45.28313064575195, -46.62736511230469, -48.80107879638672, -45.06101989746094, -45.542747497558594, -46.106475830078125, -49.85780334472656, -46.288509368896484, -45.028900146484375, -46.780155181884766], [-45.23607635498047, -46.63602066040039, -48.691253662109375, -45.114051818847656, -45.542320251464844, -46.098106384277344, -49.8514289855957, -46.29037094116211, -45.0433464050293, -46.74324035644531], [-45.21907424926758, -46.63590621948242, -48.79490661621094, -45.042415618896484, -45.55033874511719, -46.093788146972656, -49.79731369018555, -46.157737731933594, -44.98823928833008, -46.667083740234375], [-45.15824890136719, -46.60218048095703, -48.794010162353516, -45.03683090209961, -45.55045700073242, -45.89011764526367, -49.22149658203125, -46.16376495361328, -45.03468322753906, -46.653778076171875], [-45.17375564575195, -46.60863494873047, -48.74939727783203, -45.043556213378906, -45.5787353515625, -45.91455841064453, -49.214088439941406, -46.16527557373047, -45.0306396484375, -46.47258377075195], [-45.17029571533203, -46.620201110839844, -48.68484878540039, -45.043701171875, -45.370079040527344, -45.820186614990234, -48.86919403076172, -46.14263153076172, -45.03052520751953, -46.28042221069336], [-45.182830810546875, -46.66047668457031, -48.645111083984375, -45.04220199584961, -45.44354248046875, -45.806217193603516, -48.78034591674805, -45.942726135253906, -45.02886962890625, -46.17145538330078], [-45.064422607421875, -46.6597900390625, -48.509971618652344, -45.21958923339844, -45.42808151245117, -45.72492599487305, -48.77168273925781, -45.94363784790039, -44.96260452270508, -46.17155838012695], [-45.06440734863281, -46.65990447998047, -48.62511444091797, -45.24907684326172, -45.38705825805664, -45.681541442871094, -48.0229606628418, -45.93619918823242, -44.94684600830078, -46.07872009277344], [-45.0800895690918, -46.535396575927734, -48.423397064208984, -45.194557189941406, -45.38230895996094, -45.683746337890625, -47.806087493896484, -45.93671417236328, -44.9497184753418, -46.07867431640625], [-45.036033630371094, -46.53452682495117, -48.446048736572266, -45.19852828979492, -45.357242584228516, -45.68140411376953, -47.73859786987305, -45.936466217041016, -45.006656646728516, -46.08633804321289], [-44.97186279296875, -46.64314270019531, -48.29182052612305, -45.18857192993164, -45.373085021972656, -45.571834564208984, -47.61972427368164, -45.90944290161133, -45.00592041015625, -46.086238861083984], [-44.95478057861328, -46.589080810546875, -48.26935958862305, -45.12379837036133, -45.25187301635742, -45.545719146728516, -47.628990173339844, -45.90508270263672, -45.033042907714844, -46.06340026855469], [-44.970211029052734, -46.62461853027344, -48.38115692138672, -45.12370300292969, -45.252838134765625, -45.5457649230957, -47.517066955566406, -45.91946029663086, -45.033233642578125, -46.061622619628906], [-44.9703254699707, -46.626163482666016, -48.32429122924805, -45.09727096557617, -45.33770751953125, -45.52544021606445, -47.124237060546875, -45.78813552856445, -45.02227020263672, -46.04962158203125], [-44.93714141845703, -46.53333282470703, -48.30083084106445, -45.07491683959961, -45.22187423706055, -45.52538299560547, -46.8420524597168, -45.78815841674805, -45.039852142333984, -46.04428482055664], [-44.962318420410156, -46.62803268432617, -48.18280792236328, -45.144439697265625, -45.24492263793945, -45.51436233520508, -46.837799072265625, -45.69887924194336, -45.02146530151367, -45.94456100463867], [-44.97264099121094, -46.58967971801758, -48.137420654296875, -45.14603042602539, -45.237831115722656, -45.511878967285156, -46.766822814941406, -45.67460632324219, -44.98164749145508, -45.979915618896484], [-44.970977783203125, -46.588623046875, -48.05672073364258, -45.15421676635742, -45.234432220458984, -45.497467041015625, -46.710872650146484, -45.675323486328125, -44.94147491455078, -45.8386344909668], [-44.9322509765625, -46.56227493286133, -48.04576873779297, -45.15297317504883, -45.23414611816406, -45.49686813354492, -46.70673751831055, -45.65818786621094, -44.93013000488281, -45.836830139160156], [-44.827423095703125, -46.559547424316406, -48.045440673828125, -45.04325485229492, -45.22694396972656, -45.59309005737305, -46.59474563598633, -45.65825271606445, -44.926300048828125, -45.73366928100586], [-44.83562088012695, -46.479373931884766, -48.044105529785156, -45.04224395751953, -45.228179931640625, -45.565818786621094, -46.569427490234375, -45.568485260009766, -44.92635726928711, -45.73103332519531], [-44.84233093261719, -46.475345611572266, -47.954322814941406, -45.024993896484375, -45.228302001953125, -45.493080139160156, -46.381290435791016, -45.521873474121094, -44.93772888183594, -45.633121490478516], [-44.8380126953125, -46.46750259399414, -47.94343948364258, -45.015480041503906, -45.188053131103516, -45.493289947509766, -46.3575325012207, -45.52174377441406, -44.93418502807617, -45.62092208862305], [-44.837188720703125, -46.52054977416992, -47.93158721923828, -45.034934997558594, -45.184932708740234, -45.49349594116211, -46.371055603027344, -45.525291442871094, -44.93613052368164, -45.67892837524414], [-44.82820510864258, -46.41593551635742, -47.904258728027344, -45.03527069091797, -45.192771911621094, -45.48713302612305, -46.308467864990234, -45.50794219970703, -44.96188735961914, -45.57275390625], [-44.79080581665039, -46.438507080078125, -47.89206314086914, -45.02545166015625, -45.19309997558594, -45.46707534790039, -46.23220443725586, -45.50808334350586, -44.9602165222168, -45.57762145996094], [-44.79092788696289, -46.49169158935547, -47.89122009277344, -45.02525329589844, -45.19138717651367, -45.435028076171875, -46.18745040893555, -45.521217346191406, -44.92884063720703, -45.577117919921875], [-44.79069900512695, -46.48759460449219, -47.887786865234375, -45.026466369628906, -45.23827362060547, -45.46779251098633, -46.19706726074219, -45.520938873291016, -44.92793655395508, -45.562843322753906], [-44.78256607055664, -46.469058990478516, -47.88788986206055, -45.02236557006836, -45.24305725097656, -45.41297149658203, -45.998016357421875, -45.515384674072266, -44.92640686035156, -45.562721252441406], [-44.783451080322266, -46.46836853027344, -47.8682975769043, -45.02248764038086, -45.243141174316406, -45.32674789428711, -45.96058654785156, 