{"eps": {"object_position": [[0.008919516578316689, -0.05124518647789955], [-0.01711604930460453, 0.026187129318714142], [0.04365605115890503, -0.001532333088107407], [0.003837206633761525, -0.09236445277929306], [-0.010553344152867794, -0.00475069647654891], [-0.021146023645997047, -0.002984394319355488], [0.012011048384010792, 0.01805698126554489], [-0.004698066972196102, -0.002969058696180582], [0.033952049911022186, -0.02089121751487255], [-0.011992238461971283, -0.007707942742854357]], "object_rotation": [2.988687753677368, 1.501702904701233, 2.160736560821533, 2.3086965084075928, 2.3131000995635986, 0.9527876377105713, 0.25413861870765686, 1.1452820301055908, 1.296662449836731, 3.3010270595550537], "distractor_position": [-0.5173816084861755, -0.9290058016777039, -0.2555404603481293, -0.36947953701019287, -0.5096843838691711, -0.46636152267456055, -0.024124685674905777, 0.16280107200145721, -0.6946775913238525, -0.43072715401649475]}, "object_type": "box", "L": 1.0, "failure_level": 0.4, "dp_logprior_scale": 1.0, "dp_mcmc_step_size": 0.1, "ep_mcmc_step_size": 0.1, "num_rounds": 50, "num_steps_per_round": 1, "num_chains": 10, "use_gradients": true, "use_stochasticity": true, "repair": false, "predict": true, "quench_rounds": 0, "tempering_schedule": null, "ep_logprobs": [[-47.052764892578125, -45.628074645996094, -44.98234939575195, -46.4376106262207, -45.17778778076172, -44.88361740112305, -46.70892333984375, -45.56301498413086, -44.982818603515625, -47.2574348449707], [-46.883323669433594, -45.6196174621582, -45.008995056152344, -46.42477798461914, -45.18938446044922, -44.886138916015625, -46.708927154541016, -45.542076110839844, -45.00460433959961, -47.257755279541016], [-46.57806396484375, -45.389095306396484, -45.062557220458984, -46.42413330078125, -45.1817512512207, -44.83310317993164, -46.699363708496094, -45.61408996582031, -45.004642486572266, -47.24874496459961], [-46.44051742553711, -45.38426208496094, -45.0948600769043, -46.365787506103516, -45.16823196411133, -44.82090759277344, -46.699501037597656, -45.61555480957031, -44.98947525024414, -47.24840545654297], [-46.32419967651367, -45.28416061401367, -45.09446334838867, -46.36058044433594, -45.16810607910156, -44.83285903930664, -46.699554443359375, -45.553863525390625, -44.99385452270508, -47.23000717163086], [-46.326263427734375, -45.1917724609375, -45.05527114868164, -46.36806869506836, -45.19220733642578, -44.838294982910156, -46.694332122802734, -45.551231384277344, -44.99392318725586, -47.21965026855469], [-46.33769607543945, -45.182559967041016, -45.053470611572266, -46.31198501586914, -45.19087600708008, -44.82107925415039, -46.69329071044922, -45.61380386352539, -44.99358367919922, -47.21397399902344], [-46.43171310424805, -45.17721176147461, -45.05362319946289, -46.23093032836914, -45.18870544433594, -44.84885787963867, -46.68153762817383, -45.612815856933594, -44.99338150024414, -47.21099853515625], [-46.38330841064453, -45.17706298828125, -45.068511962890625, -46.2272834777832, -45.180240631103516, -44.847625732421875, -46.682010650634766, -45.5530891418457, -44.93720245361328, -47.1495361328125], [-46.355918884277344, -45.17921829223633, -45.037376403808594, -46.20716094970703, -45.17286682128906, -44.84683609008789, -46.678749084472656, -45.54313659667969, -44.93179702758789, -47.16069793701172], [-46.2459602355957, -45.177772521972656, -45.0367431640625, -46.20453643798828, -45.17280578613281, -44.846763610839844, -46.63102722167969, -45.54275894165039, -44.93157958984375, -47.14567565917969], [-46.24321365356445, -45.17774200439453, -45.00461196899414, -46.13859558105469, -45.17021179199219, -44.885765075683594, -46.66065979003906, -45.528507232666016, -44.91624069213867, -47.14654541015625], [-46.24467468261719, -45.17533874511719, -45.004737854003906, -46.04854965209961, -45.16765213012695, -44.84867858886719, -46.65985107421875, -45.52610778808594, -44.910888671875, -47.11856460571289], [-46.24347686767578, -45.2254753112793, -45.004634857177734, -46.01194381713867, -45.17689514160156, -44.844383239746094, -46.65583038330078, -45.56072235107422, -44.87002182006836, -47.0881462097168], [-46.23488235473633, -45.221134185791016, -44.93103790283203, -45.92449188232422, -45.18449401855469, -44.843406677246094, -46.65857696533203, -45.56135177612305, -44.90304946899414, -47.0914421081543], [-46.23988342285156, -45.215885162353516, -44.89044189453125, -45.946495056152344, -45.037811279296875, -44.84335708618164, -46.65831756591797, -45.62458419799805, -44.89848327636719, -47.080421447753906], [-46.242130279541016, -45.217220306396484, -44.86871337890625, -45.872352600097656, -45.026268005371094, -44.81413269042969, -46.64551544189453, -45.61305618286133, -44.91061782836914, -47.081581115722656], [-46.22916793823242, -45.20061492919922, -44.87369918823242, -45.8116340637207, -45.010719299316406, -44.79655456542969, -46.63475799560547, -45.58429718017578, -44.91062545776367, -47.08317947387695], [-46.18467712402344, -45.19696807861328, -44.87006378173828, -45.812103271484375, -45.01944351196289, -44.80310821533203, -46.57069396972656, -45.59111022949219, -44.913917541503906, -47.089561462402344], [-46.179161071777344, -45.19231414794922, -44.840126037597656, -45.76801681518555, -45.034236907958984, -44.776607513427734, -46.58146667480469, -45.556739807128906, -44.90549850463867, -47.08277130126953], [-46.179168701171875, -45.18581008911133, -44.87659454345703, -45.76802062988281, -45.034305572509766, -44.774959564208984, -46.5753173828125, -45.559383392333984, -44.905338287353516, -47.08279800415039], [-46.17823028564453, -45.18446731567383, -44.87982177734375, -45.777374267578125, -45.03491973876953, -44.77022171020508, -46.58293533325195, -45.54878234863281, -44.904727935791016, -47.082786560058594], [-46.184146881103516, -45.17578125, -44.91012191772461, -45.741580963134766, -45.043052673339844, -44.769813537597656, -46.579307556152344, -45.589046478271484, -44.903907775878906, -47.07229232788086], [-46.18256378173828, -45.12712860107422, -44.90923309326172, -45.738285064697266, -45.01387023925781, -44.765140533447266, -46.5710563659668, -45.567481994628906, -44.902896881103516, -47.05315399169922], [-46.186180114746094, -45.11663818359375, -44.904762268066406, -45.738319396972656, -45.01338195800781, -44.71080017089844, -46.567264556884766, -45.53983688354492, -44.90272521972656, -47.06205368041992], [-46.1779899597168, -45.11186981201172, -44.904937744140625, -45.713645935058594, -44.99685287475586, -44.72586441040039, -46.5345573425293, -45.55287551879883, -44.89643478393555, -47.06156539916992], [-46.14735412597656, -45.11019515991211, -44.90311813354492, -45.687557220458984, -44.99724578857422, -44.743778228759766, -46.543357849121094, -45.54899215698242, -44.89643478393555, -47.021541595458984], [-46.12201690673828, -45.1042594909668, -44.901649475097656, -45.69191360473633, -44.997379302978516, -44.739234924316406, -46.52273941040039, -45.546138763427734, -44.89287185668945, -47.032928466796875], [-46.20689392089844, -45.047725677490234, -44.87767791748047, -45.63670349121094, -45.021697998046875, -44.7390251159668, -46.49077224731445, -45.57759094238281, -44.89345932006836, -47.032928466796875], [-46.178863525390625, -45.048095703125, -44.78585433959961, -45.64753723144531, -45.02104949951172, -44.771949768066406, -46.48331832885742, -45.57744216918945, -44.906795501708984, -47.03361892700195], [-46.17926025390625, -45.07011795043945, -44.80535888671875, -45.63082504272461, -45.00425338745117, -44.73822021484375, -46.473514556884766, -45.5349235534668, -44.9063720703125, -47.02582931518555], [-46.17966079711914, -45.07001495361328, -44.805511474609375, -45.630733489990234, -44.991554260253906, -44.73838424682617, -46.238582611083984, -45.53173065185547, -44.9063606262207, -47.034690856933594], [-46.179840087890625, -45.068782806396484, -44.80577087402344, -45.63072967529297, -44.992591857910156, -44.73842239379883, -46.232364654541016, -45.47352600097656, 