{"eps": {"object_position": [[0.025295201689004898, -0.01819382794201374], [-0.040920015424489975, 0.11194784939289093], [0.009428426623344421, 0.15258480608463287], [0.11207401752471924, 0.05188922956585884], [0.000726357102394104, -0.07339048385620117], [-0.04663883149623871, -0.03202972188591957], [-0.05278448760509491, 0.027372688055038452], [-0.11577899754047394, 0.14185070991516113], [0.14348936080932617, -0.10427938401699066], [-0.08039379119873047, 0.0401206910610199]], "object_rotation": [2.226624011993408, 3.6513309478759766, 2.0162720680236816, 1.2131898403167725, 2.056776762008667, 2.574225425720215, 2.336353063583374, 2.512845516204834, 2.363736391067505, 2.307046413421631], "distractor_position": [-0.5603253841400146, -0.932292103767395, -0.3633759021759033, -0.8756960034370422, -0.6916369795799255, -0.41197940707206726, 0.28085964918136597, 0.9265257120132446, -0.6185826063156128, -0.4483991265296936]}, "object_type": "box", "L": 1.0, "failure_level": 0.4, "dp_logprior_scale": 1.0, "dp_mcmc_step_size": 0.1, "ep_mcmc_step_size": 0.1, "num_rounds": 50, "num_steps_per_round": 1, "num_chains": 10, "use_gradients": false, "use_stochasticity": true, "repair": false, "predict": true, "quench_rounds": 0, "tempering_schedule": null, "ep_logprobs": [[-44.982215881347656, -46.06781768798828, -46.67294692993164, -45.39926528930664, -44.485321044921875, -45.108978271484375, -45.448665618896484, -47.95853042602539, -44.71080017089844, -47.24430847167969], [-44.982215881347656, -46.06781768798828, -46.67294692993164, -46.96432876586914, -44.485321044921875, -45.108978271484375, -45.448665618896484, -47.95853042602539, -44.71080017089844, -47.24430847167969], [-44.982215881347656, -46.06781768798828, -46.67294692993164, -45.197059631347656, -44.485321044921875, -45.108978271484375, -45.448665618896484, -47.95853042602539, -44.71080017089844, -47.24430847167969], [-44.982215881347656, -46.06781768798828, -46.67294692993164, -45.197059631347656, -44.485321044921875, -45.108978271484375, -45.448665618896484, -47.95853042602539, -44.71080017089844, -47.24430847167969], [-44.982215881347656, -46.06781768798828, -46.67294692993164, -45.197059631347656, -44.485321044921875, -45.108978271484375, -45.448665618896484, -47.95853042602539, -44.71080017089844, -47.24430847167969], [-44.982215881347656, -46.06781768798828, -46.67294692993164, -45.197059631347656, -44.485321044921875, -45.108978271484375, -45.448665618896484, -47.95853042602539, -44.71080017089844, -47.24430847167969], [-44.982215881347656, -46.06781768798828, -46.67294692993164, -45.197059631347656, -44.485321044921875, -45.108978271484375, -45.448665618896484, -47.95853042602539, -44.71080017089844, -48.69990921020508], [-44.982215881347656, -46.06781768798828, -46.67294692993164, -45.197059631347656, -45.32911682128906, -45.108978271484375, -45.448665618896484, -47.95853042602539, -44.71080017089844, -48.69990921020508], [-44.982215881347656, -46.06781768798828, -46.67294692993164, -45.197059631347656, -45.32911682128906, -45.108978271484375, -45.448665618896484, -47.95853042602539, -44.71080017089844, -48.69990921020508], [-44.982215881347656, -46.06781768798828, -46.67294692993164, -45.197059631347656, -45.26121139526367, -45.108978271484375, -45.448665618896484, -47.95853042602539, -46.16741180419922, -48.69990921020508], [-44.982215881347656, -46.06781768798828, -46.67294692993164, -45.197059631347656, -45.26121139526367, -45.108978271484375, -45.448665618896484, -47.95853042602539, -46.16741180419922, -48.69990921020508], [-44.982215881347656, -46.06781768798828, -46.67294692993164, -45.197059631347656, -45.26121139526367, -45.108978271484375, -45.448665618896484, -47.95853042602539, -46.16741180419922, -48.69990921020508], [-44.982215881347656, -46.06781768798828, -46.67294692993164, -45.380409240722656, -45.26121139526367, -45.108978271484375, -45.448665618896484, -47.95853042602539, -46.16741180419922, -48.69990921020508], [-44.982215881347656, -46.06781768798828, -50.041744232177734, -45.380409240722656, -45.26121139526367, -45.108978271484375, -45.448665618896484, -47.95853042602539, -46.16741180419922, -48.69990921020508], [-44.982215881347656, -46.06781768798828, -50.041744232177734, -45.380409240722656, -47.78586196899414, -45.108978271484375, -45.448665618896484, -47.95853042602539, -46.16741180419922, -48.69990921020508], [-44.982215881347656, -46.06781768798828, -50.041744232177734, -45.380409240722656, -47.78586196899414, -45.108978271484375, -45.448665618896484, -49.55021286010742, -46.16741180419922, -48.69990921020508], [-44.982215881347656, -46.06781768798828, -50.041744232177734, -45.380409240722656, -47.78586196899414, -45.108978271484375, -45.448665618896484, -49.55021286010742, -46.16741180419922, -48.69990921020508], [-44.982215881347656, -46.06781768798828, -50.041744232177734, -45.68946075439453, -47.46017074584961, -45.108978271484375, -45.448665618896484, -49.55021286010742, -46.16741180419922, -48.69990921020508], [-44.982215881347656, -46.06781768798828, -50.041744232177734, -45.68946075439453, -47.46017074584961, -45.108978271484375, -45.448665618896484, -49.55021286010742, -46.23210144042969, -48.69990921020508], [-44.982215881347656, -46.06781768798828, -50.041744232177734, -45.68946075439453, -45.05680847167969, -45.108978271484375, -45.448665618896484, -49.55021286010742, -46.23210144042969, -48.69990921020508], [-44.982215881347656, -46.06781768798828, -50.041744232177734, -45.68946075439453, -45.05680847167969, -45.108978271484375, -47.28217697143555, -49.55021286010742, -46.23210144042969, -48.69990921020508], [-44.982215881347656, -46.06781768798828, -50.041744232177734, -45.68946075439453, -45.05680847167969, -45.108978271484375, -47.28217697143555, -49.55021286010742, -46.23210144042969, -48.69990921020508], [-44.982215881347656, -46.06781768798828, -50.041744232177734, -45.68946075439453, -45.05680847167969, -45.108978271484375, -47.28217697143555, -49.55021286010742, -46.40492248535156, -48.69990921020508], [-44.982215881347656, -46.06781768798828, -45.762874603271484, -45.68946075439453, -45.05680847167969, -45.108978271484375, -47.28217697143555, -49.55021286010742, -46.40492248535156, -48.69990921020508], [-44.982215881347656, -46.06781768798828, -44.96110153198242, -45.68946075439453, -45.05680847167969, -45.108978271484375, -48.886356353759766, -49.55021286010742, -46.40492248535156, -48.69990921020508], [-44.982215881347656, -46.06781768798828, -44.96110153198242, -45.68946075439453, -45.05680847167969, -45.108978271484375, -48.886356353759766, -49.55021286010742, -46.40492248535156, -48.69990921020508], [-44.982215881347656, -46.06781768798828, -44.96110153198242, -45.68946075439453, -45.05680847167969, -45.108978271484375, -48.886356353759766, -49.55021286010742, -46.40492248535156, -48.69990921020508], [-44.982215881347656, -46.06781768798828, -44.96110153198242, -45.68946075439453, -45.05680847167969, -45.108978271484375, -48.886356353759766, -49.041526794433594, -46.40492248535156, -48.69990921020508], [-44.982215881347656, -46.06781768798828, -44.96110153198242, -45.68946075439453, -45.05680847167969, -45.108978271484375, -48.886356353759766, -49.041526794433594, -46.40492248535156, -48.69990921020508], [-44.982215881347656, -46.06781768798828, -44.96110153198242, -45.68946075439453, -45.05680847167969, -45.108978271484375, -48.886356353759766, -49.041526794433594, -46.40492248535156, -48.69990921020508], [-44.982215881347656, -46.06781768798828, -44.96110153198242, -45.68946075439453, -45.05680847167969, -45.52443313598633, -48.886356353759766, -49.041526794433594, -46.40492248535156, -48.69990921020508], [-44.982215881347656, -46.06781768798828, -44.96110153198242, -45.68946075439453, -45.05680847167969, -45.52443313598633, -48.886356353759766, -49.041526794433594, -46.40492248535156, -49.624298095703125], [-44.982215881347656, -46.06781768798828, -46.26960754394531, -45.68946075439453, -45.05680847167969, -45.52443313598633, 