{"trajs": {"trajectories": [[[-0.8710309267044067, -0.2662660777568817], [0.7160136699676514, 0.13208860158920288], [0.16335026919841766, 0.17625285685062408]], [[-0.8710328936576843, -0.21357442438602448], [-0.13071340322494507, -0.19568651914596558], [0.8298567533493042, -0.028893860056996346]], [[-0.8710336685180664, 7.79868132667616e-05], [0.5698913335800171, 0.11884671449661255], [0.42060574889183044, -0.18283191323280334]], [[-0.8710665702819824, 0.21348828077316284], [0.4777847230434418, -0.262635737657547], [0.9724242091178894, 0.06111796945333481]], [[-0.8710280060768127, 0.2662430703639984], [0.06389935314655304, 0.257554292678833], [0.6392434239387512, 0.22145721316337585]]]}, "best_eps_idx": 1, "time": 120.2060533799231, "n": 5, "T": 3, "width": 3.2, "height": 2.0, "R": 0.5, "max_wind_thrust": 0.5, "duration": 30.0, "dp_mcmc_step_size": 0.001, "ep_mcmc_step_size": 0.001, "num_rounds": 50, "num_mcmc_steps_per_round": 5, "num_chains": 5, "use_gradients": true, "use_stochasticity": false, "repair": true, "predict": false, "quench_rounds": 5, "tempering_schedule": null}