{"trajs": {"trajectories": [[[-0.3840320408344269, 0.31878677010536194], [-0.1715264469385147, 0.07722005248069763], [0.11708404123783112, 0.6636749505996704]], [[-0.5075201392173767, -0.4637954533100128], [0.2035760134458542, 0.6696202754974365], [0.3749265968799591, 0.2754684388637543]], [[-0.9964353442192078, -0.14156568050384521], [0.528745174407959, -0.19439993798732758], [0.7203412055969238, -0.6131125688552856]], [[-0.5687903761863708, 0.04431041330099106], [-0.5846934914588928, -0.1416754126548767], [0.9408329129219055, -0.2215496152639389]], [[-0.8052749633789062, 0.6046851277351379], [0.5279231667518616, -0.072086863219738], [0.7874797582626343, 0.11874374002218246]]]}, "best_eps_idx": 2, "time": 110.99311976099852, "n": 5, "T": 3, "width": 3.2, "height": 3.0, "R": 0.5, "max_wind_thrust": 0.5, "duration": 30.0, "dp_mcmc_step_size": 0.001, "ep_mcmc_step_size": 0.001, "num_rounds": 50, "num_mcmc_steps_per_round": 5, "num_chains": 5, "use_gradients": false, "use_stochasticity": true, "repair": true, "predict": true, "quench_rounds": 0, "tempering_schedule": null}