{"eps": {"object_position": [[1.2546958032544353e-06, -2.5429699235246517e-08], [-0.028885331004858017, 0.006778730545192957], [-2.3277095806406578e-08, 5.476167075357807e-09], [2.8856797143816948e-05, -0.0034575462341308594], [-0.5219027996063232, -0.09008851647377014]], "object_rotation": [1.3749494552612305, 1.1660964488983154, 2.2906267642974854, 1.0300211906433105, 1.1276577711105347], "distractor_position": [-0.7705557346343994, -0.4491823613643646, -0.7270485162734985, -0.8492355942726135, -0.8441177010536194]}, "eps_trace": {"object_position": [[[0.00010783225297927856, -0.00028393883258104324], [0.0027141552418470383, -0.0034802258014678955], [0.002619720995426178, -0.001947600394487381], [-0.04139649122953415, 0.05474797263741493], [0.04173297435045242, -0.04880029708147049]], [[5.994748789817095e-06, -3.227498382329941e-06], [0.0026678969152271748, -0.001802124548703432], [-0.8297489881515503, 0.6371286511421204], [0.0, 1.1175870895385742e-08], [-0.15934798121452332, -0.2937929034233093]], [[-1.6759513528086245e-06, -2.0036140995216556e-06], [-0.011482469737529755, -0.017014343291521072], [8.022785186767578e-05, -0.00012809038162231445], [-0.005754942540079355, 0.0549849309027195], [0.1754252016544342, 0.13512015342712402]], [[-1.1622742022154853e-06, 1.902822532429127e-06], [0.004069643095135689, 0.015935953706502914], [-2.8742942959070206e-07, -1.2632517609745264e-07], [-0.0012896154075860977, -0.002849902957677841], [1.1920928955078125e-07, 1.4901161193847656e-08]], [[-2.771980689431075e-08, 1.0010398909798823e-07], [-0.0004723723977804184, -0.00025743432343006134], [-1.5561454347334802e-09, -4.220183313918824e-09], [-0.06840124726295471, 0.22571562230587006], [-0.06766437739133835, -0.06027531251311302]], [[2.0652253169828327e-06, -2.6794127734319773e-06], [0.0019806453492492437, -0.0007252426585182548], [-1.9684338603553897e-09, -4.095157546402106e-09], [0.13384795188903809, 0.05250927805900574], [-0.06196083873510361, 0.35497984290122986]], [[1.67004714057839e-07, 1.012087977869669e-07], [0.0005968647310510278, 0.00028005882631987333], [-3.8994241169376664e-10, -1.930799742311251e-09], [-0.00784580409526825, -0.007921915501356125], [-1.1038035154342651e-05, 4.6759843826293945e-05]], [[7.78166281634185e-07, 2.2214628643268952e-06], [-0.0005647486541420221, 0.0003656701883301139], [-2.58748217296656e-10, -1.1009695377595108e-09], [0.0007963767275214195, 0.06368300318717957], [-4.4182161218486726e-07, -2.434135240036994e-07]], [[0.0004945957334712148, 0.0005063806311227381], [9.608251275494695e-05, 5.6424265494570136e-05], [-1.0664759075851293e-09, -1.3054592962191691e-09], [0.16602541506290436, 0.11138945817947388], [-0.16090165078639984, -0.1213984340429306]], [[0.0021990700624883175, 0.0016566014382988214], [-5.093170329928398e-10, -1.8189894035458565e-11], [-3.733184872345419e-09, -9.762349151287708e-09], [0.01882101595401764, 0.012398026883602142], [-0.0010317116975784302, 0.0026614218950271606]], [[0.02585618384182453, -0.0664382129907608], [0.00030043371953070164, -0.0005196293350309134], [-3.76493058951155e-09, -7.477028773905658e-09], [-0.06124533712863922, 0.038352496922016144], [-0.05470111221075058, -0.10306068509817123]], [[-5.587935447692871e-09, 0.0], [-0.000978694879449904, -0.00046129885595291853], [-3.120988134597269e-09, -6.385813655640504e-09], [-0.11861885339021683, -0.07021398842334747], [-0.06190096214413643, -0.051434990018606186]], [[0.0002826833806466311, 0.00021188030950725079], [-0.003967608325183392, 0.01139461062848568], [-2.498449269694447e-08, -3.4399249670968857e-08], [-5.960464477539063e-08, 1.2665987014770508e-07], [-0.015786372125148773, -0.01857440546154976]], [[3.933915286324918e-05, 8.867138240020722e-05], [-0.006380808539688587, -0.0013623395934700966], [-2.0352423746317072e-08, 6.228265903018837e-09], [-0.038810890167951584, 0.032780952751636505], [-0.03831043839454651, 0.04081776365637779]], [[0.00030181396869011223, 0.000236685955314897], [-9.313225746154785e-10, -1.1641532182693481e-10], [-5.2091575497570375e-09, 2.2767885354824102e-08], [-0.08196140825748444, 0.009611610323190689], [-7.860362529754639e-07, 3.0659139156341553e-06]], [[0.004206071607768536, 0.008506541140377522], [1.4376453361109043e-09, -6.5604779386774226e-09], [-2.858431287222629e-07, 3.2641858638271515e-07], [6.668269634246826e-06, -1.657940447330475e-05], [-0.012844669632613659, -0.0038556919898837805]], [[1.725694164633751e-05, 1.104455441236496e-05], [4.762382133094434e-08, -2.681522062175645e-07], [-2.474539769536932e-06, 3.309500016257516e-06], [-0.04999887943267822, -0.08980945497751236], [0.002082829363644123, -0.006325930822640657]], [[0.0015495631378144026, 0.001511879381723702], [-0.007445330265909433, 0.013285920023918152], [-3.415457103983499e-05, 4.469291525310837e-05], [-7.450580596923828e-09, -7.450580596923828e-09], [-0.2056439369916916, 0.08354093134403229]], [[0.45272424817085266, -0.6423349380493164], [-0.014262465760111809, 0.0035370802506804466], [-3.104997813352384e-05, 1.643263931327965e-05], [-0.03818579018115997, -0.06604649871587753], [-5.960464477539062e-07, 2.905726432800293e-07]], [[-0.09949067234992981, -0.08934557437896729], [-0.007459780666977167, 0.023736953735351562], [-2.1188679966144264e-07, 4.212779458612204e-09], [0.003255438059568405, 0.005422085523605347], [-0.018727071583271027, -0.04579544812440872]], [[-1.4901161193847656e-08, -7.450580596923828e-09], [-0.012035578489303589, -0.02148265391588211], [-1.068292249328806e-06, 2.884132754843449e-07], [0.13600075244903564, 0.1269112378358841], [0.0197540782392025, 0.021878600120544434]], [[-9.582731763657648e-07, 2.188733560615219e-06], [4.6990811824798584e-05, 0.0074786897748708725], [-5.7304305300931446e-08, -1.2569614682433894e-08], [-0.20392856001853943, 0.11909033358097076], [-0.0982496440410614, 0.018174193799495697]], [[-1.2401679896356654e-06, 1.0295667607351788e-06], [-4.91552782477811e-07, -1.043081283569336e-06], [-2.873683691007045e-08, -7.194278506261753e-09], [-0.08130787312984467, -0.11916178464889526], [-0.07056078314781189, -0.0764756128191948]], [[2.4223561467806576e-07, 1.0364832405684865e-06], [1.5508643627981655e-05, -4.2461761040613055e-05], [-2.0195938077449682e-07, 1.1916518616317262e-07], [-0.0014440938830375671, -0.002147570252418518], [-0.053414493799209595, -0.047092873603105545]], [[1.2546958032544353e-06, -2.5429699235246517e-08], [-0.028885331004858017, 0.006778730545192957], [-2.3277095806406578e-08, 5.476167075357807e-09], [2.8856797143816948e-05, -0.0034575462341308594], [-0.5219027996063232, -0.09008851647377014]]],