{"eps": {"object_position": [[-0.00024352307082153857, 1.996420223804307e-06], [-5.341006747983101e-09, -7.913456556707388e-09], [4.648078796853916e-13, -2.1259665035355813e-13], [0.006367756985127926, 0.01723998785018921], [-0.046721529215574265, 0.03754467889666557]], "object_rotation": [2.2412657737731934, 0.7069718837738037, 1.7312697172164917, 1.2916765213012695, 1.2842485904693604], "distractor_position": [-0.5824049115180969, -0.5811519026756287, -0.913718581199646, 0.26506102085113525, -0.5262561440467834]}, "eps_trace": {"object_position": [[[-0.21104280650615692, -0.18117475509643555], [-0.08385603129863739, 0.06356117129325867], [0.002893026452511549, -0.0017452538013458252], [0.0083966925740242, -0.06724061071872711], [0.022900372743606567, -0.01772429794073105]], [[-0.174422025680542, -0.16477200388908386], [0.0061510056257247925, 0.007312558591365814], [-0.0029149288311600685, 0.004342307336628437], [-0.006506790407001972, 0.11569523811340332], [-0.11564996838569641, 0.07599114626646042]], [[0.2811984717845917, -0.14122097194194794], [9.313225746154785e-10, 4.656612873077393e-10], [-0.3883911669254303, 0.4823988676071167], [-0.006975317373871803, -0.0043136849999427795], [-0.0006049647927284241, -0.04171352833509445]], [[0.010414093732833862, -0.002541959285736084], [1.942446203884174e-12, 6.181694045537256e-12], [0.0014706552028656006, -0.006020992994308472], [-4.656612873077393e-10, 4.656612873077393e-10], [-0.07674217969179153, 0.027816087007522583]], [[1.862645149230957e-09, -6.984919309616089e-10], [6.668343655036324e-11, 1.4191936688334739e-11], [-8.835573680698872e-06, -6.434926763176918e-05], [9.965028802128018e-10, 1.8641635790572764e-08], [-9.685754776000977e-08, -5.029141902923584e-08]], [[-1.882086486659773e-09, -6.532336893627644e-09], [1.5102849526549278e-12, 3.205134074812932e-12], [-1.0299299901816994e-07, 4.546745913103223e-08], [-8.930032269205412e-10, 1.1395329124752607e-08], [-1.2003247320535593e-05, 5.292943114909576e-06]], [[-2.1890351753484083e-09, -2.5022277583275354e-09], [-1.0374815156283246e-12, -1.9986343309519317e-12], [1.0291743990364921e-07, -3.0760310210098396e-07], [8.246651139742767e-10, 7.89470089301858e-09], [-0.005557002034038305, 0.0016457157908007503]], [[-2.6623085958021875e-09, -4.839764145003755e-09], [-6.613273262345842e-10, -2.911240415404137e-10], [-0.0966641828417778, 0.07844380289316177], [2.192919179577757e-09, 1.337201638307306e-07], [-0.06137821823358536, -0.017352497205138206]], [[-4.9138304092366525e-08, 3.166665862863738e-08], [-2.096197437850833e-09, -8.024668707307114e-10], [-0.0016210824251174927, 0.0001256018877029419], [6.880171099510335e-08, 6.269122536650684e-07], [-0.03712416812777519, 0.0007122699171304703]], [[-9.039121096066083e-07, 1.0880903573706746e-06], [-1.0045961971627548e-05, 5.567866082856199e-06], [0.07063087821006775, -0.14208143949508667], [2.829381173796719e-11, 3.23325366480276e-10], [-1.0799616575241089e-05, 2.237164881080389e-05]], [[-9.271849990000192e-07, 1.1438291949161794e-06], [-4.3599552554951515e-06, -4.90194906888064e-07], [0.06643100827932358, -0.16125044226646423], [2.2247370612404893e-11, 1.4112669366461716e-10], [-3.7994959711795673e-07, 3.473833203315735e-07]], [[-5.0665068556554615e-05, 3.155502781737596e-05], [-2.901560947066173e-08, -1.3506621598935453e-08], [7.450580596923828e-09, 0.0], [1.4079690538459921e-11, 2.9117007416257223e-11], [-4.815330498786352e-07, 5.033248271502089e-07]], [[-0.00010166572610614821, 5.9579790104180574e-05], [-1.152312023577906e-09, 6.102016669728982e-10], [-2.8173392507824246e-08, 1.614656852666485e-08], [9.322736332917358e-11, 3.1870242556131245e-10], [-3.271627520007314e-07, 2.415836206637323e-07]], [[-1.6564357792958617e-05, -4.771238309331238e-06], [-3.871797327192894e-10, -1.9608675794202668e-10], [-1.8284735006091068e-06, 9.275082106796617e-07], [-3.662215641853095e-09, 1.1713287051406951e-07], [-2.6439611247042194e-05, 1.077345496014459e-05]], [[-9.711329767014831e-07, -2.568322543083923e-06], [-2.706506130323305e-09, -2.7979057959370834e-10], [-0.04914378747344017, 0.04868905618786812], [8.073104982031509e-05, 6.528961966978386e-05], [-0.00073370395693928, 0.0004637249221559614]], [[-7.143158882172429e-07, -1.7396534985891776e-06], [-1.4132846004599742e-09, -2.5081869914345134e-10], [0.25167015194892883, 0.42083027958869934], [0.0005743044894188643, 0.0003056203422602266], [-0.010585583746433258, 0.0023194588720798492]], [[-6.988323661971663e-07, -1.4810416359978262e-06], [-2.0259021127344568e-09, -3.7021224974509437e-10], [-0.029837071895599365, 0.028587788343429565], [0.15174147486686707, 0.17972342669963837], [-0.10568428784608841, -0.09271390736103058]], [[-1.6950042436292279e-07, -3.8040570871089585e-07], [-7.881227892525544e-10, -1.3410314525508227e-10], [-0.032590679824352264, 0.010677957907319069], [-2.1292953491210938, -0.847634494304657], [0.003618896007537842, 0.01783854514360428]], [[-5.7163859423781105e-08, -1.0154587926081149e-07], [-7.260653189788968e-10, -1.2422322892557958e-10], [-0.19566920399665833, 0.49582916498184204], [-2.384185791015625e-07, -5.960464477539063e-08], [6.772344931960106e-06, 1.4092773199081421e-05]], [[-4.052599678061597e-08, -1.2444250785392796e-07], [-2.7324689177987693e-09, -8.314944843768046e-10], [-0.0007344037294387817, 0.000972747802734375], [-0.024038732051849365, -0.15526182949543], [-0.02478105016052723, -0.005920167081058025]], [[-1.4429115680059112e-08, -2.7099908095351566e-08], [-2.717530422913228e-09, -1.3313286029159599e-09], [-1.1641532182693481e-10, 1.1641532182693481e-10], [0.07261474430561066, -0.14553669095039368], [-0.6448667645454407, 1.4158223867416382]], [[3.228614176009614e-08, -1.4992374985922652e-07], [-2.2215413952864083e-09, -2.1220651902353893e-09], [-2.1157797736037764e-11, 7.159668691247845e-12], [-1.1786818504333496e-05, -6.154179573059082e-06], [5.960464477539063e-08, 1.1920928955078125e-07]], [[-1.1520732812186907e-08, -6.968740962065567e-08], [-3.4117135783162666e-08, 3.553243743681378e-08], [-7.248277499039002e-12, -1.001545027468076e-11], [0.04997142776846886, -0.11171547323465347], [-3.219243444618769e-05, 6.599142943741754e-05]], [[-4.980348080607655e-07, -1.9998856259917375e-07], [-5.658003843223014e-09, -8.710792087640584e-09], [-1.4419088319173046e-11, -1.515797036499844e-12], [-5.21540641784668e-08, 4.492700099945068e-06], [-1.1308045941404998e-05, 2.833169128280133e-05]], [[-0.00024352307082153857, 1.996420223804307e-06], [-5.341006747983101e-09, -7.913456556707388e-09], [4.648078796853916e-13, -2.1259665035355813e-13], [0.006367756985127926, 0.01723998785018921], [-0.046721529215574265, 0.03754467889666557]]],