{"eps": {"object_position": [[0.0466596819460392, -0.0003266666899435222], [-0.020909283310174942, -0.07867861539125443], [-0.11762290447950363, -0.03210684284567833], [0.038117665797472, -0.041569940745830536], [-0.018031731247901917, -0.029369674623012543]], "object_rotation": [1.3528822660446167, 0.9543613195419312, 2.77436900138855, 1.0969706773757935, 0.9239165186882019], "distractor_position": [-1.2506505250930786, 0.10050004720687866, -1.1276822090148926, -1.467743992805481, -0.8754318356513977]}, "eps_trace": {"object_position": [[[0.050166599452495575, 0.0020495394710451365], [-0.020981760695576668, -0.08028127998113632], [-0.12414716929197311, -0.03368033096194267], [0.038503482937812805, -0.043980617076158524], [-0.021836530417203903, -0.03159363940358162]], [[0.05016281455755234, 0.00188802822958678], [-0.0211248230189085, -0.08026158809661865], [-0.12420941144227982, -0.033327050507068634], [0.03859071061015129, -0.043946772813797], [-0.021806413307785988, -0.03159456327557564]], [[0.049973923712968826, 0.0018940725130960345], [-0.021072305738925934, -0.08031973987817764], [-0.1241825670003891, -0.033256400376558304], [0.03865450248122215, -0.04384585842490196], [-0.021806389093399048, -0.031574055552482605]], [[0.04991951957345009, 0.0019149159779772162], [-0.02063876949250698, -0.0811503455042839], [-0.12403254956007004, -0.03281013295054436], [0.03865152597427368, -0.04383832588791847], [-0.02180382050573826, -0.03157723695039749]], [[0.05009903013706207, 0.0016479247715324163], [-0.020815573632717133, -0.08073249459266663], [-0.12349571287631989, -0.032856933772563934], [0.038815200328826904, -0.04374965280294418], [-0.021485241129994392, -0.03145180270075798]], [[0.050149645656347275, 0.001569001586176455], [-0.02081519551575184, -0.0807328000664711], [-0.1234421357512474, -0.032904285937547684], [0.038819119334220886, -0.04375137388706207], [-0.02144077606499195, -0.031384799629449844]], [[0.04786210507154465, 0.000515690422616899], [-0.02080809324979782, -0.08072800189256668], [-0.12334758788347244, -0.03266637772321701], [0.03882640600204468, -0.043742455542087555], [-0.021322621032595634, -0.03091118112206459]], [[0.04785911738872528, 0.0005143423331901431], [-0.02080114744603634, -0.0806664451956749], [-0.12292962521314621, -0.032626647502183914], [0.03875858709216118, -0.043489549309015274], [-0.021292701363563538, -0.03081691823899746]], [[0.0482327900826931, 0.0007336039561778307], [-0.020814532414078712, -0.08065929263830185], [-0.12272880226373672, -0.032613981515169144], [0.03877054154872894, -0.043211739510297775], [-0.02121106907725334, -0.0308673158288002]], [[0.04825201630592346, 0.0007535602198913693], [-0.020824450999498367, -0.08066204935312271], [-0.1227058470249176, -0.03261150047183037], [0.038656432181596756, -0.04320214316248894], [-0.02121356874704361, -0.030864380300045013]], [[0.047843895852565765, 0.0009152471320703626], [-0.021460287272930145, -0.07980958372354507], [-0.1225598081946373, -0.033213816583156586], [0.03842620924115181, -0.04306892678141594], [-0.021168284118175507, -0.030821317806839943]], [[0.047708749771118164, 0.0009006628533825278], [-0.021421469748020172, -0.07968548685312271], [-0.12237156927585602, -0.033231426030397415], [0.03816792368888855, -0.04278047755360603], [-0.021175459027290344, -0.030803246423602104]], [[0.04761115461587906, 0.0010923551162704825], [-0.021435583010315895, -0.07956045866012573], [-0.1221543699502945, -0.03337743133306503], [0.03842049464583397, -0.0425751768052578], [-0.021131867542862892, -0.030802663415670395]], [[0.04711216315627098, 0.0007190557662397623], [-0.021455729380249977, -0.0795358195900917], [-0.12133808434009552, -0.0336574986577034], [0.03842894732952118, -0.04258761927485466], [-0.020302508026361465, -0.03146234527230263]], [[0.04713394492864609, 0.0007155463099479675], [-0.021594518795609474, -0.07918953150510788], [-0.12121119350194931, -0.03373725339770317], [0.03803907334804535, -0.042613375931978226], [-0.019912663847208023, -0.031000059098005295]], [[0.04720257967710495, 0.0004785159835591912], [-0.02148989588022232, -0.07897298038005829], [-0.12109223008155823, -0.03299500793218613], [0.037882301956415176, -0.042656414210796356], [-0.019843753427267075, -0.031022481620311737]], [[0.04709554836153984, 0.000505501520819962], [-0.021286603063344955, -0.07903005927801132], [-0.12105580419301987, -0.03304162621498108], [0.03790632635354996, -0.0425458587706089], [-0.01963656023144722, -0.03116048127412796]], [[0.04708490148186684, 0.00045152389793656766], [-0.021100768819451332, -0.0791633278131485], [-0.12111406028270721, -0.032870352268218994], [0.037811536341905594, -0.04251692816615105], [-0.019332747906446457, -0.031170696020126343]], [[0.0470646470785141, 0.00041067591519095004], [-0.021144507452845573, -0.07912540435791016], [-0.121062733232975, -0.03284316882491112], [0.03788143768906593, -0.04250346124172211], [-0.0192954633384943, -0.031114676967263222]], [[0.04696689173579216, -6.955821299925447e-05], [-0.02125091478228569, -0.07895051687955856], [-0.11835123598575592, -0.032360758632421494], [0.037980422377586365, -0.04177377372980118], [-0.019445132464170456, -0.030639545992016792]], [[0.046862028539180756, -3.167473914800212e-05], [-0.021203553304076195, -0.07896754145622253], [-0.11819799244403839, -0.03228779137134552], [0.03797760233283043, -0.04178130626678467], [-0.019029712304472923, -0.030139977112412453]], [[0.04660015180706978, -0.0002657375007402152], [-0.021078649908304214, -0.07898776233196259], [-0.11820098757743835, -0.032292917370796204], [0.038414523005485535, -0.041673388332128525], [-0.01904168538749218, -0.03005501627922058]], [[0.046564824879169464, -0.00029886316042393446], [-0.02089160494506359, -0.07879117876291275], [-0.11789608746767044, -0.032041970640420914], [0.038563963025808334, -0.04161933436989784], [-0.019050894305109978, -0.03001701645553112]], [[0.04664650931954384, -0.0002482406853232533], [-0.020879622548818588, -0.07870505005121231], [-0.11783472448587418, -0.03204589709639549], [0.03818218410015106, -0.041462335735559464], [-0.019014853984117508, -0.030027270317077637]], [[0.0466596819460392, -0.0003266666899435222], [-0.020909283310174942, -0.07867861539125443], [-0.11762290447950363, -0.03210684284567833], [0.038117665797472, -0.041569940745830536], [-0.018031731247901917, -0.029369674623012543]]],