{"eps": {"object_position": [[-0.26285791397094727, 0.001042074989527464], [-0.10705593973398209, 0.10974157601594925], [0.009875689633190632, 0.07031594961881638], [0.06995942443609238, 0.13046854734420776], [-0.15881530940532684, -0.01560420822352171]], "object_rotation": [2.5730371475219727, 0.2674589157104492, 2.2418465614318848, 1.2536541223526, 2.4795618057250977], "distractor_position": [-0.6887698173522949, -0.7193731069564819, -1.6454124450683594, -0.7076956033706665, -0.3852170407772064]}, "eps_trace": {"object_position": [[[-0.28057029843330383, 0.0037814148236066103], [-0.11450421810150146, 0.1148909255862236], [0.007643418852239847, 0.07041547447443008], [0.07243596017360687, 0.14514540135860443], [-0.1724148392677307, -0.01697663590312004]], [[-0.28024566173553467, 0.004102280829101801], [-0.11441300809383392, 0.11501660943031311], [0.007568439934402704, 0.07035887986421585], [0.07241661101579666, 0.14514361321926117], [-0.17227977514266968, -0.01712176389992237]], [[-0.2802218496799469, 0.0039930869825184345], [-0.11423645913600922, 0.1150636225938797], [0.007579602766782045, 0.07032771408557892], [0.07174139469861984, 0.14504851400852203], [-0.17182384431362152, -0.01773618906736374]], [[-0.2798844575881958, 0.00430000526830554], [-0.11408872157335281, 0.11410501599311829], [0.0074722967110574245, 0.07030261307954788], [0.07215406745672226, 0.14358991384506226], [-0.17098093032836914, -0.017791708931326866]], [[-0.2798176407814026, 0.0042009069584310055], [-0.11390122026205063, 0.11341805011034012], [0.007326224818825722, 0.07026335597038269], [0.07206080853939056, 0.1435316950082779], [-0.17075803875923157, -0.017691699787974358]], [[-0.27898919582366943, 0.003628544043749571], [-0.11296291649341583, 0.11320264637470245], [0.007201663684099913, 0.07031822204589844], [0.0719546526670456, 0.1435902863740921], [-0.17075267434120178, -0.017685769125819206]], [[-0.2788974940776825, 0.003812061622738838], [-0.11276878416538239, 0.11287644505500793], [0.00720002967864275, 0.07031773775815964], [0.0719057023525238, 0.143582284450531], [-0.16954563558101654, -0.017514314502477646]], [[-0.27886825799942017, 0.0039462801069021225], [-0.1127774640917778, 0.11287419497966766], [0.007632510270923376, 0.07033708691596985], [0.07181799411773682, 0.14337097108364105], [-0.16937054693698883, -0.01741919480264187]], [[-0.27622297406196594, 0.003044008743017912], [-0.11286994069814682, 0.11262741684913635], [0.007484436966478825, 0.07054144889116287], [0.07182842493057251, 0.14332903921604156], [-0.16863547265529633, -0.017484372481703758]], [[-0.27622705698013306, 0.0030517964623868465], [-0.11236415058374405, 0.11269478499889374], [0.007547167595475912, 0.07056644558906555], [0.07193837314844131, 0.14281579852104187], [-0.16855773329734802, -0.01734030805528164]], [[-0.27622929215431213, 0.0027971318922936916], [-0.11228643357753754, 0.11271151900291443], [0.007684268988668919, 0.07040143758058548], [0.07192385941743851, 0.14281032979488373], [-0.16800473630428314, -0.017590029165148735]], [[-0.27589359879493713, 0.002941915998235345], [-0.11219333857297897, 0.11212442815303802], [0.008979583159089088, 0.07075350731611252], [0.07108656316995621, 0.14267215132713318], [-0.1678997129201889, -0.01738031767308712]], [[-0.2755948305130005, 0.0027575527783483267], [-0.11206009984016418, 0.11206114292144775], [0.009638222865760326, 0.07062125951051712], [0.07100927829742432, 0.1427123248577118], [-0.16574726998806, -0.01690440997481346]], [[-0.2755979299545288, 0.002639631973579526], [-0.11183378100395203, 0.1122203916311264], [0.009718634188175201, 0.07058728486299515], [0.07041288912296295, 0.14190997183322906], [-0.16571950912475586, -0.016747890040278435]], [[-0.27555400133132935, 0.0016373017570003867], [-0.1119188517332077, 0.11193356662988663], [0.009660955518484116, 0.07052107155323029], [0.07096898555755615, 0.14018864929676056], [-0.1657196432352066, -0.016751982271671295]], [[-0.2729364335536957, 0.0008213790715672076], [-0.11123235523700714, 0.11154834926128387], [0.009548667818307877, 0.07050956785678864], [0.07099341601133347, 0.1401640921831131], [-0.16571934521198273, -0.01676459237933159]], [[-0.27293574810028076, 0.0008246447541750968], [-0.11094497889280319, 0.11158459633588791], [0.0095456438139081, 0.07051242887973785], [0.070992112159729, 0.14016510546207428], [-0.1647462546825409, -0.016971981152892113]], [[-0.2643870711326599, -0.0002571821096353233], [-0.11073822528123856, 0.11147073656320572], [0.009492401033639908, 0.07051192224025726], [0.07164893299341202, 0.1371448040008545], [-0.16456584632396698, -0.017149081453680992]], [[-0.2644020617008209, -0.00016139986109919846], [-0.11072617024183273, 0.11147544533014297], [0.009442916139960289, 0.07048613578081131], [0.0715438574552536, 0.1369674801826477], [-0.1623251885175705, -0.01783115789294243]], [[-0.2643275558948517, -0.00013667598250322044], [-0.11053784191608429, 0.11073503643274307], [0.00956449843943119, 0.07044053822755814], [0.07152213156223297, 0.13697810471057892], [-0.1622604876756668, -0.016951793804764748]], [[-0.263918399810791, 0.0006978239398449659], [-0.11023744940757751, 0.11077319085597992], [0.00956662930548191, 0.07043743878602982], [0.07159113138914108, 0.13697487115859985], [-0.1590990126132965, -0.015183032490313053]], [[-0.2636803388595581, 0.0006193041917867959], [-0.10971450060606003, 0.1107235699892044], [0.009614687412977219, 0.07068416476249695], [0.07137864828109741, 0.13616943359375], [-0.15904249250888824, -0.015130070969462395]], [[-0.2631276845932007, 0.001149877905845642], [-0.10836836695671082, 0.10927945375442505], [0.00954064168035984, 0.07048770785331726], [0.06980141252279282, 0.13079898059368134], [-0.15895552933216095, -0.015145154669880867]], [[-0.2630750238895416, 0.0013248776085674763], [-0.10747361183166504, 0.10975740849971771], [0.009689751081168652, 0.07048332691192627], [0.06980633735656738, 0.1307903379201889], [-0.15902523696422577, -0.015455656684935093]], [[-0.26285791397094727, 0.001042074989527464], [-0.10705593973398209, 0.10974157601594925], [0.009875689633190632, 0.07031594961881638], [0.06995942443609238, 0.13046854734420776], [-0.15881530940532684, -0.01560420822352171]]],