{"eps": {"object_position": [[0.008800126612186432, -0.021457534283399582], [-0.035773370414972305, -0.055973224341869354], [-0.032603271305561066, 0.2070012390613556], [-0.19176962971687317, -0.055759038776159286], [0.10168685764074326, 0.04408480226993561]], "object_rotation": [0.9995934367179871, 2.235682964324951, 0.5771810412406921, 2.184201717376709, 1.3411935567855835], "distractor_position": [-0.28410622477531433, 0.31493130326271057, -1.112344741821289, 0.335039883852005, -0.4697151482105255]}, "eps_trace": {"object_position": [[[0.04739375784993172, 0.03016890585422516], [-0.15327106416225433, -0.1824670284986496], [-0.00837873574346304, -0.07717353850603104], [0.07243391871452332, 0.21913623809814453], [0.29486268758773804, 0.006243403535336256]], [[0.052811332046985626, -0.06620454043149948], [-0.16989660263061523, -0.20855312049388885], [0.023947715759277344, -0.004599094390869141], [0.021171636879444122, 0.1647789627313614], [0.256472110748291, 0.09335893392562866]], [[0.07914483547210693, -0.10333294421434402], [-0.17579810321331024, -0.17214533686637878], [0.046145547181367874, -0.022443043068051338], [-0.07386921346187592, 0.11024462431669235], [0.17656394839286804, 0.15442296862602234]], [[0.09599959850311279, 0.03185821324586868], [-0.148003488779068, -0.14679712057113647], [0.03369140625, 0.019165420904755592], [-0.04855761677026749, 0.06352673470973969], [0.2019692361354828, 0.16057780385017395]], [[0.09599959850311279, 0.03185821324586868], [-0.148003488779068, -0.14679712057113647], [0.03172186017036438, -0.023880770429968834], [-0.04100123047828674, 0.05940698832273483], [0.17951153218746185, 0.12234457582235336]], [[0.04484594613313675, 0.06590144336223602], [-0.148003488779068, -0.14679712057113647], [0.04007376357913017, -0.005790529772639275], [-0.027596134692430496, -0.0417950302362442], [0.17951153218746185, 0.12234457582235336]], [[-0.020990625023841858, 0.04674901068210602], [-0.13990366458892822, -0.09713669866323471], [0.007568862289190292, 0.04218735545873642], [-0.027589423581957817, -0.030450008809566498], [0.17951153218746185, 0.12234457582235336]], [[-0.02831893600523472, 0.08215931802988052], [-0.13990366458892822, -0.09713669866323471], [0.007568862289190292, 0.04218735545873642], [-0.027589423581957817, -0.030450008809566498], [0.11111853271722794, 0.10232292115688324]], [[-0.03505794331431389, 0.0999615341424942], [-0.13990366458892822, -0.09713669866323471], [0.017500953748822212, 0.02288062497973442], [0.027327971532940865, -0.006385466083884239], [0.11111853271722794, 0.10232292115688324]], [[0.017019271850585938, 0.11524372547864914], [-0.09578856825828552, -0.17479375004768372], [0.017500953748822212, 0.02288062497973442], [0.027327971532940865, -0.006385466083884239], [0.11111853271722794, 0.10232292115688324]], [[0.0036278674378991127, 0.10738697648048401], [-0.06734144687652588, -0.12814313173294067], [0.017500953748822212, 0.02288062497973442], [0.035176098346710205, -0.06482759118080139], [0.11111853271722794, 0.10232292115688324]], [[-0.0161898210644722, 0.030470214784145355], [-0.08356441557407379, -0.10798375308513641], [-0.02127220667898655, -0.008427195250988007], [0.09281938523054123, -0.04920987784862518], [0.059498921036720276, 0.09069657325744629]], [[-0.030510976910591125, 0.002506135031580925], [-0.08356441557407379, -0.10798375308513641], [-0.04544760286808014, -0.03422361612319946], [0.09469632804393768, -0.015478182584047318], [0.06879512965679169, 0.07611922919750214]], [[-0.07643599808216095, -0.03278878331184387], [-0.07425646483898163, -0.13843096792697906], [-0.074936144053936, -0.03247622027993202], [0.122728630900383, -0.007846010848879814], [0.06879512965679169, 0.07611922919750214]], [[-0.07643599808216095, -0.03278878331184387], [-0.1025024950504303, -0.10601940751075745], [-0.09958794713020325, -0.04493024945259094], [0.12752069532871246, 0.009669812396168709], [0.09342660009860992, 0.07174783945083618]], [[-0.07643599808216095, -0.03278878331184387], [-0.06485971808433533, -0.010019645094871521], [-0.09958794713020325, -0.04493024945259094], [0.11612334102392197, 0.04965220391750336], [0.09342660009860992, 0.07174783945083618]], [[-0.0792311280965805, 0.03339511901140213], [-0.02809138596057892, -0.04636051878333092], [-0.09958794713020325, -0.04493024945259094], [0.11612334102392197, 0.04965220391750336], [0.10168685764074326, 0.04408480226993561]], [[-0.07231219112873077, 0.08612483739852905], [0.025539830327033997, -0.10830952227115631], [-0.09958794713020325, -0.04493024945259094], [0.07698747515678406, -0.07021031528711319], [0.10168685764074326, 0.04408480226993561]], [[-0.053115278482437134, 0.028850369155406952], [0.02177414298057556, -0.09772764146327972], [-0.09958794713020325, -0.04493024945259094], [0.1339990496635437, -0.060918111354112625], [0.10168685764074326, 0.04408480226993561]], [[-0.03499738872051239, -0.034463606774806976], [0.04618310183286667, -0.09885405749082565], [-0.10092466324567795, -0.005304981023073196], [0.09566091001033783, -0.11059805750846863], [0.10168685764074326, 0.04408480226993561]], [[-0.030580956488847733, -0.04305636137723923], [-0.0155196413397789, -0.06269706785678864], [-0.03795304149389267, 0.07445462048053741], [-0.018743641674518585, -0.05642378702759743], [0.10168685764074326, 0.04408480226993561]], [[-0.030580956488847733, -0.04305636137723923], [-0.06979630142450333, -0.004691950976848602], [-0.010130587965250015, 0.11733419448137283], [-0.1234353706240654, 0.00566723570227623], [0.10168685764074326, 0.04408480226993561]], [[-0.030580956488847733, -0.04305636137723923], [-0.07367726415395737, -0.07358942925930023], [-0.019256778061389923, 0.18910321593284607], [-0.1437908113002777, -0.03080059215426445], [0.10168685764074326, 0.04408480226993561]], [[0.008800126612186432, -0.021457534283399582], [-0.07367726415395737, -0.07358942925930023], [-0.032603271305561066, 0.2070012390613556], [-0.1541421264410019, 0.05642685666680336], [0.10168685764074326, 0.04408480226993561]], [[0.008800126612186432, -0.021457534283399582], [-0.035773370414972305, -0.055973224341869354], [-0.032603271305561066, 0.2070012390613556], [-0.19176962971687317, -0.055759038776159286], [0.10168685764074326, 0.04408480226993561]]],