{"eps": {"object_position": [[-0.17849475145339966, 0.0533677339553833], [0.08989761024713516, -0.01022091694176197], [0.03568601608276367, 0.09482324123382568], [-0.09759868681430817, -0.0710669532418251], [-0.11347796022891998, -0.09319236129522324]], "object_rotation": [1.9812253713607788, 1.661418080329895, -0.42994698882102966, 1.2209415435791016, 1.975372076034546], "distractor_position": [-0.14517910778522491, 0.7988011837005615, -0.8285865783691406, -0.08149464428424835, -1.2505319118499756]}, "eps_trace": {"object_position": [[[-0.041949961334466934, 0.036228977143764496], [0.04978657513856888, 0.1291242092847824], [-0.01572292484343052, -0.1191847175359726], [0.047991298139095306, -0.14819958806037903], [0.043202467262744904, -0.049526095390319824]], [[-0.057738617062568665, 0.009445041418075562], [0.04978657513856888, 0.1291242092847824], [-0.01572292484343052, -0.1191847175359726], [0.047991298139095306, -0.14819958806037903], [-0.02667645364999771, -0.0617978572845459]], [[-0.057738617062568665, 0.009445041418075562], [0.03906206786632538, 0.11695685982704163], [-0.0611015260219574, -0.15618738532066345], [0.060669660568237305, -0.11462493240833282], [-0.04665380343794823, 0.02354692667722702]], [[-0.039448097348213196, 0.02007335051894188], [0.03906206786632538, 0.11695685982704163], [-0.05419619008898735, -0.15984469652175903], [0.060482364147901535, -0.1513907015323639], [0.00517774373292923, 0.006724851205945015]], [[-0.01934436894953251, 0.057224441319704056], [0.03906206786632538, 0.11695685982704163], [-0.06396763026714325, -0.16263380646705627], [0.04806303232908249, -0.13036373257637024], [0.00517774373292923, 0.006724851205945015]], [[-0.01934436894953251, 0.057224441319704056], [0.056257214397192, 0.13412334024906158], [-0.06396763026714325, -0.16263380646705627], [0.04806303232908249, -0.13036373257637024], [0.08007650822401047, -0.04749324172735214]], [[-0.01639033667743206, 0.10959721356630325], [0.051904771476984024, 0.10793501883745193], [-0.0588848777115345, -0.18015284836292267], [0.04806303232908249, -0.13036373257637024], [-0.05577162653207779, -0.06036139279603958]], [[0.013501672074198723, 0.0856826901435852], [0.051904771476984024, 0.10793501883745193], [-0.0016203820705413818, -0.1609644889831543], [0.04806303232908249, -0.13036373257637024], [-0.05577162653207779, -0.06036139279603958]], [[-0.004174152389168739, 0.1209128275513649], [0.04182792454957962, 0.1085602343082428], [-0.017529437318444252, -0.18102774024009705], [0.036012500524520874, -0.1267935186624527], [-0.1402764618396759, -0.10390932857990265]], [[0.011279115453362465, 0.07887103408575058], [0.017863232642412186, 0.062135349959135056], [-0.009722399525344372, -0.21191853284835815], [-0.022698190063238144, -0.1409371942281723], [-0.16431155800819397, -0.07500379532575607]], [[-0.036574169993400574, 0.11657993495464325], [0.017863232642412186, 0.062135349959135056], [-0.008552850224077702, -0.22856798768043518], [-0.027341067790985107, -0.0823587104678154], [-0.14816536009311676, -0.13854315876960754]], [[-0.07328943908214569, 0.06726869940757751], [0.02288929745554924, -0.026702288538217545], [-0.04993623122572899, -0.18590757250785828], [-0.027341067790985107, -0.0823587104678154], [-0.14816536009311676, -0.13854315876960754]], [[-0.07057277858257294, 0.022959310561418533], [-0.033720776438713074, 0.01881951093673706], [-0.04557075724005699, -0.15112213790416718], [-0.055075839161872864, -0.1040859967470169], [-0.14816536009311676, -0.13854315876960754]], [[-0.16815784573554993, 0.04927520453929901], [-0.03004249930381775, -0.025247961282730103], [-0.06217105686664581, -0.06256356090307236], [-0.05760207399725914, -0.12796518206596375], [-0.02659953385591507, -0.1206391304731369]], [[-0.19504818320274353, 0.02225315570831299], [-0.10539880394935608, -0.08887695521116257], [-0.026077348738908768, -0.09626896679401398], [-0.05760207399725914, -0.12796518206596375], [-0.02659953385591507, -0.1206391304731369]], [[-0.19504818320274353, 0.02225315570831299], [-0.10134811699390411, -0.11709196865558624], [-0.04865346848964691, -0.015353195369243622], [-0.01917697861790657, -0.12837639451026917], [0.08446081727743149, -0.19746825098991394]], [[-0.19504818320274353, 0.02225315570831299], [-0.057229798287153244, -0.09627217054367065], [-0.06219909340143204, 0.05772373825311661], [-0.04862804710865021, -0.11930236965417862], [0.06403374671936035, -0.16311326622962952]], [[-0.19630523025989532, 0.05672898516058922], [-0.07197119295597076, -0.09231185168027878], [-0.06219909340143204, 0.05772373825311661], [-0.04862804710865021, -0.11930236965417862], [0.0313522070646286, -0.17091381549835205]], [[-0.19630523025989532, 0.05672898516058922], [-0.07197119295597076, -0.09231185168027878], [-0.03872338682413101, 0.025008663535118103], [-0.04862804710865021, -0.11930236965417862], [0.0313522070646286, -0.17091381549835205]], [[-0.19630523025989532, 0.05672898516058922], [-0.05774131789803505, -0.07118279486894608], [0.013220380991697311, 0.025907345116138458], [-0.0020233280956745148, -0.03130717575550079], [0.0313522070646286, -0.17091381549835205]], [[-0.19630523025989532, 0.05672898516058922], [-0.010014064610004425, -0.08079035580158234], [0.05309748277068138, 0.012157565914094448], [-0.0020233280956745148, -0.03130717575550079], [0.0313522070646286, -0.17091381549835205]], [[-0.19630523025989532, 0.05672898516058922], [-0.010014064610004425, -0.08079035580158234], [0.09377554059028625, 0.12765200436115265], [-0.0527077279984951, -0.0859442949295044], [0.027435733005404472, -0.13647225499153137]], [[-0.19744709134101868, 0.02686583250761032], [0.05461140722036362, -0.0877801775932312], [0.09377554059028625, 0.12765200436115265], [-0.04936821013689041, 0.005023501813411713], [0.09070320427417755, -0.15256300568580627]], [[-0.19744709134101868, 0.02686583250761032], [0.09841921925544739, -0.013597473502159119], [0.03568601608276367, 0.09482324123382568], [-0.08252391219139099, -0.008304688148200512], [0.04667235538363457, -0.1264902949333191]], [[-0.17849475145339966, 0.0533677339553833], [0.08989761024713516, -0.01022091694176197], [0.03568601608276367, 0.09482324123382568], [-0.09759868681430817, -0.0710669532418251], [-0.11347796022891998, -0.09319236129522324]]],