{"eps": {"object_position": [[0.0049335286021232605, -0.0012237211922183633], [-0.004223864059895277, -0.01158752292394638], [-0.009978029876947403, -0.0005575027316808701], [0.003823012113571167, -0.002868387382477522], [-0.0005697852466255426, -0.0023295830469578505]], "object_rotation": [1.3637222051620483, 0.9868358969688416, 2.728457450866699, 1.1143227815628052, 0.9475666284561157], "distractor_position": [-1.1781501770019531, 0.04474567249417305, -1.0701863765716553, -1.3764069080352783, -0.8407829403877258]}, "eps_trace": {"object_position": [[[0.04491669684648514, -0.0005120090208947659], [-0.01865093968808651, -0.07237601280212402], [-0.11174280941486359, -0.030537612736225128], [0.03448707237839699, -0.0399283841252327], [-0.019656077027320862, -0.02824559062719345]], [[0.04041705280542374, -0.00032840698258951306], [-0.016655946150422096, -0.06521521508693695], [-0.10057661682367325, -0.027556363493204117], [0.03116406872868538, -0.03523220866918564], [-0.01770428940653801, -0.025423754006624222]], [[0.03631218522787094, 6.810709601268172e-05], [-0.015038814395666122, -0.058764226734638214], [-0.0905630961060524, -0.024765754118561745], [0.02798398584127426, -0.031457845121622086], [-0.015889089554548264, -0.022852769121527672]], [[0.03265419602394104, 0.00020137162937317044], [-0.013537967577576637, -0.053019724786281586], [-0.08129005134105682, -0.022131381556391716], [0.025197122246026993, -0.027956852689385414], [-0.014256644994020462, -0.021203583106398582]], [[0.028935497626662254, 0.0010300565045326948], [-0.012207482010126114, -0.047708623111248016], [-0.07311756163835526, -0.019801072776317596], [0.022620873525738716, -0.0250910222530365], [-0.01269580703228712, -0.019150976091623306]], [[0.025807799771428108, 0.0012709381990134716], [-0.0106801837682724, -0.042974986135959625], [-0.06597555428743362, -0.01809467189013958], [0.020263800397515297, -0.022449299693107605], [-0.011553632095456123, -0.01690036617219448]], [[0.022946005687117577, 0.002570822834968567], [-0.00965428352355957, -0.03874716907739639], [-0.059411656111478806, -0.01627996750175953], [0.018115313723683357, -0.02002062276005745], [-0.010546976700425148, -0.014863516204059124]], [[0.020233364775776863, 0.0029530886095017195], [-0.008684735745191574, -0.03500986844301224], [-0.053184688091278076, -0.014993015676736832], [0.01620730571448803, -0.017789239063858986], [-0.0095762824639678, -0.012965059839189053]], [[0.0184011347591877, 0.0028577663470059633], [-0.00776501651853323, -0.031605497002601624], [-0.047714248299598694, -0.013397100381553173], [0.014494312927126884, -0.01581665873527527], [-0.00875878520309925, -0.011394216679036617]], [[0.01676659844815731, 0.002521002432331443], [-0.0070793298073112965, -0.0285422895103693], [-0.042941901832818985, -0.01159167941659689], [0.012936749495565891, -0.014025049284100533], [-0.007976248860359192, -0.010057221166789532]], [[0.015161500312387943, 0.002085506683215499], [-0.006283571477979422, -0.02582556940615177], [-0.038637589663267136, -0.01036242675036192], [0.011603474617004395, -0.012430383823812008], [-0.00728418305516243, -0.008768132887780666]], [[0.01383152510970831, 0.0019545492250472307], [-0.005911788437515497, -0.02400461584329605], [-0.03473857417702675, -0.009275265038013458], [0.0104269590228796, -0.011093547567725182], [-0.0068961153738200665, -0.007873928174376488]], [[0.012426183559000492, 0.002090966096147895], [-0.005321786273270845, -0.02159719355404377], [-0.031039107590913773, -0.007840018719434738], [0.009361577220261097, -0.009885101579129696], [-0.006742489989846945, -0.006997986230999231]], [[0.011553211137652397, 0.001912867883220315], [-0.004774302709847689, -0.0195205956697464], [-0.027898399159312248, -0.007331260479986668], [0.008404240012168884, -0.008755892515182495], [-0.00606626458466053, -0.006230720318853855]], [[0.010737933218479156, 0.0017628378700464964], [-0.004253782797604799, -0.017627395689487457], [-0.024638541042804718, -0.006036574952304363], [0.007568760775029659, -0.007793209981173277], [-0.005757054779678583, -0.005933121312409639]], [[0.009939243085682392, 0.0016197462100535631], [-0.003727916395291686, -0.016025030985474586], [-0.02216130867600441, -0.005527888424694538], [0.006648078095167875, -0.007428104989230633], [-0.0038072499446570873, -0.003481139661744237]], [[0.009208021685481071, 0.0014761375496163964], [-0.011576585471630096, -0.02704971842467785], [-0.019957367330789566, -0.004973321687430143], [0.005970725789666176, -0.006810776423662901], [-0.0032932611647993326, -0.002899843966588378]], [[0.008577970787882805, 0.0012128895614296198], [-0.01005380880087614, -0.024604829028248787], [-0.01806146651506424, -0.004408827517181635], [0.0053583960980176926, -0.00642674183472991], [-0.0028122386429458857, -0.0028746130410581827]], [[0.007836755365133286, 0.0012299270601943135], [-0.008874273858964443, -0.022142568603157997], [-0.016335410997271538, -0.0039149257354438305], [0.0047726258635520935, -0.006157462019473314], [-0.002372756600379944, -0.002882307395339012]], [[0.007364540360867977, 0.0011752481805160642], [-0.007811347953975201, -0.020053187385201454], [-0.015031413175165653, -0.0033469866029918194], [0.004367415327578783, -0.005923144053667784], [-0.0019815973937511444, -0.002990982262417674]], [[0.007049228996038437, 0.0009884578175842762], [-0.00699729286134243, -0.018294798210263252], [-0.013375962153077126, -0.0030869210604578257], [0.004145859740674496, -0.006165747996419668], [-0.0016595524502918124, -0.0027943062596023083]], [[0.006770248059183359, 0.0006957362638786435], [-0.0061753131449222565, -0.016367902979254723], [-0.012524173595011234, -0.0012273207539692521], [0.0038435012102127075, -0.006004479713737965], [-0.0014547704486176372, -0.00230820057913661]], [[0.006048826966434717, 0.0005725027876906097], [-0.005512346979230642, -0.014083536341786385], [-0.012129372917115688, -0.0007582243997603655], [0.004498056601732969, -0.0037187538109719753], [-0.0011357329785823822, -0.002309525618329644]], [[0.0053956396877765656, 0.00017215762636624277], [-0.004860470071434975, -0.012721492908895016], [-0.010961026884615421, -0.0006415004027076066], [0.004129583481699228, -0.0032475455664098263], [-0.0008423166000284255, -0.0023118029348552227]], [[0.0049335286021232605, -0.0012237211922183633], [-0.004223864059895277, -0.01158752292394638], [-0.009978029876947403, -0.0005575027316808701], [0.003823012113571167, -0.002868387382477522], [-0.0005697852466255426, -0.0023295830469578505]]],