{"eps": {"object_position": [[0.004417698830366135, 0.009727874770760536], [-0.004865860566496849, 0.00091794558102265], [-0.0015049894573166966, -0.02281181886792183], [0.004099647514522076, -0.014835118316113949], [0.0033633827697485685, -0.0035857215989381075]], "object_rotation": [2.1499440670013428, 1.701703667640686, 0.17905670404434204, 1.2234867811203003, 1.818105697631836], "distractor_position": [-0.2634125053882599, 0.5378982424736023, -1.0371756553649902, 0.05110162869095802, -1.2762960195541382]}, "eps_trace": {"object_position": [[[0.04119284823536873, 0.11776908487081528], [-0.010834603570401669, 0.025011736899614334], [-0.016874507069587708, -0.15779945254325867], [0.06806568801403046, -0.11879691481590271], [0.03883449360728264, -0.044725172221660614]], [[0.03710777685046196, 0.10624900460243225], [-0.009150904603302479, 0.02783481404185295], [-0.015197765082120895, -0.14219743013381958], [0.061585281044244766, -0.1077103316783905], [0.03509043902158737, -0.040015723556280136]], [[0.033414069563150406, 0.09614710509777069], [-0.00948076881468296, 0.02650275267660618], [-0.013896528631448746, -0.12846225500106812], [0.055645909160375595, -0.0975041463971138], [0.03167121112346649, -0.035801731050014496]], [[0.030273014679551125, 0.08691219240427017], [-0.01245081052184105, 0.03391958400607109], [-0.012603852897882462, -0.1154666543006897], [0.05014581233263016, -0.08833353221416473], [0.02858874574303627, -0.03210171312093735]], [[0.02739078551530838, 0.07856086641550064], [-0.012572245672345161, 0.03254254534840584], [-0.010325683280825615, -0.10487379133701324], [0.04548114910721779, -0.07982253283262253], [0.02581503987312317, -0.028761422261595726]], [[0.02485624887049198, 0.07095932960510254], [-0.011943615041673183, 0.029507670551538467], [-0.011763149872422218, -0.090606689453125], [0.041287291795015335, -0.07175740599632263], [0.02326168119907379, -0.025825630873441696]], [[0.022755835205316544, 0.06359907984733582], [-0.011414715088903904, 0.027982091531157494], [-0.010478642769157887, -0.08167403936386108], [0.037146274000406265, -0.064628005027771], [0.020967792719602585, -0.023212868720293045]], [[0.020725514739751816, 0.05726807937026024], [-0.01194327138364315, 0.02787068486213684], [-0.009430468082427979, -0.07360140234231949], [0.03346024081110954, -0.05839262902736664], [0.018958384171128273, -0.02083197794854641]], [[0.01883598230779171, 0.05170432850718498], [-0.012038256041705608, 0.0262979157269001], [-0.008329554460942745, -0.06652750074863434], [0.029834236949682236, -0.05341898649930954], [0.017222054302692413, -0.01881175860762596]], [[0.017053823918104172, 0.046817194670438766], [-0.010940172709524632, 0.023595962673425674], [-0.007339861243963242, -0.05989726632833481], [0.02666926197707653, -0.048537179827690125], [0.01557498425245285, -0.016878295689821243]], [[0.017196448519825935, 0.04159964248538017], [-0.00994853861629963, 0.021380452439188957], [-0.006470789201557636, -0.0540122389793396], [0.02390727773308754, -0.043939508497714996], [0.014097463339567184, -0.015234862454235554]], [[0.015551106072962284, 0.03751017525792122], [-0.009074019268155098, 0.019379284232854843], [-0.005681926384568214, -0.04876188933849335], [0.021398065611720085, -0.03957337513566017], [0.012775298207998276, -0.013686487451195717]], [[0.014035537838935852, 0.03381197527050972], [-0.011413651518523693, 0.022830292582511902], [-0.0050218310207128525, -0.04454035311937332], [0.019235244020819664, -0.03572351112961769], [0.011550015769898891, -0.012370358221232891]], [[0.01261915173381567, 0.03039407543838024], [-0.010356908664107323, 0.02067706547677517], [-0.004511803388595581, -0.03992769122123718], [0.017358137294650078, -0.032199230045080185], [0.010265549644827843, -0.011122101917862892]], [[0.012156098149716854, 0.025885652750730515], [-0.0097597511485219, 0.0192777868360281], [-0.0033041927963495255, -0.036105744540691376], [0.015787076205015182, -0.0295097716152668], [0.009187037125229836, -0.009898258373141289]], [[0.011002324521541595, 0.022937817499041557], [-0.009113733656704426, 0.017905471846461296], [-0.0031506610102951527, -0.03682956472039223], [0.014246202073991299, -0.026672786101698875], [0.008389169350266457, -0.008773271925747395]], [[0.009939286857843399, 0.02033284306526184], [-0.008286040276288986, 0.016914578154683113], [-0.0045638903975486755, -0.03694770857691765], [0.012872980907559395, -0.0240092184394598], [0.007487851660698652, -0.008056415244936943]], [[0.009019781835377216, 0.018189774826169014], [-0.007413244806230068, 0.016622064635157585], [-0.005271237343549728, -0.03845972940325737], [0.01159072294831276, -0.021836556494235992], [0.006807022262364626, -0.007237344980239868]], [[0.00823068805038929, 0.016352923586964607], [-0.0072945174761116505, 0.015284022316336632], [-0.005606723017990589, -0.0386689268052578], [0.01043227780610323, -0.01980220153927803], [0.006156281102448702, -0.0066029285080730915]], [[0.007496432401239872, 0.014688367024064064], [-0.005845462903380394, 0.00252495426684618], [-0.005624567624181509, -0.03828641027212143], [0.008968615904450417, -0.01922130212187767], [0.00555017776787281, -0.005957639776170254]], [[0.006809650920331478, 0.013202128000557423], [-0.005515259224921465, 0.00021678581833839417], [-0.005380257964134216, -0.03398839011788368], [0.0073730056174099445, -0.019750142470002174], [0.005070564802736044, -0.005319101270288229]], [[0.006165906321257353, 0.011676712892949581], [-0.005521573591977358, -0.001819537952542305], [-0.004732323810458183, -0.030392570421099663], [0.00667935935780406, -0.018114110454916954], [0.004554985091090202, -0.004763918928802013]], [[0.005197781138122082, 0.011992556974291801], [-0.005540979560464621, 0.0014199251309037209], [-0.0035784528590738773, -0.027756979689002037], [0.00610228581354022, -0.01608097553253174], [0.004122692625969648, -0.00428659375756979]], [[0.004781919065862894, 0.010850993916392326], [-0.005200318060815334, 0.0011360807111486793], [-0.0017329311231151223, -0.025345711037516594], [0.0049405647441744804, -0.015434063971042633], [0.0037586400285363197, -0.00401503499597311]], [[0.004417698830366135, 0.009727874770760536], [-0.004865860566496849, 0.00091794558102265], [-0.0015049894573166966, -0.02281181886792183], [0.004099647514522076, -0.014835118316113949], [0.0033633827697485685, -0.0035857215989381075]]],