{"eps": {"object_position": [[-0.0027825739234685898, -0.015912635251879692], [-0.016626795753836632, -0.022051643580198288], [0.0006744831916876137, -0.011201058514416218], [0.0006022957968525589, 0.005771275609731674], [0.020045021548867226, 0.0029541882686316967]], "object_rotation": [0.9141454100608826, 2.2993457317352295, 0.802013635635376, 2.3410019874572754, 1.374759316444397], "distractor_position": [-0.5303710699081421, 0.16550256311893463, -1.1159794330596924, 0.16202765703201294, -0.3703559935092926]}, "eps_trace": {"object_position": [[[0.015999117866158485, -0.03181137517094612], [-0.1755429208278656, -0.16170893609523773], [0.0015113197732716799, -0.10989180207252502], [0.02892763540148735, 0.11288558691740036], [0.2655690312385559, 0.006055013742297888]], [[0.014847948215901852, -0.0319264754652977], [-0.15851092338562012, -0.14561796188354492], [0.0012840792769566178, -0.09886950999498367], [0.02580142207443714, 0.1012708768248558], [0.23896309733390808, 0.005764639936387539]], [[0.01406828686594963, -0.03192383423447609], [-0.1429879069328308, -0.13129206001758575], [0.0011807323899120092, -0.08891268819570541], [0.022889606654644012, 0.09069603681564331], [0.21518899500370026, 0.005382766481488943]], [[0.010198245756328106, -0.03647253289818764], [-0.12899889051914215, -0.11845730245113373], [0.0010059666819870472, -0.07962237298488617], [0.0203753262758255, 0.08106715977191925], [0.19360914826393127, 0.005368144251406193]], [[0.009216325357556343, -0.03375867381691933], [-0.11636202782392502, -0.1069316565990448], [0.000825697963591665, -0.07137075811624527], [0.01817251741886139, 0.0726931020617485], [0.17412738502025604, 0.0048461612313985825]], [[0.008804242126643658, -0.03087197057902813], [-0.10502337664365768, -0.09653192013502121], [0.0006309763994067907, -0.06400343030691147], [0.016251061111688614, 0.06462568044662476], [0.15687067806720734, 0.005396227352321148]], [[0.00987460557371378, -0.02859928458929062], [-0.09480033069849014, -0.08718985319137573], [0.0005876996438018978, -0.057587284594774246], [0.014494838193058968, 0.05770915001630783], [0.14109870791435242, 0.005139973014593124]], [[0.0021719271317124367, -0.04019633308053017], [-0.08560533076524734, -0.07875160127878189], [0.0007168776355683804, -0.0520934984087944], [0.012928084470331669, 0.05148337036371231], [0.1268479973077774, 0.004593283869326115]], [[0.0019945786334574223, -0.03583138436079025], [-0.07733851671218872, -0.0711476057767868], [0.0007918534683994949, -0.04731250926852226], [0.011380353942513466, 0.046047378331422806], [0.11425943672657013, 0.005029317922890186]], [[0.0018072528764605522, -0.032397009432315826], [-0.06999998539686203, -0.06423453241586685], [0.000883584376424551, -0.04285593330860138], [0.010039892047643661, 0.041080307215452194], [0.10287471860647202, 0.005082482472062111]], [[0.0023673910181969404, -0.028185848146677017], [-0.06330639123916626, -0.058131132274866104], [0.0012181568890810013, -0.03882599249482155], [0.008824027143418789, 0.03662225604057312], [0.09255379438400269, 0.004836122039705515]], [[0.0036624036729335785, -0.029303260147571564], [-0.057262662798166275, -0.05267335847020149], [0.001131835742853582, -0.035211652517318726], [0.007722601760178804, 0.03261160850524902], [0.08325047791004181, 0.0046258289366960526]], [[0.0036959494464099407, -0.027645742520689964], [-0.05160670727491379, -0.04857826605439186], [0.0010776441777125, -0.03168018162250519], [0.006697763688862324, 0.029106812551617622], [0.07491423934698105, 0.00443418649956584]], [[0.0037051881663501263, -0.028906268998980522], [-0.04715767875313759, -0.04382387548685074], [0.001104324241168797, -0.02869708277285099], [0.005744591820985079, 0.025860600173473358], [0.06741902977228165, 0.004687433131039143]], [[0.0037218299694359303, -0.026399001479148865], [-0.04291275516152382, -0.03953488916158676], [0.001134170452132821, -0.026079479604959488], [0.004777470137923956, 0.023037847131490707], [0.06064092367887497, 0.004608603194355965]], [[0.004246770404279232, -0.025898728519678116], [-0.03890828788280487, -0.035854876041412354], [0.0010986318811774254, -0.023613130673766136], [0.004501692485064268, 0.019718335941433907], [0.05449522286653519, 0.004325117915868759]], [[0.004902017302811146, -0.025671791285276413], [-0.035263482481241226, -0.03253871574997902], [0.000986668630503118, -0.02117651328444481], [0.0038172861095517874, 0.01741774193942547], [0.04892944544553757, 0.00392126152291894]], [[0.005518845282495022, -0.025585364550352097], [-0.032004185020923615, -0.029604285955429077], [0.0009708573925308883, -0.019156986847519875], [0.003226727480068803, 0.015356729738414288], [0.04386952891945839, 0.0035205038730055094]], [[0.006239334121346474, -0.025852825492620468], [-0.029098154976963997, -0.026922613382339478], [0.0008324696682393551, -0.017839694395661354], [0.0027012350037693977, 0.013505162671208382], [0.03918306902050972, 0.0027315765619277954]], [[0.0060246712528169155, -0.030238430947065353], [-0.026484999805688858, -0.024530211463570595], [0.0007105072727426887, -0.016752764582633972], [0.002216669265180826, 0.011866625398397446], [0.03520185872912407, 0.003253120230510831]], [[0.0068203723058104515, -0.028316719457507133], [-0.024183083325624466, -0.022282874211668968], [0.0005203344626352191, -0.016104672104120255], [0.0017581204883754253, 0.010445699095726013], [0.03153524920344353, 0.0036602080799639225]], [[-0.005283817648887634, -0.02067320980131626], [-0.023052001371979713, -0.02298993058502674], [0.00035494432086125016, -0.015536224469542503], [0.001345616183243692, 0.00914273876696825], [0.028239808976650238, 0.003666006261482835]], [[-0.0026430594734847546, -0.018192850053310394], [-0.021115511655807495, -0.021096576005220413], [0.0004146084247622639, -0.013979806564748287], [0.001164111541584134, 0.0079889465123415], [0.025247694924473763, 0.0035199050325900316]], [[-0.0026475198101252317, -0.016864053905010223], [-0.01891133189201355, -0.022862210869789124], [0.0005262699560262263, -0.012543944641947746], [0.0008229389786720276, 0.006902054883539677], [0.022543173283338547, 0.0033147549256682396]], [[-0.0027825739234685898, -0.015912635251879692], [-0.016626795753836632, -0.022051643580198288], [0.0006744831916876137, -0.011201058514416218], [0.0006022957968525589, 0.005771275609731674], [0.020045021548867226, 0.0029541882686316967]]],