{"final_eps": [[1492.18310546875, -0.10807336121797562, -1.673699140548706, 0.032133374363183975, 0.02929101139307022], [1657.5772705078125, 0.008814189583063126, -0.8348842859268188, 0.6652557849884033, 0.6258015632629395], [1317.6444091796875, -0.6064873337745667, -1.5618236064910889, -0.3515361249446869, -0.38267287611961365], [1176.2755126953125, -0.2167772650718689, -1.628061294555664, -0.46646758913993835, -0.3272959887981415], [1400.2347412109375, -0.4708057641983032, -0.4280802309513092, -0.5636074542999268, 0.4513062834739685], [1270.27197265625, -0.4948745369911194, -1.5616490840911865, -0.598567545413971, -0.3459121584892273], [1320.583251953125, -0.33721718192100525, -0.934000551700592, -0.6277517676353455, -0.10967694967985153], [1368.598876953125, -0.3413523733615875, -0.9658066630363464, -0.32751238346099854, -0.0484609380364418], [1554.61181640625, -0.1215033233165741, -0.78358393907547, 0.39519163966178894, 0.6253615021705627], [1686.0789794921875, -0.34060782194137573, -0.7511333227157593, 0.22878879308700562, -0.16742286086082458]], "ep_logprobs": [[-6.5789618492126465, -7.506943702697754, -9.032136917114258, -11.186017036437988, -6.728470802307129, -9.484097480773926, -8.544897079467773, -7.471435546875, -6.76682186126709, -7.987112045288086], [3.5656933784484863, -15.293384552001953, 1.1815166473388672, 0.4137153625488281, -10.51853084564209, 0.7009916305541992, 1.6790790557861328, 2.7523679733276367, -12.22193431854248, -17.394487380981445], [11.851356506347656, -23.05643081665039, 9.549053192138672, 9.393446922302246, -18.0748233795166, 8.981221199035645, 10.021787643432617, 11.148903846740723, -19.092044830322266, -24.561111450195312], [14.8477783203125, -22.63714599609375, 16.37826156616211, 16.598861694335938, -24.64226531982422, 15.749983787536621, 16.841882705688477, 17.898895263671875, -25.047744750976562, -30.0555419921875], [11.465002059936523, -26.96768569946289, 22.05080795288086, 22.623050689697266, -27.0295352935791, 21.284809112548828, 22.417186737060547, 23.49331283569336, -32.84764099121094, -34.73527526855469], [0.6089348793029785, -33.23086166381836, 26.580904006958008, 27.39959716796875, -31.747705459594727, 25.89214324951172, 27.00704002380371, 28.129642486572266, -36.921512603759766, -39.280460357666016], [6.0952582359313965, -37.16838073730469, 30.248430252075195, 31.298137664794922, -20.83727264404297, 29.527599334716797, 30.701295852661133, 31.809391021728516, -40.013118743896484, -40.974117279052734], [1.849174976348877, -40.12427520751953, 33.27039337158203, 34.389347076416016, -25.48442268371582, 32.49493408203125, 33.68354797363281, 34.84919738769531, -42.54613494873047, -43.77941131591797], [-2.288057327270508, -39.953670501708984, 35.80128479003906, 37.16175842285156, -29.101131439208984, 34.978763580322266, 36.22068786621094, 37.30537033081055, -44.297569274902344, -45.37765884399414], [-7.488834381103516, -42.471771240234375, 37.856956481933594, 39.2937126159668, -30.45502471923828, 37.01976776123047, 38.18754577636719, 39.406288146972656, -46.06282043457031, -47.730804443359375], [41.524078369140625, -33.3406867980957, 39.39258575439453, 41.01402282714844, -33.62098693847656, 38.59576416015625, 39.81578826904297, 41.035888671875, -46.878868103027344, -48.328147888183594], [42.8552360534668, -34.061954498291016, 40.727439880371094, 42.42475891113281, -34.36158752441406, 39.92111587524414, 41.14888000488281, 42.373050689697266, -44.93241500854492, -48.81201171875], [43.969234466552734, -34.64952850341797, 41.84040069580078, 43.49907302856445, -34.968997955322266, 41.00975036621094, 42.23101043701172, 43.418846130371094, -41.89337158203125, -50.44905471801758], [44.853275299072266, -38.74036407470703, 42.798736572265625, 44.43661880493164, -38.977752685546875, 41.90849304199219, 43.09916687011719, 44.26117706298828, -44.89036178588867, -51.29951477050781], [45.538719177246094, -39.18734359741211, 43.49773406982422, 45.220951080322266, -39.42548370361328, 42.642738342285156, 43.799530029296875, 45.01085662841797, -43.82381057739258, -51.7464485168457], [46.16716003417969, -39.571529388427734, 44.08782958984375, 46.034889221191406, -39.800662994384766, 43.23671340942383, 44.384674072265625, 45.580562591552734, -40.89320373535156, -52.10212707519531], [46.710296630859375, -42.58441162109375, 44.67597961425781, 46.82928466796875, -42.30521011352539, 43.713356018066406, 44.887908935546875, 46.02748107910156, -43.31297302246094, -52.062103271484375], [47.103511810302734, -42.84276580810547, 45.04341125488281, 47.282806396484375, -42.56562805175781, 44.10863494873047, 45.27571105957031, 46.40849304199219, -43.57947540283203, -52.57944869995117], [47.446048736572266, -45.7120475769043, 45.34941864013672, 47.566322326660156, -45.50223922729492, 67.06526947021484, 45.613731384277344, 46.708221435546875, -45.69443130493164, -53.507171630859375], [47.706748962402344, -45.89736557006836, 45.610931396484375, 47.843936920166016, -45.68877410888672, 67.44539642333984, 45.874168395996094, 46.96876907348633, -45.88508224487305, -54.805267333984375], [47.903785705566406, -50.46171569824219, 45.81639099121094, 47.98473358154297, -47.60459518432617, 68.11407470703125, 46.130332946777344, 47.2486572265625, -47.135826110839844, -54.401119232177734], [48.0897216796875, -48.46861267089844, 46.05743408203125, 48.210914611816406, -47.34545135498047, 68.23330688476562, 46.28990936279297, 47.420284271240234, -47.75733947753906, -55.23649597167969], [48.199798583984375, -48.41845703125, 46.16902160644531, 48.49360275268555, -47.534263610839844, 68.21158599853516, 46.39701843261719, 47.53252029418945, -47.34119415283203, -55.220245361328125], [48.275508880615234, -48.66289138793945, 46.198585510253906, 48.40718078613281, -49.33894729614258, 68.58418273925781, 46.50187683105469, 47.578826904296875, -48.2165412902832, -54.74715042114258], [48.42670822143555, -50.891944885253906, 46.28034210205078, 48.53919219970703, -49.40098190307617, 68.7557601928711, 46.65520477294922, 47.6544189453125, -48.05527877807617, -53.66310119628906], [48.47800064086914, -49.43640899658203, 46.341392517089844, 48.612525939941406, -49.46358871459961, 68.92340087890625, 46.683387756347656, 47.683082580566406, -46.3849983215332, -53.43665313720703], [48.59543228149414, -48.72718811035156, 46.511444091796875, 48.63935470581055, -49.5062370300293, 68.91265869140625, 46.78594207763672, 47.804664611816406, -46.938331604003906, -53.12180709838867], [48.56027603149414, -48.99355697631836, 46.48736572265625, 48.67888259887695, -48.64657974243164, 68.82901000976562, 46.737518310546875, 47.844146728515625, -46.98211669921875, -52.192955017089844], [48.55575180053711, -49.244503021240234, 69.01939392089844, 48.63508987426758, -48.57476043701172, 69.19341278076172, 46.798095703125, 47.845333099365234, -47.35789108276367, -48.13920211791992], [48.598716735839844, -50.501731872558594, 69.14608764648438, 48.588321685791016, -51.64820098876953, 69.26383209228516, 46.89983367919922, 47.91836166381836, -50.64096450805664, -48.707664489746094], [48.57403564453125, -49.12019729614258, 68.74618530273438, 48.52519226074219, -53.94375991821289, 68.68761444091797, 46.88810729980469, 48.11945343017578, -48.87644958496094, -46.53558349609375], [64.53479766845703, -48.49866485595703, 68.84046936035156, 48.46416091918945, -53.9503173828125, 68.72029113769531, 46.84857177734375, 48.03982162475586, -48.91245651245117, -49.01406478881836], [58.6440544128418, -48.830299377441406, 69.1600341796875, 48.59777069091797, -49.28738021850586, 68.95722961425781, 46.898681640625, 48.01055908203125, -49.9332160949707, -48.54705047607422], [56.59463119506836, -50.459957122802734, 69.55015563964844, 48.80825424194336, -49.297420501708984, 68.90788269042969, 46.90562438964844, 48.0499382019043, -48.778717041015625, -49.02415466308594], [57.8595085144043, -48.96307373046875, 69.345947265625, 48.796295166015625, -52.646507263183594, 69.05045318603516, 46.93634033203125, 48.102760314941406, 