{"eps": {"object_position": [[-0.2789297103881836, 0.003935864195227623], [-0.11417330056428909, 0.11423631012439728], [0.007846509106457233, 0.07051082700490952], [0.07252207398414612, 0.1440325379371643], [-0.1709619015455246, -0.01671878807246685]], "object_rotation": [2.578080415725708, 0.2666177451610565, 2.2407820224761963, 1.2503248453140259, 2.480268716812134], "distractor_position": [-0.6854888796806335, -0.7243168950080872, -1.647710919380188, -0.7124723196029663, -0.3863692581653595]}, "eps_trace": {"object_position": [[[-0.28081902861595154, 0.004247694741934538], [-0.11482848227024078, 0.11479542404413223], [0.007615499664098024, 0.07052025943994522], [0.07279236614704132, 0.145775705575943], [-0.17248451709747314, -0.016922062262892723]], [[-0.28077900409698486, 0.004287256859242916], [-0.11482372134923935, 0.11480198800563812], [0.007607717998325825, 0.07051438838243484], [0.07278767228126526, 0.14577527344226837], [-0.17246519029140472, -0.0169428288936615]], [[-0.28077661991119385, 0.0042762961238622665], [-0.11482241004705429, 0.11480233818292618], [0.007608870975673199, 0.07051116973161697], [0.07274796813726425, 0.14576968550682068], [-0.1724231243133545, -0.016999514773488045]], [[-0.28075239062309265, 0.0042983368039131165], [-0.11480624228715897, 0.11469743400812149], [0.007598242722451687, 0.0705086812376976], [0.07279729843139648, 0.14559531211853027], [-0.17233310639858246, -0.017005443572998047]], [[-0.28075048327445984, 0.004295513033866882], [-0.11479063332080841, 0.1146402508020401], [0.007584383245557547, 0.07050495594739914], [0.07277392596006393, 0.1455807238817215], [-0.17230886220932007, -0.016994567587971687]], [[-0.28065502643585205, 0.00422955397516489], [-0.11471371352672577, 0.11462259292602539], [0.007571938913315535, 0.07051043957471848], [0.07275812327861786, 0.1455894410610199], [-0.17230837047100067, -0.01699402742087841]], [[-0.2806415557861328, 0.004256487358361483], [-0.11468770354986191, 0.11457888782024384], [0.007571831811219454, 0.07051040977239609], [0.07274787127971649, 0.1455877721309662], [-0.17218555510044098, -0.016976581886410713]], [[-0.2806430459022522, 0.004249638877809048], [-0.11469437181949615, 0.11457715928554535], [0.007615243084728718, 0.07051235437393188], [0.0727347582578659, 0.14555619657039642], [-0.1721622794866562, -0.016963934525847435]], [[-0.2803533375263214, 0.00415082648396492], [-0.11469979584217072, 0.11456268280744553], [0.007600524928420782, 0.0705326646566391], [0.07273726910352707, 0.145546093583107], [-0.17207467555999756, -0.016971701756119728]], [[-0.28035447001457214, 0.00415300065651536], [-0.11466240137815475, 0.11456766724586487], [0.007607057224959135, 0.07053526490926743], [0.07275381684303284, 0.1454688459634781], [-0.1720626801252365, -0.016949482262134552]], [[-0.28035464882850647, 0.004131316673010588], [-0.11465837061405182, 0.11456853151321411], [0.007620506454259157, 0.07051907479763031], [0.07275906205177307, 0.14547082781791687], [-0.17200657725334167, -0.016974816098809242]], [[-0.2803162634372711, 0.004147871397435665], [-0.11464530229568481, 0.11448609828948975], [0.007750520016998053, 0.07055441290140152], [0.07264392077922821, 0.14545182883739471], [-0.1719985157251358, -0.01695871166884899]], [[-0.2802826464176178, 0.00412713224068284], [-0.11463230103254318, 0.1144799217581749], [0.007818677462637424, 0.07054072618484497], [0.0726255401968956, 0.14546138048171997], [-0.1717575639486313, -0.016905436292290688]], [[-0.2802828550338745, 0.004119424615055323], [-0.11460226774215698, 0.11450105905532837], [0.00782762560993433, 0.07053694874048233], [0.0725807175040245, 0.14540107548236847], [-0.1717555969953537, -0.016894327476620674]], [[-0.28027769923210144, 0.004001739900559187], [-0.11461159586906433, 0.11446960270404816], [0.007821987383067608, 0.0705304741859436], [0.07265229523181915, 0.14517951011657715], [-0.17175567150115967, -0.016896525397896767]], [[-0.27999749779701233, 0.003914401866495609], [-0.11455583572387695, 0.11443831771612167], [0.007811242248862982, 0.07052937150001526], [0.07267364114522934, 0.145158052444458], [-0.17175567150115967, -0.016896739602088928]], [[-0.2799980342388153, 0.0039119236171245575], [-0.11453746259212494, 0.11444063484668732], [0.007810953538864851, 0.07052964717149734], [0.07266619801521301, 0.14516381919384003], [-0.17163749039173126, -0.01692192628979683]], [[-0.279102087020874, 0.0037985413800925016], [-0.11452320963144302, 0.11443278193473816], [0.007806048728525639, 0.07052960246801376], [0.07274316251277924, 0.14480988681316376], [-0.1716124564409256, -0.01694650761783123]], [[-0.27910366654396057, 0.0038085810374468565], [-0.11452032625675201, 0.1144339069724083], [0.007801244035363197, 0.0705270990729332], [0.07273723930120468, 0.14479988813400269], [-0.1713644415140152, -0.017022008076310158]], [[-0.27909108996391296, 0.003812752664089203], [-0.1145002692937851, 0.11435504257678986], [0.00781379733234644, 0.07052239030599594], [0.07270437479019165, 0.14481595158576965], [-0.17135515809059143, -0.01689576543867588]], [[-0.27904534339904785, 0.00390606583096087], [-0.11447864770889282, 0.11435779184103012], [0.007814012467861176, 0.07052207738161087], [0.07270070910453796, 0.14481613039970398], [-0.1710064560174942, -0.01670067384839058]], [[-0.27901390194892883, 0.0038956962525844574], [-0.1144394651055336, 0.11435407400131226], [0.00781891867518425, 0.07054726034402847], [0.0726722925901413, 0.14470842480659485], [-0.17099736630916595, -0.0166921503841877]], [[-0.278953492641449, 0.003953693434596062], [-0.11428984999656677, 0.11419356614351273], [0.007811773102730513, 0.0705282986164093], [0.0724923312664032, 0.14409567415714264], [-0.17098556458950043, -0.016694197431206703]], [[-0.27895066142082214, 0.0039631398394703865], [-0.11420740932226181, 0.11423760652542114], [0.007827616296708584, 0.07052783668041229], [0.07249055057764053, 0.14409880340099335], [-0.1709870845079422, -0.016700973734259605]], [[-0.2789297103881836, 0.003935864195227623], [-0.11417330056428909, 0.11423631012439728], [0.007846509106457233, 0.07051082700490952], [0.07252207398414612, 0.1440325379371643], [-0.1709619015455246, -0.01671878807246685]]],