{"case": "case14", "dispatch": {"gen": [[1.1178829669952393, 1.3526930809020996, 0.6233679056167603, 0.31676873564720154, 0.10579944401979446], [1.0008126497268677, 1.0010054111480713, 1.0027689933776855, 1.0110191106796265, 1.0047029256820679]], "load": [[-0.1658766269683838, -0.8664326667785645, -0.45120134949684143, -0.05910439416766167, -0.0847027376294136, -0.22327964007854462, -0.08960919827222824, -0.03434215486049652, -0.04549939185380936, -0.09250431507825851, -0.14194771647453308], [-0.09759165346622467, -0.18589083850383759, 0.037259627133607864, -0.02483866922557354, -0.05831515043973923, -0.16574309766292572, -0.05766918510198593, -0.017443092539906502, -0.01581086590886116, -0.051014430820941925, -0.04321465268731117]]}, "network_state": {"line_states": [[2.416560649871826, 2.544466018676758, 2.897697925567627, 1.6797394752502441, 3.1997880935668945, 3.265336036682129, 3.5082125663757324, 1.480146050453186, 1.6775513887405396, 1.7121360301971436, 3.075388193130493, 0.8259684443473816, 0.9474341869354248, 4.237245082855225, 0.23565739393234253, 2.1817126274108887, 0.5488182306289673, 2.898501396179199, 2.4996883869171143, 0.32364997267723083], [3.3024044036865234, 1.6701287031173706, 1.8163158893585205, 2.573354959487915, 3.5601894855499268, 1.8657567501068115, 1.8113151788711548, 4.092179298400879, 2.187145233154297, 1.7883474826812744, 1.4777812957763672, 2.6695923805236816, 3.8019795417785645, 1.4148443937301636, 1.8195240497589111, 2.8648176193237305, 3.0604565143585205, 0.89894700050354, 0.35547104477882385, 1.4265272617340088], [1.5677893161773682, 2.9580061435699463, 3.560539484024048, 2.2598531246185303, 3.618784189224243, 2.8303635120391846, 2.5115790367126465, 2.20116925239563, 2.1720340251922607, 1.2524691820144653, 0.9087405204772949, 1.8943593502044678, 2.58746337890625, 1.0394034385681152, 0.9100091457366943, 2.701786518096924, 3.0693516731262207, 3.407151937484741, 3.2648510932922363, 3.560370445251465], [2.0929572582244873, 2.8936538696289062, 2.331831693649292, 3.874459981918335, 1.3604631423950195, 2.6210439205169678, 2.408123731613159, 3.8735408782958984, 2.6779348850250244, 3.360689163208008, 1.0753545761108398, 2.820845127105713, 3.6923675537109375, 2.4376392364501953, -0.20641043782234192, 2.268749475479126, 3.23197078704834, 3.164975166320801, 1.059747338294983, 2.784990072250366], [1.0526529550552368, 2.5644631385803223, 1.4227626323699951, 2.636211633682251, 2.8049638271331787, 2.442732572555542, 3.2625482082366943, 0.9357603192329407, 1.9644957780838013, 3.062333345413208, 1.999151349067688, 1.7464040517807007, 3.023545026779175, 1.7679506540298462, 1.0135716199874878, 1.2571754455566406, 2.300452709197998, 1.3751709461212158, 2.7662672996520996, 1.7910000085830688], [2.5894744396209717, 2.787583351135254, -0.3991832435131073, 3.7366292476654053, 1.4393104314804077, 0.960934042930603, 2.2970077991485596, 2.342050075531006, 2.8760616779327393, 1.3272898197174072, 2.8151557445526123, 2.549110174179077, 3.4882428646087646, 2.5336883068084717, 2.124727249145508, 3.129084825515747, 3.041254997253418, 3.1287431716918945, 1.4893214702606201, 2.9393279552459717], [2.3332607746124268, 2.4697513580322266, 1.4940191507339478, 1.9583995342254639, 2.8105480670928955, 1.8149807453155518, 1.616153359413147, 3.711545467376709, 2.636997938156128, 1.7480313777923584, 2.5835604667663574, 1.0458800792694092, 2.821864604949951, 3.058614730834961, 1.5256643295288086, 2.6954145431518555, 1.1825587749481201, 3.043407440185547, 2.346477508544922, 2.328780174255371], [2.464264392852783, 1.5260570049285889, 2.9581151008605957, 2.5154027938842773, 1.9107468128204346, 3.374742269515991, 1.6478444337844849, 1.718131184577942, 1.856606125831604, 3.49819278717041, 2.583230495452881, 1.804240107536316, 2.8057522773742676, 1.6418675184249878, 3.153308391571045, 2.3048789501190186, 1.083922028541565, 4.016189098358154, 2.834890127182007, 0.5791958570480347], [3.7598979473114014, 1.203398585319519, 3.7963664531707764, 1.308025598526001, 2.6410281658172607, 2.690728187561035, 3.2316863536834717, 1.9266862869262695, 1.5579395294189453, 1.214863657951355, 2.28242564201355, 2.0987794399261475, 3.7649011611938477, 3.855985403060913, 2.1167595386505127, 3.953944206237793, 2.209204912185669, 2.88301420211792, 1.2297598123550415, 2.23942232131958], [2.754908323287964, 1.6124823093414307, 1.9882127046585083, 2.099665641784668, 0.4201565980911255, 3.0555131435394287, 1.5326253175735474, 2.3653600215911865, 1.8247026205062866, 2.3003976345062256, 2.2126352787017822, 1.9202457666397095, 3.7145116329193115, 1.9387929439544678, 3.245941638946533, 2.34016752243042, 3.4199841022491455, 2.4953203201293945, 1.281325101852417, 2.2688345909118652]]}, "time": 67.06254945999899, "L": 100.0, "mcmc_step_size": 1e-06, "num_rounds": 100, "num_mcmc_steps_per_round": 10, "num_chains": 10, "use_gradients": true, "use_stochasticity": true, "repair": true, "predict": true, "quench_rounds": 5, "tempering_schedule": null}