{"case": "case14", "dispatch": {"gen": [[2.006129741668701, 0.9079694151878357, 0.05681432783603668, 0.45396798849105835, 0.24795332551002502], [0.9754807949066162, 0.9665423035621643, 0.9626444578170776, 1.0114061832427979, 0.9847467541694641]], "load": [[-0.17861419916152954, -0.7595816850662231, -0.4025077819824219, -0.05229288712143898, -0.10896521061658859, -0.22892485558986664, -0.07513771206140518, -0.031663231551647186, -0.040407825261354446, -0.08713386952877045, -0.11285604536533356], [-0.11497894674539566, -0.18583084642887115, 0.038230013102293015, -0.032926470041275024, -0.06214144080877304, -0.14027878642082214, -0.05793245881795883, -0.025785773992538452, -0.014509987086057663, -0.03951852768659592, -0.05102258920669556]]}, "network_state": {"line_states": [[2.5368945598602295, 2.323295831680298, 1.6238809823989868, 1.8604174852371216, 3.424318313598633, 1.525772213935852, 1.9853805303573608, 3.166898488998413, 2.132511854171753, 5.256703853607178, 3.719989061355591, 0.9681724309921265, 2.025432586669922, 2.0373594760894775, 3.3959312438964844, 3.24775767326355, 3.465494155883789, 3.0928802490234375, 2.5815491676330566, 1.9910705089569092], [1.1752461194992065, 1.8821237087249756, 1.940610408782959, 2.853318214416504, 1.3497928380966187, 2.436952590942383, 2.1045689582824707, 2.1938819885253906, 3.196269989013672, 2.586029291152954, 1.4592194557189941, 4.369002342224121, 4.136610984802246, 1.6493796110153198, 0.4977039396762848, 0.8510081171989441, 1.7143200635910034, 1.6180315017700195, 1.58157217502594, 3.225881576538086], [3.2594852447509766, 2.891026735305786, 1.4954787492752075, 2.5975615978240967, 1.7094619274139404, 1.0463124513626099, 1.6303794384002686, 3.8967227935791016, 2.0707950592041016, 2.63472318649292, 3.700869560241699, 1.5515135526657104, 4.1056437492370605, 3.3491814136505127, 4.236495018005371, 3.8249752521514893, 0.8930811285972595, 2.1031277179718018, 0.7593090534210205, 4.941816329956055], [3.3148934841156006, 1.1637425422668457, 1.9169821739196777, 2.6172635555267334, 1.7811963558197021, 2.266505002975464, 2.3236734867095947, 2.2445523738861084, -0.02266736701130867, 2.703054189682007, 2.3550119400024414, 2.787504196166992, 2.289865016937256, 2.987529993057251, 1.2452292442321777, 0.7994242906570435, 3.5878994464874268, 2.55084490776062, 2.7746822834014893, 3.3242573738098145], [0.07490667700767517, 2.9664323329925537, 4.702579975128174, 3.548954725265503, 1.8971354961395264, 3.9241714477539062, 2.974412679672241, -0.3771060109138489, 1.7457832098007202, 0.801819920539856, 0.8814989328384399, 2.3544652462005615, 3.2435243129730225, 3.1269071102142334, 1.143742322921753, 3.570979118347168, 2.3241395950317383, 3.5248827934265137, 1.607232928276062, 3.8341596126556396], [2.2853777408599854, 3.6316232681274414, 3.3852264881134033, 1.3687251806259155, 3.5449721813201904, 2.6561014652252197, 3.589724063873291, 2.9280054569244385, 2.0999069213867188, 0.9572714567184448, 1.598675012588501, 0.3981472849845886, 1.395334243774414, 3.319533586502075, 1.7663649320602417, 2.4265217781066895, 2.246035575866699, 1.6378828287124634, 2.1121435165405273, 2.1801114082336426], [2.375302791595459, 2.416470766067505, 3.931946039199829, 3.2693958282470703, 2.4712650775909424, 4.609714508056641, 1.3407317399978638, 3.0340044498443604, 2.408937931060791, 3.2187716960906982, 1.6863994598388672, 1.520542025566101, 2.132880687713623, 1.8112990856170654, 0.0952792763710022, 2.3202767372131348, 3.053656578063965, 2.3525357246398926, 1.4471220970153809, 2.5486154556274414], [2.0337891578674316, 1.2264683246612549, 2.8986527919769287, 2.543365001678467, 1.2608586549758911, 3.7599267959594727, 2.1469008922576904, 2.4075963497161865, 3.3008978366851807, 4.198858737945557, 0.5813643336296082, 2.2870185375213623, 3.5917415618896484, 2.2536871433258057, 2.4266295433044434, 1.343179702758789, 3.277336597442627, 3.762821912765503, 3.3630311489105225, 4.962629795074463], [1.7262357473373413, 0.8054377436637878, 2.3402161598205566, 3.5199618339538574, 2.059908151626587, 2.0384700298309326, 2.131056547164917, 2.105877637863159, 2.128725290298462, 1.3989379405975342, 2.0326602458953857, 2.813143730163574, 0.5482442378997803, 2.9540510177612305, 1.1160153150558472, 1.5557212829589844, 4.039769649505615, 2.3558924198150635, 0.3283612132072449, 3.9721689224243164], [2.059276819229126, 3.853328227996826, 5.13886833190918, 1.6241881847381592, 2.6415998935699463, 3.5172057151794434, 0.05781582370400429, 1.8024580478668213, 2.512409210205078, 3.2284908294677734, 1.168852686882019, 2.6556663513183594, 2.657670497894287, -1.1742149591445923, 0.9406271576881409, -0.37264734506607056, 2.2455625534057617, 1.6338167190551758, 0.6977531313896179, 2.8563482761383057]]}, "time": 89.39175643400085, "L": 100.0, "dp_mcmc_step_size": 1e-06, "ep_mcmc_step_size": 0.01, "num_rounds": 100, "num_mcmc_steps_per_round": 10, "num_chains": 10, "use_gradients": false, "use_stochasticity": true, "repair": true, "predict": true, "quench_rounds": 0, "tempering_schedule": null}