{"case": "case14", "dispatch": {"gen": [[2.1025702953338623, 0.7043052315711975, 0.746697187423706, 0.8209515810012817, 0.4402192234992981], [0.9903625845909119, 0.9951666593551636, 0.9863278865814209, 1.023374319076538, 1.0173670053482056]], "load": [[-0.18522962927818298, -0.8603853583335876, -0.3826591670513153, -0.07234859466552734, -0.09938131272792816, -0.2307945191860199, -0.08103065937757492, -0.03281271457672119, -0.046708784997463226, -0.1256234496831894, -0.14204540848731995], [-0.12005307525396347, -0.16677755117416382, 0.03066384792327881, -0.014001332223415375, -0.071599580347538, -0.15126530826091766, -0.045055877417325974, -0.013846052810549736, -0.014715075492858887, -0.04355163872241974, -0.042416974902153015]]}, "network": {"line_conductances": [[4.657900333404541, 1.1873490810394287, 0.3986668884754181, 1.5349109172821045, 1.7332738637924194, 0.21189624071121216, 6.976354598999023, -0.020830759778618813, -0.04226994141936302, -0.05305423587560654, 1.5812817811965942, 1.7831028699874878, 3.3628289699554443, 0.15160179138183594, 0.28727099299430847, -0.0006516965222544968, 1.7687443494796753, 1.8148442506790161, 2.7641100883483887, 1.3197976350784302], [5.444197177886963, 0.9289454817771912, 1.3508765697479248, 1.4742765426635742, 1.4937782287597656, 1.7301034927368164, 7.03173828125, 0.0627375915646553, 0.011658445931971073, 0.004361623898148537, 1.6889944076538086, 1.3867052793502808, 2.8814589977264404, 0.009085281752049923, 0.3780656158924103, 3.5749340057373047, 1.454032063484192, 1.5236636400222778, 2.3702423572540283, 1.3571455478668213], [5.206615924835205, 0.569827139377594, 1.1901159286499023, 2.13080096244812, 1.5796747207641602, 2.1770272254943848, 7.286825180053711, 0.012167362496256828, 0.011816397309303284, 0.011980243027210236, 2.0311279296875, -0.031710222363471985, 3.0586957931518555, -0.03809259086847305, -0.019712209701538086, 4.026939868927002, 1.5804870128631592, 2.5055060386657715, 2.5732905864715576, 0.8559772372245789], [4.806153297424316, 1.0162034034729004, 0.9269105195999146, 1.6843037605285645, 2.0228116512298584, 2.6100351810455322, 0.06092516705393791, 0.010511917062103748, -0.05353519320487976, -0.044297631829977036, 1.7896809577941895, 1.2220407724380493, 3.2945358753204346, 0.03097514994442463, 0.032935917377471924, 3.725318431854248, 1.9041333198547363, 1.9113900661468506, 2.531442880630493, 1.3400018215179443], [4.829403400421143, 1.2610377073287964, 1.1908621788024902, 0.062250200659036636, 0.5767362117767334, 2.1075785160064697, 7.016736030578613, 0.13124626874923706, 0.022004567086696625, 0.17429901659488678, 1.7847217321395874, 1.7248443365097046, 3.006345510482788, -0.05275340378284454, 0.4476202428340912, 4.197235584259033, 1.3131706714630127, 1.9147233963012695, 2.1869373321533203, 0.7943927049636841], [5.288656234741211, 0.27786967158317566, 1.1160398721694946, 1.7968640327453613, 1.8673808574676514, 2.13539981842041, 6.961268901824951, -0.005121785681694746, 0.12591558694839478, 0.17567597329616547, 1.999992847442627, 1.5442208051681519, 2.3748984336853027, -0.09185183048248291, 0.10938610881567001, 3.780855178833008, 1.7351700067520142, 2.0644116401672363, 2.5324597358703613, 1.116499662399292], [4.795011520385742, 1.053857684135437, 0.80221027135849, 1.6597837209701538, 1.2826026678085327, 0.4165634214878082, 6.50849723815918, 0.003900216892361641, 0.031060952693223953, 0.3731932044029236, 1.9289830923080444, 1.7643250226974487, 2.704467296600342, 0.002794572850689292, 0.031866274774074554, 3.7924716472625732, 1.5315587520599365, 2.094172716140747, 2.0572242736816406, 1.3605002164840698], [5.609066963195801, 1.2426140308380127, 0.7935699224472046, 1.4235466718673706, 1.9792145490646362, 1.8991765975952148, 6.9875922203063965, 0.013542326167225838, 0.01733083464205265, 0.16129091382026672, 1.8994832038879395, 1.2893122434616089, 2.958573818206787, 0.02073662355542183, 0.531314492225647, 4.173305511474609, 1.5845448970794678, 0.037505023181438446, 2.6837902069091797, 1.567679762840271], [4.951898574829102, 0.8172630667686462, 1.6291886568069458, 0.10009562224149704, 1.7517729997634888, 2.0091073513031006, 7.059805870056152, 0.10430630296468735, 0.004396179690957069, 0.07057733833789825, 0.04652629420161247, -0.029096025973558426, 3.5333616733551025, -0.0020853762980550528, 0.17578351497650146, 3.843205213546753, 1.8657488822937012, 2.331815242767334, 2.81827974319458, 1.263625144958496], [5.140035629272461, 1.4443225860595703, 0.721777617931366, 1.6217117309570312, 2.0476067066192627, 1.8733189105987549, 6.820716857910156, -0.08787708729505539, 0.27615198493003845, -0.01223926991224289, 2.0141162872314453, 1.2589071989059448, 2.749321222305298, 0.4097009301185608, 0.03589717298746109, 3.6567418575286865, 1.2956428527832031, 1.5448529720306396, 3.1147429943084717, 0.9529101252555847]],