{"case": "case14", "dispatch": {"gen": [[1.9916359186172485, 0.6329138278961182, 0.9064621329307556, 0.910044252872467, 0.4240260422229767], [1.0238019227981567, 1.0317673683166504, 1.0218737125396729, 1.0550336837768555, 1.0424139499664307]], "load": [[-0.18691834807395935, -0.8263013958930969, -0.34018653631210327, -0.07542639970779419, -0.09516163915395737, -0.21134066581726074, -0.08911377191543579, -0.03438957780599594, -0.05710482969880104, -0.09481926262378693, -0.11170914024114609], [-0.12328842282295227, -0.1481017768383026, 0.02772432193160057, -0.014798160642385483, -0.06362705677747726, -0.11856705695390701, -0.041333187371492386, -0.014687533490359783, -0.015174740925431252, -0.05664733052253723, -0.049756962805986404]]}, "network": {"line_conductances": [[4.770650863647461, 1.1147174835205078, 0.27594050765037537, 1.7479100227355957, 1.7064589262008667, 0.0953165739774704, 6.907275199890137, -0.007071538828313351, 0.11043444275856018, 0.056415658444166183, 1.737560510635376, 1.770559549331665, 3.2860310077667236, 0.12535420060157776, 0.32615745067596436, 0.0955171138048172, 1.7094175815582275, 1.6048892736434937, 2.864927291870117, 1.260485053062439], [5.438591480255127, 0.976675271987915, 1.2276276350021362, 1.7064152956008911, 1.4828165769577026, 1.7933481931686401, 6.904839038848877, 0.022345030680298805, -0.09064944833517075, -0.005449869204312563, 1.8533620834350586, 1.29833984375, 3.0759692192077637, -0.12396278977394104, 0.2883851230144501, 3.6271493434906006, 1.3823795318603516, 1.6216241121292114, 2.372716188430786, 1.2796270847320557], [5.172964572906494, 0.9308894872665405, 1.2532477378845215, 2.0174739360809326, 1.5633459091186523, 2.2541680335998535, 7.232128143310547, 0.005567918065935373, -0.026287192478775978, -0.016829513013362885, 1.8679250478744507, 0.15539368987083435, 2.9378437995910645, -0.0682920441031456, 0.12195248901844025, 4.0525007247924805, 1.4339721202850342, 2.338547468185425, 2.6054975986480713, 0.978411853313446], [4.908551216125488, 0.9810029864311218, 1.0420312881469727, 1.6814193725585938, 1.8851042985916138, 2.4718620777130127, 0.0389530286192894, 0.21859270334243774, -0.1372418999671936, -0.04248325154185295, 1.8412208557128906, 1.3694888353347778, 3.1516189575195312, -0.009594645351171494, -0.0010620778193697333, 3.7814292907714844, 1.786244511604309, 1.9507570266723633, 2.6086950302124023, 1.2972909212112427], [4.63126802444458, 1.3979427814483643, 1.156250238418579, 0.012355884537100792, 0.18878056108951569, 2.0150740146636963, 6.743845462799072, 0.056619442999362946, -0.06679387390613556, 0.011568092741072178, 1.8886338472366333, 1.7439295053482056, 3.0477983951568604, 0.01342737302184105, 0.4155793786048889, 4.1114702224731445, 1.3557912111282349, 1.8736273050308228, 2.2534615993499756, 0.8509094715118408], [5.3428874015808105, 0.24624820053577423, 1.1757278442382812, 1.8978455066680908, 1.7153679132461548, 2.1295769214630127, 6.829194068908691, -0.012907158583402634, 0.02841966412961483, 0.13534370064735413, 2.0179691314697266, 1.5490753650665283, 2.591252088546753, 0.12606565654277802, 0.09141415357589722, 3.9077601432800293, 1.8046317100524902, 2.1022911071777344, 2.5781044960021973, 1.2371976375579834], [4.90890645980835, 1.0415494441986084, 0.9775844812393188, 1.5419528484344482, 1.2516050338745117, 0.3673741817474365, 6.626527309417725, -0.07871711254119873, -0.0506824254989624, 0.3966555893421173, 1.7396106719970703, 1.825334906578064, 2.767167091369629, 0.030006855726242065, 0.03617619723081589, 3.8108677864074707, 1.2739757299423218, 1.9918019771575928, 1.9916678667068481, 1.2851589918136597], [5.366286754608154, 1.1570783853530884, 0.8182559013366699, 1.5568978786468506, 1.997674822807312, 1.7919104099273682, 7.010501861572266, -0.17424769699573517, -0.14921489357948303, 0.08725687116384506, 1.7576361894607544, 1.427286982536316, 2.909310817718506, -0.08587286621332169, 0.29756641387939453, 4.051151752471924, 1.4308195114135742, 0.07215173542499542, 2.6461868286132812, 1.655107855796814], [4.981696128845215, 0.8003309965133667, 1.4886887073516846, 0.024858346208930016, 1.681305170059204, 2.034485101699829, 7.029558181762695, -0.001895508379675448, 0.16284970939159393, 0.13722069561481476, -0.0371493399143219, 0.040561381727457047, 3.4146974086761475, 0.13872098922729492, 0.17233075201511383, 3.6932361125946045, 1.804964303970337, 2.2997705936431885, 2.7945096492767334, 1.2385655641555786], [4.969593048095703, 1.1667226552963257, 0.7865509390830994, 1.5075771808624268, 1.920505404472351, 2.0291500091552734, 6.854160785675049, -0.030436091125011444, 0.23655793070793152, 0.09929312765598297, 2.0863263607025146, 1.290802240371704, 2.6706464290618896, 0.11654096096754074, 0.1753423511981964, 3.647465705871582, 1.4656431674957275, 1.4889973402023315, 2.85276460647583, 1.119554877281189]],