{"case": "case14", "dispatch": {"gen": [[2.2071104049682617, 0.3293655216693878, 0.6296864151954651, 0.24706417322158813, 0.8561675548553467], [0.9894434213638306, 0.982603132724762, 0.985267162322998, 1.0261234045028687, 1.056412935256958]], "load": [[-0.17471066117286682, -0.7661617398262024, -0.43638885021209717, -0.0920683741569519, -0.09774437546730042, -0.2103656381368637, -0.08227262645959854, -0.018675314262509346, -0.06441756337881088, -0.10886793583631516, -0.11968507617712021], [-0.12793022394180298, -0.15957483649253845, 0.038252148777246475, -0.014614764600992203, -0.07113973796367645, -0.14460508525371552, -0.048406925052404404, -0.011822523549199104, -0.012868931517004967, -0.038130372762680054, -0.03737187385559082]]}, "network": {"line_conductances": [[4.483888149261475, 1.123044729232788, 0.4248221516609192, 1.5476270914077759, 1.6769169569015503, 0.25395745038986206, 7.0729451179504395, 0.0038293746765702963, 0.05913224816322327, -0.04412318021059036, 1.6601028442382812, 1.7668390274047852, 3.370333671569824, 0.26570072770118713, 0.32766371965408325, -0.022339899092912674, 1.8276913166046143, 1.7238142490386963, 2.8375344276428223, 1.2662930488586426], [5.456027030944824, 1.0168222188949585, 1.3854281902313232, 1.596779227256775, 1.5123906135559082, 1.629920482635498, 7.03178596496582, 0.0900488942861557, -0.002655766671523452, -0.006642042193561792, 1.7029662132263184, 1.3836673498153687, 2.8058817386627197, 0.0005895817303098738, 0.3964635133743286, 3.6949033737182617, 1.3930703401565552, 1.5300015211105347, 2.382417917251587, 1.327871561050415], [5.257341384887695, 0.6776268482208252, 1.2104297876358032, 2.2625532150268555, 1.5931345224380493, 2.1288743019104004, 7.360964298248291, -0.0429338775575161, 0.0854419469833374, -0.0269323643296957, 2.0350189208984375, -0.017974253743886948, 2.9740548133850098, 0.010397755540907383, 0.00899242889136076, 4.057092666625977, 1.524383306503296, 2.5767786502838135, 2.5773799419403076, 0.7697802186012268], [4.80964994430542, 1.0823020935058594, 0.941993772983551, 1.6985900402069092, 1.8408843278884888, 2.598165273666382, -0.01969357393682003, 0.013523286208510399, -0.036885496228933334, -0.015572556294500828, 1.8623639345169067, 1.1651803255081177, 3.2763543128967285, -0.022544611245393753, 0.03743092715740204, 3.7188260555267334, 1.9515541791915894, 1.873875617980957, 2.7508273124694824, 1.320894479751587], [4.646214962005615, 1.3623230457305908, 1.1668051481246948, 0.0614028200507164, 0.5644837617874146, 1.9599350690841675, 7.02648401260376, 0.15581081807613373, -0.04712482541799545, 0.19036005437374115, 1.6813067197799683, 1.766442894935608, 3.093947410583496, -0.028887996450066566, 0.5403951406478882, 4.185562610626221, 1.180719017982483, 2.029980421066284, 2.1723344326019287, 0.8663232922554016], [5.264430999755859, 0.3688904941082001, 1.2028892040252686, 1.783890724182129, 1.7332801818847656, 2.0219900608062744, 6.9838714599609375, 0.034140486270189285, 0.1545550525188446, 0.17722631990909576, 2.06530499458313, 1.520124077796936, 2.3939363956451416, 0.05304599180817604, 0.17972445487976074, 3.753552198410034, 1.7087754011154175, 2.094975709915161, 2.5232937335968018, 1.2113969326019287], [4.781955242156982, 1.0063728094100952, 0.8830788731575012, 1.609786868095398, 1.2189072370529175, 0.41900113224983215, 6.485185146331787, -0.025661911815404892, 0.012545895762741566, 0.4625386893749237, 1.7686917781829834, 1.7571443319320679, 2.7070565223693848, -0.00471643079072237, -0.036786362528800964, 3.70776629447937, 1.585250973701477, 2.090446710586548, 1.9768425226211548, 1.3813345432281494], [5.6911845207214355, 1.288981318473816, 0.5919658541679382, 1.3870030641555786, 2.090811252593994, 1.9035472869873047, 6.94860315322876, -0.010560275986790657, 0.010995220392942429, 0.11530190706253052, 1.8615520000457764, 1.2774312496185303, 2.9764347076416016, -0.026245303452014923, 0.6742081642150879, 4.078420162200928, 1.560784101486206, 0.038158565759658813, 2.7742741107940674, 1.6945258378982544], [4.937445640563965, 0.6747687458992004, 1.6452620029449463, -0.016071660444140434, 1.6550835371017456, 2.0405850410461426, 7.041975498199463, 0.09661702811717987, 0.025158006697893143, 0.15374380350112915, 0.053585197776556015, 0.017506228759884834, 3.556352138519287, 0.011943127028644085, 0.21353991329669952, 3.7234318256378174, 1.9657005071640015, 2.3816163539886475, 2.8739707469940186, 1.2701361179351807], [5.158952236175537, 1.5310049057006836, 0.6935716271400452, 1.6039100885391235, 2.103706121444702, 1.878988265991211, 6.911616325378418, 0.008030781522393227, 0.2758522629737854, -0.024475133046507835, 1.9712913036346436, 1.176698923110962, 2.6405577659606934, 0.36395755410194397, 0.012009703554213047, 3.689141035079956, 1.2775076627731323, 1.6555333137512207, 3.1779487133026123, 1.0489877462387085]],