{"case": "case14", "dispatch": {"gen": [[2.2276782989501953, 0.30064573884010315, 0.636738657951355, 0.2269047498703003, 0.8171682357788086], [1.0011383295059204, 0.9931861162185669, 0.9955734610557556, 1.0317999124526978, 1.039143681526184]], "load": [[-0.19522562623023987, -0.7721264958381653, -0.4318980276584625, -0.06342613697052002, -0.10505642741918564, -0.2353331595659256, -0.0851886048913002, -0.032635629177093506, -0.052592527121305466, -0.10005569458007812, -0.1190430074930191], [-0.11973460018634796, -0.18347285687923431, 0.03712436184287071, -0.011212069541215897, -0.06274087727069855, -0.15115194022655487, -0.05274982377886772, -0.014687316492199898, -0.012397600337862968, -0.042175643146038055, -0.043949343264102936]]}, "network": {"line_conductances": [[4.495144844055176, 1.1150295734405518, 0.43305274844169617, 1.5562056303024292, 1.6899086236953735, 0.26021912693977356, 7.080086708068848, -0.02425132878124714, 0.03724048659205437, -0.039009541273117065, 1.6371474266052246, 1.7811886072158813, 3.3798129558563232, 0.23675255477428436, 0.2952689230442047, 0.02919820509850979, 1.7886533737182617, 1.6954594850540161, 2.8582651615142822, 1.3021539449691772], [5.474842548370361, 0.9661675691604614, 1.3798542022705078, 1.613926649093628, 1.5350686311721802, 1.6166542768478394, 7.00573205947876, 0.02941274642944336, -0.014044629409909248, 0.009066413156688213, 1.7376289367675781, 1.3694219589233398, 2.8390753269195557, -0.050086453557014465, 0.3845011591911316, 3.6111810207366943, 1.3854418992996216, 1.50963294506073, 2.3987889289855957, 1.3194835186004639], [5.260377407073975, 0.727965235710144, 1.1893861293792725, 2.249159336090088, 1.6048593521118164, 2.1455914974212646, 7.354465484619141, -0.037858545780181885, 0.053503066301345825, -0.0015463018789887428, 2.0410685539245605, -0.006469906773418188, 2.9376728534698486, -0.04228205606341362, 0.010809622704982758, 4.061458110809326, 1.5446630716323853, 2.5672004222869873, 2.616396188735962, 0.7615911960601807], [4.7761993408203125, 1.084171175956726, 0.9319393634796143, 1.7081876993179321, 1.8623191118240356, 2.582504987716675, -0.026253854855895042, -0.03157460317015648, -0.0362221822142601, -0.04094143956899643, 1.846348524093628, 1.175282597541809, 3.272738218307495, -0.00608415249735117, -0.0029948358424007893, 3.6836352348327637, 1.9449093341827393, 1.8592721223831177, 2.7524325847625732, 1.3197827339172363], [4.672896862030029, 1.3445985317230225, 1.1362816095352173, 0.04048215225338936, 0.5466562509536743, 2.0019478797912598, 6.942982196807861, 0.14398939907550812, 0.026594052091240883, 0.1712140440940857, 1.6734747886657715, 1.7754337787628174, 3.0433361530303955, -0.009919554926455021, 0.5732324719429016, 4.175482749938965, 1.2106995582580566, 1.994195580482483, 2.172003746032715, 0.803563117980957], [5.305131912231445, 0.364912748336792, 1.1444817781448364, 1.767600655555725, 1.738548994064331, 2.0832948684692383, 6.98244571685791, 0.06821480393409729, 0.22366616129875183, 0.14933790266513824, 2.0871284008026123, 1.5050829648971558, 2.375406265258789, -0.01216050609946251, 0.11554519832134247, 3.7276816368103027, 1.7529120445251465, 2.131100654602051, 2.54132080078125, 1.2072328329086304], [4.761425018310547, 1.063662052154541, 0.8648421168327332, 1.6017231941223145, 1.2106419801712036, 0.44174724817276, 6.490036487579346, 0.0024183792993426323, 0.049006689339876175, 0.4425916075706482, 1.777443528175354, 1.7640700340270996, 2.689098834991455, -0.015149584971368313, -0.01243176031857729, 3.745244026184082, 1.5659083127975464, 2.106621026992798, 1.9619183540344238, 1.3622045516967773], [5.683691024780273, 1.2850115299224854, 0.6606089472770691, 1.3985624313354492, 2.1514499187469482, 1.8826018571853638, 6.961831569671631, -0.04408848285675049, -0.015846066176891327, 0.1805434674024582, 1.8448644876480103, 1.262540578842163, 2.9321844577789307, -0.020892582833766937, 0.6391997933387756, 4.113366603851318, 1.5654098987579346, 0.04160529375076294, 2.760236978530884, 1.656580924987793], [4.973034381866455, 0.7133305072784424, 1.6288807392120361, 0.02051631174981594, 1.6977025270462036, 2.031151294708252, 7.057405948638916, 0.1076662614941597, 0.056029196828603745, 0.13697437942028046, 0.056275319308042526, 0.023288235068321228, 3.590527057647705, 0.028750188648700714, 0.2097940891981125, 3.7363359928131104, 2.004910707473755, 2.396522045135498, 2.8313374519348145, 1.260045051574707], [5.1225433349609375, 1.4775077104568481, 0.6826046705245972, 1.6038103103637695, 2.110825777053833, 1.9458770751953125, 6.820470333099365, -0.0041788071393966675, 0.327531099319458, -0.03740905597805977, 2.0187509059906006, 1.2122076749801636, 2.5930511951446533, 0.3727656304836273, 0.05151193588972092, 3.7013893127441406, 1.3109207153320312, 1.6308890581130981, 3.1687169075012207, 1.0621768236160278]],