{"case": "case14", "dispatch": {"gen": [[2.053097724914551, 0.7233806252479553, 0.7895978689193726, 0.9270929098129272, 0.45853090286254883], [0.9723584055900574, 0.9806398153305054, 0.9809225797653198, 1.0262800455093384, 1.025817632675171]], "load": [[-0.18077756464481354, -0.8110044598579407, -0.3830496072769165, -0.06482389569282532, -0.09976206719875336, -0.24123768508434296, -0.07244822382926941, -0.028387364000082016, -0.05474855378270149, -0.11782398819923401, -0.12675029039382935], [-0.11004474014043808, -0.14908576011657715, 0.031566813588142395, -0.01403854414820671, -0.06773525476455688, -0.14476116001605988, -0.047288618981838226, -0.01586296036839485, -0.012458907440304756, -0.04583897441625595, -0.036590807139873505]]}, "network": {"line_conductances": [[4.76140022277832, 1.0487724542617798, 0.35463830828666687, 1.5419126749038696, 1.661594271659851, 0.2626514136791229, 6.975545883178711, 0.11045313626527786, 0.02570001222193241, -0.19251109659671783, 1.6869384050369263, 1.7779816389083862, 3.2705490589141846, 0.18193551898002625, 0.2888612449169159, 0.04561381787061691, 1.6711022853851318, 1.8071436882019043, 2.7844889163970947, 1.2619200944900513], [5.385324954986572, 1.0722103118896484, 1.267137050628662, 1.6312530040740967, 1.48649001121521, 1.7935857772827148, 6.998942852020264, 0.08624690026044846, 0.008145080879330635, 0.05462266877293587, 1.7296990156173706, 1.463267207145691, 2.9290051460266113, 0.02068357542157173, 0.17266269028186798, 3.607715129852295, 1.3896732330322266, 1.6079057455062866, 2.4071836471557617, 1.2703521251678467], [5.209675312042236, 0.7999255061149597, 1.0543912649154663, 2.1923844814300537, 1.4902364015579224, 2.162729501724243, 7.260310649871826, 0.043879617005586624, -0.04950806125998497, 0.08702388405799866, 2.0106866359710693, 0.03893830254673958, 2.9554567337036133, 0.03160003200173378, 0.035143110901117325, 4.0179667472839355, 1.5474854707717896, 2.3408732414245605, 2.547559976577759, 0.9910547137260437], [4.819868087768555, 0.9719818234443665, 0.9993163347244263, 1.6725273132324219, 1.915672779083252, 2.471205234527588, 0.036027852445840836, -0.08347506821155548, 0.030497564002871513, -0.08435948193073273, 1.996995210647583, 1.3191620111465454, 3.307467460632324, 0.12935402989387512, 0.07968766987323761, 3.8048760890960693, 1.7726213932037354, 1.8960742950439453, 2.6213364601135254, 1.2980538606643677], [4.86503791809082, 1.2819682359695435, 1.1706078052520752, 0.02661844901740551, 0.3571273982524872, 2.092339277267456, 6.854759693145752, -0.0033555158879607916, 0.07511813193559647, 0.1437765508890152, 1.6569784879684448, 1.8702516555786133, 3.0227715969085693, -0.046103354543447495, 0.24073223769664764, 4.070523262023926, 1.3797377347946167, 1.9979859590530396, 2.282428503036499, 0.9167401790618896], [5.12110710144043, 0.3097761571407318, 1.1347572803497314, 1.6958249807357788, 1.7303828001022339, 2.1108133792877197, 6.82936429977417, 0.04439041018486023, 0.07345195859670639, 0.0783674493432045, 2.003082036972046, 1.4909101724624634, 2.574068546295166, 0.051667895168066025, 0.09066782146692276, 3.7880005836486816, 1.6598631143569946, 2.060439348220825, 2.514281749725342, 1.1893059015274048], [4.747625827789307, 0.9611662030220032, 0.9198967218399048, 1.6550769805908203, 1.3980379104614258, 0.27534955739974976, 6.62847900390625, 0.015023223124444485, -0.0006453383830375969, 0.2507116496562958, 1.8625227212905884, 1.7286334037780762, 2.90773868560791, 0.020801259204745293, 0.03170496225357056, 3.8695077896118164, 1.4657056331634521, 1.9888256788253784, 2.1751761436462402, 1.1852866411209106], [5.400543212890625, 1.0408008098602295, 0.8576598167419434, 1.4083573818206787, 1.9822334051132202, 1.8087118864059448, 6.958845615386963, 0.01887269876897335, 0.11176503449678421, -0.008498333394527435, 1.851062297821045, 1.3949215412139893, 2.9520151615142822, -0.03239467367529869, 0.3090111017227173, 4.045475482940674, 1.5405982732772827, 0.0414668545126915, 2.6414220333099365, 1.4808204174041748], [5.13857364654541, 0.7738240957260132, 1.4858558177947998, 0.06211329996585846, 1.7034401893615723, 1.9945448637008667, 6.950072765350342, 0.07905874401330948, -0.08802396804094315, 0.07570033520460129, 0.07826235890388489, 0.09203734248876572, 3.3789315223693848, 0.025719275698065758, 0.16803064942359924, 3.8122670650482178, 1.7486058473587036, 2.240863084793091, 2.7438998222351074, 1.3291196823120117], [4.984923362731934, 1.2688546180725098, 0.8396766185760498, 1.566827416419983, 2.0123722553253174, 1.9422070980072021, 6.872806549072266, 0.11858542263507843, 0.20639555156230927, -0.03729178011417389, 2.0720221996307373, 1.3025150299072266, 2.7659170627593994, 0.1313178390264511, -0.031474560499191284, 3.7926065921783447, 1.4463666677474976, 1.6707950830459595, 2.954448699951172, 0.905014157295227]],