{"eps": {"object_position": [[-0.002104484708979726, -0.0022107884287834167], [-0.013974363915622234, -0.008215263485908508], [0.00040582194924354553, 0.00242161494679749], [0.002935466356575489, 0.008710086345672607], [0.04876003786921501, 0.0011014561168849468]], "object_rotation": [1.0747987031936646, 2.089657783508301, 1.0169860124588013, 2.12561297416687, 1.4312909841537476], "distractor_position": [-0.4830913543701172, -0.01877252757549286, -0.9309254288673401, -0.01792888715863228, -0.46396777033805847]}, "eps_trace": {"object_position": [[[0.008061064407229424, -0.02792336791753769], [-0.18727661669254303, -0.17246995866298676], [0.0014409138821065426, -0.11248090863227844], [0.02974751591682434, 0.1159924566745758], [0.2848629057407379, 0.006179094314575195]], [[0.005759295541793108, -0.01819242350757122], [-0.17992237210273743, -0.16569390892982483], [0.0012828442268073559, -0.10248219966888428], [0.02716011554002762, 0.10633302479982376], [0.2748644948005676, 0.0063577815890312195]], [[0.002736456226557493, -0.027724435552954674], [-0.17255862057209015, -0.15892818570137024], [-0.0003145737573504448, -0.0926106870174408], [0.024621836841106415, 0.0966605693101883], [0.2648645043373108, 0.006371924187988043]], [[0.0005232822149991989, -0.03747645393013954], [-0.16517207026481628, -0.15218736231327057], [-0.0002587188791949302, -0.08261090517044067], [0.022030111402273178, 0.08700230717658997], [0.2548680007457733, 0.006108293309807777]], [[-3.359309630468488e-05, -0.027492288500070572], [-0.15782785415649414, -0.14540043473243713], [-0.0001797910954337567, -0.07261127978563309], [0.020283948630094528, 0.07715599238872528], [0.24487048387527466, 0.005885877646505833]], [[-0.0001655751111684367, -0.017493832856416702], [-0.1505066603422165, -0.13858868181705475], [-0.0005502805579453707, -0.06261824071407318], [0.017446236684918404, 0.0675671398639679], [0.23487114906311035, 0.005771751049906015]], [[-0.0010595296043902636, -0.0075350673869252205], [-0.14314799010753632, -0.13181744515895844], [-0.000460645038401708, -0.05261877179145813], [0.014948993921279907, 0.05788406357169151], [0.22488129138946533, 0.006221677176654339]], [[-0.0013542231172323227, 0.0024567972868680954], [-0.13578744232654572, -0.12504823505878448], [1.5802826965227723e-05, -0.04263032227754593], [0.012358788400888443, 0.04822547733783722], [0.21488159894943237, 0.0061448742635548115]], [[-0.008176973089575768, -0.0048486534506082535], [-0.12841764092445374, -0.11828911304473877], [0.0010523300152271986, -0.032684482634067535], [0.011351766996085644, 0.03827650845050812], [0.20488160848617554, 0.006150372792035341]], [[-0.0018149600364267826, 0.0023473864421248436], [-0.12108062952756882, -0.11149441450834274], [0.0013001873157918453, -0.022687995806336403], [0.010510249994695187, 0.028312258422374725], [0.1948854923248291, 0.005872055888175964]], [[-0.0015373504720628262, 0.0034813755191862583], [-0.1137077659368515, -0.10473864525556564], [0.0019553147722035646, -0.012710572220385075], [0.005905154161155224, 0.019436273723840714], [0.1848922222852707, 0.005505753215402365]], [[-4.874193109571934e-05, 0.00576122896745801], [-0.10637049376964569, -0.0979442372918129], [0.0008211457170546055, -0.004818009212613106], [0.0019179279915988445, 0.01026662066578865], [0.1748923510313034, 0.005457626655697823]], [[0.00994896050542593, 0.005954687017947435], [-0.09899067878723145, -0.09119608998298645], [0.0016311660874634981, -0.0033352291211485863], [-0.003047727048397064, 0.0015903087332844734], [0.164897620677948, 0.005133538972586393]], [[0.00044230278581380844, 0.0028614033944904804], [-0.09156321734189987, -0.08450040221214294], [0.0034910656977444887, -0.00112894456833601], [-0.0006505285855382681, -0.004682061728090048], [0.15493518114089966, 0.004267849959433079]], [[-0.001924062380567193, 0.003068824065849185], [-0.08404591679573059, -0.07790574431419373], [0.0023925616405904293, -0.001977625535801053], [-0.0014285787474364042, 0.004317594226449728], [0.14496265351772308, 0.003527404274791479]], [[-0.00215263688005507, 0.004265904426574707], [-0.07710004597902298, -0.07071170955896378], [0.004178602714091539, 0.0008956531528383493], [-0.0008828822756186128, -0.0009423210285604], [0.13498258590698242, 0.002896768506616354]], [[-0.004304451867938042, 0.014031539671123028], [-0.06999024003744125, -0.06367965787649155], [0.004125777631998062, 0.0004956157063134015], [-0.001848958432674408, -0.0019614642951637506], [0.12500828504562378, 0.0021807425655424595]], [[0.005463776178658009, 0.01616138592362404], [-0.06209908798336983, -0.05753730982542038], [0.001644552918151021, -0.001157545018941164], [7.194781210273504e-05, -0.001786095555871725], [0.11688182502985, -0.0036468105390667915]], [[0.014293722808361053, 0.020847711712121964], [-0.05461195111274719, -0.05090850219130516], [0.0019347731722518802, -0.0020641805604100227], [0.0014190240763127804, -0.0040044961497187614], [0.10873470455408096, 0.0021518124267458916]], [[0.008970973081886768, 0.012382837943732738], [-0.04739467054605484, -0.04398687183856964], [0.002624109387397766, -0.0024783052504062653], [-0.0008362489752471447, -0.005506239365786314], [0.0987347885966301, 0.0021232871804386377]], [[0.007270422298461199, 0.002528865821659565], [-0.04018229618668556, -0.03706018626689911], [0.002098911674693227, -0.00212903693318367], [-0.0021755590569227934, -0.003113917075097561], [0.0887434184551239, 0.0017091736663132906]], [[-8.040620014071465e-05, 0.002938447520136833], [-0.033214397728443146, -0.029887700453400612], [0.0034511410631239414, -0.0030615024734288454], [-0.002274903701618314, -0.0021109669469296932], [0.0787590742111206, 0.0011509358882904053]], [[-0.0020720886532217264, 0.0018025027820840478], [-0.026437291875481606, -0.02253478765487671], [0.002480486873537302, -0.0034229790326207876], [-0.0031645973213016987, 0.004218489862978458], [0.06875932216644287, 0.001092419377528131]], [[-0.0017828444251790643, -0.0003690310986712575], [-0.02257884480059147, -0.01330934651196003], [0.004749882500618696, -0.0015894824173301458], [-0.002124601509422064, 8.639506995677948e-05], [0.05875962972640991, 0.0010315591935068369]], [[-0.002104484708979726, -0.0022107884287834167], [-0.013974363915622234, -0.008215263485908508], [0.00040582194924354553, 0.00242161494679749], [0.002935466356575489, 0.008710086345672607], [0.04876003786921501, 0.0011014561168849468]]],