{"eps": {"object_position": [[0.013631424866616726, -0.028146915137767792], [-0.17755135893821716, -0.16950184106826782], [-0.0003483017790131271, -0.1149272546172142], [0.029181430116295815, 0.11866237223148346], [0.2800576388835907, 0.006992627866566181]], "object_rotation": [0.8899166584014893, 2.3232381343841553, 0.7743054628372192, 2.3715014457702637, 1.3658760786056519], "distractor_position": [-0.5276342630386353, 0.23393231630325317, -1.1806514263153076, 0.230484277009964, -0.3592368960380554]}, "eps_trace": {"object_position": [[[0.016973672434687614, -0.03228086978197098], [-0.19461598992347717, -0.17925946414470673], [0.0004125659470446408, -0.12194851785898209], [0.03192763775587082, 0.12529537081718445], [0.29450523853302, 0.0057678138837218285]], [[0.016824942082166672, -0.032201867550611496], [-0.19439606368541718, -0.17892731726169586], [0.0006636372418142855, -0.1217968761920929], [0.031964607536792755, 0.1250460147857666], [0.29402515292167664, 0.005751548334956169]], [[0.016780052334070206, -0.032035671174526215], [-0.1942266970872879, -0.17899882793426514], [0.0012284299591556191, -0.12142310291528702], [0.03198573738336563, 0.1234804317355156], [0.29401451349258423, 0.005729628726840019]], [[0.016849298030138016, -0.031980954110622406], [-0.19355149567127228, -0.17945273220539093], [0.0008029874879866838, -0.12030469626188278], [0.03211664408445358, 0.1235436201095581], [0.2932393550872803, 0.0061882794834673405]], [[0.016562726348638535, -0.032052330672740936], [-0.18991315364837646, -0.17816045880317688], [0.0008045946597121656, -0.12028847634792328], [0.03212467581033707, 0.12353489547967911], [0.2930485010147095, 0.006860913708806038]], [[0.016558250412344933, -0.03209003061056137], [-0.18924970924854279, -0.1768813282251358], [0.0007836552686057985, -0.12027794867753983], [0.03172170743346214, 0.12350182235240936], [0.29251009225845337, 0.00711474847048521]], [[0.016680164262652397, -0.03211575374007225], [-0.1890297532081604, -0.17693056166172028], [0.0007763016037642956, -0.12027396261692047], [0.031722042709589005, 0.12349775433540344], [0.2924095392227173, 0.007203768007457256]], [[0.016793133690953255, -0.0322592668235302], [-0.18904954195022583, -0.17689727246761322], [0.0005951863713562489, -0.11973916739225388], [0.0317363515496254, 0.12348219752311707], [0.2923855483531952, 0.0071203820407390594]], [[0.016795320436358452, -0.03225386142730713], [-0.1890426129102707, -0.17567205429077148], [0.00042145809857174754, -0.11967895179986954], [0.03163820877671242, 0.12320376932621002], [0.2923789322376251, 0.007132953964173794]], [[0.013623961247503757, -0.02923622354865074], [-0.18887914717197418, -0.17562523484230042], [0.0005656895227730274, -0.11960277706384659], [0.031603820621967316, 0.12320885807275772], [0.29165658354759216, 0.005677398294210434]], [[0.013044755905866623, -0.028971435502171516], [-0.18862764537334442, -0.17574718594551086], [0.000548253592569381, -0.11960313469171524], [0.031560104340314865, 0.12307439744472504], [0.2916501760482788, 0.005724557209759951]], [[0.01302992831915617, -0.028989318758249283], [-0.18817788362503052, -0.17569740116596222], [0.00033140089362859726, -0.11877370625734329], [0.03160979226231575, 0.12283767014741898], [0.2915708124637604, 0.005741932895034552]], [[0.013046194799244404, -0.028952589258551598], [-0.18644596636295319, -0.17222046852111816], [0.0003253197355661541, -0.11868049204349518], [0.03160133957862854, 0.12284032255411148], [0.2908203601837158, 0.006646125577390194]], [[0.013027802109718323, -0.0288979634642601], [-0.18511083722114563, -0.17178975045681], [0.0002751348656602204, -0.11867613345384598], [0.0314672589302063, 0.1228024810552597], [0.2892550826072693, 0.007076393812894821]], [[0.012981884181499481, -0.028892207890748978], [-0.18499623239040375, -0.17170071601867676], [0.0001986188581213355, -0.11867239326238632], [0.031491968780756, 0.12270455062389374], [0.286953330039978, 0.006079807411879301]], [[0.012980394065380096, -0.028907952830195427], [-0.18493545055389404, -0.1717483401298523], [0.00021505961194634438, -0.11862803250551224], [0.0312766470015049, 0.12250562012195587], [0.2862715423107147, 0.005982612259685993]], [[0.013047230429947376, -0.028892643749713898], [-0.18452343344688416, -0.17179138958454132], [0.0003278077347204089, -0.11858445405960083], [0.03122742287814617, 0.12248840928077698], [0.2857937812805176, 0.005664404481649399]], [[0.013203536160290241, -0.02873660810291767], [-0.18379494547843933, -0.17145249247550964], [0.0005073120119050145, -0.11813852936029434], [0.031092975288629532, 0.12245354056358337], [0.2852713465690613, 0.005665304139256477]], [[0.012977986596524715, -0.028531990945339203], [-0.18267770111560822, -0.17033696174621582], [0.00027521041920408607, -0.11798886209726334], [0.03070194274187088, 0.12213492393493652], [0.28317004442214966, 0.007207887712866068]], [[0.01351265050470829, -0.028256747871637344], [-0.18042993545532227, -0.1695588082075119], [-6.640274659730494e-05, -0.1174338310956955], [0.03135676681995392, 0.12177100032567978], [0.28260788321495056, 0.007560655474662781]], [[0.013559314422309399, -0.028267281129956245], [-0.18030396103858948, -0.16966351866722107], [4.918001650366932e-06, -0.11685503274202347], [0.030812203884124756, 0.12118909507989883], [0.2820674479007721, 0.006912546698004007]], [[0.01354281511157751, -0.028262963518500328], [-0.17973530292510986, -0.16970928013324738], [9.497712744632736e-05, -0.11676691472530365], [0.030840599909424782, 0.12117110937833786], [0.28178080916404724, 0.007500313222408295]], [[0.013475902378559113, -0.028377214446663857], [-0.17797213792800903, -0.16991139948368073], [5.65566006116569e-06, -0.11629702150821686], [0.029692815616726875, 0.12002135068178177], [0.28162577748298645, 0.007210579235106707]], [[0.013631333597004414, -0.028147147968411446], [-0.17797024548053741, -0.16991481184959412], [0.00015999376773834229, -0.11542398482561111], [0.029394056648015976, 0.1190585345029831], [0.2803114354610443, 0.006354350131005049]], [[0.013631424866616726, -0.028146915137767792], [-0.17755135893821716, -0.16950184106826782], [-0.0003483017790131271, -0.1149272546172142], [0.029181430116295815, 0.11866237223148346], [0.2800576388835907, 0.006992627866566181]]],