{"eps": {"object_position": [[-0.06901615858078003, -0.033071570098400116], [0.03178738057613373, 0.057054031640291214], [-0.09032133221626282, -0.24044319987297058], [-0.11774788796901703, 0.038180768489837646], [-0.05881085246801376, 0.045912496745586395]], "object_rotation": [1.2720494270324707, 0.9539987444877625, 2.5345964431762695, 0.9306723475456238, 0.8985334634780884], "distractor_position": [-1.0644084215164185, -0.2131209820508957, -0.865155816078186, -1.1542079448699951, -0.7321031093597412]}, "eps_trace": {"object_position": [[[-0.041831765323877335, 0.035439152270555496], [0.050373248755931854, -0.013893626630306244], [-0.06626174598932266, -0.10546089708805084], [-0.0077059268951416016, 0.03974252566695213], [-0.034559786319732666, 0.06621573120355606]], [[-0.12613773345947266, 0.07927897572517395], [0.012634851038455963, 0.06301553547382355], [-0.05475633218884468, -0.02303914725780487], [0.04106660559773445, 0.10980857908725739], [-0.022093169391155243, -0.02844800055027008]], [[-0.032684266567230225, 0.07404448837041855], [0.023010404780507088, -0.02729947119951248], [-0.1359291523694992, -0.07333977520465851], [0.06774801760911942, 0.02779347449541092], [-0.11942750215530396, -0.011316029354929924]], [[-0.06092426925897598, 0.16563966870307922], [0.0187324658036232, 0.065329410135746], [-0.07605573534965515, -0.14703193306922913], [0.011556614190340042, 0.10724596679210663], [-0.06238839030265808, 0.06688091158866882]], [[-0.08572117984294891, 0.0716574490070343], [0.020299097523093224, -0.026961371302604675], [-0.05411549657583237, -0.22450493276119232], [0.035818833857774734, 0.08890271186828613], [-0.14505796134471893, 0.09549910575151443]], [[-0.03508893400430679, -0.004503220319747925], [-0.01614459417760372, 0.05480863153934479], [-0.051336146891117096, -0.12537530064582825], [-0.05295780673623085, 0.04907107353210449], [-0.09379015117883682, 0.010636404156684875]], [[0.0009645745158195496, 0.08851443976163864], [0.036351121962070465, -0.02390856295824051], [-0.08646410703659058, -0.04226825386285782], [-0.14253032207489014, 0.043899938464164734], [-0.10199858248233795, 0.10915020853281021]], [[-0.06270605325698853, 0.1586548089981079], [-0.03707991540431976, 0.03405197337269783], [-0.1390560120344162, -0.09705071151256561], [-0.04417186975479126, 0.043939605355262756], [-0.1383899450302124, 0.016951456665992737]], [[-0.08503850549459457, 0.06466972082853317], [0.030929766595363617, -0.03775753453373909], [-0.07363636046648026, -0.14273986220359802], [-0.08927939087152481, 0.12925118207931519], [-0.12755346298217773, 0.11605586111545563]], [[-0.06901615858078003, -0.033071570098400116], [0.03178738057613373, 0.057054031640291214], [-0.09032133221626282, -0.24044319987297058], [-0.11774788796901703, 0.038180768489837646], [-0.05881085246801376, 0.045912496745586395]]], "object_rotation": [[1.359243631362915, 0.9365817308425903, 2.7497146129608154, 1.0781981945037842, 0.9147562384605408], [1.3383888006210327, 0.9188370108604431, 2.7067878246307373, 1.03114914894104, 0.8986514210700989], [1.3110109567642212, 0.9138932824134827, 2.680532932281494, 0.9952945113182068, 0.9127506017684937], [1.2884178161621094, 0.905670166015625, 2.7030959129333496, 0.9803168177604675, 0.896881639957428], [1.3076475858688354, 0.9044395685195923, 2.652027130126953, 0.9443786144256592, 0.9205982089042664], [1.2921874523162842, 0.9198856353759766, 2.6487228870391846, 0.9379878044128418, 0.9147564172744751], [1.2879962921142578, 0.9329649209976196, 2.608579635620117, 0.9261781573295593, 0.902815043926239], [1.2584060430526733, 0.9516660571098328, 2.556002378463745, 0.9225136637687683, 0.9156823754310608], [1.2623876333236694, 0.9647401571273804, 2.5422873497009277, 0.9113599061965942, 0.9159883260726929], [1.2720494270324707, 0.9539987444877625, 2.5345964431762695, 0.9306723475456238, 0.8985334634780884]], "distractor_position": [[-1.2311067581176758, 0.08981534838676453, -1.1020227670669556, -1.4469290971755981, -0.8634276390075684], [-1.2079626321792603, 0.04138065129518509, -1.0669291019439697, -1.4246046543121338, -0.8384476900100708], [-1.1858378648757935, 1.5135854482650757e-05, -1.0530904531478882, -1.3888825178146362, -0.8326393365859985], [-1.1684489250183105, -0.036508411169052124, -1.0312833786010742, -1.3714040517807007, -0.8131468892097473], [-1.1549333333969116, -0.074958935379982, -1.0011411905288696, -1.2831809520721436, -0.7709063291549683], [-1.1175580024719238, -0.1167553961277008, -0.9887044429779053, -1.2610154151916504, -0.7592527866363525], [-1.1120541095733643, -0.14636515080928802, -0.9729639291763306, -1.218464732170105, -0.7500302195549011], [-1.0997741222381592, -0.1763439029455185, -0.9346417188644409, -1.2007960081100464, -0.746949315071106], [-1.0742356777191162, -0.18321022391319275, -0.8759503960609436, -1.1770718097686768, -0.7391523718833923], [-1.0644084215164185, -0.2131209820508957, -0.865155816078186, -1.1542079448699951, -0.7321031093597412]]}, "object_type": "mug", "L": 1.0, "failure_level": 2.5, "dp_logprior_scale": 1.0, "dp_mcmc_step_size": 0.1, "ep_mcmc_step_size": 0.1, "num_rounds": 10, "num_steps_per_round": 1, "num_chains": 5, "use_gradients": true, "use_stochasticity": false, "repair": false, "predict": true, "quench_rounds": 0, "tempering_schedule": null, "ep_logprobs": [[-32.58649826049805, -30.812637329101562, -32.275325775146484, -32.95387649536133, -31.961078643798828], [-33.60887145996094, -30.679353713989258, -33.32658004760742, -33.825931549072266, -31.17952537536621], [-33.591819763183594, -30.460973739624023, -34.73935317993164, -32.04694366455078, -33.14167404174805], [-33.510581970214844, -30.485620498657227, -34.16859817504883, -34.18256759643555, -32.210445404052734], [-32.59172439575195, -30.174789428710938, -35.42059326171875, -34.1585807800293, -32.211368560791016], [-32.88798522949219, -30.184471130371094, -33.711692810058594, -32.930023193359375, -31.450098037719727], [-33.13583755493164, -30.020654678344727, -32.9022331237793, -33.42668914794922, -32.21078872680664], [-33.49584197998047, -30.024105072021484, -34.43855285644531, -32.76247787475586, -32.89923095703125], [-32.197181701660156, -30.148027420043945, -34.07705307006836, -33.44025421142578, -33.46481704711914], [-31.719755172729492, -30.0164794921875, -34.778724670410156, -32.093894958496094, -31.991975784301758]], "dp_logprobs": [0.0, 0.0, 0.0, 0.0, 0.0, 0.0, 0.0, 0.0, 0.0, 0.0]}