{"eps": {"object_position": [[-0.23125134408473969, -0.002104358747601509], [-0.1318412572145462, 0.08554336428642273], [0.0037533799186348915, 0.06688384711742401], [0.06216966360807419, 0.13086245954036713], [-0.12827344238758087, -0.027661826461553574]], "object_rotation": [2.6000583171844482, 0.28814783692359924, 2.2392449378967285, 1.2387057542800903, 2.449136734008789], "distractor_position": [-0.7161902189254761, -0.7279903292655945, -1.6248947381973267, -0.7131235003471375, -0.37953996658325195]}, "eps_trace": {"object_position": [[[-0.28097081184387207, 0.004642669577151537], [-0.11484115570783615, 0.11479829996824265], [0.0036050397902727127, 0.07268419116735458], [0.07285472005605698, 0.14593380689620972], [-0.1726832538843155, -0.016771486029028893]], [[-0.28065451979637146, 0.004709227010607719], [-0.10392334312200546, 0.1094527468085289], [0.006819031201303005, 0.06432794034481049], [0.074887216091156, 0.14364898204803467], [-0.1749638468027115, -0.010225254110991955]], [[-0.2612905502319336, -0.0035735024139285088], [-0.10080119967460632, 0.11500590294599533], [0.0073228757828474045, 0.06266018748283386], [0.07169513404369354, 0.13596932590007782], [-0.17694896459579468, -0.00657721096649766]], [[-0.2550451159477234, -0.01378140039741993], [-0.11115038394927979, 0.1094978004693985], [0.0028910874389111996, 0.07279258966445923], [0.07226286828517914, 0.1355837881565094], [-0.16905903816223145, -0.008460476994514465]], [[-0.24929951131343842, -0.016539191827178], [-0.10908972471952438, 0.10641828924417496], [0.0066625080071389675, 0.07187709212303162], [0.07406710833311081, 0.13147711753845215], [-0.14588117599487305, -0.03351520374417305]], [[-0.24642205238342285, -0.008454997092485428], [-0.10918812453746796, 0.10532137006521225], [0.005032418295741081, 0.07334521412849426], [0.07579535990953445, 0.13268229365348816], [-0.14742325246334076, -0.031029120087623596]], [[-0.23690947890281677, -0.007861586287617683], [-0.11229217797517776, 0.10530343651771545], [0.00503385066986084, 0.07340576499700546], [0.0766700953245163, 0.1357089728116989], [-0.14488662779331207, -0.02679286152124405]], [[-0.23378154635429382, -0.004141267389059067], [-0.13166193664073944, 0.08587208390235901], [-0.0023999600671231747, 0.06786235421895981], [0.08246753364801407, 0.13480152189731598], [-0.13548721373081207, -0.03493284806609154]], [[-0.23405703902244568, -0.00455911410972476], [-0.12827175855636597, 0.0854538083076477], [-0.0016906318487599492, 0.06713760644197464], [0.06218902766704559, 0.1308608055114746], [-0.13021090626716614, -0.027145229279994965]], [[-0.23125134408473969, -0.002104358747601509], [-0.1318412572145462, 0.08554336428642273], [0.0037533799186348915, 0.06688384711742401], [0.06216966360807419, 0.13086245954036713], [-0.12827344238758087, -0.027661826461553574]]], "object_rotation": [[2.578202724456787, 0.2665567398071289, 2.234900712966919, 1.2496767044067383, 2.4796276092529297], [2.5785467624664307, 0.2739335298538208, 2.2404630184173584, 1.252083420753479, 2.4789984226226807], [2.5786025524139404, 0.276308536529541, 2.240109443664551, 1.2495591640472412, 2.470043897628784], [2.596647262573242, 0.28038275241851807, 2.243213415145874, 1.2471815347671509, 2.465890407562256], [2.5957725048065186, 0.2803981602191925, 2.2446799278259277, 1.2503108978271484, 2.445124387741089], [2.5961692333221436, 0.28000664710998535, 2.2428369522094727, 1.2541687488555908, 2.4430670738220215], [2.601485252380371, 0.280112624168396, 2.2427022457122803, 1.2347080707550049, 2.4453210830688477], [2.602217197418213, 0.28801363706588745, 2.2421200275421143, 1.2289927005767822, 2.4431586265563965], [2.601905584335327, 0.2852011024951935, 2.23944354057312, 1.2387055158615112, 2.4458067417144775], [2.6000583171844482, 0.28814783692359924, 2.2392449378967285, 1.2387057542800903, 2.449136734008789]], "distractor_position": [[-0.6848222613334656, -0.7248939871788025, -1.6399211883544922, -0.7129644155502319, -0.38641268014907837], [-0.6829271912574768, -0.7222134470939636, -1.6423357725143433, -0.7116751074790955, -0.384530633687973], [-0.7007179260253906, -0.7310037612915039, -1.6397594213485718, -0.7113644480705261, -0.38966506719589233], [-0.698119044303894, -0.7346654534339905, -1.633437991142273, -0.7124479413032532, -0.3907527029514313], [-0.7039936780929565, -0.734403133392334, -1.6307708024978638, -0.7195900082588196, -0.3837103843688965], [-0.7089434862136841, -0.7320529818534851, -1.6310735940933228, -0.7179771065711975, -0.37554511427879333], [-0.7133837938308716, -0.7292490601539612, -1.6303850412368774, -0.7220109701156616, -0.3743155300617218], [-0.7166501879692078, -0.7250828146934509, -1.633851170539856, -0.7231378555297852, -0.3781396746635437], [-0.7171289920806885, -0.7262560725212097, -1.6332004070281982, -0.7131244540214539, -0.3774447441101074], [-0.7161902189254761, -0.7279903292655945, -1.6248947381973267, -0.7131235003471375, -0.37953996658325195]]}, "object_type": "mug", "L": 1.0, "failure_level": 2.5, "dp_logprior_scale": 1.0, "dp_mcmc_step_size": 0.1, "ep_mcmc_step_size": 0.1, "num_rounds": 10, "num_steps_per_round": 1, "num_chains": 5, "use_gradients": true, "use_stochasticity": true, "repair": false, "predict": true, "quench_rounds": 0, "tempering_schedule": null, "ep_logprobs": [[-35.75469970703125, -34.06133270263672, -34.471744537353516, -31.273189544677734, -33.8245964050293], [-35.72246170043945, -33.211360931396484, -35.03916549682617, -31.39754867553711, -33.53668212890625], [-35.8159065246582, -33.386878967285156, -34.909095764160156, -32.026817321777344, -33.69445037841797], [-34.964012145996094, -33.659549713134766, -34.47570037841797, -32.0137825012207, -33.35886001586914], [-34.67430877685547, -33.59708023071289, -34.51826095581055, -33.209171295166016, -33.044525146484375], [-35.26611328125, -33.5468864440918, -34.499813079833984, -33.20697784423828, -33.300437927246094], [-35.108211517333984, -33.459373474121094, -34.50117111206055, -32.62632751464844, -33.25333023071289], [-35.18398666381836, -33.62110137939453, -35.07575607299805, -31.983814239501953, -33.295291900634766], [-35.08299255371094, -33.3983039855957, -35.064510345458984, -33.10505294799805, -32.470680236816406], [-34.965999603271484, -33.627384185791016, -35.00885009765625, -33.10459899902344, -32.46236801147461]], "dp_logprobs": [0.0, 0.0, 0.0, 0.0, 0.0, 0.0, 0.0, 0.0, 0.0, 0.0]}