{"eps": {"object_position": [[0.017038343474268913, -0.03232039138674736], [0.05348898470401764, -0.25343239307403564], [0.0011694402201101184, -0.12247718870639801], [0.016683833673596382, -0.07308109104633331], [0.29486268758773804, 0.006243403535336256]], "object_rotation": [0.8889313340187073, 2.3032352924346924, 0.7709328532218933, 2.829071044921875, 1.369789958000183], "distractor_position": [-0.5276800394058228, 0.19991463422775269, -1.1808990240097046, 0.26769861578941345, -0.35734522342681885]}, "eps_trace": {"object_position": [[[0.017038343474268913, -0.03232039138674736], [0.05348898470401764, -0.25343239307403564], [0.0011694402201101184, -0.12247718870639801], [0.03229909390211105, 0.12566141784191132], [0.29486268758773804, 0.006243403535336256]], [[0.017038343474268913, -0.03232039138674736], [0.05348898470401764, -0.25343239307403564], [0.0011694402201101184, -0.12247718870639801], [0.03229909390211105, 0.12566141784191132], [0.29486268758773804, 0.006243403535336256]], [[0.017038343474268913, -0.03232039138674736], [0.05348898470401764, -0.25343239307403564], [0.0011694402201101184, -0.12247718870639801], [0.03229909390211105, 0.12566141784191132], [0.29486268758773804, 0.006243403535336256]], [[0.017038343474268913, -0.03232039138674736], [0.05348898470401764, -0.25343239307403564], [0.0011694402201101184, -0.12247718870639801], [0.03229909390211105, 0.12566141784191132], [0.29486268758773804, 0.006243403535336256]], [[0.017038343474268913, -0.03232039138674736], [0.05348898470401764, -0.25343239307403564], [0.0011694402201101184, -0.12247718870639801], [0.03229909390211105, 0.12566141784191132], [0.29486268758773804, 0.006243403535336256]], [[0.017038343474268913, -0.03232039138674736], [0.05348898470401764, -0.25343239307403564], [0.0011694402201101184, -0.12247718870639801], [0.03229909390211105, 0.12566141784191132], [0.29486268758773804, 0.006243403535336256]], [[0.017038343474268913, -0.03232039138674736], [0.05348898470401764, -0.25343239307403564], [0.0011694402201101184, -0.12247718870639801], [0.016683833673596382, -0.07308109104633331], [0.29486268758773804, 0.006243403535336256]], [[0.017038343474268913, -0.03232039138674736], [0.05348898470401764, -0.25343239307403564], [0.0011694402201101184, -0.12247718870639801], [0.016683833673596382, -0.07308109104633331], [0.29486268758773804, 0.006243403535336256]], [[0.017038343474268913, -0.03232039138674736], [0.05348898470401764, -0.25343239307403564], [0.0011694402201101184, -0.12247718870639801], [0.016683833673596382, -0.07308109104633331], [0.29486268758773804, 0.006243403535336256]], [[0.017038343474268913, -0.03232039138674736], [0.05348898470401764, -0.25343239307403564], [0.0011694402201101184, -0.12247718870639801], [0.016683833673596382, -0.07308109104633331], [0.29486268758773804, 0.006243403535336256]]], "object_rotation": [[0.8889313340187073, 2.3032352924346924, 0.7709328532218933, 2.3715708255767822, 1.369789958000183], [0.8889313340187073, 2.3032352924346924, 0.7709328532218933, 2.3715708255767822, 1.369789958000183], [0.8889313340187073, 2.3032352924346924, 0.7709328532218933, 2.3715708255767822, 1.369789958000183], [0.8889313340187073, 2.3032352924346924, 0.7709328532218933, 2.3715708255767822, 1.369789958000183], [0.8889313340187073, 2.3032352924346924, 0.7709328532218933, 2.3715708255767822, 1.369789958000183], [0.8889313340187073, 2.3032352924346924, 0.7709328532218933, 2.3715708255767822, 1.369789958000183], [0.8889313340187073, 2.3032352924346924, 0.7709328532218933, 2.829071044921875, 1.369789958000183], [0.8889313340187073, 2.3032352924346924, 0.7709328532218933, 2.829071044921875, 1.369789958000183], [0.8889313340187073, 2.3032352924346924, 0.7709328532218933, 2.829071044921875, 1.369789958000183], [0.8889313340187073, 2.3032352924346924, 0.7709328532218933, 2.829071044921875, 1.369789958000183]], "distractor_position": [[-0.5276800394058228, 0.19991463422775269, -1.1808990240097046, 0.232050359249115, -0.35734522342681885], [-0.5276800394058228, 0.19991463422775269, -1.1808990240097046, 0.232050359249115, -0.35734522342681885], [-0.5276800394058228, 0.19991463422775269, -1.1808990240097046, 0.232050359249115, -0.35734522342681885], [-0.5276800394058228, 0.19991463422775269, -1.1808990240097046, 0.232050359249115, -0.35734522342681885], [-0.5276800394058228, 0.19991463422775269, -1.1808990240097046, 0.232050359249115, -0.35734522342681885], [-0.5276800394058228, 0.19991463422775269, -1.1808990240097046, 0.232050359249115, -0.35734522342681885], [-0.5276800394058228, 0.19991463422775269, -1.1808990240097046, 0.26769861578941345, -0.35734522342681885], [-0.5276800394058228, 0.19991463422775269, -1.1808990240097046, 0.26769861578941345, -0.35734522342681885], [-0.5276800394058228, 0.19991463422775269, -1.1808990240097046, 0.26769861578941345, -0.35734522342681885], [-0.5276800394058228, 0.19991463422775269, -1.1808990240097046, 0.26769861578941345, -0.35734522342681885]]}, "object_type": "mug", "L": 1.0, "failure_level": 2.5, "dp_logprior_scale": 1.0, "dp_mcmc_step_size": 0.1, "ep_mcmc_step_size": 0.1, "num_rounds": 10, "num_steps_per_round": 1, "num_chains": 5, "use_gradients": false, "use_stochasticity": true, "repair": false, "predict": true, "quench_rounds": 0, "tempering_schedule": null, "ep_logprobs": [[-31.03173828125, -34.09376907348633, -34.30172348022461, -31.877864837646484, -34.548282623291016], [-31.03173828125, -34.09376907348633, -34.30172348022461, -31.877864837646484, -34.548282623291016], [-31.03173828125, -34.09376907348633, -34.30172348022461, -31.877864837646484, -34.548282623291016], [-31.03173828125, -34.09376907348633, -34.30172348022461, -31.877864837646484, -34.548282623291016], [-31.03173828125, -34.09376907348633, -34.30172348022461, -31.877864837646484, -34.548282623291016], [-31.03173828125, -34.09376907348633, -34.30172348022461, -31.877864837646484, -34.548282623291016], [-31.03173828125, -34.09376907348633, -34.30172348022461, -32.06768035888672, -34.548282623291016], [-31.03173828125, -34.09376907348633, -34.30172348022461, -32.06768035888672, -34.548282623291016], [-31.03173828125, -34.09376907348633, -34.30172348022461, -32.06768035888672, -34.548282623291016], [-31.03173828125, -34.09376907348633, -34.30172348022461, -32.06768035888672, -34.548282623291016]], "dp_logprobs": [0.0, 0.0, 0.0, 0.0, 0.0, 0.0, 0.0, 0.0, 0.0, 0.0]}