{"eps": {"object_position": [[-0.0962832123041153, -0.07314607501029968], [0.08661899715662003, 0.16308318078517914], [-0.1360825002193451, -0.137958824634552], [-0.15298867225646973, -0.18423257768154144], [0.011214803904294968, 0.12339980900287628]], "object_rotation": [1.5618606805801392, 0.9595794677734375, 2.986664056777954, 1.2183661460876465, 1.5586851835250854], "distractor_position": [-0.6673123836517334, -0.4156535863876343, -1.0104352235794067, -0.5210840106010437, 0.002402476966381073]}, "eps_trace": {"object_position": [[[0.002981022000312805, -0.0768437460064888], [-0.020883701741695404, -0.08043058961629868], [-0.08422684669494629, 0.06895725429058075], [0.038366034626960754, -0.044076573103666306], [0.05854637920856476, -0.07292155921459198]], [[0.022248649969697, -0.13393452763557434], [-0.020883701741695404, -0.08043058961629868], [-0.08422684669494629, 0.06895725429058075], [0.038366034626960754, -0.044076573103666306], [0.013413731008768082, -0.026380423456430435]], [[0.03043842874467373, -0.06763967871665955], [0.002982666715979576, -0.016822434961795807], [-0.03963815048336983, -0.05822376906871796], [0.038366034626960754, -0.044076573103666306], [0.013413731008768082, -0.026380423456430435]], [[0.03043842874467373, -0.06763967871665955], [-0.02813953161239624, 0.21109145879745483], [-0.03963815048336983, -0.05822376906871796], [0.038366034626960754, -0.044076573103666306], [0.013413731008768082, -0.026380423456430435]], [[0.03043842874467373, -0.06763967871665955], [0.0756440982222557, 0.1977570652961731], [0.004515647888183594, 0.16441510617733002], [0.09787413477897644, 0.06022379919886589], [0.013413731008768082, -0.026380423456430435]], [[0.03043842874467373, -0.06763967871665955], [0.0756440982222557, 0.1977570652961731], [0.004515647888183594, 0.16441510617733002], [0.09787413477897644, 0.06022379919886589], [0.013413731008768082, -0.026380423456430435]], [[-0.03322189301252365, -0.07293810695409775], [0.0756440982222557, 0.1977570652961731], [-0.04222429543733597, 0.12274657934904099], [0.09787413477897644, 0.06022379919886589], [-0.0016183434054255486, 0.08188019692897797]], [[-0.03322189301252365, -0.07293810695409775], [0.0756440982222557, 0.1977570652961731], [-0.0681040808558464, 0.12752875685691833], [0.09787413477897644, 0.06022379919886589], [-0.0016183434054255486, 0.08188019692897797]], [[-0.03322189301252365, -0.07293810695409775], [0.0756440982222557, 0.1977570652961731], [-0.0681040808558464, 0.12752875685691833], [0.09787413477897644, 0.06022379919886589], [-0.13093769550323486, 0.06111813336610794]], [[-0.03322189301252365, -0.07293810695409775], [0.1582462191581726, 0.1268148571252823], [0.1060049757361412, 0.003950983285903931], [0.09787413477897644, 0.06022379919886589], [-0.13093769550323486, 0.06111813336610794]], [[-0.0757349506020546, -0.04548948258161545], [0.1582462191581726, 0.1268148571252823], [0.1060049757361412, 0.003950983285903931], [0.09787413477897644, 0.06022379919886589], [-0.13093769550323486, 0.06111813336610794]], [[0.029224887490272522, -0.0038685984909534454], [0.1582462191581726, 0.1268148571252823], [-0.06534313410520554, -0.12996087968349457], [0.13382308185100555, 0.2693979740142822], [-0.13093769550323486, 0.06111813336610794]], [[0.029224887490272522, -0.0038685984909534454], [0.1582462191581726, 0.1268148571252823], [-0.06534313410520554, -0.12996087968349457], [0.13382308185100555, 0.2693979740142822], [-0.13093769550323486, 0.06111813336610794]], [[0.029224887490272522, -0.0038685984909534454], [0.1582462191581726, 0.1268148571252823], [-0.06534313410520554, -0.12996087968349457], [0.13382308185100555, 0.2693979740142822], [-0.13093769550323486, 0.06111813336610794]], [[0.029224887490272522, -0.0038685984909534454], [0.043332718312740326, 0.12965428829193115], [-0.04312025010585785, -0.015126101672649384], [-0.01815803349018097, 0.2073763906955719], [-0.13093769550323486, 0.06111813336610794]], [[0.029224887490272522, -0.0038685984909534454], [0.043332718312740326, 0.12965428829193115], [-0.04312025010585785, -0.015126101672649384], [0.10954049229621887, 0.07586188614368439], [-0.13093769550323486, 0.06111813336610794]], [[0.029224887490272522, -0.0038685984909534454], [0.043332718312740326, 0.12965428829193115], [-0.04747343435883522, -0.22874543070793152], [0.15532414615154266, -0.048326633870601654], [-0.13093769550323486, 0.06111813336610794]], [[0.05734063684940338, -0.11334985494613647], [0.043332718312740326, 0.12965428829193115], [-0.04747343435883522, -0.22874543070793152], [0.03509349375963211, 0.07008765637874603], [-0.18123149871826172, 0.14378240704536438]], [[0.05734063684940338, -0.11334985494613647], [0.043332718312740326, 0.12965428829193115], [0.04459201171994209, 0.20078259706497192], [0.03509349375963211, 0.07008765637874603], [-0.2762365937232971, 0.016600802540779114]], [[-0.006610311567783356, -0.17994466423988342], [0.043332718312740326, 0.12965428829193115], [-0.008799780160188675, -0.02056126296520233], [0.03509349375963211, 0.07008765637874603], [-0.258330374956131, -0.08637601882219315]], [[-0.006610311567783356, -0.17994466423988342], [0.043332718312740326, 0.12965428829193115], [-0.03278319537639618, -0.17254681885242462], [0.01289309374988079, -0.09909467399120331], [-0.258330374956131, -0.08637601882219315]], [[-0.006610311567783356, -0.17994466423988342], [0.043332718312740326, 0.12965428829193115], [-0.03278319537639618, -0.17254681885242462], [0.01289309374988079, -0.09909467399120331], [-0.27296069264411926, -0.04385745897889137]], [[-0.0962832123041153, -0.07314607501029968], [0.08661899715662003, 0.16308318078517914], [-0.03278319537639618, -0.17254681885242462], [-0.11464406549930573, -0.10416779667139053], [0.02803286910057068, 0.03805805370211601]], [[-0.0962832123041153, -0.07314607501029968], [0.08661899715662003, 0.16308318078517914], [-0.03278319537639618, -0.17254681885242462], [-0.11464406549930573, -0.10416779667139053], [0.02803286910057068, 0.03805805370211601]], [[-0.0962832123041153, -0.07314607501029968], [0.08661899715662003, 0.16308318078517914], [-0.1360825002193451, -0.137958824634552], [-0.15298867225646973, -0.18423257768154144], [0.011214803904294968, 0.12339980900287628]]],