{"eps": {"object_position": [[0.010456356219947338, -0.043837256729602814], [0.02123015746474266, 0.036558471620082855], [-0.0425640270113945, -0.01625947840511799], [-0.043039482086896896, 0.015302490442991257], [0.05903831869363785, 0.008986701257526875], [0.051407791674137115, 0.05197935551404953], [-0.0583922415971756, -0.008096057921648026], [0.0942995622754097, -0.03754039853811264], [-0.024938665330410004, 0.005760153755545616], [-0.03645341470837593, 0.06491965800523758]], "object_rotation": [1.7760255336761475, 1.4983417987823486, 1.6077977418899536, 1.6248923540115356, 1.614749789237976, 0.9791697263717651, 0.9713385701179504, 0.9690605998039246, 1.4986977577209473, 1.8760817050933838], "distractor_position": [-0.5138620138168335, -0.537396252155304, -0.5163106322288513, -0.514687716960907, -0.5195317268371582, -0.3420347273349762, -0.3824737071990967, -0.3517974615097046, -0.5267649292945862, -0.566159725189209]}, "object_type": "mug", "L": 1.0, "failure_level": 0.4, "dp_logprior_scale": 1.0, "dp_mcmc_step_size": 0.1, "ep_mcmc_step_size": 0.1, "num_rounds": 50, "num_steps_per_round": 1, "num_chains": 10, "use_gradients": true, "use_stochasticity": false, "repair": false, "predict": true, "quench_rounds": 0, "tempering_schedule": null, "ep_logprobs": [[-46.17152404785156, -44.99650573730469, -44.920875549316406, -45.486572265625, -45.10281753540039, -44.433265686035156, -45.81846618652344, -45.471405029296875, -44.72999954223633, -46.68339920043945], [-46.3305549621582, -44.97127914428711, -45.083805084228516, -45.0427131652832, -45.08797836303711, -44.69984436035156, -45.62651062011719, -45.36412811279297, -44.741943359375, -46.796207427978516], [-45.661277770996094, -44.910980224609375, -45.20713424682617, -44.938541412353516, -45.029659271240234, -44.41801834106445, -45.354042053222656, -45.17987060546875, -44.779808044433594, -46.538272857666016], [-46.129783630371094, -44.906280517578125, -44.873023986816406, -45.072994232177734, -45.00517272949219, -44.832271575927734, -45.2815055847168, -45.10370635986328, -44.74357986450195, -46.51504135131836], [-45.948490142822266, -44.8515510559082, -44.960872650146484, -44.942665100097656, -45.00226593017578, -44.39582061767578, -45.34492874145508, -44.953033447265625, -44.75446701049805, -46.56435775756836], [-46.95729446411133, -44.85011291503906, -45.75713348388672, -44.99945068359375, -44.993499755859375, -44.689476013183594, -45.44999694824219, -44.949459075927734, -44.73562240600586, -46.35836410522461], [-45.85239028930664, -44.81591033935547, -44.71964645385742, -44.86947250366211, -44.9261474609375, -44.30247497558594, -45.308837890625, -44.87381362915039, -44.74742126464844, -46.294029235839844], [-45.817684173583984, -44.809478759765625, -44.82590866088867, -44.93094253540039, -44.93739318847656, -44.71104049682617, -45.3344841003418, -44.94362258911133, -44.72889709472656, -46.20353698730469], [-45.72514724731445, -44.78059768676758, -44.75759506225586, -45.15102005004883, -44.842872619628906, -45.80854415893555, -45.17416763305664, -44.83345031738281, -44.733612060546875, -46.13845443725586], [-45.866294860839844, -44.78590393066406, -44.64286422729492, -44.780303955078125, -44.6582145690918, -44.60909652709961, -45.58677291870117, -44.86376953125, -44.7236213684082, -45.99372100830078], [-45.635929107666016, -44.751976013183594, -44.68614959716797, -44.95386505126953, -45.84673309326172, -44.425228118896484, -45.382572174072266, -44.65256118774414, -44.848148345947266, -46.06697463989258], [-45.74445724487305, -44.767852783203125, -44.924537658691406, -44.70985794067383, -44.858978271484375, -44.551795959472656, -45.3651123046875, -44.83342361450195, -44.623252868652344, -45.38945770263672], [-45.41399002075195, -44.71224594116211, -44.574188232421875, -44.79618453979492, -44.85401916503906, -44.476806640625, -45.38153839111328, -44.589561462402344, -44.84910202026367, -45.828643798828125], [-45.70761489868164, -44.75406265258789, -44.704933166503906, -44.623111724853516, -44.68632125854492, -44.58207702636719, -45.35253143310547, -44.802921295166016, -44.587921142578125, -45.45521545410156], [-45.67719268798828, -44.665428161621094, -44.75259017944336, -44.70755386352539, -44.57537841796875, -44.45948028564453, -45.17477798461914, -44.63915252685547, -44.83162307739258, -45.81592559814453], [-45.5711784362793, -44.74453353881836, -44.7010498046875, -44.868690490722656, -44.9005012512207, -44.6162223815918, -45.146812438964844, -44.7991943359375, -44.53468704223633, -45.495853424072266], [-45.556610107421875, -44.62405776977539, -44.745784759521484, -44.66983413696289, -44.713462829589844, -44.51085662841797, -45.144187927246094, -44.56197738647461, -44.74819564819336, -45.765480041503906], [-45.461605072021484, -44.7340202331543, -44.68922424316406, -44.838653564453125, -44.84061813354492, -44.61088562011719, -45.148338317871094, -44.702335357666016, -44.621681213378906, -45.309024810791016], [-45.44548034667969, -44.69681167602539, -44.754608154296875, -44.66643142700195, -44.66136169433594, -44.41682052612305, -45.20553207397461, -44.589778900146484, -44.79133605957031, -45.585350036621094], [-45.343814849853516, -44.727020263671875, -44.67134475708008, -44.827449798583984, -45.07585144042969, -44.6314582824707, -45.15788650512695, -44.67378616333008, -44.54117202758789, -45.58123779296875], [-45.341346740722656, -44.68824005126953, -44.74173355102539, -44.665164947509766, -44.641536712646484, -44.51103210449219, -45.265193939208984, -44.65784454345703, -44.72370529174805, -45.55278778076172], [-45.280906677246094, -44.717647552490234, -44.683231353759766, -44.779422760009766, -45.0582389831543, -44.60843276977539, -45.03327560424805, -44.643348693847656, -44.62349319458008, -45.494876861572266], [-45.2674560546875, -44.66731643676758, -44.74784851074219, -44.682865142822266, -44.643489837646484, -44.43497085571289, -45.2125129699707, -44.61598205566406, -44.715938568115234, -45.43971252441406], [-45.19743728637695, -44.72079849243164, -44.667945861816406, -44.761505126953125, -44.8110466003418, -44.589698791503906, -45.057106018066406, -44.655635833740234, -44.68095779418945, -45.40090560913086], [-45.159873962402344, -44.662025451660156, -44.68919372558594, -44.64524841308594, -44.582008361816406, -44.515926361083984, -45.219383239746094, -44.6314697265625, -44.71525955200195, -45.33517837524414], [-45.12229537963867, -44.77967071533203, -44.66654968261719, -44.74846267700195, -44.83903884887695, -44.769622802734375, -45.06118392944336, -44.71358108520508, -44.68959426879883, -45.29506301879883], [-45.07734298706055, -44.65104675292969, -44.69816589355469, -44.62852096557617, -44.625343322753906, -44.29929733276367, -45.349151611328125, -44.58030700683594, -44.802528381347656, -45.24829864501953], [-45.063114166259766, -44.72624588012695, -44.66838455200195, -44.71762466430664, -44.829586029052734, -44.74113464355469, -44.88520431518555, -44.63444519042969, -44.60627365112305, -45.21292495727539], [-45.00050354003906, -44.671390533447266, -44.688236236572266, -44.65414810180664, -44.63786315917969, -44.32577896118164, -44.9572868347168, -44.60210418701172, -44.83937454223633, -45.17279815673828], [-44.997798919677734, -44.67122268676758, -44.657135009765625, -44.893184661865234, -44.837181091308594, -44.73631286621094, -44.84413528442383, -44.72311782836914, -44.60724639892578, -45.14141845703125], [-44.98445510864258, -44.67396926879883, -44.699066162109375, -44.59574890136719, -44.63304901123047, -44.837215423583984, -44.90483856201172, -44.59538269042969, -44.84342575073242, -45.10289764404297], [-44.92556381225586, -44.55881881713867, -44.67232894897461, -44.868865966796875, -44.837650299072266, -44.46026611328125, -44.92262649536133, -44.59541702270508, -44.63441467285156, -45.06416320800781], [-44.87260437011719, -44.66029357910156, -44.714698791503906, -44.570457458496094, -44.62826156616211, -44.60580825805664, -44.46918869018555, -44.796424865722656, 