{"eps": {"object_position": [[-0.03753233700990677, 0.017323948442935944], [-0.02330802008509636, 0.002354629337787628], [0.018544580787420273, 0.024168075993657112], [0.0017970665358006954, 0.07394777983427048], [-0.006680147722363472, -0.024998914450407028], [0.044400814920663834, 0.015967903658747673], [0.03765684366226196, -0.011368361301720142], [-0.004003910813480616, 0.05363452807068825], [0.04709675535559654, 0.011514158919453621], [0.00533300032839179, 0.033331844955682755]], "object_rotation": [0.7147162556648254, 1.6114988327026367, 2.276034355163574, 2.2830257415771484, 0.6379846930503845, 0.6146798133850098, 0.024710016325116158, 3.179398536682129, 1.9866679906845093, 2.201535940170288], "distractor_position": [-1.2615283727645874, -1.704919457435608, 0.3204920291900635, 0.1809309422969818, -0.3856040835380554, -0.06335930526256561, -0.42198970913887024, -1.1463499069213867, -1.1494879722595215, -0.2552917003631592]}, "object_type": "mug", "L": 1.0, "failure_level": 0.4, "dp_logprior_scale": 1.0, "dp_mcmc_step_size": 0.1, "ep_mcmc_step_size": 0.1, "num_rounds": 50, "num_steps_per_round": 1, "num_chains": 10, "use_gradients": true, "use_stochasticity": true, "repair": false, "predict": true, "quench_rounds": 0, "tempering_schedule": null, "ep_logprobs": [[-47.399417877197266, -49.06348419189453, -47.124759674072266, -49.22059631347656, -45.393489837646484, -45.84139633178711, -46.94277572631836, -48.17033386230469, -47.44862747192383, -45.18366241455078], [-47.35816955566406, -49.00041961669922, -47.07826232910156, -49.207069396972656, -45.39421081542969, -45.811397552490234, -46.94410705566406, -48.160640716552734, -47.34649658203125, -45.16230773925781], [-47.359683990478516, -48.99641036987305, -47.074440002441406, -49.040992736816406, -45.38911819458008, -45.8012580871582, -46.94869613647461, -48.121376037597656, -47.32331466674805, -45.16170883178711], [-47.35801696777344, -48.996971130371094, -46.868656158447266, -49.0419807434082, -45.38995361328125, -45.77360534667969, -46.947853088378906, -48.119895935058594, -47.22813415527344, -45.15808868408203], [-47.350433349609375, -48.97174072265625, -46.79899215698242, -48.87807083129883, -45.4329833984375, -45.77229309082031, -46.73225402832031, -48.112953186035156, -47.16469192504883, -45.156402587890625], [-47.2608642578125, -48.96458435058594, -46.643672943115234, -48.68748092651367, -45.4276237487793, -45.759830474853516, -46.7387809753418, -48.10183334350586, -47.12501907348633, -45.15515899658203], [-47.25701904296875, -48.94015121459961, -46.581886291503906, -48.648841857910156, -45.425086975097656, -45.74951171875, -46.7193489074707, -48.100669860839844, -47.044193267822266, -45.155818939208984], [-47.240169525146484, -48.9383430480957, -46.54999923706055, -48.567604064941406, -45.41791534423828, -45.74960708618164, -46.71001434326172, -48.074039459228516, -46.93263244628906, -45.142677307128906], [-47.247230529785156, -48.458377838134766, -46.61408615112305, -48.07881546020508, -45.43467712402344, -45.67705535888672, -46.68606185913086, -48.07500076293945, -46.935768127441406, -45.12147903442383], [-47.272865295410156, -48.421592712402344, -46.567508697509766, -47.82365417480469, -45.42881774902344, -45.61692428588867, -46.691917419433594, -48.065711975097656, -46.724464416503906, -45.121524810791016], [-47.230316162109375, -48.42003631591797, -46.56829833984375, -47.82162094116211, -45.42388916015625, -45.60448455810547, -46.69103240966797, -48.06995391845703, -46.60164260864258, -45.11830139160156], [-47.1054801940918, -48.397804260253906, -46.54241180419922, -47.53636932373047, -45.4175910949707, -45.63251495361328, -46.67692947387695, -48.07109069824219, -46.602630615234375, -45.103214263916016], [-47.10212707519531, -48.32522201538086, -46.49320602416992, -47.417354583740234, -45.35548400878906, -45.60247802734375, -46.674861907958984, -48.03874206542969, -46.50493240356445, -45.09849548339844], [-47.050594329833984, -48.315826416015625, -46.4933967590332, -47.399452209472656, -45.38398742675781, -45.579383850097656, -46.67431640625, -48.020538330078125, -46.5029296875, -45.11211395263672], [-46.95975112915039, -48.3155517578125, -46.429779052734375, -47.390174865722656, -45.383567810058594, -45.582557678222656, -46.60419464111328, -48.020511627197266, -46.502906799316406, -45.11204147338867], [-46.95030212402344, -48.31330490112305, -46.41143798828125, -47.37689971923828, -45.383602142333984, -45.47159194946289, -46.58551788330078, -48.018245697021484, -46.4922981262207, -45.11043930053711], [-46.94896697998047, -48.30133819580078, -46.391204833984375, -47.372310638427734, -45.383514404296875, -45.531211853027344, -46.58081817626953, -47.955692291259766, -46.499855041503906, -45.11882400512695], [-46.93339920043945, -48.203125, -46.36619186401367, -47.36372375488281, -45.15523147583008, -45.50444793701172, -46.58964538574219, -47.94205856323242, -46.49826431274414, -45.12203598022461], [-46.92573547363281, -48.14310836791992, -46.1271858215332, -47.34763717651367, -45.169681549072266, -45.470272064208984, -46.589027404785156, -47.93921661376953, -46.48519515991211, -45.125728607177734], [-46.90297317504883, -48.14234924316406, -46.322547912597656, -46.959983825683594, -45.159244537353516, -45.47136306762695, -46.41181182861328, -47.93461990356445, -46.463966369628906, -45.11027908325195], [-46.89488983154297, -48.138153076171875, -46.331607818603516, -46.83046340942383, -45.15884017944336, -45.473873138427734, -46.34797668457031, -47.846981048583984, -46.395904541015625, -45.098751068115234], [-46.897682189941406, -48.11994552612305, -46.31736755371094, -46.525794982910156, -45.19990158081055, -45.48014450073242, -46.44482421875, -47.833160400390625, -46.448665618896484, -45.07057189941406], [-46.73390579223633, -48.13449478149414, -46.31897735595703, -46.48639678955078, -45.19987487792969, -45.48004150390625, -46.4379997253418, -47.830589294433594, -46.423343658447266, -45.06990051269531], [-46.66397476196289, -48.04187774658203, -46.31901168823242, -46.486148834228516, -45.23461151123047, -45.5242919921875, -46.338523864746094, -47.828033447265625, -46.41278839111328, -45.06874465942383], [-46.65811538696289, -48.04301452636719, -46.318450927734375, -46.45381164550781, -45.198055267333984, -45.508056640625, -46.36186218261719, -47.81205749511719, -46.35325622558594, -45.08201217651367], [-46.62223815917969, -48.029197692871094, -46.31736373901367, -46.40242385864258, -45.12553787231445, -45.455196380615234, -46.35630416870117, -47.81129837036133, -46.222652435302734, -45.084434509277344], [-46.619606018066406, -48.022212982177734, -46.319522857666016, -46.40272521972656, -45.163124084472656, -45.45576477050781, -46.17985153198242, -47.81024169921875, -46.179019927978516, -45.0723876953125], [-46.62915802001953, -48.0052490234375, -46.271156311035156, -46.364967346191406, -45.164794921875, -45.455570220947266, -46.013427734375, -47.78928756713867, -45.843746185302734, -45.067481994628906], [-46.652076721191406, -47.93767547607422, -46.271583557128906, -46.33570861816406, -45.15643310546875, -45.44868087768555, -46.38336181640625, -47.783287048339844, -45.84322738647461, -45.068580627441406], [-46.651939392089844, -47.83765411376953, -46.27067565917969, -46.3231315612793, -45.139617919921875, -45.49676513671875, -46.37928771972656, -47.770320892333984, -45.82719421386719, -45.0946044921875], [-46.6500358581543, -47.835880279541016, -46.304779052734375, -46.312007904052734, -45.123165130615234, -45.44906997680664, -46.364173889160156, -47.761558532714844, -45.817378997802734, -45.09444046020508], [-46.53612518310547, -47.829559326171875, -46.2708740234375, -46.31529998779297, -45.14993667602539, -45.44575881958008, -46.36469650268555, -47.76212692260742, -45.807533264160156, -45.09284973144531], [-46.50166702270508, -47.76668167114258, -46.21710968017578, -46.306522369384766, -45.149505615234375, -45.49451446533203, -46.13850784301758, -47.75347137451172, 