{"eps": {"object_position": [[-0.031202279031276703, -0.02257707715034485], [0.005065989680588245, 0.006624077446758747], [0.07675351202487946, 0.048403386026620865], [0.015829816460609436, 0.022080151364207268], [0.06265456229448318, 0.02088347263634205], [-0.05797441303730011, 0.019466571509838104], [0.11170364171266556, 0.0005163022433407605], [-0.020786242559552193, -0.05146476626396179], [0.009096215479075909, -0.03420594707131386], [-0.025707658380270004, 0.07886035740375519]], "object_rotation": [1.8131448030471802, 2.9981460571289062, 2.175252914428711, 1.0279399156570435, 2.2935075759887695, 1.986994981765747, 2.370485305786133, 0.6022857427597046, 1.7624578475952148, 1.2883248329162598], "distractor_position": [-0.40582144260406494, 0.05110622197389603, -1.5231724977493286, -0.858086884021759, -0.1782095581293106, 0.14706718921661377, 0.0191410630941391, -0.5247092247009277, -0.7740539908409119, -0.7735310792922974]}, "object_type": "mug", "L": 1.0, "failure_level": 0.4, "dp_logprior_scale": 1.0, "dp_mcmc_step_size": 0.1, "ep_mcmc_step_size": 0.1, "num_rounds": 50, "num_steps_per_round": 1, "num_chains": 10, "use_gradients": true, "use_stochasticity": true, "repair": false, "predict": true, "quench_rounds": 0, "tempering_schedule": null, "ep_logprobs": [[-45.30121994018555, -46.162601470947266, -48.959449768066406, -45.36720275878906, -45.6026725769043, -46.30031967163086, -50.8840217590332, -46.66130065917969, -45.249412536621094, -47.29341506958008], [-45.24810791015625, -46.1705436706543, -48.9588623046875, -45.35600662231445, -45.57456588745117, -46.279998779296875, -50.855186462402344, -46.42192077636719, -45.232723236083984, -47.029937744140625], [-45.25059509277344, -46.17756652832031, -48.937355041503906, -45.31453323364258, -45.577415466308594, -46.26742172241211, -49.545982360839844, -46.41550827026367, -45.23258590698242, -46.7592887878418], [-45.19045639038086, -46.1674919128418, -48.93570327758789, -45.3137321472168, -45.577186584472656, -46.2061653137207, -49.53940963745117, -46.368648529052734, -45.21321487426758, -46.73775863647461], [-45.145626068115234, -46.150753021240234, -48.942138671875, -45.31481170654297, -45.597843170166016, -46.1963996887207, -49.457908630371094, -46.19365310668945, -45.20392608642578, -46.688438415527344], [-45.061851501464844, -46.17361068725586, -48.942413330078125, -45.3105583190918, -45.554054260253906, -46.02077865600586, -48.82996368408203, -46.186561584472656, -45.17027282714844, -46.670318603515625], [-45.058231353759766, -46.17343521118164, -48.85410690307617, -45.310333251953125, -45.552040100097656, -46.01971435546875, -48.77495574951172, -46.16081237792969, -45.15891647338867, -46.64466094970703], [-45.06024169921875, -46.17019271850586, -48.8397331237793, -45.31222915649414, -45.54305648803711, -45.97892761230469, -48.488136291503906, -46.13907241821289, -45.158817291259766, -46.44675064086914], [-45.07520294189453, -46.16891860961914, -48.78578567504883, -45.31388473510742, -45.49107360839844, -45.953086853027344, -48.42402648925781, -45.94923782348633, -45.1546745300293, -46.37542724609375], [-45.024574279785156, -46.174537658691406, -48.748130798339844, -45.34283447265625, -45.47872543334961, -45.96150207519531, -48.41454315185547, -45.95047378540039, -45.11991882324219, -46.37609100341797], [-45.03080749511719, -46.17155456542969, -48.75701904296875, -45.323692321777344, -45.44148254394531, -45.91654968261719, -47.73696517944336, -45.939205169677734, -45.09846115112305, -46.35966110229492], [-45.007835388183594, -46.15992736816406, -48.724063873291016, -45.31333923339844, -45.418724060058594, -45.91621017456055, -47.56685256958008, -45.94131088256836, -45.096641540527344, -46.25088882446289], [-44.97657775878906, -46.16105651855469, -48.72471618652344, -45.3023796081543, -45.408843994140625, -45.89821243286133, -47.49810791015625, -45.943382263183594, -45.13102722167969, -46.24943923950195], [-44.98646545410156, -46.12614059448242, -48.5533332824707, -45.270751953125, -45.40993118286133, -45.90981674194336, -47.449066162109375, -45.96531295776367, -45.1280632019043, -46.17340087890625], [-44.956878662109375, -46.104366302490234, -48.52926254272461, -45.27251434326172, -45.32571029663086, -45.86936950683594, -47.43646240234375, -45.96067810058594, -45.128868103027344, -46.146183013916016], [-44.964908599853516, -46.09046173095703, -48.51180648803711, -45.27131652832031, -45.32197952270508, -45.86675262451172, -47.400577545166016, -45.94447326660156, -45.12587356567383, -46.14509963989258], [-44.96017074584961, -46.09133529663086, -48.40817642211914, -45.25942611694336, -45.411102294921875, -45.84963607788086, -47.06684494018555, -45.79861068725586, -45.135704040527344, -46.121055603027344], [-44.954010009765625, -46.12324905395508, -48.32900619506836, -45.225643157958984, -45.294830322265625, -45.8493537902832, -46.69716262817383, -45.79749298095703, -45.13563537597656, -46.11663818359375], [-44.94976806640625, -46.108245849609375, -48.21096420288086, -45.234317779541016, -45.27872848510742, -45.8489990234375, -46.70682144165039, -45.700199127197266, -45.13485336303711, -45.95511245727539], [-44.9185791015625, -46.03156280517578, -48.16670227050781, -45.23309326171875, -45.26454544067383, -45.848419189453125, -46.705413818359375, -45.658538818359375, -45.10151290893555, -45.95265197753906], [-44.9213752746582, -46.04854965209961, -48.079586029052734, -45.217830657958984, -45.27973937988281, -45.86570739746094, -46.618953704833984, -45.660888671875, -45.09892272949219, -45.91337585449219], [-44.92396926879883, -46.067073822021484, -48.05754852294922, -45.21773147583008, -45.309566497802734, -45.8604621887207, -46.6175422668457, -45.64691162109375, -45.10255813598633, -45.909549713134766], [-44.825584411621094, -46.066097259521484, -48.05730438232422, -45.18195343017578, -45.30611038208008, -45.85409164428711, -46.55304718017578, -45.647396087646484, -45.09196090698242, -45.93989944458008], [-44.822078704833984, -46.04478073120117, -48.05503845214844, -45.17949295043945, -45.27619934082031, -45.85996627807617, -46.5258674621582, -45.61410903930664, -45.09196472167969, -45.846839904785156], [-44.82393264770508, -46.0484619140625, -47.95216751098633, -45.171504974365234, -45.2772331237793, -45.82258224487305, -46.34379196166992, -45.59888458251953, -45.06998062133789, -45.65889358520508], [-44.82819747924805, -46.03883361816406, -47.93815994262695, -45.155235290527344, -45.280452728271484, -45.82223129272461, -46.33732986450195, -45.59870147705078, -45.065673828125, -45.646324157714844], [-44.82761001586914, -46.06412887573242, -47.919029235839844, -45.17347717285156, -45.25172424316406, -45.821720123291016, -46.233768463134766, -45.598514556884766, -45.06868362426758, -45.64948654174805], [-44.800086975097656, -46.06013488769531, -47.91752624511719, -45.17308044433594, -45.13776779174805, -45.824283599853516, -46.22894287109375, -45.59394073486328, -44.98459243774414, -45.55255889892578], [-44.78062438964844, -46.03915023803711, -47.89935302734375, -45.152809143066406, -45.118560791015625, -45.82406234741211, -46.19373321533203, -45.59392547607422, -44.97600173950195, -45.54607391357422], [-44.778663635253906, -46.0424919128418, -47.898414611816406, -45.15195846557617, -45.120296478271484, -45.806846618652344, -46.207298278808594, -45.59823226928711, -44.90536117553711, -45.54491424560547], [-44.77799606323242, -46.041568756103516, -47.896636962890625, -45.16176223754883, -45.30768585205078, -45.80208206176758, -46.19089126586914, -45.597877502441406, -44.90521240234375, -45.52044677734375], [-44.768310546875, -46.051612854003906, -47.89423751831055, -45.05271911621094, -45.28804397583008, -45.79984664916992, -46.05866241455078, -45.60114288330078, -44.904483795166016, -45.50772476196289], [-44.768394470214844, -46.03302764892578, -47.849143981933594, -45.05738830566406, -45.288482666015625, -45.75161361694336, -46.03802490234375, -45.56733322143555, -44.929344177246094, 