{"eps": {"object_position": [[-0.04763506352901459, 0.14834436774253845], [0.025096535682678223, -0.07428653538227081], [-0.038597747683525085, -0.16195353865623474], [-0.11834932863712311, 0.01109907403588295], [-0.039243027567863464, -0.17761589586734772], [0.02892063558101654, 0.2511562705039978], [0.07239916175603867, 0.05659620091319084], [0.05010123550891876, 0.13107676804065704], [0.029710758477449417, 0.12497830390930176], [-0.13690949976444244, 0.032151222229003906]], "object_rotation": [0.48233819007873535, 3.2840476036071777, 2.8908088207244873, 1.828413486480713, 1.9553967714309692, 1.4706897735595703, 0.01609623432159424, 2.155118942260742, 3.5353176593780518, 2.3216347694396973], "distractor_position": [-0.462149977684021, -0.38904595375061035, -1.4543571472167969, -0.17139098048210144, -0.3235618472099304, 0.33622217178344727, -0.4874761402606964, 0.055658698081970215, -0.789746880531311, -1.185572624206543]}, "object_type": "mug", "L": 1.0, "failure_level": 0.4, "dp_logprior_scale": 1.0, "dp_mcmc_step_size": 0.1, "ep_mcmc_step_size": 0.1, "num_rounds": 50, "num_steps_per_round": 1, "num_chains": 10, "use_gradients": false, "use_stochasticity": true, "repair": false, "predict": true, "quench_rounds": 0, "tempering_schedule": null, "ep_logprobs": [[-47.411903381347656, -49.063472747802734, -47.12453842163086, -49.2733268737793, -45.71096420288086, -45.93344497680664, -46.94392776489258, -48.17091751098633, -47.65026092529297, -45.208412170410156], [-47.411903381347656, -49.063472747802734, -47.12453842163086, -49.2733268737793, -45.71096420288086, -46.81818389892578, -46.94392776489258, -48.17091751098633, -46.48882293701172, -45.208412170410156], [-47.411903381347656, -49.063472747802734, -47.12453842163086, -49.2733268737793, -45.71096420288086, -46.81818389892578, -46.94392776489258, -48.74451446533203, -46.48882293701172, -45.208412170410156], [-47.411903381347656, -49.063472747802734, -47.12453842163086, -49.2733268737793, -45.71096420288086, -46.81818389892578, -46.94392776489258, -48.74451446533203, -46.48882293701172, -45.208412170410156], [-47.411903381347656, -48.99115753173828, -47.12453842163086, -49.2733268737793, -45.71096420288086, -46.81818389892578, -46.94392776489258, -48.74451446533203, -46.48882293701172, -45.208412170410156], [-47.411903381347656, -48.99115753173828, -47.12453842163086, -49.2733268737793, -45.71096420288086, -46.81818389892578, -46.94392776489258, -45.19028091430664, -46.48882293701172, -47.90803146362305], [-47.411903381347656, -48.99115753173828, -47.12453842163086, -49.2733268737793, -45.71096420288086, -46.81818389892578, -46.94392776489258, -45.19028091430664, -46.48882293701172, -47.90803146362305], [-47.411903381347656, -48.99115753173828, -47.12453842163086, -49.2733268737793, -45.71096420288086, -46.81818389892578, -46.94392776489258, -45.19028091430664, -46.48882293701172, -48.34072494506836], [-47.411903381347656, -48.99115753173828, -47.12453842163086, -49.2733268737793, -45.71096420288086, -46.81818389892578, -46.94392776489258, -45.19028091430664, -46.48882293701172, -46.97023391723633], [-47.411903381347656, -48.99115753173828, -47.12453842163086, -49.2733268737793, -45.71096420288086, -46.81818389892578, -46.94392776489258, -45.19028091430664, -46.48882293701172, -46.97023391723633], [-47.411903381347656, -50.49616241455078, -46.58179473876953, -49.2733268737793, -45.71096420288086, -46.81818389892578, -46.94392776489258, -45.19028091430664, -46.48882293701172, -46.97023391723633], [-47.411903381347656, -50.49616241455078, -46.58179473876953, -49.100833892822266, -45.71096420288086, -46.81818389892578, -46.94392776489258, -45.19028091430664, -46.48882293701172, -46.97023391723633], [-47.411903381347656, -50.49616241455078, -46.58179473876953, -47.451332092285156, -45.71096420288086, -46.81818389892578, -46.94392776489258, -45.19028091430664, -46.8411750793457, -46.97023391723633], [-47.411903381347656, -50.49616241455078, -46.58179473876953, -47.46695327758789, -45.71096420288086, -46.81818389892578, -46.94392776489258, -45.19028091430664, -46.8411750793457, -46.97023391723633], [-47.411903381347656, -50.49616241455078, -46.58179473876953, -47.46695327758789, -45.71096420288086, -46.81818389892578, -46.94392776489258, -45.19028091430664, -46.8411750793457, -46.97023391723633], [-47.411903381347656, -50.49616241455078, -46.58179473876953, -47.46695327758789, -45.71096420288086, -46.81818389892578, -46.94392776489258, -45.19028091430664, -46.8411750793457, -46.97023391723633], [-47.411903381347656, -50.49616241455078, -46.58179473876953, -47.46695327758789, -45.71096420288086, -46.81818389892578, -46.94392776489258, -45.19028091430664, -46.8411750793457, -46.97023391723633], [-47.411903381347656, -50.49616241455078, -46.88805389404297, -47.46695327758789, -45.71096420288086, -46.81818389892578, -46.94392776489258, -45.19028091430664, -46.8411750793457, -46.97023391723633], [-47.411903381347656, -50.49616241455078, -46.88805389404297, -47.46695327758789, -45.71096420288086, -46.81818389892578, -46.94392776489258, -45.19028091430664, -46.8411750793457, -46.97023391723633], [-44.82841110229492, -50.49616241455078, -46.88805389404297, -47.46695327758789, -45.71096420288086, -46.81818389892578, -46.94392776489258, -45.62511444091797, -46.8411750793457, -46.97023391723633], [-44.82841110229492, -50.49616241455078, -46.88805389404297, -44.65999221801758, -45.71096420288086, -46.81818389892578, -46.94392776489258, -45.62511444091797, -46.8411750793457, -46.97023391723633], [-44.82841110229492, -50.49616241455078, -46.88805389404297, -44.65999221801758, -45.71096420288086, -46.81818389892578, -46.94392776489258, -45.62511444091797, -52.157569885253906, -46.97023391723633], [-44.82841110229492, -49.933719635009766, -46.88805389404297, -44.65999221801758, -45.71096420288086, -46.81818389892578, -46.94392776489258, -45.62511444091797, -52.157569885253906, -46.97023391723633], [-44.82841110229492, -49.933719635009766, -46.88805389404297, -44.65999221801758, -45.71096420288086, -46.81818389892578, -46.94392776489258, -45.62511444091797, -47.59823226928711, -46.97023391723633], [-44.82841110229492, -49.933719635009766, -46.88805389404297, -44.65999221801758, -45.71096420288086, -46.81818389892578, -46.94392776489258, -45.62511444091797, -47.59823226928711, -46.97023391723633], [-44.82841110229492, -49.933719635009766, -46.88805389404297, -44.65999221801758, -45.71096420288086, -46.81818389892578, -46.94392776489258, -45.62511444091797, -47.59823226928711, -46.97023391723633], [-44.82841110229492, -49.933719635009766, -46.824066162109375, -44.65999221801758, -47.25734329223633, -46.81818389892578, -46.94392776489258, -45.62511444091797, -47.59823226928711, -46.97023391723633], [-44.82841110229492, -49.933719635009766, -46.824066162109375, -44.65999221801758, -47.25734329223633, -46.81818389892578, -46.94392776489258, -45.62511444091797, -47.59823226928711, -46.97023391723633], [-44.82841110229492, -48.19313049316406, -46.824066162109375, -45.55024337768555, -47.25734329223633, -46.81818389892578, -46.94392776489258, -45.62511444091797, -47.59823226928711, -46.97023391723633], [-44.82841110229492, -47.855995178222656, -46.824066162109375, -45.55024337768555, -46.0758171081543, -46.81818389892578, -46.94392776489258, -45.62511444091797, -47.59823226928711, -46.97023391723633], [-44.82841110229492, -47.855995178222656, -46.824066162109375, -45.55024337768555, -46.0758171081543, -46.81818389892578, -46.94392776489258, -45.62511444091797, -47.59823226928711, -46.97023391723633], [-44.82841110229492, -47.855995178222656, -46.824066162109375, -45.55024337768555, -46.0758171081543, -46.81818389892578, -46.94392776489258, -45.62511444091797, -47.59823226928711, -46.97023391723633], [-44.82841110229492, -47.855995178222656, -46.824066162109375, -45.55024337768555, -46.0758171081543, -46.79232406616211, -46.94392776489258, -45.62511444091797, -47.59823226928711, -46.97023391723633], [-45.68563461303711, 