{"eps": {"object_position": [[0.05049954727292061, 0.0022684044670313597], [-0.020883701741695404, -0.08043058961629868], [-0.1243235245347023, -0.03384285792708397], [0.038366034626960754, -0.044076573103666306], [-0.021682022139430046, -0.031725071370601654]], "object_rotation": [1.3622368574142456, 0.9796223044395447, 2.7511935234069824, 1.116362452507019, 0.947843611240387], "distractor_position": [-1.249622106552124, 0.10208219289779663, -1.1302831172943115, -1.4687738418579102, -0.8767003417015076]}, "eps_trace": {"object_position": [[[0.05049954727292061, 0.0022684044670313597], [-0.020883701741695404, -0.08043058961629868], [-0.1243235245347023, -0.03384285792708397], [0.038366034626960754, -0.044076573103666306], [-0.021682022139430046, -0.031725071370601654]], [[0.05049954727292061, 0.0022684044670313597], [-0.020883701741695404, -0.08043058961629868], [-0.1243235245347023, -0.03384285792708397], [0.038366034626960754, -0.044076573103666306], [-0.021682022139430046, -0.031725071370601654]], [[0.05049954727292061, 0.0022684044670313597], [-0.020883701741695404, -0.08043058961629868], [-0.1243235245347023, -0.03384285792708397], [0.038366034626960754, -0.044076573103666306], [-0.021682022139430046, -0.031725071370601654]], [[0.05049954727292061, 0.0022684044670313597], [-0.020883701741695404, -0.08043058961629868], [-0.1243235245347023, -0.03384285792708397], [0.038366034626960754, -0.044076573103666306], [-0.021682022139430046, -0.031725071370601654]], [[0.05049954727292061, 0.0022684044670313597], [-0.020883701741695404, -0.08043058961629868], [-0.1243235245347023, -0.03384285792708397], [0.038366034626960754, -0.044076573103666306], [-0.021682022139430046, -0.031725071370601654]], [[0.05049954727292061, 0.0022684044670313597], [-0.020883701741695404, -0.08043058961629868], [-0.1243235245347023, -0.03384285792708397], [0.038366034626960754, -0.044076573103666306], [-0.021682022139430046, -0.031725071370601654]], [[0.05049954727292061, 0.0022684044670313597], [-0.020883701741695404, -0.08043058961629868], [-0.1243235245347023, -0.03384285792708397], [0.038366034626960754, -0.044076573103666306], [-0.021682022139430046, -0.031725071370601654]], [[0.05049954727292061, 0.0022684044670313597], [-0.020883701741695404, -0.08043058961629868], [-0.1243235245347023, -0.03384285792708397], [0.038366034626960754, -0.044076573103666306], [-0.021682022139430046, -0.031725071370601654]], [[0.05049954727292061, 0.0022684044670313597], [-0.020883701741695404, -0.08043058961629868], [-0.1243235245347023, -0.03384285792708397], [0.038366034626960754, -0.044076573103666306], [-0.021682022139430046, -0.031725071370601654]], [[0.05049954727292061, 0.0022684044670313597], [-0.020883701741695404, -0.08043058961629868], [-0.1243235245347023, -0.03384285792708397], [0.038366034626960754, -0.044076573103666306], [-0.021682022139430046, -0.031725071370601654]], [[0.05049954727292061, 0.0022684044670313597], [-0.020883701741695404, -0.08043058961629868], [-0.1243235245347023, -0.03384285792708397], [0.038366034626960754, -0.044076573103666306], [-0.021682022139430046, -0.031725071370601654]], [[0.05049954727292061, 0.0022684044670313597], [-0.020883701741695404, -0.08043058961629868], [-0.1243235245347023, -0.03384285792708397], [0.038366034626960754, -0.044076573103666306], [-0.021682022139430046, -0.031725071370601654]], [[0.05049954727292061, 0.0022684044670313597], [-0.020883701741695404, -0.08043058961629868], [-0.1243235245347023, -0.03384285792708397], [0.038366034626960754, -0.044076573103666306], [-0.021682022139430046, -0.031725071370601654]], [[0.05049954727292061, 0.0022684044670313597], [-0.020883701741695404, -0.08043058961629868], [-0.1243235245347023, -0.03384285792708397], [0.038366034626960754, -0.044076573103666306], [-0.021682022139430046, -0.031725071370601654]], [[0.05049954727292061, 0.0022684044670313597], [-0.020883701741695404, -0.08043058961629868], [-0.1243235245347023, -0.03384285792708397], [0.038366034626960754, -0.044076573103666306], [-0.021682022139430046, -0.031725071370601654]], [[0.05049954727292061, 0.0022684044670313597], [-0.020883701741695404, -0.08043058961629868], [-0.1243235245347023, -0.03384285792708397], [0.038366034626960754, -0.044076573103666306], [-0.021682022139430046, -0.031725071370601654]], [[0.05049954727292061, 0.0022684044670313597], [-0.020883701741695404, -0.08043058961629868], [-0.1243235245347023, -0.03384285792708397], [0.038366034626960754, -0.044076573103666306], [-0.021682022139430046, -0.031725071370601654]], [[0.05049954727292061, 0.0022684044670313597], [-0.020883701741695404, -0.08043058961629868], [-0.1243235245347023, -0.03384285792708397], [0.038366034626960754, -0.044076573103666306], [-0.021682022139430046, -0.031725071370601654]], [[0.05049954727292061, 0.0022684044670313597], [-0.020883701741695404, -0.08043058961629868], [-0.1243235245347023, -0.03384285792708397], [0.038366034626960754, -0.044076573103666306], [-0.021682022139430046, -0.031725071370601654]], [[0.05049954727292061, 0.0022684044670313597], [-0.020883701741695404, -0.08043058961629868], [-0.1243235245347023, -0.03384285792708397], [0.038366034626960754, -0.044076573103666306], [-0.021682022139430046, -0.031725071370601654]], [[0.05049954727292061, 0.0022684044670313597], [-0.020883701741695404, -0.08043058961629868], [-0.1243235245347023, -0.03384285792708397], [0.038366034626960754, -0.044076573103666306], [-0.021682022139430046, -0.031725071370601654]], [[0.05049954727292061, 0.0022684044670313597], [-0.020883701741695404, -0.08043058961629868], [-0.1243235245347023, -0.03384285792708397], [0.038366034626960754, -0.044076573103666306], [-0.021682022139430046, -0.031725071370601654]], [[0.05049954727292061, 0.0022684044670313597], [-0.020883701741695404, -0.08043058961629868], [-0.1243235245347023, -0.03384285792708397], [0.038366034626960754, -0.044076573103666306], [-0.021682022139430046, -0.031725071370601654]], [[0.05049954727292061, 0.0022684044670313597], [-0.020883701741695404, -0.08043058961629868], [-0.1243235245347023, -0.03384285792708397], [0.038366034626960754, -0.044076573103666306], [-0.021682022139430046, -0.031725071370601654]], [[0.05049954727292061, 0.0022684044670313597], [-0.020883701741695404, -0.08043058961629868], [-0.1243235245347023, -0.03384285792708397], [0.038366034626960754, -0.044076573103666306], [-0.021682022139430046, -0.031725071370601654]]],