{"eps": {"object_position": [[-0.03725828975439072, 0.06347475945949554], [-0.051000650972127914, -0.15384328365325928], [0.025516120716929436, -0.07131239026784897], [-0.04615634307265282, 0.06785216182470322], [0.1811714768409729, 0.02810237929224968]], "object_rotation": [0.8662987351417542, 2.3923885822296143, 0.5842021107673645, 2.5304818153381348, 1.5573761463165283], "distractor_position": [-0.6596975326538086, 0.16827024519443512, -0.9145396947860718, 0.36810988187789917, -0.37423762679100037]}, "eps_trace": {"object_position": [[[-0.06788598746061325, -0.014530077576637268], [-0.222581684589386, -0.13497650623321533], [-0.04238002374768257, -0.07640276849269867], [-0.13586390018463135, 0.08164642751216888], [0.34055906534194946, -0.08101437240839005]], [[-0.018253855407238007, 0.07451418787240982], [-0.019524216651916504, -0.19069039821624756], [-0.07939247786998749, -0.023650480434298515], [0.023703482002019882, 0.08646757900714874], [0.19986440241336823, -0.14949104189872742]], [[0.05336355045437813, -0.0012379363179206848], [-0.03201514482498169, -0.15704858303070068], [-0.03504062443971634, -0.03873555362224579], [0.05117981880903244, 0.016692494973540306], [0.18411633372306824, -0.11718107759952545]], [[0.11133153736591339, -0.02458992227911949], [-0.10193945467472076, -0.13643458485603333], [-0.05087050050497055, -0.006320387125015259], [0.04099474474787712, 0.008770328015089035], [0.14924587309360504, -0.09883811324834824]], [[-0.03725828975439072, 0.06347475945949554], [-0.051000650972127914, -0.15384328365325928], [0.025516120716929436, -0.07131239026784897], [-0.04615634307265282, 0.06785216182470322], [0.1811714768409729, 0.02810237929224968]]], "object_rotation": [[0.9806469082832336, 2.318702220916748, 0.7403916120529175, 2.3910603523254395, 1.3819504976272583], [0.9278053045272827, 2.2941720485687256, 0.6356772780418396, 2.307427167892456, 1.4503427743911743], [0.9047447443008423, 2.2638394832611084, 0.6018171906471252, 2.329389810562134, 1.461617112159729], [0.9322175979614258, 2.2719054222106934, 0.6207457780838013, 2.4340286254882812, 1.5596154928207397], [0.8662987351417542, 2.3923885822296143, 0.5842021107673645, 2.5304818153381348, 1.5573761463165283]], "distractor_position": [[-0.4960334897041321, 0.3952395021915436, -1.0831263065338135, 0.24109713733196259, -0.4349866211414337], [-0.6395518779754639, 0.4196619689464569, -0.9856509566307068, 0.30618733167648315, -0.4168374836444855], [-0.6365116834640503, 0.40327784419059753, -0.9683387279510498, 0.23600123822689056, -0.4124547839164734], [-0.6140531301498413, 0.30165427923202515, -0.8664549589157104, 0.31094232201576233, -0.3776323199272156], [-0.6596975326538086, 0.16827024519443512, -0.9145396947860718, 0.36810988187789917, -0.37423762679100037]]}, "object_type": "box", "L": 10.0, "failure_level": 0.2, "dp_logprior_scale": 1.0, "dp_mcmc_step_size": 0.001, "ep_mcmc_step_size": 0.001, "num_rounds": 5, "num_steps_per_round": 5, "num_chains": 5, "use_gradients": true, "use_stochasticity": true, "repair": true, "predict": true, "quench_rounds": 0, "tempering_schedule": [0.9816843867301941, 0.9999991655349731, 1.0, 1.0, 1.0], "ep_logprobs": [[-28.92915916442871, -32.518856048583984, -32.17514419555664, -32.61316680908203, -35.58003234863281], [-30.42904281616211, -32.83036804199219, -31.94747543334961, -32.07402420043945, -33.60734176635742], [-30.52915382385254, -32.174827575683594, -31.3748779296875, -31.37044334411621, -32.27482223510742], [-31.36793327331543, -32.08690643310547, -30.701780319213867, -31.521883010864258, -32.166969299316406], [-30.320415496826172, -31.664165496826172, -31.816125869750977, -32.19449234008789, -32.015926361083984]], "dp_logprobs": [[-1.7132039070129395, -1.9835889339447021, -1.337795615196228, -1.841296911239624, -1.6684162616729736], [-1.3792754411697388, -0.7491005659103394, -3.3830296993255615, -1.1771851778030396, -1.858705759048462], [-0.6782103180885315, -0.5220048427581787, -1.1212273836135864, -0.8401821851730347, -3.183035135269165], [-1.1937593221664429, -0.1360066533088684, -2.429096221923828, -1.264702558517456, -2.244002342224121], [-1.5017555952072144, -0.8235338926315308, -1.4523963928222656, -1.4120508432388306, -0.8173313140869141]]}