{"eps": {"object_position": [[0.10578665137290955, 0.21904253959655762], [-0.1862870305776596, 0.008518509566783905], [0.08907641470432281, -0.02041078731417656], [-0.058623407036066055, 0.05745980143547058], [0.039734795689582825, -0.0172804556787014]], "object_rotation": [2.4142723083496094, 1.9495295286178589, 0.09770520031452179, 0.8561034202575684, 1.7401423454284668], "distractor_position": [-0.2829974293708801, 0.2644433379173279, -1.2421482801437378, 0.2977006137371063, -1.3402587175369263]}, "eps_trace": {"object_position": [[[0.1434011459350586, 0.11133212596178055], [0.0749366283416748, 0.12118398398160934], [0.1003781259059906, -0.028243154287338257], [0.11689697951078415, -0.13499681651592255], [0.07849141210317612, -0.0688178613781929]], [[0.1619102954864502, 0.14495232701301575], [-0.1561979353427887, 0.09319908171892166], [0.02597706764936447, -0.06519187986850739], [-0.022814631462097168, -0.041795313358306885], [0.11961410939693451, -0.08020319789648056]], [[0.13113105297088623, 0.2138930708169937], [-0.17606177926063538, 0.08883751928806305], [-0.05750336870551109, 0.03161650896072388], [-0.12677057087421417, -0.008925465866923332], [0.06385661661624908, 0.029802553355693817]], [[0.09538203477859497, 0.25905299186706543], [-0.16912837326526642, 0.060692813247442245], [0.05482061207294464, 0.021754954010248184], [0.008590437471866608, -0.02084382250905037], [0.08716956526041031, -0.012656239792704582]], [[0.10578665137290955, 0.21904253959655762], [-0.1862870305776596, 0.008518509566783905], [0.08907641470432281, -0.02041078731417656], [-0.058623407036066055, 0.05745980143547058], [0.039734795689582825, -0.0172804556787014]]], "object_rotation": [[2.1568217277526855, 1.7089284658432007, 0.162886843085289, 1.1042143106460571, 1.8482413291931152], [2.2802510261535645, 1.625860571861267, 0.18729716539382935, 1.0352768898010254, 1.7302329540252686], [2.2913589477539062, 1.624917984008789, 0.06500086188316345, 0.9230024814605713, 1.7171273231506348], [2.350097417831421, 1.6422022581100464, 0.15314939618110657, 0.8439172506332397, 1.6992557048797607], [2.4142723083496094, 1.9495295286178589, 0.09770520031452179, 0.8561034202575684, 1.7401423454284668]], "distractor_position": [[-0.22591730952262878, 0.6676021218299866, -1.059941053390503, 0.05143851786851883, -1.35890531539917], [-0.1890231966972351, 0.48993390798568726, -1.115282416343689, 0.2598637044429779, -1.3504060506820679], [-0.18288305401802063, 0.3277546167373657, -1.1906139850616455, 0.4535030424594879, -1.4241784811019897], [-0.3661496043205261, 0.29884448647499084, -1.2380528450012207, 0.3706446886062622, -1.4125255346298218], [-0.2829974293708801, 0.2644433379173279, -1.2421482801437378, 0.2977006137371063, -1.3402587175369263]]}, "object_type": "box", "L": 10.0, "failure_level": 0.2, "dp_logprior_scale": 1.0, "dp_mcmc_step_size": 0.001, "ep_mcmc_step_size": 0.001, "num_rounds": 5, "num_steps_per_round": 5, "num_chains": 5, "use_gradients": true, "use_stochasticity": true, "repair": true, "predict": true, "quench_rounds": 0, "tempering_schedule": [0.9816843867301941, 0.9999991655349731, 1.0, 1.0, 1.0], "ep_logprobs": [[-31.553775787353516, -32.74443054199219, -32.799320220947266, -32.3902587890625, -32.041996002197266], [-32.77195739746094, -33.20561599731445, -33.09209442138672, -31.829795837402344, -33.21451187133789], [-34.14997482299805, -34.025814056396484, -32.731075286865234, -33.16432189941406, -32.174110412597656], [-35.1507453918457, -33.20564651489258, -33.661434173583984, -32.95650863647461, -33.007755279541016], [-34.926475524902344, -33.370052337646484, -33.68572235107422, -32.939170837402344, -32.655296325683594]], "dp_logprobs": [[-1.4594452381134033, -0.45701220631599426, -1.2569692134857178, -1.1818311214447021, -0.5724557638168335], [-0.21706092357635498, -2.0150206089019775, -0.3737633228302002, -1.1393468379974365, -0.14252090454101562], [-0.5787113904953003, -0.8681936860084534, -0.9907876253128052, -1.1136431694030762, -0.038939833641052246], [-0.6603310108184814, -0.2167292833328247, -1.4405452013015747, -0.1187666654586792, -0.14599204063415527], [-0.15485656261444092, 0.15363669395446777, -1.6260221004486084, 0.015095353126525879, -0.252157986164093]]}