{"eps": {"object_position": [[-0.015696672722697258, -0.15804514288902283], [0.28522372245788574, -0.08268879354000092], [-0.0009909290820360184, -0.1496647149324417], [0.1298152506351471, 0.07393909245729446], [0.08288241922855377, -0.11121605336666107]], "object_rotation": [1.1135585308074951, 1.1276578903198242, 2.7652928829193115, 0.9345254302024841, 0.7252516746520996], "distractor_position": [-1.365637183189392, -0.14227019250392914, -1.1785387992858887, -1.5633589029312134, -0.7661775946617126]}, "eps_trace": {"object_position": [[[0.13910293579101562, 0.008871222846210003], [-0.002916378900408745, 0.08524559438228607], [-0.10351800918579102, -0.1415555328130722], [0.01364469900727272, -0.062308281660079956], [0.00065036112209782, 0.03489122539758682]], [[0.13112126290798187, 0.028826572000980377], [0.017137017101049423, 0.10408942401409149], [-0.055245693773031235, -0.09368324279785156], [0.0011739134788513184, 0.002609759569168091], [-0.06064814329147339, -0.08101332932710648]], [[0.0007238313555717468, -0.10914969444274902], [0.13616107404232025, 0.05571375787258148], [-0.074325792491436, -0.08972212672233582], [0.0011739134788513184, 0.002609759569168091], [0.007156901061534882, -0.12987513840198517]], [[0.041405580937862396, -0.15001913905143738], [0.20147085189819336, 0.018349269405007362], [-0.0991813912987709, -0.11023200303316116], [0.07234210520982742, 0.11080533266067505], [-0.11494538187980652, -0.05392605811357498]], [[-0.015696672722697258, -0.15804514288902283], [0.28522372245788574, -0.08268879354000092], [-0.0009909290820360184, -0.1496647149324417], [0.1298152506351471, 0.07393909245729446], [0.08288241922855377, -0.11121605336666107]]], "object_rotation": [[1.3903660774230957, 0.9375220537185669, 2.735158681869507, 0.9330562353134155, 0.8863168358802795], [1.278663992881775, 1.1160248517990112, 2.8212084770202637, 0.8568938374519348, 0.7250295877456665], [1.221182942390442, 1.2602280378341675, 2.924403667449951, 0.8568938374519348, 0.6506677865982056], [1.1627843379974365, 1.1886934041976929, 2.876800060272217, 0.7998660206794739, 0.7106117010116577], [1.1135585308074951, 1.1276578903198242, 2.7652928829193115, 0.9345254302024841, 0.7252516746520996]], "distractor_position": [[-1.2575795650482178, -0.042273618280887604, -1.1760674715042114, -1.5544471740722656, -0.9843065738677979], [-1.2217339277267456, -0.13390693068504333, -1.2165961265563965, -1.6722112894058228, -0.9537058472633362], [-1.3472707271575928, -0.135504812002182, -1.290144681930542, -1.6722112894058228, -0.9168477654457092], [-1.2416197061538696, -0.2327357679605484, -1.289792537689209, -1.6493571996688843, -0.7634397149085999], [-1.365637183189392, -0.14227019250392914, -1.1785387992858887, -1.5633589029312134, -0.7661775946617126]]}, "object_type": "box", "L": 10.0, "failure_level": 0.2, "dp_logprior_scale": 1.0, "dp_mcmc_step_size": 0.001, "ep_mcmc_step_size": 0.001, "num_rounds": 5, "num_steps_per_round": 5, "num_chains": 5, "use_gradients": true, "use_stochasticity": true, "repair": true, "predict": true, "quench_rounds": 0, "tempering_schedule": [0.9816843867301941, 0.9999991655349731, 1.0, 1.0, 1.0], "ep_logprobs": [[-29.635330200195312, -26.66550636291504, -29.623762130737305, -29.85796356201172, -27.106250762939453], [-29.68414306640625, -26.45733642578125, -29.012645721435547, -30.913164138793945, -27.568843841552734], [-27.08837890625, -26.034868240356445, -27.669845581054688, -29.377723693847656, -26.87787437438965], [-26.493654251098633, -25.543615341186523, -28.43378448486328, -27.303369522094727, -26.780750274658203], [-26.8486270904541, -27.173498153686523, -27.260854721069336, -27.585250854492188, -25.60553550720215]], "dp_logprobs": [[-2.7328872680664062, -6.814337730407715, -2.6323721408843994, -3.293947696685791, -4.99937629699707], [-6.061348915100098, -4.894200801849365, -2.6758434772491455, -4.103370189666748, -6.173431873321533], [-7.941837310791016, -6.214669227600098, -3.786715030670166, -11.433891296386719, -7.400972366333008], [-8.503388404846191, -6.909717559814453, -6.756175994873047, -16.585899353027344, -10.166374206542969], [-13.972851753234863, -6.168603897094727, -11.997913360595703, -12.09270191192627, -12.049593925476074]]}