{"eps": {"object_position": [[-0.17108041048049927, 0.02114107832312584], [-0.14497599005699158, 0.17141607403755188], [0.05634928494691849, 0.0023282133042812347], [-0.0014207325875759125, -0.09390140324831009], [-0.11080265790224075, 0.025804728269577026]], "object_rotation": [2.2507922649383545, 0.19064861536026, 2.4085090160369873, 1.2063109874725342, 2.2988572120666504], "distractor_position": [-0.4405558407306671, -0.4404098093509674, -1.6086419820785522, -0.47714895009994507, -0.5309526324272156]}, "eps_trace": {"object_position": [[[-0.14088241755962372, 0.047416143119335175], [-0.0826454684138298, 0.2165137082338333], [-0.046539898961782455, -0.06647060811519623], [-0.01130024716258049, 0.00023922324180603027], [-0.24976655840873718, 0.11430813372135162]], [[-0.25017526745796204, -0.05731619521975517], [-0.04327956587076187, 0.2639116942882538], [-0.07524533569812775, -0.057272445410490036], [0.0366334468126297, -0.01130310632288456], [-0.2345752865076065, -0.024381259456276894]], [[-0.15788613259792328, 0.011696197092533112], [0.05400362238287926, 0.2734893262386322], [-0.15667028725147247, -0.010962940752506256], [0.04239770770072937, -0.008077975362539291], [-0.15497539937496185, -0.010532892309129238]], [[-0.16946282982826233, 0.05904579907655716], [-0.050768375396728516, 0.2113933265209198], [-0.03635723143815994, -0.02294321358203888], [0.04239770770072937, -0.008077975362539291], [-0.133853480219841, 0.001822461374104023]], [[-0.17108041048049927, 0.02114107832312584], [-0.14497599005699158, 0.17141607403755188], [0.05634928494691849, 0.0023282133042812347], [-0.0014207325875759125, -0.09390140324831009], [-0.11080265790224075, 0.025804728269577026]]], "object_rotation": [[2.4691312313079834, 0.23370689153671265, 2.3163483142852783, 1.323813557624817, 2.363065481185913], [2.336822271347046, 0.20207150280475616, 2.3946046829223633, 1.2914527654647827, 2.4728822708129883], [2.376805067062378, 0.26478785276412964, 2.3578763008117676, 1.217710018157959, 2.4289603233337402], [2.2529726028442383, 0.11610729992389679, 2.465087413787842, 1.217710018157959, 2.30385160446167], [2.2507922649383545, 0.19064861536026, 2.4085090160369873, 1.2063109874725342, 2.2988572120666504]], "distractor_position": [[-0.6867873668670654, -0.6070119738578796, -1.606567621231079, -0.6592812538146973, -0.43145403265953064], [-0.6799744367599487, -0.4662505090236664, -1.6759495735168457, -0.6063922047615051, -0.5469040274620056], [-0.5479776859283447, -0.37383443117141724, -1.5930153131484985, -0.5962695479393005, -0.542280912399292], [-0.4406032860279083, -0.44003692269325256, -1.7726062536239624, -0.5962695479393005, -0.5384640097618103], [-0.4405558407306671, -0.4404098093509674, -1.6086419820785522, -0.47714895009994507, -0.5309526324272156]]}, "object_type": "box", "L": 10.0, "failure_level": 0.2, "dp_logprior_scale": 1.0, "dp_mcmc_step_size": 0.001, "ep_mcmc_step_size": 0.001, "num_rounds": 5, "num_steps_per_round": 5, "num_chains": 5, "use_gradients": true, "use_stochasticity": true, "repair": true, "predict": true, "quench_rounds": 0, "tempering_schedule": [0.9816843867301941, 0.9999991655349731, 1.0, 1.0, 1.0], "ep_logprobs": [[-29.360523223876953, -30.956249237060547, -31.03329849243164, -27.966276168823242, -30.27092933654785], [-31.257062911987305, -32.23396301269531, -32.92183303833008, -27.267230987548828, -30.89792251586914], [-28.372974395751953, -32.093284606933594, -31.922374725341797, -26.912805557250977, -28.991701126098633], [-28.100587844848633, -31.026838302612305, -30.799537658691406, -26.560707092285156, -27.75452423095703], [-27.129507064819336, -28.01695442199707, -29.29452896118164, -26.70211410522461, -26.66095542907715]], "dp_logprobs": [[-3.832749366760254, -3.503868341445923, -3.430617570877075, -1.812715768814087, -4.616556644439697], [-5.536834716796875, -2.1078057289123535, -3.3782520294189453, -1.8514680862426758, -3.809173583984375], [-5.781302452087402, -4.493307590484619, -4.484774589538574, -5.656064033508301, -5.9322404861450195], [-4.450310707092285, -5.031282424926758, -3.788973331451416, -6.113305568695068, -10.31663703918457], [-5.897562026977539, -6.387723922729492, -3.997870683670044, -6.294740676879883, -10.304984092712402]]}