{"eps": {"object_position": [[0.2226450890302658, 0.15831851959228516], [-0.1285080909729004, -0.03533501923084259], [0.14061599969863892, 0.04141634702682495], [-0.1024293377995491, -0.03830298036336899], [0.1602378487586975, 0.03982231020927429]], "object_rotation": [2.5478124618530273, 1.9273574352264404, 0.4157804846763611, 0.8985822200775146, 1.833627462387085], "distractor_position": [-0.28295475244522095, 0.2907855808734894, -1.3194236755371094, 0.3080124855041504, -1.4231082201004028]}, "eps_trace": {"object_position": [[[0.1369701325893402, 0.08438777178525925], [0.10214881598949432, 0.07865501195192337], [0.1015530675649643, -0.03022797964513302], [0.12032705545425415, -0.13839872181415558], [0.2522909939289093, -0.10711686313152313]], [[0.2591096758842468, 0.10382374376058578], [-0.12967084348201752, 0.05316895991563797], [0.02828565426170826, -0.06991738080978394], [-0.05154997110366821, -0.03355830907821655], [0.19792141020298004, -0.08455387502908707]], [[0.24631904065608978, 0.1495843380689621], [-0.10726951062679291, 0.08167704939842224], [0.014946028590202332, 0.020403534173965454], [-0.24540451169013977, -0.04885543882846832], [0.21504183113574982, 0.045838862657547]], [[0.21180903911590576, 0.19742682576179504], [-0.10250527411699295, 0.05558408796787262], [0.1271074265241623, 0.009862978011369705], [-0.11228257417678833, -0.06398195028305054], [0.20310720801353455, 0.042768269777297974]], [[0.2226450890302658, 0.15831851959228516], [-0.1285080909729004, -0.03533501923084259], [0.14061599969863892, 0.04141634702682495], [-0.1024293377995491, -0.03830298036336899], [0.1602378487586975, 0.03982231020927429]]], "object_rotation": [[2.189331293106079, 1.7720668315887451, 0.16188699007034302, 1.0992934703826904, 1.8938915729522705], [2.30879807472229, 1.6902258396148682, 0.18435347080230713, 1.041761875152588, 1.8277286291122437], [2.4208998680114746, 1.7462610006332397, 0.28123995661735535, 1.033332347869873, 1.8012462854385376], [2.482637643814087, 1.764754295349121, 0.36538898944854736, 0.949248194694519, 1.7916393280029297], [2.5478124618530273, 1.9273574352264404, 0.4157804846763611, 0.8985822200775146, 1.833627462387085]], "distractor_position": [[-0.16513296961784363, 0.6416813135147095, -1.0649405717849731, 0.05643804371356964, -1.3728619813919067], [-0.1197686493396759, 0.46701282262802124, -1.123281717300415, 0.297311395406723, -1.3605294227600098], [-0.18441972136497498, 0.34649696946144104, -1.1763030290603638, 0.3999515771865845, -1.481622576713562], [-0.3664817810058594, 0.3205867409706116, -1.2277417182922363, 0.32209300994873047, -1.4903751611709595], [-0.28295475244522095, 0.2907855808734894, -1.3194236755371094, 0.3080124855041504, -1.4231082201004028]]}, "object_type": "box", "L": 10.0, "failure_level": 0.2, "dp_logprior_scale": 1.0, "dp_mcmc_step_size": 0.001, "ep_mcmc_step_size": 0.001, "num_rounds": 5, "num_steps_per_round": 5, "num_chains": 5, "use_gradients": true, "use_stochasticity": true, "repair": true, "predict": true, "quench_rounds": 0, "tempering_schedule": [0.9816843867301941, 0.9999991655349731, 1.0, 1.0, 1.0], "ep_logprobs": [[-29.272512435913086, -30.89049530029297, -30.349456787109375, -27.957401275634766, -31.75086784362793], [-30.974178314208984, -28.366464614868164, -29.280221939086914, -26.974817276000977, -29.7145938873291], [-29.133119583129883, -27.301408767700195, -26.81529998779297, -29.21154022216797, -27.613252639770508], [-29.651538848876953, -26.589017868041992, -27.082971572875977, -27.043964385986328, -26.976497650146484], [-28.677650451660156, -26.18317222595215, -27.434730529785156, -25.71073341369629, -27.569944381713867]], "dp_logprobs": [[-3.430779218673706, -3.193204164505005, -3.4838826656341553, -4.158049583435059, -2.6671254634857178], [-5.676267623901367, -5.07500696182251, -3.992231845855713, -5.562183856964111, -6.5224761962890625], [-6.703442573547363, -7.813660621643066, -6.751153945922852, -5.993704795837402, -9.015274047851562], [-8.303778648376465, -11.718500137329102, -10.702195167541504, -10.638269424438477, -12.569818496704102], [-7.352204322814941, -10.534685134887695, -8.489093780517578, -9.492942810058594, -11.639421463012695]]}