{"eps": {"object_position": [[0.0949617326259613, 0.2908061742782593], [-0.2070755958557129, -0.09900682419538498], [0.13511797785758972, -0.07390587031841278], [-0.01584605500102043, 0.008320184424519539], [0.19765815138816833, -0.0433749258518219]], "object_rotation": [2.429452896118164, 1.9852408170700073, 0.22712230682373047, 0.7912535667419434, 1.6971497535705566], "distractor_position": [-0.24054808914661407, 0.3521113991737366, -1.1954656839370728, 0.4030112624168396, -1.4579428434371948]}, "eps_trace": {"object_position": [[[0.1369701325893402, 0.08438777178525925], [0.10214881598949432, 0.07865501195192337], [0.1015530675649643, -0.03022797964513302], [0.12032705545425415, -0.13839872181415558], [0.2522909939289093, -0.10711686313152313]], [[0.15722915530204773, 0.1188744604587555], [-0.12967084348201752, 0.05316895991563797], [0.02828565426170826, -0.06991738080978394], [-0.05154997110366821, -0.03355830907821655], [0.22418975830078125, -0.10755490511655807]], [[0.12945334613323212, 0.19029167294502258], [-0.19093617796897888, -0.021798066794872284], [-0.02503972314298153, 0.05395208299160004], [-0.158821240067482, -0.002232268452644348], [0.24131017923355103, 0.02283783070743084]], [[0.0949433445930481, 0.23813417553901672], [-0.18617194890975952, -0.047891028225421906], [0.10050757229328156, -0.030805114656686783], [-0.02569929137825966, -0.01735878363251686], [0.24052754044532776, -0.04042896255850792]], [[0.0949617326259613, 0.2908061742782593], [-0.2070755958557129, -0.09900682419538498], [0.13511797785758972, -0.07390587031841278], [-0.01584605500102043, 0.008320184424519539], [0.19765815138816833, -0.0433749258518219]]], "object_rotation": [[2.189331293106079, 1.7720668315887451, 0.16188699007034302, 1.0992934703826904, 1.8938915729522705], [2.3147594928741455, 1.6902258396148682, 0.18435347080230713, 1.041761875152588, 1.7406376600265503], [2.3292157649993896, 1.6590068340301514, 0.15916502475738525, 0.9260036945343018, 1.7141553163528442], [2.390953540802002, 1.6775000095367432, 0.28201115131378174, 0.8419195413589478, 1.6551616191864014], [2.429452896118164, 1.9852408170700073, 0.22712230682373047, 0.7912535667419434, 1.6971497535705566]], "distractor_position": [[-0.16513296961784363, 0.6416813135147095, -1.0649405717849731, 0.05643804371356964, -1.3728619813919067], [-0.1302386224269867, 0.46701282262802124, -1.123281717300415, 0.297311395406723, -1.3657195568084717], [-0.12165132164955139, 0.40842291712760925, -1.1718242168426514, 0.4949503540992737, -1.486812710762024], [-0.3037133812904358, 0.3825126886367798, -1.1903703212738037, 0.4170917868614197, -1.525209665298462], [-0.24054808914661407, 0.3521113991737366, -1.1954656839370728, 0.4030112624168396, -1.4579428434371948]]}, "object_type": "box", "L": 10.0, "failure_level": 0.2, "dp_logprior_scale": 1.0, "dp_mcmc_step_size": 0.001, "ep_mcmc_step_size": 0.001, "num_rounds": 5, "num_steps_per_round": 5, "num_chains": 5, "use_gradients": false, "use_stochasticity": true, "repair": true, "predict": true, "quench_rounds": 0, "tempering_schedule": null, "ep_logprobs": [[-29.787933349609375, -31.442562103271484, -30.840259552001953, -28.436105728149414, -32.306907653808594], [-30.59124755859375, -29.246631622314453, -30.002792358398438, -27.896377563476562, -31.39242172241211], [-29.603469848632812, -29.556257247924805, -28.307607650756836, -29.103445053100586, -29.869157791137695], [-28.755857467651367, -29.24473762512207, -27.53216552734375, -27.829574584960938, -29.168554306030273], [-28.96578025817871, -27.711284637451172, -28.009052276611328, -27.137304306030273, -28.807506561279297]], "dp_logprobs": [[-3.4967243671417236, -3.272644519805908, -3.559830665588379, -4.248885631561279, -2.6951167583465576], [-5.18272066116333, -5.22149658203125, -4.066615104675293, -5.581784725189209, -3.4209516048431396], [-5.399223327636719, -8.208795547485352, -4.680837154388428, -7.265941619873047, -4.57012939453125], [-6.613816261291504, -10.782294273376465, -10.446467399597168, -8.992659568786621, -5.34031867980957], [-7.045512676239014, -12.452607154846191, -8.371040344238281, -8.865464210510254, -5.728958606719971]]}