{"eps": {"object_position": [[-0.12939128279685974, -0.02031104266643524], [-0.14560939371585846, 0.10290290415287018], [0.09613001346588135, 0.2152729332447052], [0.008163499645888805, 0.008703740313649178], [-0.11227571219205856, -0.02683676779270172]], "object_rotation": [2.300079345703125, 0.23068654537200928, 2.2688920497894287, 1.353962779045105, 2.7275173664093018], "distractor_position": [-0.5544183850288391, -0.4724293649196625, -1.7678252458572388, -0.5362359881401062, -0.6470041275024414]}, "eps_trace": {"object_position": [[[-0.14088241755962372, 0.047416143119335175], [-0.12291520088911057, 0.18879342079162598], [-0.020975161343812943, 0.05803646892309189], [-0.01130024716258049, 0.00023922324180603027], [-0.24976655840873718, 0.11430813372135162]], [[-0.25017526745796204, -0.05731619521975517], [-0.08354929834604263, 0.23619142174720764], [-0.10227252542972565, 0.059299226850271225], [-0.0038529187440872192, 0.008594131097197533], [-0.2345752865076065, -0.024381259456276894]], [[-0.2011336088180542, -0.012665100395679474], [0.013733889907598495, 0.24576905369758606], [-0.1866188645362854, 0.1136634424328804], [-0.012388561852276325, 0.04810117185115814], [-0.20361128449440002, -0.0689043328166008]], [[-0.21548967063426971, 0.013737276196479797], [-0.10395462810993195, 0.2631588280200958], [-0.08286523073911667, 0.14717872440814972], [0.05198194086551666, 0.09452717006206512], [-0.18092644214630127, 0.007921846583485603]], [[-0.12939128279685974, -0.02031104266643524], [-0.14560939371585846, 0.10290290415287018], [0.09613001346588135, 0.2152729332447052], [0.008163499645888805, 0.008703740313649178], [-0.11227571219205856, -0.02683676779270172]]], "object_rotation": [[2.4691312313079834, 0.1961648017168045, 2.3056888580322266, 1.323813557624817, 2.363065481185913], [2.336822271347046, 0.16452941298484802, 2.397813558578491, 1.3321620225906372, 2.4728822708129883], [2.350208044052124, 0.2272457331418991, 2.2804174423217773, 1.343471884727478, 2.5325264930725098], [2.2394657135009766, 0.11884500086307526, 2.3175981044769287, 1.3653618097305298, 2.5345094203948975], [2.300079345703125, 0.23068654537200928, 2.2688920497894287, 1.353962779045105, 2.7275173664093018]], "distractor_position": [[-0.6867873668670654, -0.629624605178833, -1.6549909114837646, -0.6592812538146973, -0.43145403265953064], [-0.6799744367599487, -0.48886314034461975, -1.7195994853973389, -0.6325160264968872, -0.5469040274620056], [-0.5726569890975952, -0.3964470624923706, -1.7756308317184448, -0.6478146314620972, -0.6115663051605225], [-0.4972212314605713, -0.47783878445625305, -1.8890154361724854, -0.6553565859794617, -0.6582508087158203], [-0.5544183850288391, -0.4724293649196625, -1.7678252458572388, -0.5362359881401062, -0.6470041275024414]]}, "object_type": "box", "L": 10.0, "failure_level": 0.2, "dp_logprior_scale": 1.0, "dp_mcmc_step_size": 0.001, "ep_mcmc_step_size": 0.001, "num_rounds": 5, "num_steps_per_round": 5, "num_chains": 5, "use_gradients": false, "use_stochasticity": true, "repair": true, "predict": true, "quench_rounds": 0, "tempering_schedule": null, "ep_logprobs": [[-30.055068969726562, -31.424983978271484, -31.749094009399414, -28.858261108398438, -30.660919189453125], [-31.129480361938477, -31.77847671508789, -31.721418380737305, -27.92369842529297, -30.19974136352539], [-28.480525970458984, -28.932477951049805, -30.560321807861328, -26.32568359375, -30.05330467224121], [-27.270254135131836, -31.772031784057617, -31.69407844543457, -24.61992835998535, -27.180269241333008], [-26.19618034362793, -27.734146118164062, -30.135940551757812, -24.145263671875, -26.162498474121094]], "dp_logprobs": [[-3.9796743392944336, -1.8720383644104004, -3.5163378715515137, -1.8293907642364502, -4.678150653839111], [-5.405118465423584, -3.180215358734131, -4.496494293212891, -1.9696083068847656, -3.672269344329834], [-8.070326805114746, -4.687413215637207, -5.998378276824951, -3.9886958599090576, -5.399011611938477], [-9.99329662322998, -6.929281234741211, -7.564184665679932, -7.676126480102539, -11.03360652923584], [-9.457749366760254, -6.231289863586426, -7.65450382232666, -9.264384269714355, -7.671270370483398]]}