{"eps": {"object_position": [[-0.08849222958087921, 0.06090022251009941], [-0.07548545300960541, -0.16416078805923462], [0.09021715819835663, -0.094084233045578], [0.0912473201751709, 0.02794988453388214], [0.12796907126903534, 0.07202735543251038]], "object_rotation": [0.88234543800354, 2.446073293685913, 0.6544321179389954, 2.6136982440948486, 1.5043832063674927], "distractor_position": [-0.592583954334259, 0.10359705984592438, -0.8278043866157532, 0.22349697351455688, -0.2680146396160126]}, "eps_trace": {"object_position": [[[-0.06698708981275558, -0.014397963881492615], [-0.15010158717632294, -0.129541277885437], [-0.016633860766887665, -0.051355961710214615], [-0.13510170578956604, 0.08429162949323654], [0.31569749116897583, 0.042067792266607285]], [[-0.06514443457126617, 0.1358995884656906], [-0.06319334357976913, -0.11929116398096085], [-0.055795833468437195, -0.0012970548123121262], [-0.034859806299209595, 0.14240683615207672], [0.17793335020542145, -0.026972539722919464]], [[0.02530118077993393, 0.0816718190908432], [-0.07899437844753265, -0.08326049149036407], [-0.014567084610462189, -0.016246329993009567], [0.07774484157562256, 0.04113530367612839], [0.18923990428447723, -0.02926786243915558]], [[0.009310975670814514, -0.00154783483594656], [-0.12376479804515839, -0.14398041367530823], [0.05574600026011467, 0.031001511961221695], [0.07146575301885605, 0.034529756754636765], [0.15808363258838654, -0.01237556803971529]], [[-0.08849222958087921, 0.06090022251009941], [-0.07548545300960541, -0.16416078805923462], [0.09021715819835663, -0.094084233045578], [0.0912473201751709, 0.02794988453388214], [0.12796907126903534, 0.07202735543251038]]], "object_rotation": [[0.9822644591331482, 2.4181807041168213, 0.7912592887878418, 2.394205093383789, 1.35747492313385], [0.9515138268470764, 2.4560351371765137, 0.6845451593399048, 2.3773019313812256, 1.4276326894760132], [0.9488792419433594, 2.323164939880371, 0.6472871899604797, 2.3850505352020264, 1.4005205631256104], [0.9618808627128601, 2.321861505508423, 0.6436038017272949, 2.494688034057617, 1.4952871799468994], [0.88234543800354, 2.446073293685913, 0.6544321179389954, 2.6136982440948486, 1.5043832063674927]], "distractor_position": [[-0.4976664185523987, 0.24241718649864197, -1.1309399604797363, 0.24109706282615662, -0.3973892331123352], [-0.6864073276519775, 0.3169795870780945, -1.0374641418457031, 0.23619186878204346, -0.38023996353149414], [-0.6206258535385132, 0.34616369009017944, -1.02415132522583, 0.1467878222465515, -0.3409411609172821], [-0.5885777473449707, 0.2349812388420105, -0.8686712384223938, 0.22333192825317383, -0.3061181902885437], [-0.592583954334259, 0.10359705984592438, -0.8278043866157532, 0.22349697351455688, -0.2680146396160126]]}, "object_type": "box", "L": 10.0, "failure_level": 0.2, "dp_logprior_scale": 1.0, "dp_mcmc_step_size": 0.001, "ep_mcmc_step_size": 0.001, "num_rounds": 5, "num_steps_per_round": 5, "num_chains": 5, "use_gradients": false, "use_stochasticity": true, "repair": true, "predict": true, "quench_rounds": 0, "tempering_schedule": null, "ep_logprobs": [[-29.52815818786621, -32.45923614501953, -32.57060241699219, -32.70329284667969, -33.84774398803711], [-31.375200271606445, -32.1273078918457, -31.478811264038086, -32.43610382080078, -31.59378433227539], [-31.38762855529785, -32.004234313964844, -31.582107543945312, -31.37934684753418, -32.05137252807617], [-30.051313400268555, -31.48482894897461, -30.87823486328125, -31.567447662353516, -31.031503677368164], [-30.81102180480957, -32.21038818359375, -31.83040428161621, -33.0222282409668, -31.217235565185547]], "dp_logprobs": [[-1.1083087921142578, -1.9794461727142334, -1.3673763275146484, -1.8746981620788574, -1.674797773361206], [-0.9039796590805054, -0.050719618797302246, -1.636765718460083, -0.954907238483429, -0.5403914451599121], [-0.3255297541618347, -0.2712870240211487, -3.676358461380005, -0.8184779286384583, -1.8526389598846436], [-1.9731857776641846, -0.6741933822631836, -2.737755298614502, -1.1095787286758423, -1.7730958461761475], [-0.9450951814651489, -0.2162092924118042, -1.8199453353881836, -1.4129230976104736, -1.4647541046142578]]}