{"eps": {"object_position": [[0.03476596251130104, 0.04680055379867554], [-0.10050700604915619, -0.1953616738319397], [0.015796739608049393, 0.023662593215703964], [-0.02632163092494011, 0.045179665088653564], [0.1818162500858307, -0.08416101336479187]], "object_rotation": [0.8624892234802246, 2.307220458984375, 0.5397193431854248, 2.5504040718078613, 1.586253046989441], "distractor_position": [-0.5726050734519958, 0.09188130497932434, -0.8714805841445923, 0.5400063395500183, -0.4234955906867981]}, "eps_trace": {"object_position": [[[-0.11582542210817337, -0.0536862313747406], [-0.2078479677438736, -0.1575125753879547], [0.015740159898996353, -0.06969298422336578], [-0.08663254976272583, 0.09010758996009827], [0.34255746006965637, -0.0809975117444992]], [[-0.06485146284103394, 0.0776434913277626], [-0.02472265623509884, -0.18587477505207062], [-0.05316278338432312, 0.013028891757130623], [-0.04730885103344917, 0.120218925178051], [0.21788837015628815, -0.18700696527957916]], [[0.168707013130188, 0.0016818195581436157], [-0.04052368924021721, -0.14984409511089325], [-0.011934034526348114, -0.0019203834235668182], [0.06529580056667328, 0.01894739456474781], [0.18824799358844757, -0.19734320044517517]], [[0.22710676491260529, -0.04929916188120842], [-0.14878636598587036, -0.1751812994480133], [-0.03973466902971268, -0.0009237378835678101], [0.060670532286167145, -0.01744687184691429], [0.1461358666419983, -0.21053647994995117]], [[0.03476596251130104, 0.04680055379867554], [-0.10050700604915619, -0.1953616738319397], [0.015796739608049393, 0.023662593215703964], [-0.02632163092494011, 0.045179665088653564], [0.1818162500858307, -0.08416101336479187]]], "object_rotation": [[0.9869675636291504, 2.3509361743927, 0.6957356333732605, 2.3465588092803955, 1.3826464414596558], [0.903445839881897, 2.3400156497955322, 0.5989128351211548, 2.3524062633514404, 1.5584042072296143], [0.8872503638267517, 2.2071454524993896, 0.5616548657417297, 2.360154867172241, 1.4744246006011963], [0.9043346643447876, 2.1830086708068848, 0.6006371974945068, 2.4500598907470703, 1.5893712043762207], [0.8624892234802246, 2.307220458984375, 0.5397193431854248, 2.5504040718078613, 1.586253046989441]], "distractor_position": [[-0.5287531018257141, 0.3020026385784149, -1.148516297340393, 0.2626831829547882, -0.43563809990882874], [-0.6486871242523193, 0.30948835611343384, -0.9774894714355469, 0.4675026535987854, -0.48310184478759766], [-0.5681966543197632, 0.3386724591255188, -0.9641766548156738, 0.37809860706329346, -0.422750860452652], [-0.4977107644081116, 0.22326548397541046, -0.8325717449188232, 0.47883909940719604, -0.4285855293273926], [-0.5726050734519958, 0.09188130497932434, -0.8714805841445923, 0.5400063395500183, -0.4234955906867981]]}, "object_type": "box", "L": 10.0, "failure_level": 0.2, "dp_logprior_scale": 1.0, "dp_mcmc_step_size": 0.001, "ep_mcmc_step_size": 0.001, "num_rounds": 5, "num_steps_per_round": 5, "num_chains": 5, "use_gradients": false, "use_stochasticity": true, "repair": true, "predict": true, "quench_rounds": 0, "tempering_schedule": null, "ep_logprobs": [[-29.531187057495117, -30.773189544677734, -30.32807159423828, -28.31609344482422, -32.623165130615234], [-28.013519287109375, -29.176673889160156, -27.576204299926758, -28.382938385009766, -29.866004943847656], [-27.389158248901367, -29.079740524291992, -26.54956817626953, -27.378244400024414, -28.171754837036133], [-27.000446319580078, -27.808063507080078, -27.72566032409668, -27.615100860595703, -26.644798278808594], [-24.145959854125977, -28.99862289428711, -25.859888076782227, -28.387537002563477, -26.8884220123291]], "dp_logprobs": [[-4.357363700866699, -4.505883693695068, -3.9412150382995605, -4.769635200500488, -4.212316989898682], [-5.809143543243408, -5.014142990112305, -6.863332748413086, -5.137016773223877, -5.892172813415527], [-7.5077338218688965, -6.937992572784424, -6.503966331481934, -8.637097358703613, -8.51340103149414], [-8.871846199035645, -10.121245384216309, -10.963983535766602, -9.991926193237305, -8.614215850830078], [-7.147643566131592, -5.948882579803467, -10.074251174926758, -10.78727912902832, -7.311927795410156]]}