{"eps": {"object_position": [[0.0014114468358457088, 0.004510185681283474], [0.001740701380185783, 0.000932479917537421], [0.0004021210770588368, 0.0005095024826005101], [-9.1719557531178e-05, 3.0335231713252142e-05], [-0.005122245289385319, -0.0018168478272855282], [0.004511771257966757, 0.003544456325471401], [0.0025990200228989124, 0.006840200629085302], [-0.0001609144383110106, -0.00043305475264787674], [0.0005151026416569948, 0.004559486173093319], [-0.002676711417734623, 0.003312915563583374]], "object_rotation": [1.6395485401153564, 2.6611156463623047, 2.0814459323883057, 1.2972192764282227, 1.9652314186096191, 1.8963910341262817, 2.274055242538452, 0.9415903687477112, 1.6294565200805664, 1.4351146221160889], "distractor_position": [-0.49802058935165405, -0.2235003560781479, -1.1871947050094604, -0.5519956946372986, -0.4278677999973297, -0.18396079540252686, -0.08968886733055115, -0.5045496225357056, -0.5150079131126404, -0.5456883907318115]}, "object_type": "bowl", "L": 1.0, "failure_level": 0.4, "dp_logprior_scale": 1.0, "dp_mcmc_step_size": 0.01, "ep_mcmc_step_size": 0.01, "num_rounds": 50, "num_steps_per_round": 1, "num_chains": 10, "use_gradients": true, "use_stochasticity": false, "repair": false, "predict": true, "quench_rounds": 0, "tempering_schedule": null, "ep_logprobs": [[-45.39681625366211, -46.9875602722168, -48.802406311035156, -45.32728576660156, -45.712337493896484, -46.29497146606445, -51.059303283691406, -46.62335968017578, -45.174888610839844, -47.13297653198242], [-45.27892303466797, -46.94113540649414, -48.618743896484375, -45.2684440612793, -45.6203498840332, -46.186424255371094, -50.772850036621094, -46.4693717956543, -45.09394454956055, -46.92327880859375], [-45.17007827758789, -46.9051399230957, -48.44475173950195, -45.21926498413086, -45.53187942504883, -46.08388137817383, -50.45751953125, -46.32416915893555, -45.02262878417969, -46.72479248046875], [-45.07371139526367, -46.87278747558594, -48.27906799316406, -45.17803192138672, -45.449913024902344, -45.99784851074219, -50.161197662353516, -46.18839645385742, -44.961090087890625, -46.53498458862305], [-44.986114501953125, -46.8391227722168, -48.1229362487793, -45.14651107788086, -45.36578369140625, -45.91170120239258, -49.87307357788086, -46.066925048828125, -44.908775329589844, -46.354454040527344], [-44.90848922729492, -46.809722900390625, -47.9774284362793, -45.12086868286133, -45.31047058105469, -45.835472106933594, -49.603248596191406, -45.953346252441406, -44.866294860839844, -46.18492126464844], [-44.83159637451172, -46.778995513916016, -47.841773986816406, -45.10010528564453, -45.254451751708984, -45.77193832397461, -49.31755828857422, -45.84835433959961, -44.83209991455078, -46.024505615234375], [-44.78202438354492, -46.749881744384766, -47.71477508544922, -45.08281326293945, -45.231868743896484, -45.72258758544922, -49.061134338378906, -45.75230026245117, -44.80766296386719, -45.87443923950195], [-44.73343276977539, -46.71131896972656, -47.595184326171875, -45.066043853759766, -45.21051788330078, -45.67464828491211, -48.7493896484375, -45.66859436035156, -44.78923797607422, -45.734519958496094], [-44.69487762451172, -46.68092346191406, -47.48481750488281, -45.04998016357422, -45.16616439819336, -45.63053894042969, -48.59218215942383, -45.59330368041992, -44.77556610107422, -45.604129791259766], [-44.66312026977539, -46.647003173828125, -47.38460159301758, -45.034332275390625, -45.163475036621094, -45.59133529663086, -48.3258171081543, -45.527286529541016, -44.76341247558594, -45.48358154296875], [-44.64297866821289, -46.623382568359375, -47.29071807861328, -45.02000427246094, -45.14865493774414, -45.55326461791992, -48.09741973876953, -45.47063064575195, -44.753665924072266, -45.373104095458984], [-44.63505935668945, -46.594390869140625, -47.20542907714844, -45.0050163269043, -45.13389587402344, -45.52764892578125, -47.88982009887695, -45.422515869140625, -44.74152755737305, -45.2726936340332], [-44.63133239746094, -46.565834045410156, -47.12784194946289, -44.990089416503906, -45.117488861083984, -45.49986267089844, -47.73580551147461, -45.38082504272461, -44.732234954833984, -45.18166732788086], [-44.62983322143555, -46.53773498535156, -47.055877685546875, -44.97576141357422, -45.102378845214844, -45.47262191772461, -47.560081481933594, -45.35176467895508, -44.72220230102539, -45.100040435791016], [-44.626792907714844, -46.50849151611328, -46.991455078125, -44.962100982666016, -45.08847427368164, -45.44853210449219, -47.368003845214844, -45.329158782958984, -44.711692810058594, -45.02849197387695], [-44.624176025390625, -46.481380462646484, -46.93413543701172, -44.94815444946289, -45.059417724609375, -45.4179573059082, -47.19752883911133, -45.3094596862793, -44.703285217285156, -44.96697998046875], [-44.621097564697266, -46.456241607666016, -46.88079071044922, -44.934776306152344, -45.04179000854492, -45.388980865478516, -47.04037857055664, -45.295936584472656, -44.69404602050781, -44.9136962890625], [-44.61686325073242, -46.41304397583008, -46.831573486328125, -44.92134475708008, -45.044559478759766, -45.363983154296875, -46.88856887817383, -45.27982711791992, -44.685829162597656, -44.87126922607422], [-44.615787506103516, -46.39249038696289, -46.78529357910156, -44.90890121459961, -45.033531188964844, -45.34061813354492, -46.74820327758789, -45.264305114746094, -44.6776123046875, -44.83934783935547], [-44.6130256652832, -46.36511993408203, -46.74156951904297, -44.89570617675781, -45.009033203125, -45.31535339355469, -46.61241912841797, -45.24857711791992, -44.66984558105469, -44.81416320800781], [-44.611297607421875, -46.33015823364258, -46.70009231567383, -44.88427734375, -45.006103515625, -45.295982360839844, -46.48789596557617, -45.23395538330078, -44.66229248046875, -44.796939849853516], [-44.60862731933594, -46.30887985229492, -46.65950393676758, -44.871910095214844, -44.98610305786133, -45.272056579589844, -46.37055587768555, -45.22040939331055, -44.655452728271484, -44.78351593017578], [-44.60720443725586, -46.27350616455078, -46.62001037597656, -44.86064529418945, -44.979496002197266, -45.251712799072266, -46.2663459777832, -45.206153869628906, -44.64848709106445, -44.772682189941406], [-44.60667419433594, -46.24591064453125, -46.58098602294922, -44.84970474243164, -44.966915130615234, -45.22270584106445, -46.16545104980469, -45.19224166870117, -44.64238739013672, -44.76120376586914], [-44.605125427246094, -46.23018264770508, -46.542755126953125, -44.837791442871094, -44.95432662963867, -45.201229095458984, -46.08163833618164, -45.17808151245117, -44.636837005615234, -44.75142288208008], [-44.602962493896484, -46.20045852661133, -46.50461959838867, -44.82787322998047, -44.941864013671875, -45.18486404418945, -46.00114822387695, -45.16419219970703, -44.631996154785156, -44.74101638793945], [-44.6027946472168, -46.17543411254883, -46.46723556518555, -44.81745529174805, -44.92964553833008, -45.162689208984375, -45.93083953857422, -45.15082931518555, -44.627166748046875, -44.731502532958984], [-44.60015869140625, -46.15387725830078, -46.430274963378906, -44.80681228637695, -44.91749954223633, -45.14463806152344, -45.84979248046875, -45.13711166381836, -44.62232208251953, -44.722328186035156], [-44.600704193115234, -46.139041900634766, -46.39387512207031, -44.79738235473633, -44.905601501464844, -45.126102447509766, -45.79566955566406, -45.124961853027344, -44.617759704589844, -44.712528228759766], [-44.59844207763672, -46.11579895019531, -46.3572883605957, -44.78763961791992, -44.893917083740234, -45.11070251464844, -45.763248443603516, -45.112037658691406, -44.61285400390625, -44.70466613769531], [-44.598899841308594, -46.080711364746094, -46.32178497314453, -44.7783317565918, -44.883419036865234, -45.09550476074219, -45.712303161621094, -45.09794616699219, -44.61090850830078, -44.69576644897461], [-44.59828186035156, -46.0745849609375, -46.28535079956055, -44.76918029785156, -44.872737884521484, -45.069358825683594, -45.67985534667969, 