{"eps": {"object_position": [[-0.0007978560752235353, -0.000322191568557173], [0.0024264566600322723, 0.003008526749908924], [0.0017967498861253262, 0.0019023966742679477], [-0.0013217934174463153, 0.0003777146921493113], [0.0022125705145299435, -0.0018742424435913563], [-0.004158751107752323, 0.001960271969437599], [0.0009906350169330835, 0.0007401696057058871], [0.0017336448654532433, 0.0019370235968381166], [-0.001082961680367589, -0.005244261585175991], [-0.001089173718355596, 6.159517943160608e-05]], "object_rotation": [2.6225504875183105, 1.551490306854248, 1.8291937112808228, 2.0356192588806152, 1.8969618082046509, 1.3697192668914795, 0.5841018557548523, 1.2774910926818848, 1.4899567365646362, 2.868558168411255], "distractor_position": [-0.5142654776573181, -0.5612142086029053, -0.47424745559692383, -0.4703831076622009, -0.5001696348190308, -0.4972926378250122, -0.26212701201438904, -0.2414102554321289, -0.5066112875938416, -0.4712243974208832]}, "object_type": "bowl", "L": 1.0, "failure_level": 0.4, "dp_logprior_scale": 1.0, "dp_mcmc_step_size": 0.01, "ep_mcmc_step_size": 0.01, "num_rounds": 50, "num_steps_per_round": 1, "num_chains": 10, "use_gradients": true, "use_stochasticity": false, "repair": false, "predict": true, "quench_rounds": 0, "tempering_schedule": null, "ep_logprobs": [[-46.97346115112305, -45.573062896728516, -45.29464340209961, -46.73634338378906, -45.215091705322266, -44.996402740478516, -46.64500427246094, -45.71044921875, -45.079288482666016, -47.232391357421875], [-46.86549758911133, -45.46908950805664, -45.223289489746094, -46.560516357421875, -45.16310119628906, -44.95056915283203, -46.60847091674805, -45.67949295043945, -45.000648498535156, -47.18423843383789], [-46.76404571533203, -45.37712860107422, -45.161800384521484, -46.39734649658203, -45.118648529052734, -44.91407012939453, -46.561702728271484, -45.65559387207031, -44.93308639526367, -47.13378143310547], [-46.67216110229492, -45.293087005615234, -45.10942840576172, -46.24121856689453, -45.08411407470703, -44.894168853759766, -46.54127502441406, -45.626312255859375, -44.875640869140625, -47.09441375732422], [-46.59036636352539, -45.21925354003906, -45.06454086303711, -46.09636688232422, -45.066158294677734, -44.881072998046875, -46.50929260253906, -45.59520721435547, -44.82752227783203, -47.066165924072266], [-46.51742172241211, -45.1543083190918, -45.032257080078125, -45.960845947265625, -45.04738998413086, -44.86936569213867, -46.488948822021484, -45.5673713684082, -44.78806686401367, -47.03704071044922], [-46.454078674316406, -45.098846435546875, -45.0059814453125, -45.83452224731445, -45.03385543823242, -44.85923767089844, -46.4693489074707, -45.538333892822266, -44.75848388671875, -47.00776290893555], [-46.39790725708008, -45.051822662353516, -44.98759460449219, -45.71652603149414, -45.023319244384766, -44.84988784790039, -46.43199920654297, -45.51652908325195, -44.73874282836914, -46.979736328125], [-46.35031509399414, -45.014015197753906, -44.96489334106445, -45.6053581237793, -45.01025390625, -44.83940124511719, -46.39976501464844, -45.48989486694336, -44.72541809082031, -46.951080322265625], [-46.30646896362305, -44.98361587524414, -44.95895004272461, -45.5154914855957, -45.00065231323242, -44.83253860473633, -46.37173843383789, -45.46295166015625, -44.716102600097656, -46.92249298095703], [-46.27444076538086, -44.959075927734375, -44.93939208984375, -45.42671203613281, -44.9888916015625, -44.82162857055664, -46.34486389160156, -45.4387321472168, -44.70817565917969, -46.895240783691406], [-46.24613571166992, -44.939979553222656, -44.93415832519531, -45.351539611816406, -44.98299026489258, -44.82663345336914, -46.31231689453125, -45.409423828125, -44.69997024536133, -46.86789321899414], [-46.21981430053711, -44.92255401611328, -44.92215347290039, -45.28156661987305, -44.970458984375, -44.81665802001953, -46.28080368041992, -45.380340576171875, -44.69194793701172, -46.84072494506836], [-46.197601318359375, -44.90603256225586, -44.909881591796875, -45.22798538208008, -44.95908737182617, -44.80610275268555, -46.25722122192383, -45.355220794677734, -44.68440246582031, -46.813777923583984], [-46.1748161315918, -44.89025115966797, -44.898284912109375, -45.18184280395508, -44.94676208496094, -44.79969024658203, -46.22065353393555, -45.3320198059082, -44.67707061767578, -46.78695297241211], [-46.15184020996094, -44.8748664855957, -44.886695861816406, -45.14383316040039, -44.93801498413086, -44.791236877441406, -46.193485260009766, -45.30729293823242, -44.670162200927734, -46.760250091552734], [-46.128456115722656, -44.85991287231445, -44.87574005126953, -45.113407135009766, -44.92915344238281, -44.78217697143555, -46.17033386230469, -45.28849411010742, -44.66368103027344, -46.733909606933594], [-46.1057243347168, -44.84535598754883, -44.8646125793457, -45.090179443359375, -44.91813659667969, -44.77484130859375, -46.1475944519043, -45.2644157409668, -44.65737533569336, -46.7080078125], [-46.083988189697266, -44.83047103881836, -44.85389709472656, -45.0741081237793, -44.9080810546875, -44.76625442504883, -46.12569046020508, -45.24345397949219, -44.649009704589844, -46.679847717285156], [-46.06159210205078, -44.81743621826172, -44.84315490722656, -45.061100006103516, -44.897464752197266, -44.75963592529297, -46.088951110839844, -45.21475601196289, -44.6492919921875, -46.653953552246094], [-46.03971481323242, -44.80412673950195, -44.83346176147461, -45.046051025390625, -44.886802673339844, -44.75126647949219, -46.06978988647461, -45.19325637817383, -44.64373779296875, -46.628028869628906], [-46.017215728759766, -44.7913818359375, -44.823307037353516, -45.03176498413086, -44.87696075439453, -44.74456787109375, -46.05264663696289, -45.1771125793457, -44.638214111328125, -46.60234832763672], [-45.995723724365234, -44.77778625488281, -44.814144134521484, -45.02275466918945, -44.8684196472168, -44.73673629760742, -46.035545349121094, -45.15624237060547, -44.63385009765625, -46.576778411865234], [-45.97552490234375, -44.766456604003906, -44.80354690551758, -45.010658264160156, -44.85758972167969, -44.731327056884766, -46.01165771484375, -45.137413024902344, -44.62954330444336, -46.554256439208984], [-45.954471588134766, -44.754127502441406, -44.794830322265625, -45.00645446777344, -44.84967041015625, -44.721675872802734, -45.96036911010742, -45.11930847167969, -44.62446594238281, -46.52619171142578], [-45.932247161865234, -44.7433967590332, -44.7857780456543, -44.99432373046875, -44.838218688964844, -44.71725845336914, -45.96283721923828, -45.099449157714844, -44.621097564697266, -46.5032958984375], [-45.91140365600586, -44.73176193237305, -44.77522277832031, -44.98065185546875, -44.83156967163086, -44.70878982543945, -45.933223724365234, -45.07695007324219, -44.61640930175781, -46.478355407714844], [-45.891544342041016, -44.72196960449219, -44.76605224609375, -44.96875762939453, -44.82168197631836, -44.70258712768555, -45.91292190551758, -45.0610466003418, -44.61483383178711, -46.453548431396484], [-45.871070861816406, -44.71182632446289, -44.76039123535156, -44.957420349121094, -44.814064025878906, -44.699302673339844, -45.896183013916016, -45.03936004638672, -44.61079788208008, -46.4288444519043], [-45.84972381591797, -44.70166778564453, -44.747718811035156, -44.945003509521484, -44.803802490234375, -44.69392395019531, -45.86320877075195, -45.014591217041016, -44.61067581176758, -46.40281295776367], [-45.82950973510742, -44.692813873291016, -44.74476623535156, -44.93501281738281, -44.79738998413086, -44.6879768371582, -45.85295486450195, -45.00828552246094, -44.60774230957031, -46.38089370727539], [-45.809471130371094, -44.683780670166016, -44.73470687866211, -44.92317199707031, -44.78692626953125, -44.68264389038086, -45.813873291015625, -44.98933029174805, -44.60712814331055, -46.35674285888672], [-45.78961181640625, -44.67476272583008, -44.728763580322266, -44.914005279541016, -44.780731201171875, -44.67999267578125, -45.800540924072266, -44.97121047973633, 