{"eps": {"object_position": [[0.043651655316352844, 0.10887318849563599], [-0.11286702752113342, -0.040273457765579224], [-0.119695745408535, 0.004597127437591553], [-0.05242142081260681, 0.13855895400047302], [-0.08580910414457321, -0.011902406811714172], [0.12236243486404419, -0.10695084929466248], [-0.007337972521781921, 0.006487265229225159], [-0.0011670440435409546, -0.006976533681154251], [-0.011086627840995789, -0.07375321537256241], [-0.16321372985839844, 0.0018139183521270752]], "object_rotation": [1.9203602075576782, 2.1830179691314697, 1.203204870223999, 0.6688376665115356, 2.5918209552764893, 1.089336633682251, 1.956459641456604, 2.616865634918213, 1.571932315826416, 3.014090061187744], "distractor_position": [-0.7641063928604126, -0.27829694747924805, -0.8616383075714111, -0.32481613755226135, 0.17872503399848938, 0.0055710673332214355, 0.056425951421260834, -0.2998899221420288, 0.0003340281546115875, -0.7314541935920715]}, "object_type": "bowl", "L": 1.0, "failure_level": 0.4, "dp_logprior_scale": 1.0, "dp_mcmc_step_size": 0.01, "ep_mcmc_step_size": 0.01, "num_rounds": 50, "num_steps_per_round": 1, "num_chains": 10, "use_gradients": true, "use_stochasticity": true, "repair": false, "predict": true, "quench_rounds": 0, "tempering_schedule": [0.0, 0.5579473972320557, 0.804589569568634, 0.9136183261871338, 0.9618147611618042, 0.9831201434135437, 0.9925382137298584, 0.9967014789581299, 0.9985418915748596, 0.9993554353713989, 0.9997150897979736, 0.9998740553855896, 0.9999443292617798, 0.9999753832817078, 0.9999890923500061, 0.9999951720237732, 0.9999978542327881, 0.9999990463256836, 0.9999995827674866, 0.9999998211860657, 0.9999999403953552, 0.9999999403953552, 1.0, 1.0, 1.0, 1.0, 1.0, 1.0, 1.0, 1.0, 1.0, 1.0, 1.0, 1.0, 1.0, 1.0, 1.0, 1.0, 1.0, 1.0, 1.0, 1.0, 1.0, 1.0, 1.0, 1.0, 1.0, 1.0, 1.0, 1.0], "ep_logprobs": [[0.18144157528877258, -0.04936504364013672, -0.22274374961853027, 0.9485976099967957, 1.4428367614746094, 0.33790504932403564, 0.8417390584945679, -1.5088627338409424, 1.6085047721862793, -0.9963911175727844], [-25.239919662475586, -25.966571807861328, -28.335590362548828, -25.23087501525879, -24.71611976623535, -25.576892852783203, -25.074268341064453, -28.225448608398438, -24.309045791625977, -26.909732818603516], [-36.69674301147461, -37.42334747314453, -41.40040969848633, -36.044578552246094, -36.17130661010742, -37.03260040283203, -36.31303787231445, -39.682228088378906, -35.765968322753906, -38.36479568481445], [-41.90657043457031, -42.48783874511719, -46.4646110534668, -41.8538818359375, -41.2350959777832, -42.475799560546875, -42.15195083618164, -44.746726989746094, -40.70171356201172, -43.70225143432617], [-44.10897445678711, -44.72661209106445, -48.529842376708984, -44.39421463012695, -43.801231384277344, -44.714080810546875, -44.26915740966797, -47.45383834838867, -42.93999099731445, -46.996253967285156], [-45.09864044189453, -46.00886154174805, -49.65589904785156, -45.141754150390625, -44.790809631347656, -45.44359588623047, -44.89270782470703, -46.924278259277344, -43.92942810058594, -47.985904693603516], [-45.5361213684082, -45.34014892578125, -48.58978271484375, -44.475799560546875, -45.33038330078125, -45.962398529052734, -45.3301887512207, -46.663047790527344, -44.3668098449707, -48.76110076904297], [-45.72951126098633, -45.53353500366211, -48.78316116333008, -44.669185638427734, -45.19384002685547, -46.15542221069336, -45.52357864379883, -46.85641860961914, -44.94948959350586, -48.397945404052734], [-45.81500244140625, -45.61902618408203, -46.2138671875, -44.754676818847656, -45.27927017211914, -47.674564361572266, -45.95822525024414, -47.012325286865234, -45.03496551513672, -48.48342514038086], [-45.85279083251953, -45.815208435058594, -46.25165557861328, -44.79246520996094, -45.53791427612305, -47.712337493896484, -45.995975494384766, -47.050113677978516, -44.74031066894531, -46.674259185791016], [-46.587913513183594, -45.83191680908203, -46.26836395263672, -45.3333625793457, -45.554595947265625, -48.28755569458008, -46.08895492553711, -47.06682205200195, -46.365753173828125, -46.69096755981445], [-46.59529495239258, -45.839298248291016, -46.2757453918457, -46.074371337890625, -45.56196975708008, -48.29494094848633, -45.78867721557617, -46.72589874267578, -46.37313461303711, -46.69834899902344], [-46.59856033325195, -45.07889175415039, -46.27901077270508, -46.07763671875, -45.56522750854492, -46.78608703613281, -45.79194259643555, -46.729164123535156, -46.376399993896484, -46.70161437988281], [-47.71226119995117, -45.0803337097168, -46.923274993896484, -46.61433792114258, -45.56666946411133, -47.29276657104492, -45.79338455200195, -48.27375030517578, -46.37784194946289, -46.70305633544922], [-46.946964263916016, -45.080970764160156, -48.941856384277344, -46.61497497558594, -46.03166961669922, -47.29340362548828, -45.79402160644531, -48.27438735961914, -45.46498107910156, -46.70369338989258], [-46.94724655151367, -45.757041931152344, -48.942138671875, -46.615257263183594, -46.031951904296875, -46.23923110961914, -46.70704650878906, -48.01692199707031, -45.46526336669922, -46.703975677490234], [-46.94737243652344, -45.83966064453125, -48.94226837158203, -46.61538314819336, -46.03207778930664, -45.39529037475586, -46.70717239379883, -50.794036865234375, -45.465389251708984, -46.7041015625], [-45.550010681152344, -45.83971405029297, -48.94232177734375, -46.283935546875, -45.078102111816406, -45.39534378051758, -46.70722579956055, -50.782196044921875, -45.80347442626953, -46.70415496826172], [-45.013797760009766, -45.83974075317383, -46.93814468383789, -46.28396224975586, -45.17340087890625, -45.39537048339844, -46.707252502441406, -50.782222747802734, -45.49420166015625, -46.70418167114258], [-45.01380920410156, -45.839752197265625, -46.93815612792969, -46.283973693847656, -45.033992767333984, -45.928531646728516, -46.7072639465332, -50.78223419189453, -45.49421310424805, -46.704193115234375], [-45.01381301879883, -45.313106536865234, -46.3306770324707, -47.00425338745117, -45.03399658203125, -45.99098205566406, -47.33179473876953, -50.7822380065918, -45.41450500488281, -47.916561126708984], [-45.01381301879883, -45.313106536865234, -46.3306770324707, -47.1672477722168, -45.03399658203125, -46.530155181884766, -47.214561462402344, -51.86653137207031, -45.41450500488281, -47.916561126708984], [-45.013816833496094, -45.3131103515625, -46.33068084716797, -47.16725158691406, -45.649940490722656, -46.12995147705078, -50.411216735839844, -48.678192138671875, -45.358951568603516, -48.49920654296875], [-44.9306755065918, -45.3131103515625, -46.28580856323242, -47.16725158691406, -46.0631217956543, -46.346431732177734, -47.71080017089844, -48.678192138671875, -45.358951568603516, -48.49920654296875], [-44.9306755065918, -45.3131103515625, -46.27829360961914, -47.16725158691406, -46.0631217956543, -46.006351470947266, -47.32441329956055, -48.678192138671875, -45.38960266113281, -48.1493034362793], [-44.9306755065918, -45.3131103515625, -46.27829360961914, -47.16725158691406, -47.25810241699219, -46.006351470947266, -47.32441329956055, -48.678192138671875, -45.38960266113281, -48.1493034362793], [-44.9306755065918, -45.24032974243164, -46.00533676147461, -46.262474060058594, -47.25810241699219, -46.006351470947266, -47.32441329956055, -48.678192138671875, -45.635494232177734, -48.1493034362793], [-44.9306755065918, -46.33416748046875, -46.00533676147461, -46.262474060058594, -45.772098541259766, -46.006351470947266, -47.165496826171875, -48.678192138671875, -45.635494232177734, -48.1493034362793], [-44.9306755065918, -45.197811126708984, -46.79490661621094, -46.262474060058594, -45.772098541259766, -46.006351470947266, -47.165496826171875, -48.678192138671875, -45.635494232177734, -48.1493034362793], [-44.9306755065918, -44.98219299316406, -46.79490661621094, -47.60887908935547, -45.772098541259766, -46.006351470947266, -48.27487564086914, -50.96247482299805, -45.635494232177734, -48.1493034362793], [-44.9306755065918, 