{"eps": {"object_position": [[-0.0766133964061737, -0.07511825114488602], [-0.12974871695041656, -0.013543140143156052], [0.06452330946922302, 0.08402062952518463], [0.02961588464677334, 0.23102742433547974], [0.07080784440040588, -0.04186784848570824], [0.06674449145793915, 0.04938923195004463], [0.06823442876338959, 0.05016857385635376], [0.02758452296257019, 0.08198114484548569], [0.15743882954120636, -0.06348539888858795], [-0.0031503411009907722, 0.05721687152981758]], "object_rotation": [0.706922709941864, 1.6101282835006714, 2.2822139263153076, 2.2680156230926514, 0.6547896862030029, 0.6171801090240479, 0.016331324353814125, 3.2161107063293457, 2.032853841781616, 2.212451457977295], "distractor_position": [-1.3215919733047485, -1.7875139713287354, 0.369601309299469, 0.21920447051525116, -0.4241675138473511, -0.02816786617040634, -0.48519188165664673, -1.186312198638916, -1.1689614057540894, -0.2492208331823349]}, "object_type": "bowl", "L": 1.0, "failure_level": 0.4, "dp_logprior_scale": 1.0, "dp_mcmc_step_size": 0.01, "ep_mcmc_step_size": 0.01, "num_rounds": 50, "num_steps_per_round": 1, "num_chains": 10, "use_gradients": true, "use_stochasticity": true, "repair": false, "predict": true, "quench_rounds": 0, "tempering_schedule": null, "ep_logprobs": [[-47.443485260009766, -49.0748405456543, -47.247894287109375, -49.42807388305664, -45.699134826660156, -46.219024658203125, -46.95888900756836, -48.170188903808594, -47.646183013916016, -45.24061965942383], [-47.439918518066406, -49.069000244140625, -47.245182037353516, -49.426570892333984, -45.69911575317383, -46.21732711791992, -46.95917892456055, -48.16939926147461, -47.63627243041992, -45.24017333984375], [-47.440067291259766, -49.06949996948242, -47.24502944946289, -49.42047119140625, -45.69907760620117, -46.216529846191406, -46.9590950012207, -48.16525650024414, -47.632694244384766, -45.24012756347656], [-47.43989181518555, -49.069549560546875, -47.23454666137695, -49.42045593261719, -45.699066162109375, -46.21500778198242, -46.959171295166016, -48.165130615234375, -47.62178421020508, -45.23994827270508], [-47.44029998779297, -49.06681823730469, -47.222686767578125, -49.390262603759766, -45.69856643676758, -46.212066650390625, -46.9393310546875, -48.164424896240234, -47.614566802978516, -45.23877716064453], [-47.43106460571289, -49.0661735534668, -47.206851959228516, -49.37104034423828, -45.698341369628906, -46.20713806152344, -46.93874740600586, -48.16324996948242, -47.609657287597656, -45.23843002319336], [-47.43094253540039, -49.06352233886719, -47.205814361572266, -49.36847686767578, -45.69820785522461, -46.203250885009766, -46.93881607055664, -48.16279220581055, -47.59999465942383, -45.238712310791016], [-47.430015563964844, -49.063541412353516, -47.20541763305664, -49.354801177978516, -45.696834564208984, -46.203086853027344, -46.93706130981445, -48.159915924072266, -47.586387634277344, -45.23735046386719], [-47.42991256713867, -49.00762176513672, -47.195228576660156, -49.30060577392578, -45.69755935668945, -46.19823455810547, -46.936431884765625, -48.15993118286133, -47.58678436279297, -45.23677444458008], [-47.4279899597168, -49.00288009643555, -47.19466781616211, -49.261531829833984, -45.69644546508789, -46.19163131713867, -46.93647766113281, -48.159019470214844, -47.54308319091797, -45.23680114746094], [-47.422691345214844, -49.002803802490234, -47.194183349609375, -49.26076126098633, -45.69580841064453, -46.18901443481445, -46.935943603515625, -48.15937805175781, -47.51948928833008, -45.23617935180664], [-47.417686462402344, -48.996280670166016, -47.19321823120117, -49.211280822753906, -45.69429016113281, -46.18967819213867, -46.93418884277344, -48.15943908691406, -47.519588470458984, -45.237972259521484], [-47.41679382324219, -48.9815673828125, -47.18185043334961, -49.188812255859375, -45.68608856201172, -46.18196105957031, -46.934078216552734, -48.15639114379883, -47.49631881713867, -45.23534393310547], [-47.40927505493164, -48.98077392578125, -47.18180465698242, -49.18694305419922, -45.686771392822266, -46.17528533935547, -46.932212829589844, -48.154869079589844, -47.49508285522461, -45.23509216308594], [-47.38473892211914, -48.980777740478516, -47.17756652832031, -49.186283111572266, -45.686767578125, -46.175270080566406, -46.92885208129883, -48.15484619140625, -47.495872497558594, -45.235084533691406], [-47.38327407836914, -48.980712890625, -47.17560577392578, -49.18284606933594, -45.68684768676758, -46.16371154785156, -46.928802490234375, -48.154266357421875, -47.49286651611328, -45.23714065551758], [-47.383113861083984, -48.97956085205078, -47.171409606933594, -49.182132720947266, -45.68611526489258, -46.16427993774414, -46.928627014160156, -48.14670181274414, -47.49388885498047, -45.23442840576172], [-47.3818244934082, -48.97409439086914, -47.16832733154297, -49.17999267578125, -45.67591857910156, -46.15433883666992, -46.928287506103516, -48.1442985534668, -47.492889404296875, -45.2345085144043], [-47.379520416259766, -48.96615982055664, -47.146358489990234, -49.17821502685547, -45.66486358642578, -46.154396057128906, -46.92827606201172, -48.143402099609375, -47.490745544433594, -45.234493255615234], [-47.37382125854492, -48.96613693237305, -47.14474105834961, -49.116580963134766, -45.66422653198242, -46.15404510498047, -46.92610549926758, -48.14356231689453, -47.48646545410156, -45.2368049621582], [-47.371360778808594, -48.966224670410156, -47.14442443847656, -49.07099533081055, -45.664031982421875, -46.14836883544922, -46.92351531982422, -48.13138198852539, -47.474674224853516, -45.23200607299805], [-47.37106704711914, -48.965660095214844, -47.12553405761719, -49.02585220336914, -45.66410827636719, -46.14744186401367, -46.920780181884766, -48.12885284423828, -47.47834777832031, -45.230323791503906], [-47.339027404785156, -48.95992660522461, -47.125545501708984, -49.023250579833984, -45.66371154785156, -46.1473503112793, -46.920257568359375, -48.12849426269531, -47.47211456298828, -45.229984283447266], [-47.3262939453125, -48.94998550415039, -47.125492095947266, -49.02323913574219, -45.663780212402344, -46.144290924072266, -46.918914794921875, -48.12830352783203, -47.47045135498047, -45.230159759521484], [-47.326141357421875, -48.949954986572266, -47.12540817260742, -49.01948547363281, -45.66124725341797, -46.14286422729492, -46.917877197265625, -48.127017974853516, -47.45418930053711, -45.23056411743164], [-47.32135009765625, -48.94710922241211, -47.123130798339844, -48.9981689453125, -45.657474517822266, -46.13787841796875, -46.9178466796875, -48.126827239990234, -47.39103317260742, -45.23048782348633], [-47.321128845214844, -48.9416618347168, -47.123130798339844, -48.998165130615234, -45.65711975097656, -46.137847900390625, -46.915985107421875, -48.1268310546875, -47.37873458862305, -45.23027038574219], [-47.31040954589844, -48.93000411987305, -47.118595123291016, -48.982627868652344, -45.65768051147461, -46.1377067565918, -46.915931701660156, -48.12415313720703, -47.27382278442383, -45.22951126098633], [-47.29936599731445, -48.912715911865234, -47.11743927001953, -48.96337890625, -45.655696868896484, -46.13727569580078, -46.915409088134766, -48.12294006347656, -47.271095275878906, -45.229591369628906], [-47.29901123046875, -48.88844299316406, -47.117454528808594, -48.96326446533203, -45.65542984008789, -46.13752746582031, -46.91396713256836, -48.120758056640625, -47.25385665893555, -45.230979919433594], [-47.2989501953125, -48.888431549072266, -47.11732864379883, -48.96110153198242, -45.655921936035156, -46.137420654296875, -46.91316223144531, -48.11897659301758, -47.22582244873047, -45.2309684753418], [-47.22152328491211, -48.886505126953125, -47.11414337158203, -48.95209884643555, -45.65492248535156, -46.135066986083984, -46.91317367553711, -48.11903762817383, -47.221675872802734, -45.23081970214844], [-47.18770980834961, -48.87570571899414, -47.116416931152344, -48.9194221496582, -45.654624938964844, -46.135231018066406, -46.9125862121582, -48.113304138183594, 