{"eps": {"object_position": [[-0.047483693808317184, 0.17944186925888062], [-0.23803076148033142, 0.14482277631759644], [0.17882972955703735, 0.05402764678001404], [-0.0038518160581588745, 0.16797539591789246], [0.20730845630168915, 0.2689741253852844]], "object_rotation": [2.54331636428833, 0.31819605827331543, 2.9496402740478516, 1.110142469406128, 1.927059292793274], "distractor_position": [-0.6534079909324646, -0.38644251227378845, -0.6557024121284485, -0.4457843601703644, -0.637357771396637]}, "eps_trace": {"object_position": [[[-0.28084543347358704, 0.0042972201481461525], [-0.11485040187835693, 0.1147889643907547], [0.16961818933486938, -0.05572129786014557], [0.16694572567939758, 0.14951026439666748], [-0.0849301815032959, -0.13620895147323608]], [[-0.28084543347358704, 0.0042972201481461525], [-0.11485040187835693, 0.1147889643907547], [0.15009146928787231, -0.11914736777544022], [0.16694572567939758, 0.14951026439666748], [-0.1460987627506256, -0.05682354420423508]], [[-0.11812008917331696, -0.07441665977239609], [0.09068563580513, 0.01892004907131195], [0.18801520764827728, -0.023075081408023834], [0.16694572567939758, 0.14951026439666748], [-0.1460987627506256, -0.05682354420423508]], [[-0.11812008917331696, -0.07441665977239609], [0.09068563580513, 0.01892004907131195], [0.18801520764827728, -0.023075081408023834], [0.16694572567939758, 0.14951026439666748], [-0.1460987627506256, -0.05682354420423508]], [[0.08500362932682037, 0.15787404775619507], [0.09068563580513, 0.01892004907131195], [0.11147056519985199, -0.008256521075963974], [0.16694572567939758, 0.14951026439666748], [-0.1460987627506256, -0.05682354420423508]], [[0.08500362932682037, 0.15787404775619507], [0.09068563580513, 0.01892004907131195], [0.2132459431886673, 0.012790868058800697], [0.16694572567939758, 0.14951026439666748], [-0.1460987627506256, -0.05682354420423508]], [[0.06357777863740921, -0.021762952208518982], [0.13700319826602936, 0.027160581201314926], [0.2132459431886673, 0.012790868058800697], [0.14806601405143738, 0.2132154107093811], [-0.1460987627506256, -0.05682354420423508]], [[0.06357777863740921, -0.021762952208518982], [0.08827787637710571, -0.056620966643095016], [0.2132459431886673, 0.012790868058800697], [0.14806601405143738, 0.2132154107093811], [-0.18350380659103394, 0.0593828484416008]], [[0.06357777863740921, -0.021762952208518982], [0.08827787637710571, -0.056620966643095016], [-0.1058998852968216, -0.04471791535615921], [0.14806601405143738, 0.2132154107093811], [-0.18350380659103394, 0.0593828484416008]], [[0.15109950304031372, 0.10884936153888702], [0.08827787637710571, -0.056620966643095016], [-0.03904549032449722, 0.10350804775953293], [-0.0038518160581588745, 0.16797539591789246], [-0.21844083070755005, 0.2732446789741516]], [[0.16632439196109772, 0.037167131900787354], [0.08827787637710571, -0.056620966643095016], [-0.03904549032449722, 0.10350804775953293], [-0.0038518160581588745, 0.16797539591789246], [-0.21844083070755005, 0.2732446789741516]], [[0.07169348746538162, 0.024350084364414215], [-0.03801193833351135, -0.0021797604858875275], [0.008302062749862671, 0.13415588438510895], [-0.0038518160581588745, 0.16797539591789246], [-0.21844083070755005, 0.2732446789741516]], [[0.07169348746538162, 0.024350084364414215], [-0.03801193833351135, -0.0021797604858875275], [0.008302062749862671, 0.13415588438510895], [-0.0038518160581588745, 0.16797539591789246], [0.0023727715015411377, 0.3360893130302429]], [[0.04610345512628555, -0.02305680513381958], [-0.03801193833351135, -0.0021797604858875275], [-0.11281037330627441, 0.14227916300296783], [-0.0038518160581588745, 0.16797539591789246], [0.0023727715015411377, 0.3360893130302429]], [[0.04610345512628555, -0.02305680513381958], [-0.03801193833351135, -0.0021797604858875275], [-0.11281037330627441, 0.14227916300296783], [-0.0038518160581588745, 0.16797539591789246], [0.0023727715015411377, 0.3360893130302429]], [[0.04610345512628555, -0.02305680513381958], [-0.03801193833351135, -0.0021797604858875275], [-0.09680640697479248, 0.17416459321975708], [-0.0038518160581588745, 0.16797539591789246], [0.0023727715015411377, 0.3360893130302429]], [[0.04610345512628555, -0.02305680513381958], [-0.03801193833351135, -0.0021797604858875275], [0.10960866510868073, 0.13189159333705902], [-0.0038518160581588745, 0.16797539591789246], [0.0023727715015411377, 0.3360893130302429]], [[0.04610345512628555, -0.02305680513381958], [-0.10047338902950287, 0.06143251433968544], [0.10960866510868073, 0.13189159333705902], [-0.0038518160581588745, 0.16797539591789246], [0.0023727715015411377, 0.3360893130302429]], [[0.12655562162399292, -0.014655581675469875], [-0.10047338902950287, 0.06143251433968544], [0.10960866510868073, 0.13189159333705902], [-0.0038518160581588745, 0.16797539591789246], [0.0023727715015411377, 0.3360893130302429]], [[0.12655562162399292, -0.014655581675469875], [-0.23803076148033142, 0.14482277631759644], [0.11666092276573181, 0.1524471640586853], [-0.0038518160581588745, 0.16797539591789246], [0.0023727715015411377, 0.3360893130302429]], [[-0.10617318749427795, 0.04689405858516693], [-0.23803076148033142, 0.14482277631759644], [0.11666092276573181, 0.1524471640586853], [-0.0038518160581588745, 0.16797539591789246], [0.0023727715015411377, 0.3360893130302429]], [[-0.10617318749427795, 0.04689405858516693], [-0.23803076148033142, 0.14482277631759644], [0.11666092276573181, 0.1524471640586853], [-0.0038518160581588745, 0.16797539591789246], [0.22655951976776123, 0.2951454520225525]], [[-0.08794572949409485, 0.20404599606990814], [-0.23803076148033142, 0.14482277631759644], [0.17882972955703735, 0.05402764678001404], [-0.0038518160581588745, 0.16797539591789246], [0.22655951976776123, 0.2951454520225525]], [[-0.047483693808317184, 0.17944186925888062], [-0.23803076148033142, 0.14482277631759644], [0.17882972955703735, 0.05402764678001404], [-0.0038518160581588745, 0.16797539591789246], [0.22655951976776123, 0.2951454520225525]], [[-0.047483693808317184, 0.17944186925888062], [-0.23803076148033142, 0.14482277631759644], [0.17882972955703735, 0.05402764678001404], [-0.0038518160581588745, 0.16797539591789246], [0.20730845630168915, 0.2689741253852844]]],