{"eps": {"object_position": [[-0.05438815802335739, 0.06056062504649162], [-0.00018898968119174242, -0.0009854650124907494], [0.0017606052570044994, -0.002695703413337469], [-0.009427595883607864, 0.009579348377883434], [-0.003249282715842128, 0.003225380089133978]], "object_rotation": [1.117645025253296, 2.073979377746582, 1.0392261743545532, 2.1029720306396484, 1.4372124671936035], "distractor_position": [-0.5093333125114441, -0.23811829090118408, -0.745397686958313, -0.24067655205726624, -0.44035807251930237]}, "eps_trace": {"object_position": [[[-0.00026411935687065125, -0.00016016885638237], [0.0014348328113555908, -0.008164569735527039], [-0.0003713087644428015, 2.086162567138672e-05], [-0.0019096173346042633, 0.0013465434312820435], [-0.0020000338554382324, 0.006018077954649925]], [[0.001378241111524403, -0.0013114911271259189], [0.01104535348713398, -0.011050754226744175], [0.0008760299533605576, -0.0009869839996099472], [0.0038675679825246334, 0.0029487544670701027], [0.0005074900109320879, -0.001131898257881403]], [[0.00022744177840650082, -0.00028680008836090565], [-0.002233554609119892, 0.003183768130838871], [0.000938576995395124, -0.0013579166261479259], [0.004081935156136751, -0.0007029497064650059], [0.0005192933604121208, -0.001298984861932695]], [[6.809832120779902e-05, 0.00034945603692904115], [-0.0008094372460618615, 0.0069947028532624245], [-5.0658127292990685e-05, -0.0004204094875603914], [-0.0006981152109801769, 0.004752925131469965], [0.0005581353907473385, -0.0010980385122820735]], [[0.0010252803331241012, -0.0006302740075625479], [0.008217602968215942, -0.0036503924056887627], [0.00018914816610049456, -0.0007807031506672502], [-0.0006392673240043223, 0.00861163530498743], [0.000886115594767034, -0.0014173414092510939]], [[0.0009123424533754587, -0.0006789008621126413], [-0.0015959367156028748, 0.0020818584598600864], [0.010706678032875061, -0.012181331403553486], [0.00870957039296627, -0.0037928326055407524], [0.00013736204709857702, -0.0005682343035005033]], [[0.0005749842384830117, -0.0006798170506954193], [-0.0037030167877674103, 0.0051001450046896935], [0.0013230042532086372, -0.0019983993843197823], [-0.0015157125890254974, 0.0021430877968668938], [7.515543984482065e-05, -0.0007210301700979471]], [[0.0007796402787789702, -0.0009857621043920517], [-0.003114203456789255, 0.006602027453482151], [0.00041238428093492985, -0.0006276663625612855], [-0.004371492192149162, 0.0067870425991714], [-9.232215961674228e-05, -0.00035218457924202085]], [[0.0003261303063482046, -0.00048457831144332886], [-0.007261071354150772, 0.003923969343304634], [0.0020695230923593044, -0.0030129612423479557], [-0.006865836679935455, 0.0019114213064312935], [0.0002967421605717391, -0.0011736960150301456]], [[1.4177232515066862e-05, -0.00011794510646723211], [-0.002184647135436535, 0.0004487114492803812], [0.00040208722930401564, -0.00041652005165815353], [-0.0016503441147506237, 0.002957484917715192], [0.001661401824094355, -0.0018107390496879816]], [[0.0007558966754004359, -0.0007928275736048818], [-0.002205743221566081, 0.0018620515475049615], [0.0006134903524070978, -0.00025288050528615713], [-0.0006397600518539548, 0.0005950238555669785], [0.0003311334876343608, -0.0006054283585399389]], [[0.0006555809522978961, -0.0007841341430321336], [0.0019221303518861532, -0.0002369662979617715], [0.0004693109367508441, 0.00011030255700461566], [-0.0038985824212431908, 0.0031851499807089567], [-0.002021346241235733, 0.0021265859249979258]], [[0.0008714391151443124, -0.0018493091920390725], [0.0015657474286854267, -0.0007436498999595642], [0.001370675629004836, -0.0010218441020697355], [0.0028391466476023197, -0.001219077268615365], [1.6328413039445877e-05, -4.992308095097542e-05]], [[-0.00036904378794133663, 0.00048401334788650274], [0.0032948660664260387, -0.0029778846073895693], [0.00048533588415011764, -0.0006760555552318692], [0.001746057067066431, -0.000420564494561404], [0.0006712156464345753, 0.00011166720651090145]], [[0.0010200351243838668, -0.0012138081947341561], [-0.0011545061133801937, 0.0020988143514841795], [0.000674263690598309, -0.0012427333276718855], [0.0030980431474745274, -0.0019309825729578733], [0.0013020653277635574, -0.001051558880135417]], [[-0.00037537747994065285, 0.0005026364233344793], [0.0007930328138172626, 0.0002918204991146922], [0.0008988659828901291, -0.0012616126332432032], [-0.0008549625054001808, 8.170749060809612e-05], [0.00018156354781240225, -0.0005139888380654156]], [[0.0010990083683282137, -0.0012752414913848042], [0.0033615471329540014, -0.00337348785251379], [0.00025993696181103587, -0.0005810416187159717], [0.003228004090487957, -0.003701395122334361], [0.0002151943917851895, -0.0006101388717070222]], [[-0.0005524955922737718, 0.0008208261569961905], [0.001205524429678917, -0.0006041023880243301], [1.377958687953651e-05, -0.0002756679605226964], [0.0006464100442826748, -0.0010188184678554535], [-0.00017812114674597979, -0.0001079084468074143]], [[0.0006494751432910562, -0.0012754077324643731], [0.003227769862860441, -0.004607812967151403], [0.0008748129475861788, -0.0006839397829025984], [0.00281889527104795, -0.002698233351111412], [0.00039973255479708314, -0.0003566014929674566]], [[0.00021711268345825374, -0.00031656259670853615], [0.000673400703817606, -0.0006872816011309624], [0.0013404301134869456, -0.0021138922311365604], [-0.0003777791280299425, 0.00024199229665100574], [0.0007778757717460394, -0.0005127012846060097]], [[0.00053750304505229, -0.0001991409226320684], [0.0006268069846555591, -0.000670750392600894], [0.0003419634886085987, -0.0003255368210375309], [0.00037209951551631093, -0.0008037984371185303], [0.0024418761022388935, -0.002161214128136635]], [[0.0007371384417638183, -0.00048341095680370927], [0.0006651038420386612, -0.0010235373629257083], [0.0005518794059753418, -0.00039029866456985474], [0.0002422573888907209, -0.0008403978426940739], [0.0002756798639893532, -0.0004982852842658758]], [[0.002143255202099681, -0.0015537848230451345], [0.0006021460867486894, -0.0013337230775505304], [-0.001416842918843031, 0.0017815481405705214], [0.0013179705711081624, -0.0027368117589503527], [-9.19615849852562e-05, -0.00031208994914777577]], [[0.0004889030242338777, -0.0004977650241926312], [0.0008336880709975958, -0.0015365987783297896], [0.0005123130977153778, -0.0005258799064904451], [0.00013128214050084352, -0.0008032016921788454], [0.00026714749401435256, -0.0006724710110574961]], [[-0.05438815802335739, 0.06056062504649162], [-0.00018898968119174242, -0.0009854650124907494], [0.0017606052570044994, -0.002695703413337469], [-0.009427595883607864, 0.009579348377883434], [-0.003249282715842128, 0.003225380089133978]]],