{"eps": {"object_position": [[0.046753380447626114, 0.000471992272650823], [-0.019231785088777542, -0.07405193895101547], [-0.11939138919115067, -0.029913591220974922], [0.03655492886900902, -0.04119240865111351], [-0.021080929785966873, -0.027122171595692635]], "object_rotation": [1.3536715507507324, 0.9580730199813843, 2.77530574798584, 1.0950052738189697, 0.9234567284584045], "distractor_position": [-1.2482390403747559, 0.10187823325395584, -1.1295998096466064, -1.4669673442840576, -0.8752734065055847]}, "eps_trace": {"object_position": [[[0.05027410760521889, 0.0023137342650443316], [-0.02101118490099907, -0.07999420166015625], [-0.12426058948040009, -0.034214749932289124], [0.040356431156396866, -0.04326390475034714], [-0.021551575511693954, -0.03157799690961838]], [[0.04996659606695175, 0.0011392286978662014], [-0.021100100129842758, -0.08000127226114273], [-0.12430737912654877, -0.034171707928180695], [0.04028256982564926, -0.043271586298942566], [-0.02127784676849842, -0.03202272579073906]], [[0.049939751625061035, 0.0011238118167966604], [-0.021018343046307564, -0.0799291580915451], [-0.12423638254404068, -0.03400268405675888], [0.040236975997686386, -0.043239936232566833], [-0.021277686581015587, -0.032003797590732574]], [[0.04990628734230995, 0.0011065327562391758], [-0.020853348076343536, -0.07962409406900406], [-0.12419808655977249, -0.033979661762714386], [0.040233585983514786, -0.04325340688228607], [-0.02157106250524521, -0.03169040009379387]], [[0.04995402693748474, 0.001752014271914959], [-0.019522307440638542, -0.07938080281019211], [-0.12413179874420166, -0.03400034084916115], [0.04016870632767677, -0.04315732792019844], [-0.02119186334311962, -0.03153323009610176]], [[0.049915265291929245, 0.0016006740042939782], [-0.019413480535149574, -0.07932373881340027], [-0.12371733039617538, -0.03323056176304817], [0.04016384854912758, -0.043176766484975815], [-0.021038107573986053, -0.03160051256418228]], [[0.04991675540804863, 0.0016012865817174315], [-0.019307905808091164, -0.07926454395055771], [-0.12349330633878708, -0.033130429685115814], [0.04007420688867569, -0.04301222413778305], [-0.021017523482441902, -0.031645458191633224]], [[0.049904804676771164, 0.0015914707910269499], [-0.019548745825886726, -0.07917799800634384], [-0.12293252348899841, -0.03229626268148422], [0.040274713188409805, -0.042785100638866425], [-0.021238552406430244, -0.031321533024311066]], [[0.04984239861369133, 0.0015532778343185782], [-0.019510021433234215, -0.07909204065799713], [-0.12291561812162399, -0.03231168910861015], [0.0404670350253582, -0.04271727055311203], [-0.02119429036974907, -0.03153185918927193]], [[0.0497705452144146, 0.001429529394954443], [-0.019113492220640182, -0.07865167409181595], [-0.121860072016716, -0.03304990381002426], [0.04048880189657211, -0.04269495978951454], [-0.021308187395334244, -0.03148239850997925]], [[0.04975282400846481, 0.0015380640979856253], [-0.019084306433796883, -0.07856347411870956], [-0.12166738510131836, -0.032777249813079834], [0.040524836629629135, -0.04265172407031059], [-0.021985309198498726, -0.030899444594979286]], [[0.04974999651312828, 0.0015388308092951775], [-0.01911335624754429, -0.07852493971586227], [-0.12177376449108124, -0.0325811505317688], [0.04049849882721901, -0.04256590083241463], [-0.021947186440229416, -0.030864842236042023]], [[0.04862187057733536, 0.0021601030603051186], [-0.019014928489923477, -0.07856397330760956], [-0.12179270386695862, -0.0325496569275856], [0.04049336165189743, -0.04252620413899422], [-0.02195189706981182, -0.03086707554757595]], [[0.048670630902051926, 0.0021290367003530264], [-0.019095590338110924, -0.07843511551618576], [-0.12177067995071411, -0.032602835446596146], [0.04090413451194763, -0.04200168326497078], [-0.021938566118478775, -0.030858047306537628]], [[0.04836886748671532, 0.002173085231333971], [-0.01909085363149643, -0.0784471407532692], [-0.12149860709905624, -0.031316179782152176], [0.04009420797228813, -0.04249227046966553], [-0.021449197083711624, -0.029376564547419548]], [[0.04843688756227493, 0.0019933090079575777], [-0.019120195880532265, -0.07840971648693085], [-0.1213369220495224, -0.031746260821819305], [0.040144748985767365, -0.04245559871196747], [-0.021450944244861603, -0.029376573860645294]], [[0.048358429223299026, 0.0019317646510899067], [-0.019087230786681175, -0.07836464792490005], [-0.12043404579162598, -0.03143385797739029], [0.037785664200782776, -0.04156707599759102], [-0.021472109481692314, -0.029361752793192863]], [[0.04800127446651459, 0.0018715339247137308], [-0.01896486058831215, -0.07807382196187973], [-0.12034542113542557, -0.031327322125434875], [0.03785654902458191, -0.0416329950094223], [-0.021459130570292473, -0.029368219897150993]], [[0.04789270460605621, 0.001873027067631483], [-0.019151704385876656, -0.07748864591121674], [-0.12018411606550217, -0.03127291798591614], [0.0379692018032074, -0.04149875417351723], [-0.021864164620637894, -0.028586875647306442]], [[0.04777446761727333, 0.0016825657803565264], [-0.019166508689522743, -0.07733748853206635], [-0.11973050981760025, -0.03061993606388569], [0.03733493387699127, -0.041501812636852264], [-0.02184818871319294, -0.02857026644051075]], [[0.04777947813272476, 0.0017586483154445887], [-0.019561225548386574, -0.07710764557123184], [-0.11971133202314377, -0.030076706781983376], [0.03731706738471985, -0.04151863604784012], [-0.02159082517027855, -0.028622187674045563]], [[0.04771674424409866, 0.0017167398473247886], [-0.019560853019356728, -0.07629521191120148], [-0.11969845741987228, -0.03007986955344677], [0.03732234612107277, -0.04150716960430145], [-0.02106020227074623, -0.027963899075984955]], [[0.04677281901240349, 0.0004860023036599159], [-0.020043613389134407, -0.07582943141460419], [-0.11949165910482407, -0.029931195080280304], [0.03666213899850845, -0.04119543731212616], [-0.021126043051481247, -0.02717670053243637]], [[0.04677405208349228, 0.0004863391222897917], [-0.019423389807343483, -0.07416129112243652], [-0.1194126158952713, -0.02999456785619259], [0.03666221722960472, -0.041189324110746384], [-0.021079538390040398, -0.02711585722863674]], [[0.046753380447626114, 0.000471992272650823], [-0.019231785088777542, -0.07405193895101547], [-0.11939138919115067, -0.029913591220974922], [0.03655492886900902, -0.04119240865111351], [-0.021080929785966873, -0.027122171595692635]]],