{"eps": {"object_position": [[-0.1756625771522522, 0.10744351148605347], [-0.08258718997240067, -0.09554513543844223], [0.03733649477362633, -0.05418594181537628], [-0.005703319795429707, -0.06511485576629639], [-0.15880098938941956, -0.03840087354183197]], "object_rotation": [1.0233690738677979, 1.405578851699829, 3.209904193878174, 1.3770232200622559, 1.2244359254837036], "distractor_position": [-1.4227350950241089, 0.16747649013996124, -0.8434320092201233, -1.4084299802780151, -0.7480425238609314]}, "eps_trace": {"object_position": [[[0.05049954727292061, 0.0022684044670313597], [-0.020883701741695404, -0.08043058961629868], [-0.1461489349603653, -0.07963855564594269], [0.038366034626960754, -0.044076573103666306], [-0.021682022139430046, -0.031725071370601654]], [[0.024822652339935303, 0.19213946163654327], [-0.020883701741695404, -0.08043058961629868], [-0.1461489349603653, -0.07963855564594269], [0.10131999105215073, 0.11521346867084503], [-0.021682022139430046, -0.031725071370601654]], [[0.11444675922393799, -0.03206934034824371], [-0.003198675811290741, -0.01006927341222763], [-0.1461489349603653, -0.07963855564594269], [0.10131999105215073, 0.11521346867084503], [-0.021682022139430046, -0.031725071370601654]], [[0.11444675922393799, -0.03206934034824371], [-0.003198675811290741, -0.01006927341222763], [0.08742424845695496, -0.157911479473114], [0.10131999105215073, 0.11521346867084503], [-0.021682022139430046, -0.031725071370601654]], [[0.11719860881567001, -0.00031648576259613037], [0.013740411028265953, 0.11529945582151413], [0.08742424845695496, -0.157911479473114], [0.10131999105215073, 0.11521346867084503], [-0.021682022139430046, -0.031725071370601654]], [[-0.05088268965482712, -0.10259577631950378], [0.013740411028265953, 0.11529945582151413], [0.08742424845695496, -0.157911479473114], [0.10131999105215073, 0.11521346867084503], [-0.021682022139430046, -0.031725071370601654]], [[-0.05088268965482712, -0.10259577631950378], [-0.011994786560535431, -0.07734961062669754], [0.027376417070627213, -0.2289067506790161], [0.13499872386455536, 0.046053096652030945], [-0.021682022139430046, -0.031725071370601654]], [[-0.05088268965482712, -0.10259577631950378], [-0.011994786560535431, -0.07734961062669754], [0.027376417070627213, -0.2289067506790161], [0.13499872386455536, 0.046053096652030945], [-0.09978228807449341, -0.060988251119852066]], [[-0.05088268965482712, -0.10259577631950378], [0.14828595519065857, -0.10068610310554504], [-0.16416515409946442, -0.12654143571853638], [-0.029979810118675232, 0.16754655539989471], [-0.025033198297023773, -0.03243410587310791]], [[-0.12657707929611206, -0.09790901839733124], [0.1830863356590271, -0.12674497067928314], [-0.16416515409946442, -0.12654143571853638], [-0.029979810118675232, 0.16754655539989471], [-0.025033198297023773, -0.03243410587310791]], [[-0.12657707929611206, -0.09790901839733124], [0.21206866204738617, 0.012662187218666077], [-0.17554056644439697, -0.012233078479766846], [0.07705386728048325, 0.06021008640527725], [-0.025033198297023773, -0.03243410587310791]], [[-0.12657707929611206, -0.09790901839733124], [-0.008864328265190125, 0.0683722048997879], [-0.1003102958202362, 0.06903807818889618], [0.07705386728048325, 0.06021008640527725], [-0.06363174319267273, -0.14552536606788635]], [[-0.12657707929611206, -0.09790901839733124], [-0.023564916104078293, -0.11962157487869263], [-0.1003102958202362, 0.06903807818889618], [0.044189177453517914, -0.20996323227882385], [-0.10623136907815933, -0.1557500660419464]], [[-0.12657707929611206, -0.09790901839733124], [0.060682933777570724, -0.06557720899581909], [-0.1388019174337387, 0.04797416925430298], [-0.07643001526594162, -0.03913775086402893], [-0.10623136907815933, -0.1557500660419464]], [[-0.12657707929611206, -0.09790901839733124], [0.060682933777570724, -0.06557720899581909], [-0.1388019174337387, 0.04797416925430298], [0.02893728017807007, -0.13588179647922516], [-0.10623136907815933, -0.1557500660419464]], [[-0.12657707929611206, -0.09790901839733124], [0.1666709929704666, -0.19338595867156982], [-0.03328797221183777, 0.06939833611249924], [0.02893728017807007, -0.13588179647922516], [-0.10623136907815933, -0.1557500660419464]], [[-0.12657707929611206, -0.09790901839733124], [0.1666709929704666, -0.19338595867156982], [0.07456665486097336, 0.04808160662651062], [0.02893728017807007, -0.13588179647922516], [-0.10623136907815933, -0.1557500660419464]], [[-0.12657707929611206, -0.09790901839733124], [0.04192618280649185, -0.21649616956710815], [0.07456665486097336, 0.04808160662651062], [0.058313123881816864, -0.11399872601032257], [-0.10623136907815933, -0.1557500660419464]], [[-0.12657707929611206, -0.09790901839733124], [0.04192618280649185, -0.21649616956710815], [0.07456665486097336, 0.04808160662651062], [-0.04808711260557175, 0.05796337127685547], [0.0847630724310875, -0.19997254014015198]], [[-0.13744215667247772, 0.020033366978168488], [0.04192618280649185, -0.21649616956710815], [0.07456665486097336, 0.04808160662651062], [-0.04808711260557175, 0.05796337127685547], [0.0847630724310875, -0.19997254014015198]], [[-0.23539882898330688, 0.05942895635962486], [0.04192618280649185, -0.21649616956710815], [0.07456665486097336, 0.04808160662651062], [-0.04808711260557175, 0.05796337127685547], [-0.09052322059869766, -0.12935949862003326]], [[-0.20113365352153778, 0.09431546926498413], [0.03686659410595894, -0.256671667098999], [0.07456665486097336, 0.04808160662651062], [-0.016438480466604233, 0.006579775363206863], [-0.15880098938941956, -0.03840087354183197]], [[-0.20113365352153778, 0.09431546926498413], [0.04843917489051819, -0.21709509193897247], [0.03733649477362633, -0.05418594181537628], [-0.016438480466604233, 0.006579775363206863], [-0.15880098938941956, -0.03840087354183197]], [[-0.1756625771522522, 0.10744351148605347], [-0.1414691060781479, -0.13023924827575684], [0.03733649477362633, -0.05418594181537628], [-0.005703319795429707, -0.06511485576629639], [-0.15880098938941956, -0.03840087354183197]], [[-0.1756625771522522, 0.10744351148605347], [-0.08258718997240067, -0.09554513543844223], [0.03733649477362633, -0.05418594181537628], [-0.005703319795429707, -0.06511485576629639], [-0.15880098938941956, -0.03840087354183197]]],