{"eps": {"object_position": [[-0.2396097630262375, 0.1417812556028366], [-0.03014983981847763, -0.09696441143751144], [0.05916191264986992, -0.008390255272388458], [-0.02280515804886818, -0.05605745315551758], [-0.17511925101280212, -0.022885248064994812]], "object_rotation": [1.1411752700805664, 1.2733502388000488, 3.168262004852295, 1.878174066543579, 1.2555723190307617], "distractor_position": [-1.500382423400879, 0.2371796816587448, -0.9892815351486206, -1.1846065521240234, -0.8449937105178833]}, "eps_trace": {"object_position": [[[0.05049954727292061, 0.0022684044670313597], [-0.020883701741695404, -0.08043058961629868], [-0.1243235245347023, -0.03384285792708397], [0.038366034626960754, -0.044076573103666306], [-0.021682022139430046, -0.031725071370601654]], [[0.05049954727292061, 0.0022684044670313597], [-0.020883701741695404, -0.08043058961629868], [-0.1243235245347023, -0.03384285792708397], [0.10131999105215073, 0.11521346867084503], [-0.021682022139430046, -0.031725071370601654]], [[0.05049954727292061, 0.0022684044670313597], [-0.003198675811290741, -0.01006927341222763], [-0.1243235245347023, -0.03384285792708397], [0.10131999105215073, 0.11521346867084503], [-0.021682022139430046, -0.031725071370601654]], [[0.05049954727292061, 0.0022684044670313597], [-0.003198675811290741, -0.01006927341222763], [0.10924965888261795, -0.1121157854795456], [0.10131999105215073, 0.11521346867084503], [0.0940713882446289, 0.054407745599746704]], [[0.05325140058994293, 0.03402125835418701], [0.013740411028265953, 0.11529945582151413], [0.10924965888261795, -0.1121157854795456], [0.11506427824497223, -0.13962070643901825], [-0.08059990406036377, -0.026434145867824554]], [[-0.1148298978805542, -0.06825803220272064], [0.013740411028265953, 0.11529945582151413], [0.10924965888261795, -0.1121157854795456], [0.11506427824497223, -0.13962070643901825], [-0.08059990406036377, -0.026434145867824554]], [[-0.1148298978805542, -0.06825803220272064], [-0.011994786560535431, -0.07734961062669754], [0.04920182749629021, -0.1831110566854477], [0.14874300360679626, -0.20878107845783234], [-0.08059990406036377, -0.026434145867824554]], [[-0.1148298978805542, -0.06825803220272064], [-0.011994786560535431, -0.07734961062669754], [0.04920182749629021, -0.1831110566854477], [0.14874300360679626, -0.20878107845783234], [-0.15870016813278198, -0.055697325617074966]], [[-0.1148298978805542, -0.06825803220272064], [0.14828595519065857, -0.10068610310554504], [-0.14233973622322083, -0.08074574917554855], [-0.016235530376434326, -0.08728761970996857], [-0.08395107835531235, -0.02714318037033081]], [[-0.19052428007125854, -0.0635712742805481], [0.1830863356590271, -0.12674497067928314], [-0.14233973622322083, -0.08074574917554855], [0.036772701889276505, -0.0496988408267498], [-0.08395107835531235, -0.02714318037033081]], [[-0.19052428007125854, -0.0635712742805481], [0.21206866204738617, 0.012662187218666077], [-0.15371514856815338, 0.03356260806322098], [0.036772701889276505, -0.0496988408267498], [-0.08395107835531235, -0.02714318037033081]], [[-0.19052428007125854, -0.0635712742805481], [-0.008864328265190125, 0.0683722048997879], [-0.07848487794399261, 0.114833764731884], [0.036772701889276505, -0.0496988408267498], [-0.1225496232509613, -0.14023444056510925]], [[-0.19052428007125854, -0.0635712742805481], [-0.023564916104078293, -0.11962157487869263], [-0.07848487794399261, 0.114833764731884], [0.036772701889276505, -0.0496988408267498], [-0.1225496232509613, -0.14023444056510925]], [[-0.19052428007125854, -0.0635712742805481], [0.060682933777570724, -0.06557720899581909], [-0.11697649955749512, 0.0937698557972908], [-0.08384649455547333, 0.12112663686275482], [-0.1225496232509613, -0.14023444056510925]], [[-0.19052428007125854, -0.0635712742805481], [0.060682933777570724, -0.06557720899581909], [-0.11697649955749512, 0.0937698557972908], [0.02152080088853836, 0.024382591247558594], [-0.1225496232509613, -0.14023444056510925]], [[-0.19052428007125854, -0.0635712742805481], [0.1666709929704666, -0.19338595867156982], [-0.011462554335594177, 0.11519402265548706], [0.010724293068051338, -0.05443185567855835], [-0.1225496232509613, -0.14023444056510925]], [[-0.19052428007125854, -0.0635712742805481], [0.1666709929704666, -0.19338595867156982], [0.09639207273721695, 0.09387729316949844], [0.010724293068051338, -0.05443185567855835], [-0.1225496232509613, -0.14023444056510925]], [[-0.19052428007125854, -0.0635712742805481], [0.04192618280649185, -0.21649616956710815], [0.09639207273721695, 0.09387729316949844], [0.04010013863444328, -0.03254878520965576], [-0.1225496232509613, -0.14023444056510925]], [[-0.19052428007125854, -0.0635712742805481], [0.04192618280649185, -0.21649616956710815], [0.09639207273721695, 0.09387729316949844], [0.04010013863444328, -0.03254878520965576], [0.06844481825828552, -0.18445691466331482]], [[-0.2013893574476242, 0.05437111109495163], [0.04192618280649185, -0.21649616956710815], [0.09639207273721695, 0.09387729316949844], [0.04010013863444328, -0.03254878520965576], [0.06844481825828552, -0.18445691466331482]], [[-0.29934602975845337, 0.0937667042016983], [0.08930394798517227, -0.25809094309806824], [0.09639207273721695, 0.09387729316949844], [0.04010013863444328, -0.03254878520965576], [-0.10684147477149963, -0.1138438731431961]], [[-0.26508083939552307, 0.12865321338176727], [0.08930394798517227, -0.25809094309806824], [0.09639207273721695, 0.09387729316949844], [0.04010013863444328, -0.03254878520965576], [-0.17511925101280212, -0.022885248064994812]], [[-0.26508083939552307, 0.12865321338176727], [0.10087652504444122, -0.2185143679380417], [0.05916191264986992, -0.008390255272388458], [-0.03354031965136528, 0.01563718169927597], [-0.17511925101280212, -0.022885248064994812]], [[-0.2396097630262375, 0.1417812556028366], [-0.08903175592422485, -0.13165852427482605], [0.05916191264986992, -0.008390255272388458], [-0.02280515804886818, -0.05605745315551758], [-0.17511925101280212, -0.022885248064994812]], [[-0.2396097630262375, 0.1417812556028366], [-0.03014983981847763, -0.09696441143751144], [0.05916191264986992, -0.008390255272388458], [-0.02280515804886818, -0.05605745315551758], [-0.17511925101280212, -0.022885248064994812]]],