{"eps": {"object_position": [[-0.05848689749836922, -0.14651843905448914], [-0.32339009642601013, -0.20700567960739136], [-0.015553206205368042, -0.0514017790555954], [-0.03505850210785866, 0.13266471028327942], [-0.00020284578204154968, -0.02272348664700985]], "object_rotation": [2.1375069618225098, 0.27514031529426575, 1.334000587463379, 1.6348857879638672, 2.444734811782837], "distractor_position": [-0.5876298546791077, -0.13692036271095276, -1.470860481262207, -0.8934047222137451, -0.1306038498878479]}, "eps_trace": {"object_position": [[[-0.28084543347358704, 0.0042972201481461525], [-0.11485040187835693, 0.1147889643907547], [0.007612572051584721, 0.07053124904632568], [-0.15574383735656738, 0.07015136629343033], [-0.27295199036598206, 0.040730588138103485]], [[-0.28084543347358704, 0.0042972201481461525], [-0.11485040187835693, 0.1147889643907547], [0.1096857339143753, 0.13233719766139984], [-0.11766329407691956, 0.06012376397848129], [-0.26439714431762695, 0.09078305959701538]], [[-0.28084543347358704, 0.0042972201481461525], [-0.11485040187835693, 0.1147889643907547], [-0.0027289465069770813, 0.11616359651088715], [-0.011507347226142883, 0.0035422295331954956], [-0.26439714431762695, 0.09078305959701538]], [[-0.28084543347358704, 0.0042972201481461525], [-0.12588346004486084, 0.10740520060062408], [-0.0676879957318306, -0.05542951822280884], [-0.011507347226142883, 0.0035422295331954956], [-0.26439714431762695, 0.09078305959701538]], [[-0.16904309391975403, 0.13102532923221588], [-0.09858497977256775, 0.05071277171373367], [0.05655146390199661, -0.035048216581344604], [-0.011507347226142883, 0.0035422295331954956], [-0.26439714431762695, 0.09078305959701538]], [[-0.058261990547180176, 0.23889467120170593], [-0.09858497977256775, 0.05071277171373367], [-0.052877120673656464, -0.02427063137292862], [-0.011507347226142883, 0.0035422295331954956], [-0.26439714431762695, 0.09078305959701538]], [[-0.04362804442644119, 0.04442022740840912], [-0.09858497977256775, 0.05071277171373367], [-0.02660234272480011, 0.010773427784442902], [0.013796543702483177, -0.058219242841005325], [-0.26439714431762695, 0.09078305959701538]], [[-0.04362804442644119, 0.04442022740840912], [-0.09858497977256775, 0.05071277171373367], [-0.02660234272480011, 0.010773427784442902], [-0.03153100609779358, 0.007375907152891159], [-0.26439714431762695, 0.09078305959701538]], [[-0.04362804442644119, 0.04442022740840912], [-0.07064244151115417, 0.041095178574323654], [-0.02660234272480011, 0.010773427784442902], [-0.03153100609779358, 0.007375907152891159], [-0.26439714431762695, 0.09078305959701538]], [[0.09794936329126358, -0.007339544594287872], [0.11355677247047424, 0.0710621178150177], [-0.02660234272480011, 0.010773427784442902], [-0.03153100609779358, 0.007375907152891159], [-0.14676937460899353, 0.23142389953136444]], [[0.09794936329126358, -0.007339544594287872], [0.11355677247047424, 0.0710621178150177], [-0.02660234272480011, 0.010773427784442902], [-0.03153100609779358, 0.007375907152891159], [-0.02937382459640503, 0.09638433158397675]], [[0.03074515610933304, -0.03599981591105461], [0.11355677247047424, 0.0710621178150177], [0.06086979806423187, 0.029236679896712303], [-0.03153100609779358, 0.007375907152891159], [-0.02937382459640503, 0.09638433158397675]], [[0.03074515610933304, -0.03599981591105461], [0.11355677247047424, 0.0710621178150177], [0.06086979806423187, 0.029236679896712303], [-0.03153100609779358, 0.007375907152891159], [-0.02937382459640503, 0.09638433158397675]], [[0.03074515610933304, -0.03599981591105461], [0.037848882377147675, -0.08599728345870972], [-0.008386366069316864, 0.11146879941225052], [-0.11000729352235794, -0.044845666736364365], [-0.02937382459640503, 0.09638433158397675]], [[0.03074515610933304, -0.03599981591105461], [0.037848882377147675, -0.08599728345870972], [-0.08171099424362183, 0.017795175313949585], [-0.11000729352235794, -0.044845666736364365], [0.04689755290746689, 0.10938888043165207]], [[0.03074515610933304, -0.03599981591105461], [0.037848882377147675, -0.08599728345870972], [0.040736354887485504, 0.05679541453719139], [-0.034947700798511505, 0.09465062618255615], [0.11129197478294373, 0.06985662877559662]], [[0.03074515610933304, -0.03599981591105461], [0.037848882377147675, -0.08599728345870972], [0.040736354887485504, 0.05679541453719139], [-0.034947700798511505, 0.09465062618255615], [0.11129197478294373, 0.06985662877559662]], [[0.03074515610933304, -0.03599981591105461], [0.037848882377147675, -0.08599728345870972], [0.040736354887485504, 0.05679541453719139], [-0.08411218225955963, 0.1149933710694313], [0.11129197478294373, 0.06985662877559662]], [[0.03074515610933304, -0.03599981591105461], [-0.1119161918759346, -0.11800416558980942], [0.04180818051099777, 0.07151811569929123], [-0.08411218225955963, 0.1149933710694313], [0.11129197478294373, 0.06985662877559662]], [[0.03074515610933304, -0.03599981591105461], [-0.1119161918759346, -0.11800416558980942], [0.04180818051099777, 0.07151811569929123], [0.011193454265594482, 0.12701444327831268], [0.11129197478294373, 0.06985662877559662]], [[0.03074515610933304, -0.03599981591105461], [-0.32339009642601013, -0.20700567960739136], [0.04180818051099777, 0.07151811569929123], [0.011193454265594482, 0.12701444327831268], [0.11129197478294373, 0.06985662877559662]], [[-0.07420402020215988, 0.08968234062194824], [-0.32339009642601013, -0.20700567960739136], [0.04180818051099777, 0.07151811569929123], [0.011193454265594482, 0.12701444327831268], [0.19091223180294037, 0.008661139756441116]], [[-0.013741418719291687, -0.0938410758972168], [-0.32339009642601013, -0.20700567960739136], [0.04180818051099777, 0.07151811569929123], [0.011193454265594482, 0.12701444327831268], [0.04030829668045044, -0.017590487375855446]], [[-0.05848689749836922, -0.14651843905448914], [-0.32339009642601013, -0.20700567960739136], [-0.015553206205368042, -0.0514017790555954], [-0.03505850210785866, 0.13266471028327942], [0.04030829668045044, -0.017590487375855446]], [[-0.05848689749836922, -0.14651843905448914], [-0.32339009642601013, -0.20700567960739136], [-0.015553206205368042, -0.0514017790555954], [-0.03505850210785866, 0.13266471028327942], [-0.00020284578204154968, -0.02272348664700985]]],