{"eps": {"object_position": [[-0.2396097630262375, 0.1417812556028366], [-0.08258718997240067, -0.09554513543844223], [0.05916191264986992, -0.008390255272388458], [-0.005703319795429707, -0.06511485576629639], [-0.17511925101280212, -0.022885248064994812]], "object_rotation": [1.1411752700805664, 1.3115239143371582, 3.168262004852295, 1.3183386325836182, 1.2555723190307617], "distractor_position": [-1.500382423400879, 0.16747649013996124, -0.9892815351486206, -1.4084299802780151, -0.8449937105178833]}, "eps_trace": {"object_position": [[[0.05049954727292061, 0.0022684044670313597], [-0.020883701741695404, -0.08043058961629868], [-0.1243235245347023, -0.03384285792708397], [0.038366034626960754, -0.044076573103666306], [-0.021682022139430046, -0.031725071370601654]], [[0.05049954727292061, 0.0022684044670313597], [-0.020883701741695404, -0.08043058961629868], [-0.1243235245347023, -0.03384285792708397], [0.10131999105215073, 0.11521346867084503], [-0.021682022139430046, -0.031725071370601654]], [[0.05049954727292061, 0.0022684044670313597], [-0.003198675811290741, -0.01006927341222763], [-0.1243235245347023, -0.03384285792708397], [0.10131999105215073, 0.11521346867084503], [-0.021682022139430046, -0.031725071370601654]], [[0.05049954727292061, 0.0022684044670313597], [-0.003198675811290741, -0.01006927341222763], [0.10924965888261795, -0.1121157854795456], [0.10131999105215073, 0.11521346867084503], [0.0940713882446289, 0.054407745599746704]], [[0.05325140058994293, 0.03402125835418701], [0.013740411028265953, 0.11529945582151413], [0.10924965888261795, -0.1121157854795456], [0.10131999105215073, 0.11521346867084503], [-0.08059990406036377, -0.026434145867824554]], [[-0.1148298978805542, -0.06825803220272064], [0.013740411028265953, 0.11529945582151413], [0.10924965888261795, -0.1121157854795456], [0.10131999105215073, 0.11521346867084503], [-0.08059990406036377, -0.026434145867824554]], [[-0.1148298978805542, -0.06825803220272064], [-0.011994786560535431, -0.07734961062669754], [0.04920182749629021, -0.1831110566854477], [0.13499872386455536, 0.046053096652030945], [-0.08059990406036377, -0.026434145867824554]], [[-0.1148298978805542, -0.06825803220272064], [-0.011994786560535431, -0.07734961062669754], [0.04920182749629021, -0.1831110566854477], [0.13499872386455536, 0.046053096652030945], [-0.15870016813278198, -0.055697325617074966]], [[-0.1148298978805542, -0.06825803220272064], [0.14828595519065857, -0.10068610310554504], [-0.14233973622322083, -0.08074574917554855], [-0.029979810118675232, 0.16754655539989471], [-0.08395107835531235, -0.02714318037033081]], [[-0.19052428007125854, -0.0635712742805481], [0.1830863356590271, -0.12674497067928314], [-0.14233973622322083, -0.08074574917554855], [-0.029979810118675232, 0.16754655539989471], [-0.08395107835531235, -0.02714318037033081]], [[-0.19052428007125854, -0.0635712742805481], [0.21206866204738617, 0.012662187218666077], [-0.15371514856815338, 0.03356260806322098], [0.07705386728048325, 0.06021008640527725], [-0.08395107835531235, -0.02714318037033081]], [[-0.19052428007125854, -0.0635712742805481], [-0.008864328265190125, 0.0683722048997879], [-0.07848487794399261, 0.114833764731884], [0.07705386728048325, 0.06021008640527725], [-0.1225496232509613, -0.14023444056510925]], [[-0.19052428007125854, -0.0635712742805481], [-0.023564916104078293, -0.11962157487869263], [-0.07848487794399261, 0.114833764731884], [0.044189177453517914, -0.20996323227882385], [-0.1225496232509613, -0.14023444056510925]], [[-0.19052428007125854, -0.0635712742805481], [0.060682933777570724, -0.06557720899581909], [-0.11697649955749512, 0.0937698557972908], [-0.07643001526594162, -0.03913775086402893], [-0.1225496232509613, -0.14023444056510925]], [[-0.19052428007125854, -0.0635712742805481], [0.060682933777570724, -0.06557720899581909], [-0.11697649955749512, 0.0937698557972908], [0.02893728017807007, -0.13588179647922516], [-0.1225496232509613, -0.14023444056510925]], [[-0.19052428007125854, -0.0635712742805481], [0.1666709929704666, -0.19338595867156982], [-0.011462554335594177, 0.11519402265548706], [0.02893728017807007, -0.13588179647922516], [-0.1225496232509613, -0.14023444056510925]], [[-0.19052428007125854, -0.0635712742805481], [0.1666709929704666, -0.19338595867156982], [0.09639207273721695, 0.09387729316949844], [0.02893728017807007, -0.13588179647922516], [-0.1225496232509613, -0.14023444056510925]], [[-0.19052428007125854, -0.0635712742805481], [0.04192618280649185, -0.21649616956710815], [0.09639207273721695, 0.09387729316949844], [0.058313123881816864, -0.11399872601032257], [-0.1225496232509613, -0.14023444056510925]], [[-0.19052428007125854, -0.0635712742805481], [0.04192618280649185, -0.21649616956710815], [0.09639207273721695, 0.09387729316949844], [-0.04808711260557175, 0.05796337127685547], [0.06844481825828552, -0.18445691466331482]], [[-0.2013893574476242, 0.05437111109495163], [0.04192618280649185, -0.21649616956710815], [0.09639207273721695, 0.09387729316949844], [-0.04808711260557175, 0.05796337127685547], [0.06844481825828552, -0.18445691466331482]], [[-0.29934602975845337, 0.0937667042016983], [0.04192618280649185, -0.21649616956710815], [0.09639207273721695, 0.09387729316949844], [-0.04808711260557175, 0.05796337127685547], [-0.10684147477149963, -0.1138438731431961]], [[-0.26508083939552307, 0.12865321338176727], [0.03686659410595894, -0.256671667098999], [0.09639207273721695, 0.09387729316949844], [-0.016438480466604233, 0.006579775363206863], [-0.17511925101280212, -0.022885248064994812]], [[-0.26508083939552307, 0.12865321338176727], [0.04843917489051819, -0.21709509193897247], [0.05916191264986992, -0.008390255272388458], [-0.016438480466604233, 0.006579775363206863], [-0.17511925101280212, -0.022885248064994812]], [[-0.2396097630262375, 0.1417812556028366], [-0.1414691060781479, -0.13023924827575684], [0.05916191264986992, -0.008390255272388458], [-0.005703319795429707, -0.06511485576629639], [-0.17511925101280212, -0.022885248064994812]], [[-0.2396097630262375, 0.1417812556028366], [-0.08258718997240067, -0.09554513543844223], [0.05916191264986992, -0.008390255272388458], [-0.005703319795429707, -0.06511485576629639], [-0.17511925101280212, -0.022885248064994812]]],