{"eps": {"object_position": [[0.04150095582008362, -0.00021218718029558659], [0.004177674651145935, 0.04962394759058952], [0.06282211095094681, -0.04860031232237816], [0.031770531088113785, -0.017471810802817345], [-0.04076408967375755, 0.032657258212566376], [-0.05120202153921127, -0.004998085089027882], [0.03246314078569412, -0.05422719568014145], [-0.04993623495101929, -0.0024862969294190407], [-0.003913791850209236, -0.06216651201248169], [0.0003874129615724087, -0.049576643854379654]], "object_rotation": [1.6913771629333496, 1.6214473247528076, 1.4981660842895508, 1.4734430313110352, 1.5479862689971924, 1.6582804918289185, 1.6282215118408203, 1.9487969875335693, 1.5252912044525146, 1.9212474822998047], "distractor_position": [-0.5044603943824768, -0.5073498487472534, -0.49824175238609314, -0.5040056109428406, -0.49763691425323486, -0.4968407452106476, -0.5023337006568909, -0.4982225000858307, -0.5019987225532532, -0.4993989169597626]}, "object_type": "bowl", "L": 1.0, "failure_level": 0.4, "dp_logprior_scale": 1.0, "dp_mcmc_step_size": 0.1, "ep_mcmc_step_size": 0.1, "num_rounds": 50, "num_steps_per_round": 1, "num_chains": 10, "use_gradients": true, "use_stochasticity": false, "repair": false, "predict": true, "quench_rounds": 0, "tempering_schedule": null, "ep_logprobs": [[-45.10298538208008, -45.40792465209961, -45.265037536621094, -45.08219909667969, -45.45296096801758, -45.20167922973633, -44.74566650390625, -47.633304595947266, -44.79423904418945, -47.17792510986328], [-44.95332717895508, -45.27505874633789, -44.84566116333008, -45.03384780883789, -44.91163635253906, -45.210758209228516, -44.86824417114258, -47.412750244140625, -44.819400787353516, -47.022369384765625], [-45.04962158203125, -45.219451904296875, -44.938472747802734, -45.047603607177734, -44.841468811035156, -45.078250885009766, -44.73435974121094, -47.243934631347656, -44.73245620727539, -46.86534118652344], [-44.92158126831055, -45.12602615356445, -44.81881332397461, -44.97498321533203, -44.89914321899414, -44.944522857666016, -44.84993362426758, -47.08153533935547, -44.84474563598633, -46.729400634765625], [-45.003456115722656, -45.07965087890625, -44.912715911865234, -44.98381805419922, -44.8118896484375, -44.956783294677734, -44.725257873535156, -46.928890228271484, -44.716346740722656, -46.59306335449219], [-44.88835906982422, -45.01720428466797, -44.794612884521484, -44.92809295654297, -44.83962631225586, -44.99347686767578, -44.834835052490234, -46.78508758544922, -44.823875427246094, -46.474517822265625], [-44.9619026184082, -44.981239318847656, -44.88455581665039, -44.93559646606445, -44.798095703125, -44.91814422607422, -44.71194076538086, -46.65890121459961, -44.709678649902344, -46.35798645019531], [-44.85945129394531, -44.93696975708008, -44.792755126953125, -44.8902587890625, -44.818363189697266, -44.92203140258789, -44.82161331176758, -46.53566360473633, -44.81908416748047, -46.251060485839844], [-44.92522430419922, -44.910579681396484, -44.86039733886719, -44.89824676513672, -44.77595901489258, -44.88234329223633, -44.709590911865234, -46.41632843017578, -44.69519805908203, -46.154239654541016], [-44.83362579345703, -44.878692626953125, -44.777557373046875, -44.85979080200195, -44.794639587402344, -44.88346481323242, -44.81190872192383, -46.31294250488281, -44.8088264465332, -46.05411911010742], [-44.89815139770508, -44.85951614379883, -44.83733367919922, -44.86827850341797, -44.75455856323242, -44.849613189697266, -44.704368591308594, -46.20225524902344, -44.689491271972656, -45.97673034667969], [-44.81368637084961, -44.83594512939453, -44.76285171508789, -44.83512496948242, -44.775882720947266, -44.84452819824219, -44.803749084472656, -46.11198043823242, -44.799896240234375, -45.8898811340332], [-44.936622619628906, -44.82228469848633, -44.823646545410156, -44.8441276550293, -44.73365783691406, -44.817962646484375, -44.700950622558594, -46.015350341796875, -44.68656921386719, -45.816673278808594], [-44.781517028808594, -44.80465316772461, -44.75187683105469, -44.81379699707031, -44.76689910888672, -44.821990966796875, -44.796714782714844, -45.935909271240234, -44.79343032836914, -45.74961471557617], [-44.91060256958008, -44.79483413696289, -44.8094367980957, -44.82432174682617, -44.72360610961914, -44.799598693847656, -44.69549560546875, -45.858829498291016, -44.68595886230469, -45.682708740234375], [-44.76784896850586, -44.78157043457031, -44.742584228515625, -44.79584884643555, -44.76099395751953, -44.804115295410156, -44.79061508178711, -45.789093017578125, -44.78861618041992, -45.6220817565918], [-44.88905334472656, -44.77458190917969, -44.79909896850586, -44.81876754760742, -44.71753692626953, -44.78319549560547, -44.69187927246094, -45.70462417602539, -44.67849349975586, -45.562744140625], [-44.75554656982422, -44.764671325683594, -44.73480987548828, -44.772857666015625, -44.75455093383789, -44.788387298583984, -44.786075592041016, -45.65163803100586, -44.78312683105469, -45.51137161254883], [-44.871673583984375, -44.76015853881836, -44.78996276855469, -44.80583572387695, -44.70021438598633, -44.76784896850586, -44.68701171875, -45.57850646972656, -44.67975616455078, -45.45878982543945], [-44.74496078491211, -44.75227737426758, -44.72731399536133, -44.762046813964844, -44.74525451660156, -44.774986267089844, -44.78230667114258, -45.53312683105469, -44.777626037597656, -45.412078857421875], [-44.85541534423828, -44.74906539916992, -44.78001022338867, -44.79465866088867, -44.6967658996582, -44.7598991394043, -44.679195404052734, -45.469322204589844, -44.677398681640625, -45.36800003051758], [-44.7353630065918, -44.74279022216797, -44.72247314453125, -44.75278091430664, -44.740257263183594, -44.76585388183594, -44.77899932861328, -45.42626953125, -44.77464294433594, -45.32513427734375], [-44.842803955078125, -44.74122619628906, -44.77031707763672, -44.78487014770508, -44.69109344482422, -44.75088882446289, -44.680850982666016, -45.3752555847168, -44.67481231689453, -45.28706359863281], [-44.72731399536133, -44.73579788208008, -44.71784210205078, -44.74568557739258, -44.7339973449707, -44.7574348449707, -44.77678298950195, -45.33673095703125, -44.772212982177734, -45.24953842163086], [-44.83134460449219, -44.7349967956543, -44.760406494140625, -44.776790618896484, -44.695133209228516, -44.74374008178711, -44.678470611572266, -45.29270935058594, -44.67382049560547, -45.217071533203125], [-44.72026062011719, -44.72998809814453, -44.714210510253906, -44.739295959472656, -44.73115539550781, -44.750877380371094, -44.775054931640625, -45.256813049316406, -44.77022171020508, -45.183536529541016], [-44.821590423583984, -44.73044967651367, -44.7607421875, -44.769927978515625, -44.684288024902344, -44.73382568359375, -44.67630386352539, -45.221588134765625, -44.67270278930664, -45.15467071533203], [-44.71405792236328, -44.72526550292969, -44.70852279663086, -44.7209587097168, -44.72611618041992, -44.745216369628906, -44.77330780029297, -45.1885871887207, -44.76824951171875, -45.124576568603516], [-44.813175201416016, -44.72664260864258, -44.7606086730957, -44.76395797729492, -44.68254852294922, -44.72869873046875, -44.67585754394531, -45.16226577758789, -44.6717529296875, -45.100563049316406], [-44.70862579345703, -44.72187423706055, -44.70370101928711, -44.72658157348633, -44.72187805175781, -44.74027633666992, -44.7724723815918, -45.13035202026367, -44.767356872558594, -45.073448181152344], [-44.805973052978516, -44.72396469116211, -44.75709533691406, -44.759986877441406, -44.678672790527344, -44.7257080078125, -44.67337417602539, -45.10512161254883, -44.67139434814453, -45.05263900756836], [-44.704689025878906, -44.72050857543945, -44.70115280151367, -44.7131233215332, -44.7189826965332, -44.7363395690918, -44.770912170410156, -45.07970428466797, -44.78303146362305, -45.02914047241211], [-44.79949188232422, -44.72195816040039, -44.75290298461914, -44.75679016113281, -44.679588317871094, -44.72299575805664, -44.672698974609375, -45.05600357055664, 