{"eps": {"object_position": [[-0.004646316170692444, -0.006470395252108574], [-0.015016842633485794, 0.09411187469959259], [-0.15071305632591248, -0.06776532530784607], [-0.04434119910001755, 0.08862295746803284], [0.06884291768074036, -0.1872127503156662], [0.050407834351062775, -0.03386305272579193], [0.03966554254293442, -0.10137671232223511], [0.08964666724205017, -0.04160555452108383], [0.06939607113599777, -0.09833177179098129], [0.007628478109836578, -0.07111106067895889]], "object_rotation": [2.3180456161499023, 1.8808414936065674, 1.4567489624023438, 1.2189949750900269, 1.8030505180358887, 2.595346212387085, 1.6387782096862793, 3.242018222808838, 2.3719615936279297, 2.3875815868377686], "distractor_position": [-0.42139893770217896, -0.6004526019096375, -0.6929237842559814, -1.0811394453048706, -0.4868760406970978, -0.16878706216812134, -0.39132925868034363, -0.1254071593284607, -0.5876722931861877, -0.41339194774627686]}, "object_type": "bowl", "L": 1.0, "failure_level": 0.4, "dp_logprior_scale": 1.0, "dp_mcmc_step_size": 0.1, "ep_mcmc_step_size": 0.1, "num_rounds": 50, "num_steps_per_round": 1, "num_chains": 10, "use_gradients": true, "use_stochasticity": true, "repair": false, "predict": true, "quench_rounds": 0, "tempering_schedule": [0.0, 0.5579473972320557, 0.804589569568634, 0.9136183261871338, 0.9618147611618042, 0.9831201434135437, 0.9925382137298584, 0.9967014789581299, 0.9985418915748596, 0.9993554353713989, 0.9997150897979736, 0.9998740553855896, 0.9999443292617798, 0.9999753832817078, 0.9999890923500061, 0.9999951720237732, 0.9999978542327881, 0.9999990463256836, 0.9999995827674866, 0.9999998211860657, 0.9999999403953552, 0.9999999403953552, 1.0, 1.0, 1.0, 1.0, 1.0, 1.0, 1.0, 1.0, 1.0, 1.0, 1.0, 1.0, 1.0, 1.0, 1.0, 1.0, 1.0, 1.0, 1.0, 1.0, 1.0, 1.0, 1.0, 1.0, 1.0, 1.0, 1.0, 1.0], "ep_logprobs": [[1.4596723318099976, 0.3535611629486084, -0.22274374961853027, 0.9485976099967957, 1.4428367614746094, 0.9306384325027466, 0.8417390584945679, -1.5088627338409424, 1.6085047721862793, -0.9963911175727844], [-24.457164764404297, -25.56349754333496, -26.13967514038086, -25.162975311279297, -24.457740783691406, -24.976465225219727, -25.074268341064453, -27.42644691467285, -24.309045791625977, -26.909732818603516], [-35.91377639770508, -37.020206451416016, -37.5963249206543, -36.1431999206543, -35.907161712646484, -36.428775787353516, -36.53050994873047, -38.88338088989258, -35.765968322753906, -38.36479568481445], [-40.97819900512695, -42.08467102050781, -42.6607666015625, -41.20548629760742, -40.96840286254883, -41.491294860839844, -41.59476852416992, -43.94794845581055, -40.83053207397461, -44.72990036010742], [-43.21693801879883, -44.323429107666016, -44.899513244628906, -43.44327926635742, -43.20574188232422, -43.729190826416016, -43.833438873291016, -46.18675231933594, -43.069332122802734, -46.96869659423828], [-44.20657730102539, -45.313079833984375, -45.88916015625, -44.43250274658203, -44.194759368896484, -44.71846389770508, -44.82304763793945, -47.17642593383789, -44.05900192260742, -47.9583625793457], [-44.64405059814453, -46.461299896240234, -46.32663345336914, -44.86979293823242, -44.6319580078125, -45.15576934814453, -45.26050567626953, -47.61391067504883, -44.49648666381836, -49.110496520996094], [-44.83743667602539, -46.6546745300293, -46.52001953125, -45.06309509277344, -45.19750213623047, -45.349082946777344, -45.45388412475586, -47.80730056762695, -44.689876556396484, -49.3038215637207], [-44.92292404174805, -46.74015808105469, -46.605506896972656, -45.1485481262207, -45.2829475402832, -45.434539794921875, -45.539371490478516, -47.892791748046875, -44.775367736816406, -50.062042236328125], [-44.96071243286133, -46.77794647216797, -46.64329528808594, -45.18632125854492, -45.3158073425293, -45.472312927246094, -45.5771598815918, -47.930580139160156, -47.22367477416992, -50.09977722167969], [-44.977420806884766, -46.79465103149414, -46.660003662109375, -45.20301818847656, -45.33246994018555, -45.489013671875, -45.59386444091797, -47.947288513183594, -47.240379333496094, -50.11646270751953], [-44.98480224609375, -46.802032470703125, -46.66738510131836, -45.21039962768555, -45.3398323059082, -45.496395111083984, -45.60124588012695, -47.95466995239258, -47.247764587402344, -50.123836517333984], [-44.988067626953125, -46.8052978515625, -46.670650482177734, -45.213661193847656, -45.34309005737305, -45.499656677246094, -45.60451126098633, -47.95793533325195, -47.25102615356445, -50.12709426879883], [-44.98950958251953, -46.806739807128906, -46.67209243774414, -45.21510314941406, -45.34452819824219, -45.5010986328125, -45.605953216552734, -47.95937728881836, -47.25246810913086, -50.128536224365234], [-44.99014663696289, -46.807376861572266, -49.909881591796875, -45.21574020385742, -45.34516525268555, -45.50173568725586, -45.606590270996094, -47.96001434326172, -47.25310516357422, -50.12916946411133], [-44.99042892456055, -46.80765914916992, -50.098548889160156, -45.21602249145508, -45.34544372558594, -45.502017974853516, -45.60687255859375, -47.960296630859375, -47.253387451171875, -50.129451751708984], [-44.99055480957031, -46.80778503417969, -50.09867477416992, -45.216148376464844, -45.3455696105957, -45.50214385986328, -45.606998443603516, -47.96042251586914, -47.25351333618164, -50.12957763671875], [-44.99060821533203, -46.807838439941406, -50.09872817993164, -45.53055953979492, -45.34562301635742, -45.502197265625, -45.607051849365234, -47.96047592163086, -47.25356674194336, -50.12963104248047], [-44.99063491821289, -46.807865142822266, -50.0987548828125, -45.53058624267578, -45.34564971923828, -45.50222396850586, -45.607078552246094, -47.96050262451172, -46.79974365234375, -50.12965774536133], [-44.99064636230469, -46.80787658691406, -50.0987663269043, -45.53059768676758, -45.34566116333008, -45.502235412597656, -45.60708999633789, -47.960514068603516, -46.79975509643555, -50.129669189453125], [-44.99065017700195, -46.80788040161133, -50.09877014160156, -45.530601501464844, -45.345664978027344, -46.204734802246094, -45.607093811035156, -47.96051788330078, -46.79975891113281, -49.92882537841797], [-44.99065017700195, -46.80788040161133, -50.09877014160156, -46.7867431640625, -45.345664978027344, -46.204734802246094, -45.607093811035156, -47.96051788330078, -46.79975891113281, -49.92882537841797], [-44.99065399169922, -46.807884216308594, -50.09877395629883, -46.786746978759766, -45.34566879272461, -46.20473861694336, -45.60709762573242, -47.96052169799805, -45.84672546386719, -49.928829193115234], [-45.05226135253906, -46.807884216308594, -46.78511428833008, -46.786746978759766, -45.34566879272461, -46.20473861694336, -45.60709762573242, -47.96052169799805, -45.84672546386719, -49.928829193115234], [-45.05226135253906, -46.807884216308594, -46.52468490600586, -46.727378845214844, -45.34566879272461, -46.20473861694336, -45.60709762573242, -47.96052169799805, -45.84672546386719, -49.928829193115234], [-45.05226135253906, -46.807884216308594, -46.52468490600586, -46.727378845214844, -45.34566879272461, -46.20473861694336, -45.60709762573242, -47.96052169799805, -45.84672546386719, -49.928829193115234], [-45.05226135253906, -46.807884216308594, -46.52468490600586, -46.727378845214844, -45.34566879272461, -46.20473861694336, -45.60709762573242, -47.96052169799805, -45.84672546386719, -49.928829193115234], [-45.05226135253906, -46.807884216308594, -46.52468490600586, -46.727378845214844, -45.34566879272461, -46.20473861694336, -45.60709762573242, -47.96052169799805, -45.84672546386719, -49.928829193115234], [-45.05226135253906, -46.807884216308594, -46.52468490600586, -46.727378845214844, -45.34566879272461, -46.20473861694336, -45.60709762573242, -47.96052169799805, -45.84672546386719, -49.928829193115234], [-45.05226135253906, -45.94100570678711, -46.52468490600586, -46.727378845214844, -45.34566879272461, -46.20473861694336, -45.60709762573242, -47.96052169799805, -45.84672546386719, -49.928829193115234], [-45.05226135253906, 