{"eps": {"object_position": [[0.011698707938194275, -0.010265931487083435], [0.001330116530880332, -0.005934865213930607], [0.020986493676900864, -0.04809943586587906], [0.0220005065202713, 0.021001027897000313], [-0.006551976315677166, 0.025898603722453117], [0.024276310577988625, -0.012906927615404129], [0.03662918880581856, 0.02770810015499592], [-0.02417045272886753, 0.002280710730701685], [0.021026354283094406, -0.02109631709754467], [0.006353441160172224, -0.0007792413234710693]], "object_rotation": [2.212240695953369, 1.8293415307998657, 1.0693693161010742, 1.0119072198867798, 1.4682691097259521, 2.0188751220703125, 1.8706611394882202, 3.482003688812256, 1.3131269216537476, 3.3633944988250732], "distractor_position": [-0.5465853810310364, -1.141124963760376, -0.662298858165741, -0.861094057559967, -0.11198747903108597, -0.05779067426919937, -0.3848203718662262, -0.40217873454093933, -0.6765391230583191, -0.5425413846969604]}, "object_type": "bowl", "L": 1.0, "failure_level": 0.4, "dp_logprior_scale": 1.0, "dp_mcmc_step_size": 0.1, "ep_mcmc_step_size": 0.1, "num_rounds": 50, "num_steps_per_round": 1, "num_chains": 10, "use_gradients": true, "use_stochasticity": true, "repair": false, "predict": true, "quench_rounds": 0, "tempering_schedule": null, "ep_logprobs": [[-44.990901947021484, -46.09400939941406, -46.63418960571289, -45.486942291259766, -44.97859573364258, -45.50233459472656, -45.58168029785156, -47.961021423339844, -44.839508056640625, -47.435550689697266], [-44.99110412597656, -46.02300262451172, -46.58395767211914, -45.4841423034668, -44.97825622558594, -45.477413177490234, -45.58130645751953, -47.883575439453125, -44.838016510009766, -47.42280197143555], [-44.98355484008789, -46.01275634765625, -46.55708312988281, -45.47649002075195, -44.971099853515625, -45.458656311035156, -45.576568603515625, -47.883670806884766, -44.83548355102539, -47.420841217041016], [-44.98212814331055, -46.01423263549805, -46.48945999145508, -45.47306442260742, -44.96707534790039, -45.458473205566406, -45.53349685668945, -47.883792877197266, -44.83540725708008, -47.41986083984375], [-44.98401641845703, -45.851375579833984, -46.48942947387695, -45.47072219848633, -44.96760177612305, -45.45491409301758, -45.510986328125, -47.871524810791016, -44.83525085449219, -47.414649963378906], [-44.980308532714844, -45.85072708129883, -46.48726272583008, -45.468379974365234, -44.967994689941406, -45.34701919555664, -45.51018524169922, -47.86563491821289, -44.834041595458984, -47.415096282958984], [-45.00456619262695, -45.858009338378906, -46.35562515258789, -45.46284484863281, -44.92781448364258, -45.347084045410156, -45.43190383911133, -47.864105224609375, -44.81629943847656, -47.41541290283203], [-45.00015640258789, -45.857112884521484, -46.34967041015625, -45.364620208740234, -44.92152404785156, -45.32575607299805, -45.3963623046875, -47.864173889160156, -44.80546569824219, -47.41389465332031], [-44.99896240234375, -45.851749420166016, -46.194480895996094, -45.34904479980469, -44.91933822631836, -45.32575607299805, -45.357364654541016, -47.82614517211914, -44.79841613769531, -47.41087341308594], [-44.99715042114258, -45.85205841064453, -46.1873664855957, -45.34687042236328, -44.916893005371094, -45.32414245605469, -45.35734939575195, -47.82425308227539, -44.79834747314453, -47.397064208984375], [-44.99939727783203, -45.84702682495117, -46.19256591796875, -45.342411041259766, -44.91556167602539, -45.32178497314453, -45.224021911621094, -47.82392883300781, -44.79789352416992, -47.396018981933594], [-44.98233413696289, -45.821285247802734, -46.18748474121094, -45.34049987792969, -44.91461944580078, -45.322898864746094, -45.09458923339844, -47.823875427246094, -44.8023681640625, -47.39520263671875], [-44.97868728637695, -45.81098175048828, -46.16407012939453, -45.337554931640625, -44.91477966308594, -45.322792053222656, -45.07777404785156, -47.823402404785156, -44.7565803527832, -47.39738464355469], [-44.988975524902344, -45.81601333618164, -46.108543395996094, -45.32749938964844, -44.915184020996094, -45.28859329223633, -45.07767105102539, -47.807952880859375, -44.75918197631836, -47.392738342285156], [-44.98993682861328, -45.76445770263672, -45.75651168823242, -45.328128814697266, -44.90099334716797, -45.26940155029297, -45.031002044677734, -47.763729095458984, -44.764320373535156, -47.37914276123047], [-44.99721145629883, -45.69364929199219, -45.70208740234375, -45.32987976074219, -44.90179443359375, -45.2685546875, -45.03737258911133, -47.76355743408203, -44.76358413696289, -47.37812805175781], [-44.9912109375, -45.698150634765625, -45.6820182800293, -45.3005485534668, -44.89881896972656, -45.27128982543945, -45.01191711425781, -47.7595100402832, -44.76263427734375, -47.324119567871094], [-44.990482330322266, -45.690093994140625, -45.66862106323242, -45.28175735473633, -44.911075592041016, -45.2718620300293, -44.98139953613281, -47.751102447509766, -44.76263427734375, -47.329437255859375], [-44.99044418334961, -45.67745590209961, -45.64859390258789, -45.276634216308594, -44.904117584228516, -45.26929473876953, -44.975460052490234, -47.75146484375, -44.761329650878906, -47.325687408447266], [-44.990509033203125, -45.6756477355957, -45.64656448364258, -45.223297119140625, -44.90406036376953, -45.32474899291992, -44.9807014465332, -47.75233840942383, -44.76197814941406, -47.30433654785156], [-44.98295593261719, -45.67869567871094, -45.64207077026367, -45.22309494018555, -44.90388107299805, -45.324405670166016, -44.97034454345703, -47.752342224121094, -44.78013229370117, -47.30084991455078], [-44.98299789428711, -45.6725959777832, -45.63866424560547, -45.223167419433594, -44.9044303894043, -45.26534652709961, -44.96171951293945, -47.7496337890625, -44.78348159790039, -47.30272674560547], [-44.98539352416992, -45.55949783325195, -45.523990631103516, -45.19211959838867, -44.90351486206055, -45.29210662841797, -44.959503173828125, -47.75252914428711, -44.778831481933594, -47.316532135009766], [-44.985416412353516, -45.55895233154297, -45.49422073364258, -45.192726135253906, -44.90184020996094, -45.28949737548828, -44.9156494140625, -47.75387191772461, -44.77944564819336, -47.31838607788086], [-44.97487258911133, -45.55948257446289, -45.39872741699219, -45.19441604614258, -44.9009895324707, -45.28880310058594, -44.915225982666016, -47.74887466430664, -44.779449462890625, -47.27962875366211], [-44.97481918334961, -45.55507278442383, -45.3801383972168, -45.18079376220703, -44.907649993896484, -45.28848648071289, -44.91500473022461, -47.74183654785156, -44.78131866455078, -47.27848815917969], [-44.973968505859375, -45.55440139770508, -45.380516052246094, -45.179508209228516, -44.9062614440918, -45.28489303588867, -44.91178894042969, -47.72466278076172, -44.792633056640625, -47.27837371826172], [-44.97121047973633, -45.55384063720703, -45.29035186767578, -45.17710494995117, -44.90113830566406, -45.26974105834961, -44.910743713378906, -47.723541259765625, -44.79182434082031, -47.27774429321289], [-44.9686164855957, -45.54326248168945, -45.266632080078125, -45.16741180419922, -44.88234329223633, -45.26832580566406, -44.8891487121582, -47.72264862060547, -44.78446578979492, -47.27945327758789], [-44.966976165771484, -45.54010772705078, -45.19853973388672, -45.16816329956055, -44.88215637207031, -45.26824951171875, -44.88697814941406, -47.7226676940918, -44.77516555786133, -47.28231430053711], [-44.96784973144531, -45.53982925415039, -45.19380569458008, -45.16391372680664, -44.88459777832031, -45.2672119140625, -44.925743103027344, -47.67085266113281, -44.77263259887695, -47.254432678222656], [-44.96437454223633, -45.515933990478516, -45.19843673706055, -45.16304016113281, -44.88333511352539, -45.26546859741211, -44.92709732055664, -47.66255187988281, -44.76862335205078, -47.25248718261719], [-44.96467590332031, -45.51438522338867, -45.1915168762207, -45.165103912353516, -44.88428497314453, -45.209354400634766, -44.925209045410156, -47.64906311035156, -44.771060943603516, 