{"eps": {"object_position": [[-0.02862413227558136, -0.024811256676912308], [0.00031220121309161186, 0.008541376329958439], [0.07207199186086655, 0.04765878990292549], [0.016719110310077667, 0.021581944078207016], [0.04865444079041481, 0.02906373143196106], [-0.05638369545340538, 0.018718715757131577], [0.11039195954799652, 0.010892705991864204], [-0.018746457993984222, -0.04601801559329033], [0.00914765801280737, -0.033935777842998505], [-0.0230737142264843, 0.07803194969892502]], "object_rotation": [1.8140794038772583, 2.994403839111328, 2.1785495281219482, 1.0260915756225586, 2.2838294506073, 1.9817723035812378, 2.3700430393218994, 0.6029378771781921, 1.762657880783081, 1.2882342338562012], "distractor_position": [-0.4123072624206543, 0.04822131246328354, -1.526833176612854, -0.8589503765106201, -0.19872893393039703, 0.13761268556118011, 0.01931644231081009, -0.5384340882301331, -0.7787184119224548, -0.7742603421211243]}, "object_type": "bowl", "L": 1.0, "failure_level": 0.4, "dp_logprior_scale": 1.0, "dp_mcmc_step_size": 0.1, "ep_mcmc_step_size": 0.1, "num_rounds": 50, "num_steps_per_round": 1, "num_chains": 10, "use_gradients": true, "use_stochasticity": true, "repair": false, "predict": true, "quench_rounds": 0, "tempering_schedule": null, "ep_logprobs": [[-45.43980407714844, -47.013702392578125, -48.99323272705078, -45.38785934448242, -45.78091049194336, -46.40464401245117, -51.357574462890625, -46.719505310058594, -45.25048065185547, -47.351707458496094], [-45.39876174926758, -47.013851165771484, -48.99241256713867, -45.37968826293945, -45.773033142089844, -46.344627380371094, -51.296173095703125, -46.481266021728516, -45.23295593261719, -47.15816116333008], [-45.39516067504883, -47.0230827331543, -48.97574996948242, -45.343082427978516, -45.77009201049805, -46.33399963378906, -50.074378967285156, -46.4575080871582, -45.23152160644531, -46.87522506713867], [-45.32909393310547, -47.01688003540039, -48.969329833984375, -45.351497650146484, -45.77012252807617, -46.2690315246582, -50.06892395019531, -46.39714431762695, -45.21458435058594, -46.83053970336914], [-45.30460739135742, -47.01475524902344, -48.9740104675293, -45.34950637817383, -45.76995086669922, -46.266475677490234, -49.973304748535156, -46.24034118652344, -45.20509338378906, -46.81007385253906], [-45.24467468261719, -47.01518630981445, -48.97452163696289, -45.34682083129883, -45.76838684082031, -46.11412811279297, -49.322914123535156, -46.22814178466797, -45.173458099365234, -46.79576873779297], [-45.24507141113281, -47.01546096801758, -48.88459396362305, -45.35054016113281, -45.7685546875, -46.103572845458984, -49.304447174072266, -46.229217529296875, -45.16375732421875, -46.71905517578125], [-45.239707946777344, -47.0141716003418, -48.871891021728516, -45.350860595703125, -45.6659049987793, -46.077362060546875, -48.93040084838867, -46.20303726196289, -45.16377258300781, -46.56838607788086], [-45.233009338378906, -47.01585388183594, -48.81837463378906, -45.349952697753906, -45.62583923339844, -46.06605529785156, -48.8603401184082, -46.031036376953125, -45.16147232055664, -46.45510482788086], [-45.1572151184082, -47.012672424316406, -48.782711029052734, -45.362884521484375, -45.61190414428711, -46.04500198364258, -48.85689926147461, -46.03108596801758, -45.126190185546875, -46.45131301879883], [-45.15717315673828, -47.012718200683594, -48.78921127319336, -45.34577560424805, -45.605133056640625, -45.99274826049805, -48.16060256958008, -46.0348014831543, -45.11910629272461, -46.43174362182617], [-45.14241027832031, -46.9964599609375, -48.678001403808594, -45.330135345458984, -45.59827423095703, -45.99259948730469, -48.02470397949219, -46.034332275390625, -45.11581039428711, -46.27682113647461], [-45.088096618652344, -46.99522399902344, -48.67815017700195, -45.31814193725586, -45.540199279785156, -45.98324203491211, -47.94970703125, -46.03402328491211, -45.14192199707031, -46.27704620361328], [-45.085880279541016, -47.001190185546875, -48.508087158203125, -45.300785064697266, -45.539329528808594, -45.91962814331055, -47.9156494140625, -46.01842498779297, -45.13924789428711, -46.23118209838867], [-45.078304290771484, -46.993125915527344, -48.48406982421875, -45.29884338378906, -45.47472381591797, -45.90250778198242, -47.8774528503418, -46.0119743347168, -45.139320373535156, -46.20093536376953], [-45.064247131347656, -46.976802825927734, -48.45061111450195, -45.29824447631836, -45.472713470458984, -45.90141296386719, -47.75920486450195, -45.992916107177734, -45.13688659667969, -46.199668884277344], [-45.06528854370117, -46.97467803955078, -48.34513473510742, -45.29094696044922, -45.528289794921875, -45.87946319580078, -47.47616195678711, -45.794395446777344, -45.14618682861328, -46.18406295776367], [-45.062435150146484, -46.980648040771484, -48.296756744384766, -45.27184295654297, -45.504547119140625, -45.879459381103516, -47.30659484863281, -45.794307708740234, -45.14622497558594, -46.1739501953125], [-45.05881881713867, -46.96390914916992, -48.167537689208984, -45.287593841552734, -45.497825622558594, -45.88004684448242, -47.30210494995117, -45.72984313964844, -45.14476013183594, -46.04838562011719], [-45.04391860961914, -46.89942169189453, -48.11680603027344, -45.287567138671875, -45.471988677978516, -45.87957000732422, -47.20067596435547, -45.676856994628906, -45.12104797363281, -46.044883728027344], [-45.04315185546875, -46.899871826171875, -48.0369873046875, -45.28022766113281, -45.47002410888672, -45.88847732543945, -47.14863967895508, -45.678489685058594, -45.12122344970703, -45.956878662109375], [-45.01723861694336, -46.878787994384766, -48.01833724975586, -45.27884292602539, -45.46902084350586, -45.886940002441406, -47.1379508972168, -45.66843795776367, -45.112213134765625, -45.95506286621094], [-44.94512176513672, -46.87913513183594, -48.018157958984375, -45.249691009521484, -45.46723556518555, -45.89118576049805, -47.03677749633789, -45.668601989746094, -45.107662200927734, -45.95004653930664], [-44.93013381958008, -46.8753547668457, -48.01509475708008, -45.24879837036133, -45.470394134521484, -45.89503860473633, -47.02663040161133, -45.632789611816406, -45.107662200927734, -45.90658950805664], [-44.93185806274414, -46.87430191040039, -47.928714752197266, -45.23963928222656, -45.468101501464844, -45.87826919555664, -46.8808708190918, -45.626502990722656, -45.08445358276367, -45.739402770996094], [-44.93364715576172, -46.884952545166016, -47.916812896728516, -45.23146057128906, -45.4566650390625, -45.878021240234375, -46.866512298583984, -45.6253776550293, -45.08064651489258, -45.72910690307617], [-44.932918548583984, -46.89666748046875, -47.89540100097656, -45.23530960083008, -45.45394515991211, -45.878170013427734, -46.87200927734375, -45.63359832763672, -45.08308792114258, -45.69248580932617], [-44.924560546875, -46.88800048828125, -47.87334060668945, -45.235103607177734, -45.47686767578125, -45.874732971191406, -46.80125045776367, -45.61470413208008, -45.051578521728516, -45.600135803222656], [-44.88721466064453, -46.87521743774414, -47.858943939208984, -45.22562026977539, -45.4744758605957, -45.87474060058594, -46.773014068603516, -45.61579132080078, -45.04873275756836, -45.59363555908203], [-44.888938903808594, -46.876808166503906, -47.85773849487305, -45.224578857421875, -45.47357177734375, -45.863643646240234, -46.74058532714844, -45.63160705566406, -45.04341506958008, -45.592529296875], [-44.88798141479492, -46.87645721435547, -47.85623550415039, -45.227806091308594, -45.47151565551758, -45.862701416015625, -46.7266731262207, -45.631385803222656, -45.04379653930664, -45.57634353637695], [-44.877254486083984, -46.875465393066406, -47.85414505004883, -45.179832458496094, -45.45893859863281, -45.861183166503906, -46.55178451538086, -45.62638854980469, -45.039520263671875, -45.57253646850586], [-44.877201080322266, -46.87534713745117, -47.81826400756836, -45.17951965332031, -45.45893859863281, -45.82194137573242, -46.52608871459961, -45.59815979003906, 