{"eps": {"object_position": [[0.0056615849025547504, -0.04038448631763458], [-0.01568359136581421, 0.026455402374267578], [0.04292920604348183, 0.0019443898927420378], [0.005943966563791037, -0.07871942222118378], [-0.010284539312124252, -0.0070920707657933235], [-0.024180110543966293, 0.0006592815043404698], [-0.002304328605532646, 0.009754050523042679], [-0.012254420667886734, -4.8433663323521614e-05], [0.030393468216061592, -0.019847413524985313], [-0.010567419230937958, -0.0035079375375062227]], "object_rotation": [2.9972639083862305, 1.5031378269195557, 2.1653404235839844, 2.2997872829437256, 2.3140735626220703, 0.9621500372886658, 0.24821233749389648, 1.1454038619995117, 1.2998876571655273, 3.304391622543335], "distractor_position": [-0.5223584771156311, -0.9284220933914185, -0.2635281980037689, -0.3819022476673126, -0.5160122513771057, -0.4580390751361847, 0.002756104338914156, 0.17567171156406403, -0.6998018026351929, -0.44226744771003723]}, "object_type": "bowl", "L": 1.0, "failure_level": 0.4, "dp_logprior_scale": 1.0, "dp_mcmc_step_size": 0.1, "ep_mcmc_step_size": 0.1, "num_rounds": 50, "num_steps_per_round": 1, "num_chains": 10, "use_gradients": true, "use_stochasticity": true, "repair": false, "predict": true, "quench_rounds": 0, "tempering_schedule": null, "ep_logprobs": [[-47.09439468383789, -45.628108978271484, -45.378013610839844, -46.912601470947266, -45.27204132080078, -45.05107879638672, -46.71630096435547, -45.7318115234375, -45.07830047607422, -47.28270721435547], [-46.93848419189453, -45.61980056762695, -45.36323928833008, -46.88689422607422, -45.27207565307617, -45.05086898803711, -46.71870422363281, -45.721710205078125, -45.071266174316406, -47.28293991088867], [-46.63410186767578, -45.40605926513672, -45.36336135864258, -46.88692092895508, -45.265533447265625, -45.048431396484375, -46.70782470703125, -45.736167907714844, -45.07123947143555, -47.264278411865234], [-46.6077995300293, -45.40088653564453, -45.36341094970703, -46.8114013671875, -45.26332473754883, -45.02703094482422, -46.70247268676758, -45.727813720703125, -45.01866149902344, -47.267215728759766], [-46.584598541259766, -45.29429244995117, -45.36245346069336, -46.80976867675781, -45.263336181640625, -45.02431869506836, -46.701576232910156, -45.73756408691406, -45.013465881347656, -47.247215270996094], [-46.583457946777344, -45.19007873535156, -45.3418083190918, -46.768157958984375, -45.26622772216797, -45.02291488647461, -46.693214416503906, -45.737308502197266, -45.013553619384766, -47.236846923828125], [-46.5805778503418, -45.189170837402344, -45.332672119140625, -46.60933303833008, -45.26618194580078, -45.0229377746582, -46.69343566894531, -45.73455810546875, -45.01305389404297, -47.228546142578125], [-46.57648849487305, -45.17656326293945, -45.332664489746094, -46.537872314453125, -45.26259231567383, -45.023155212402344, -46.694339752197266, -45.73430633544922, -45.012168884277344, -47.226890563964844], [-46.55073928833008, -45.17646026611328, -45.32933044433594, -46.5323600769043, -45.233123779296875, -45.02138137817383, -46.691768646240234, -45.734466552734375, -44.95800018310547, -47.1799430847168], [-46.50173568725586, -45.19182586669922, -45.32692337036133, -46.39295959472656, -45.22133255004883, -45.017005920410156, -46.666770935058594, -45.73339080810547, -44.95098876953125, -47.1798095703125], [-46.446048736572266, -45.19185256958008, -45.32841110229492, -46.390560150146484, -45.22077178955078, -45.01698303222656, -46.65995407104492, -45.73282241821289, -44.94870376586914, -47.170204162597656], [-46.448219299316406, -45.19194793701172, -45.21746826171875, -46.32927703857422, -45.21784591674805, -45.018646240234375, -46.6829948425293, -45.723411560058594, -44.933204650878906, -47.16822814941406], [-46.44438934326172, -45.19110870361328, -45.217403411865234, -46.217254638671875, -45.21388626098633, -45.01942825317383, -46.66474914550781, -45.7178955078125, -44.92996597290039, -47.140045166015625], [-46.44185256958008, -45.23109817504883, -45.21737289428711, -46.12937927246094, -45.228824615478516, -45.01766586303711, -46.678565979003906, -45.699180603027344, -44.90373229980469, -47.13648223876953], [-46.43897247314453, -45.22051239013672, -45.21531677246094, -45.96400451660156, -45.229068756103516, -45.01671600341797, -46.673648834228516, -45.69929122924805, -44.926902770996094, -47.13591384887695], [-46.44047927856445, -45.215538024902344, -45.15456771850586, -45.9399299621582, -45.11986541748047, -45.01661682128906, -46.672584533691406, -45.69932556152344, -44.9217643737793, -47.1340446472168], [-46.43858337402344, -45.218013763427734, -45.152793884277344, -45.8941764831543, -45.129478454589844, -45.00116729736328, -46.66538619995117, -45.715003967285156, -44.92961120605469, -47.13109588623047], [-46.43004608154297, -45.21198654174805, -45.148189544677734, -45.830142974853516, -45.13015365600586, -44.95985794067383, -46.67511749267578, -45.7003173828125, -44.929691314697266, -47.123477935791016], [-46.41777801513672, -45.208560943603516, -45.14643859863281, -45.82988357543945, -45.13909912109375, -44.956478118896484, -46.645206451416016, -45.69181442260742, -44.9344482421875, -47.11420440673828], [-46.40720748901367, -45.20404052734375, -45.13404846191406, -45.79734802246094, -45.1346435546875, -44.945091247558594, -46.64606475830078, -45.69512176513672, -44.92299270629883, -47.12083053588867], [-46.40717315673828, -45.18720245361328, -45.13473129272461, -45.797340393066406, -45.13691711425781, -44.9437255859375, -46.643497467041016, -45.694461822509766, -44.92284393310547, -47.120574951171875], [-46.40544891357422, -45.18663024902344, -45.1297721862793, -45.793983459472656, -45.1374626159668, -44.93736267089844, -46.627769470214844, -45.69465255737305, -44.92113494873047, -47.11269760131836], [-46.399085998535156, -45.18070983886719, -45.124046325683594, -45.769020080566406, -45.11043930053711, -44.926597595214844, -46.62759017944336, -45.695255279541016, -44.92021560668945, -47.123016357421875], [-46.39588928222656, -45.13191604614258, -45.12200164794922, -45.766624450683594, -45.11418151855469, -44.93594741821289, -46.626678466796875, -45.684879302978516, -44.919677734375, -47.117958068847656], [-46.39505386352539, -45.11872482299805, -45.11747360229492, -45.766563415527344, -45.11445236206055, -44.923980712890625, -46.62327575683594, -45.684871673583984, -44.9194221496582, -47.110408782958984], [-46.39012145996094, -45.112083435058594, -45.11735153198242, -45.74958801269531, -45.076011657714844, -44.928157806396484, -46.62062072753906, -45.6806640625, -44.909942626953125, -47.10929870605469], [-46.35432815551758, -45.110836029052734, -45.11501693725586, -45.73118209838867, -45.07809829711914, -44.93416976928711, -46.65155029296875, -45.681400299072266, -44.90946960449219, -47.10719680786133], [-46.357521057128906, -45.10331726074219, -45.113037109375, -45.72236633300781, -45.078121185302734, -44.93070602416992, -46.64485168457031, -45.67501449584961, -44.9057731628418, -47.09156036376953], [-46.38925552368164, -45.06666564941406, -45.11098098754883, -45.66790008544922, -45.08258819580078, -44.929691314697266, -46.60404968261719, -45.67885208129883, -44.906341552734375, -47.09129333496094], [-46.3876838684082, -45.066551208496094, -45.110965728759766, -45.67498779296875, -45.08038330078125, -44.91721725463867, -46.58531951904297, -45.679134368896484, -44.92396926879883, -47.09074020385742], [-46.38792419433594, -45.07453155517578, -45.10371017456055, -45.60852813720703, -45.0777473449707, -44.91522979736328, -46.56793212890625, -45.66937255859375, -44.921844482421875, -47.08258056640625], [-46.3890266418457, -45.074832916259766, -45.10367202758789, -45.6085205078125, -45.0777473449707, -44.91298294067383, -46.532100677490234, -45.662757873535156, -44.92194747924805, -47.08710479736328], [-46.38897705078125, -45.074092864990234, -45.10292053222656, -45.60817337036133, -45.075626373291016, -44.912986755371094, -46.53075408935547, 