{"eps": {"object_position": [[-0.053029999136924744, -0.19339381158351898], [0.025096535682678223, -0.07428653538227081], [-0.038597747683525085, -0.16195353865623474], [-0.11834932863712311, 0.01109907403588295], [-0.039243027567863464, -0.17761589586734772], [0.16324326395988464, -0.15411224961280823], [0.07239916175603867, 0.05659620091319084], [0.05010123550891876, 0.13107676804065704], [0.029710758477449417, 0.12497830390930176], [-0.13690949976444244, 0.032151222229003906]], "object_rotation": [0.980808675289154, 3.2840476036071777, 2.8908088207244873, 1.828413486480713, 1.9553967714309692, 2.045356035232544, 0.01609623432159424, 2.155118942260742, 3.5353176593780518, 2.3216347694396973], "distractor_position": [0.15828055143356323, -0.38904595375061035, -1.4543571472167969, -0.17139098048210144, -0.3235618472099304, -0.11182905733585358, -0.4874761402606964, 0.055658698081970215, -0.789746880531311, -1.185572624206543]}, "object_type": "bowl", "L": 1.0, "failure_level": 0.4, "dp_logprior_scale": 1.0, "dp_mcmc_step_size": 0.1, "ep_mcmc_step_size": 0.1, "num_rounds": 50, "num_steps_per_round": 1, "num_chains": 10, "use_gradients": false, "use_stochasticity": true, "repair": false, "predict": true, "quench_rounds": 0, "tempering_schedule": null, "ep_logprobs": [[-47.44483184814453, -49.0748291015625, -47.24790954589844, -49.43320083618164, -45.71993637084961, -46.26488494873047, -46.95893478393555, -48.17024230957031, -47.66847229003906, -45.242897033691406], [-47.44483184814453, -49.0748291015625, -47.24790954589844, -49.43320083618164, -45.71993637084961, -46.94223403930664, -46.95893478393555, -48.17024230957031, -46.50027847290039, -45.242897033691406], [-47.44483184814453, -49.0748291015625, -47.24790954589844, -49.43320083618164, -45.71993637084961, -46.94223403930664, -46.95893478393555, -48.749427795410156, -46.50027847290039, -45.242897033691406], [-47.44483184814453, -49.0748291015625, -47.24790954589844, -49.43320083618164, -45.71993637084961, -46.94223403930664, -46.95893478393555, -48.749427795410156, -46.50027847290039, -45.242897033691406], [-47.44483184814453, -49.038856506347656, -47.24790954589844, -49.43320083618164, -45.71993637084961, -46.94223403930664, -46.95893478393555, -48.749427795410156, -46.50027847290039, -45.242897033691406], [-47.44483184814453, -49.038856506347656, -47.24790954589844, -49.43320083618164, -45.71993637084961, -46.94223403930664, -46.95893478393555, -45.23520278930664, -46.50027847290039, -47.95183563232422], [-47.44483184814453, -49.038856506347656, -47.24790954589844, -49.43320083618164, -45.71993637084961, -46.94223403930664, -46.95893478393555, -45.23520278930664, -46.50027847290039, -47.95183563232422], [-47.44483184814453, -49.038856506347656, -47.24790954589844, -49.43320083618164, -45.71993637084961, -46.94223403930664, -46.95893478393555, -45.23520278930664, -46.50027847290039, -48.54228210449219], [-47.44483184814453, -49.038856506347656, -47.24790954589844, -49.43320083618164, -45.71993637084961, -46.94223403930664, -46.95893478393555, -45.23520278930664, -46.50027847290039, -46.972633361816406], [-47.44483184814453, -49.038856506347656, -47.24790954589844, -49.43320083618164, -45.71993637084961, -46.94223403930664, -46.95893478393555, -45.23520278930664, -46.50027847290039, -46.972633361816406], [-47.44483184814453, -50.846290588378906, -47.01245880126953, -49.43320083618164, -45.71993637084961, -46.94223403930664, -46.95893478393555, -45.23520278930664, -46.50027847290039, -46.972633361816406], [-47.44483184814453, -50.846290588378906, -47.01245880126953, -49.16171646118164, -45.71993637084961, -46.94223403930664, -46.95893478393555, -45.23520278930664, -46.50027847290039, -46.972633361816406], [-47.44483184814453, -50.846290588378906, -47.01245880126953, -47.47091293334961, -45.71993637084961, -46.94223403930664, -46.95893478393555, -45.23520278930664, -46.95062255859375, -46.972633361816406], [-47.44483184814453, -50.846290588378906, -47.01245880126953, -47.48182678222656, -45.71993637084961, -46.94223403930664, -46.95893478393555, -45.23520278930664, -46.95062255859375, -46.972633361816406], [-47.44483184814453, -50.846290588378906, -47.01245880126953, -47.48182678222656, -45.71993637084961, -46.94223403930664, -46.95893478393555, -45.23520278930664, -46.95062255859375, -46.972633361816406], [-47.44483184814453, -50.846290588378906, -47.01245880126953, -47.48182678222656, -45.71993637084961, -46.94223403930664, -46.95893478393555, -45.23520278930664, -46.95062255859375, -46.972633361816406], [-47.44483184814453, -50.846290588378906, -47.01245880126953, -47.48182678222656, -45.71993637084961, -46.94223403930664, -46.95893478393555, -45.23520278930664, -46.95062255859375, -46.972633361816406], [-47.44483184814453, -50.846290588378906, -47.300228118896484, -47.48182678222656, -45.71993637084961, -46.94223403930664, -46.95893478393555, -45.23520278930664, -46.95062255859375, -46.972633361816406], [-47.44483184814453, -50.846290588378906, -47.300228118896484, -47.48182678222656, -45.71993637084961, -46.94223403930664, -46.95893478393555, -45.23520278930664, -46.95062255859375, -46.972633361816406], [-45.01430130004883, -50.846290588378906, -47.300228118896484, -47.48182678222656, -45.71993637084961, -46.94223403930664, -46.95893478393555, -45.76087951660156, -46.95062255859375, -46.972633361816406], [-45.01430130004883, -50.846290588378906, -47.300228118896484, -44.99607849121094, -45.71993637084961, -46.94223403930664, -46.95893478393555, -45.76087951660156, -46.95062255859375, -46.972633361816406], [-45.01430130004883, -50.846290588378906, -47.300228118896484, -44.99607849121094, -45.71993637084961, -46.94223403930664, -46.95893478393555, -45.76087951660156, -52.20201873779297, -46.972633361816406], [-45.01430130004883, -50.681514739990234, -47.300228118896484, -44.99607849121094, -45.71993637084961, -46.94223403930664, -46.95893478393555, -45.76087951660156, -52.20201873779297, -46.972633361816406], [-45.01430130004883, -50.681514739990234, -47.300228118896484, -44.99607849121094, -45.71993637084961, -46.94223403930664, -46.95893478393555, -45.76087951660156, -47.61211395263672, -46.972633361816406], [-45.01430130004883, -50.681514739990234, -47.300228118896484, -44.99607849121094, -45.71993637084961, -46.94223403930664, -46.95893478393555, -45.76087951660156, -47.61211395263672, -46.972633361816406], [-45.01430130004883, -50.681514739990234, -47.300228118896484, -44.99607849121094, -45.71993637084961, -46.94223403930664, -46.95893478393555, -45.76087951660156, -47.61211395263672, -46.972633361816406], [-45.01430130004883, -50.681514739990234, -47.24410629272461, -44.99607849121094, -47.67753982543945, -46.94223403930664, -46.95893478393555, -45.76087951660156, -47.61211395263672, -46.972633361816406], [-45.01430130004883, -50.681514739990234, -47.24410629272461, -44.99607849121094, -47.67753982543945, -46.94223403930664, -46.95893478393555, -45.76087951660156, -47.61211395263672, -46.972633361816406], [-45.01430130004883, -48.24977493286133, -47.24410629272461, -45.54118728637695, -47.67753982543945, -46.94223403930664, -46.95893478393555, -45.76087951660156, -47.61211395263672, -46.972633361816406], [-45.01430130004883, -48.06095886230469, -47.24410629272461, -45.54118728637695, -46.32067108154297, -46.94223403930664, -46.95893478393555, -45.76087951660156, -47.61211395263672, -46.972633361816406], [-45.01430130004883, -48.06095886230469, -47.24410629272461, -45.54118728637695, -46.32067108154297, -46.94223403930664, -46.95893478393555, -45.76087951660156, -47.61211395263672, -46.972633361816406], [-45.01430130004883, -48.06095886230469, -47.24410629272461, -45.54118728637695, -46.32067108154297, -46.94223403930664, -46.95893478393555, -45.76087951660156, -47.61211395263672, -46.972633361816406], [-45.01430130004883, -48.06095886230469, -47.24410629272461, -45.54118728637695, -46.32067108154297, -46.801395416259766, -46.95893478393555, -45.76087951660156, -47.61211395263672, 