{"eps": {"object_position": [[0.025295201689004898, -0.01819382794201374], [-0.040920015424489975, 0.11194784939289093], [0.009428426623344421, 0.15258480608463287], [0.07282126694917679, -0.0842462033033371], [0.000726357102394104, -0.07339048385620117], [-0.04663883149623871, -0.03202972188591957], [-0.05278448760509491, 0.027372688055038452], [-0.1265369951725006, 0.17093485593795776], [0.14577153325080872, 0.045630842447280884], [-0.08039379119873047, 0.0401206910610199]], "object_rotation": [2.226624011993408, 3.6513309478759766, 2.0162720680236816, 1.3209487199783325, 2.056776762008667, 2.574225425720215, 2.336353063583374, 2.286391258239746, 1.932435154914856, 2.307046413421631], "distractor_position": [-0.5603253841400146, -0.932292103767395, -0.3633759021759033, -1.584930658340454, -0.6916369795799255, -0.41197940707206726, 0.28085964918136597, 0.5305430889129639, -0.9322129487991333, -0.4483991265296936]}, "object_type": "bowl", "L": 1.0, "failure_level": 0.4, "dp_logprior_scale": 1.0, "dp_mcmc_step_size": 0.1, "ep_mcmc_step_size": 0.1, "num_rounds": 50, "num_steps_per_round": 1, "num_chains": 10, "use_gradients": false, "use_stochasticity": true, "repair": false, "predict": true, "quench_rounds": 0, "tempering_schedule": null, "ep_logprobs": [[-44.99064636230469, -46.09716033935547, -46.67323684692383, -45.50276184082031, -44.97837448120117, -45.502262115478516, -45.60709762573242, -47.96052169799805, -44.84309768676758, -47.44044494628906], [-44.99064636230469, -46.09716033935547, -46.67323684692383, -47.45697784423828, -44.97837448120117, -45.502262115478516, -45.60709762573242, -47.96052169799805, -44.84309768676758, -47.44044494628906], [-44.99064636230469, -46.09716033935547, -46.67323684692383, -45.19813537597656, -44.97837448120117, -45.502262115478516, -45.60709762573242, -47.96052169799805, -44.84309768676758, -47.44044494628906], [-44.99064636230469, -46.09716033935547, -46.67323684692383, -45.19813537597656, -44.97837448120117, -45.502262115478516, -45.60709762573242, -47.96052169799805, -44.84309768676758, -47.44044494628906], [-44.99064636230469, -46.09716033935547, -46.67323684692383, -45.19813537597656, -44.97837448120117, -45.502262115478516, -45.60709762573242, -47.96052169799805, -44.84309768676758, -47.44044494628906], [-44.99064636230469, -46.09716033935547, -46.67323684692383, -45.19813537597656, -44.97837448120117, -45.502262115478516, -45.60709762573242, -47.96052169799805, -44.84309768676758, -47.44044494628906], [-44.99064636230469, -46.09716033935547, -46.67323684692383, -45.19813537597656, -44.97837448120117, -45.502262115478516, -45.60709762573242, -47.96052169799805, -44.84309768676758, -49.17304229736328], [-44.99064636230469, -46.09716033935547, -46.67323684692383, -45.19813537597656, -45.56704330444336, -45.502262115478516, -45.60709762573242, -47.96052169799805, -44.84309768676758, -49.17304229736328], [-44.99064636230469, -46.09716033935547, -46.67323684692383, -45.19813537597656, -45.56704330444336, -45.502262115478516, -45.60709762573242, -47.96052169799805, -44.84309768676758, -49.17304229736328], [-44.99064636230469, -46.09716033935547, -46.67323684692383, -45.19813537597656, -45.708274841308594, -45.502262115478516, -45.60709762573242, -47.96052169799805, -46.18864440917969, -49.17304229736328], [-44.99064636230469, -46.09716033935547, -46.67323684692383, -45.19813537597656, -45.708274841308594, -45.502262115478516, -45.60709762573242, -47.96052169799805, -46.18864440917969, -49.17304229736328], [-44.99064636230469, -46.09716033935547, -46.67323684692383, -45.19813537597656, -45.708274841308594, -45.502262115478516, -45.60709762573242, -47.96052169799805, -46.18864440917969, -49.17304229736328], [-44.99064636230469, -46.09716033935547, -46.67323684692383, -45.19813537597656, -45.708274841308594, -45.502262115478516, -45.60709762573242, -47.96052169799805, -46.18864440917969, -49.17304229736328], [-44.99064636230469, -46.09716033935547, -50.07320785522461, -45.19813537597656, -45.708274841308594, -45.502262115478516, -45.60709762573242, -47.96052169799805, -46.18864440917969, -49.17304229736328], [-44.99064636230469, -46.09716033935547, -50.07320785522461, -45.19813537597656, -48.21293258666992, -45.502262115478516, -45.60709762573242, -47.96052169799805, -46.18864440917969, -49.17304229736328], [-44.99064636230469, -46.09716033935547, -50.07320785522461, -45.19813537597656, -48.21293258666992, -45.502262115478516, -45.60709762573242, -47.96052169799805, -46.18864440917969, -49.17304229736328], [-44.99064636230469, -46.09716033935547, -50.07320785522461, -45.19813537597656, -48.21293258666992, -45.502262115478516, -45.60709762573242, -47.96052169799805, -46.18864440917969, -49.17304229736328], [-44.99064636230469, -46.09716033935547, -50.07320785522461, -45.19813537597656, -47.45780944824219, -45.502262115478516, -45.60709762573242, -47.96052169799805, -46.18864440917969, -49.17304229736328], [-44.99064636230469, -46.09716033935547, -50.07320785522461, -45.19813537597656, -47.45780944824219, -45.502262115478516, -45.60709762573242, -47.96052169799805, -46.233428955078125, -49.17304229736328], [-44.99064636230469, -46.09716033935547, -50.07320785522461, -45.19813537597656, -45.12153244018555, -45.502262115478516, -45.60709762573242, -47.96052169799805, -46.233428955078125, -49.17304229736328], [-44.99064636230469, -46.09716033935547, -50.07320785522461, -45.19813537597656, -45.12153244018555, -45.502262115478516, -47.70089340209961, -47.96052169799805, -46.233428955078125, -49.17304229736328], [-44.99064636230469, -46.09716033935547, -50.07320785522461, -45.19813537597656, -45.12153244018555, -45.502262115478516, -47.70089340209961, -47.96052169799805, -46.233428955078125, -49.17304229736328], [-44.99064636230469, -46.09716033935547, -50.07320785522461, -45.19813537597656, -45.12153244018555, -45.502262115478516, -47.70089340209961, -47.96052169799805, -46.233428955078125, -49.17304229736328], [-44.99064636230469, -46.09716033935547, -45.77437210083008, -45.19813537597656, -45.12153244018555, -45.502262115478516, -47.70089340209961, -47.96052169799805, -46.233428955078125, -49.17304229736328], [-44.99064636230469, -46.09716033935547, -44.999759674072266, -45.19813537597656, -45.12153244018555, -45.502262115478516, -48.99618911743164, -47.96052169799805, -46.233428955078125, -49.17304229736328], [-44.99064636230469, -46.09716033935547, -44.999759674072266, -45.19813537597656, -45.12153244018555, -45.502262115478516, -48.99618911743164, -47.96052169799805, -46.233428955078125, -49.17304229736328], [-44.99064636230469, -46.09716033935547, -44.999759674072266, -45.19813537597656, -45.12153244018555, -45.502262115478516, -48.99618911743164, -47.96052169799805, -46.233428955078125, -49.17304229736328], [-44.99064636230469, -46.09716033935547, -44.999759674072266, -45.19813537597656, -45.12153244018555, -45.502262115478516, -48.99618911743164, -47.96052169799805, -46.233428955078125, -49.17304229736328], [-44.99064636230469, -46.09716033935547, -44.999759674072266, -45.19813537597656, -45.12153244018555, -45.502262115478516, -48.99618911743164, -47.96052169799805, -46.233428955078125, -49.17304229736328], [-44.99064636230469, -46.09716033935547, -44.999759674072266, -45.19813537597656, -45.12153244018555, -45.502262115478516, -48.99618911743164, -47.96052169799805, -46.233428955078125, -49.17304229736328], [-44.99064636230469, -46.09716033935547, -44.999759674072266, -45.19813537597656, -45.12153244018555, -45.577823638916016, -48.99618911743164, -47.96052169799805, -46.233428955078125, -49.17304229736328], [-44.99064636230469, -46.09716033935547, -44.999759674072266, -45.19813537597656, -45.12153244018555, -45.577823638916016, -48.99618911743164, -47.96052169799805, -46.233428955078125, -49.742828369140625], [-44.99064636230469, -46.09716033935547, -46.354713439941406, -45.19813537597656, -45.12153244018555, -45.577823638916016, -48.99618911743164, -47.96052169799805, -46.233428955078125, 