{"eps": {"object_position": [[-0.039310041815042496, -0.03232015296816826], [-0.05040070414543152, -0.0983605682849884], [0.11128415167331696, -0.07954622805118561], [-0.012447942048311234, -0.11239108443260193], [0.18014641106128693, 0.017055213451385498]], "object_rotation": [2.0701651573181152, -0.049224063754081726, 2.44484543800354, 0.3586176335811615, 3.1634721755981445], "distractor_position": [-0.5429960489273071, -0.25931328535079956, -1.7617478370666504, -0.2863624095916748, -1.125343918800354]}, "eps_trace": {"object_position": [[[-0.07040613144636154, -0.00833047740161419], [-0.03700234740972519, 0.09501977264881134], [-0.10608529299497604, -0.0068199411034584045], [-0.11381480097770691, -0.05316241830587387], [-0.01459696888923645, -0.011514002457261086]], [[0.01753939688205719, -0.17325738072395325], [0.1499447375535965, 0.12408166378736496], [-0.034445494413375854, -0.12244195491075516], [-0.07370269298553467, 0.09127963334321976], [0.11016514897346497, -0.130373015999794]], [[-0.011461645364761353, -0.008424026891589165], [0.2604968547821045, -0.033463433384895325], [-0.06762440502643585, -0.08800172805786133], [-0.07896997034549713, 0.10307997465133667], [-0.06750592589378357, -0.1555214673280716]], [[0.0464714951813221, 0.008641887456178665], [-0.12197469919919968, 0.002701669931411743], [0.054300785064697266, -0.03234751522541046], [0.010005667805671692, 0.08997038006782532], [-0.01378873735666275, 0.12420810759067535]], [[-0.039310041815042496, -0.03232015296816826], [-0.05040070414543152, -0.0983605682849884], [0.11128415167331696, -0.07954622805118561], [-0.012447942048311234, -0.11239108443260193], [0.18014641106128693, 0.017055213451385498]]], "object_rotation": [[2.48252534866333, 0.021765775978565216, 2.2774481773376465, 1.1536356210708618, 2.432159423828125], [2.2292304039001465, -0.14136408269405365, 2.4633100032806396, 1.1769591569900513, 2.7552952766418457], [2.3473169803619385, 0.021738294512033463, 2.282540798187256, 0.7014305591583252, 2.8992788791656494], [2.2053914070129395, -0.30105677247047424, 2.2900497913360596, 0.6453354954719543, 2.5916919708251953], [2.0701651573181152, -0.049224063754081726, 2.44484543800354, 0.3586176335811615, 3.1634721755981445]], "distractor_position": [[-0.5455670356750488, -0.5206690430641174, -1.713154673576355, -0.668181836605072, -0.4875388741493225], [-0.6434425115585327, -0.155877947807312, -1.9825621843338013, -0.6744812726974487, -0.7448211908340454], [-0.7229610085487366, 0.03462206944823265, -1.927728533744812, -0.5663257241249084, -0.988383948802948], [-0.7214380502700806, -0.2627559006214142, -1.9941567182540894, -0.5730598568916321, -1.2009063959121704], [-0.5429960489273071, -0.25931328535079956, -1.7617478370666504, -0.2863624095916748, -1.125343918800354]]}, "object_type": "mug", "L": 10.0, "failure_level": 0.2, "dp_logprior_scale": 1.0, "dp_mcmc_step_size": 0.01, "ep_mcmc_step_size": 0.01, "num_rounds": 5, "num_steps_per_round": 5, "num_chains": 5, "use_gradients": true, "use_stochasticity": true, "repair": true, "predict": true, "quench_rounds": 0, "tempering_schedule": [0.9816843867301941, 0.9999991655349731, 1.0, 1.0, 1.0], "ep_logprobs": [[-29.853649139404297, -31.314647674560547, -32.928260803222656, -29.6362361907959, -30.65232276916504], [-31.084184646606445, -35.110958099365234, -34.80598831176758, -30.754478454589844, -31.56593894958496], [-30.48886489868164, -37.268646240234375, -34.44314956665039, -31.624629974365234, -32.27881622314453], [-30.950664520263672, -34.62825012207031, -35.22430419921875, -31.555400848388672, -32.97915267944336], [-30.800533294677734, -33.98636245727539, -34.80301284790039, -33.172569274902344, -34.59761047363281]], "dp_logprobs": [[-1.7569348812103271, 0.13215267658233643, -1.6730477809906006, -0.2784571647644043, -1.363783597946167], [-1.5785654783248901, -1.4286308288574219, -1.2398346662521362, -0.5786029100418091, -1.664339542388916], [-1.6564428806304932, -1.5017096996307373, -1.3854844570159912, -1.4011552333831787, -1.6080777645111084], [-1.3207963705062866, -1.527773380279541, -1.465842843055725, -1.4406613111495972, -1.5911598205566406], [-0.770230770111084, -0.878057062625885, -0.8004374504089355, -0.7684364318847656, -0.9131883382797241]]}