{"eps": {"object_position": [[0.05879182368516922, 0.08049700409173965], [0.168096125125885, -0.2073991447687149], [0.058783143758773804, -0.03943594545125961], [0.033076249063014984, -0.14721529185771942], [0.01445465162396431, 0.0675557404756546]], "object_rotation": [0.7880218625068665, 2.8743388652801514, 0.10599420964717865, 3.3171167373657227, 1.4385883808135986], "distractor_position": [-0.5223715305328369, -1.0003628730773926, -0.5848221182823181, -0.05025870352983475, -0.12081809341907501]}, "eps_trace": {"object_position": [[[-0.2443486750125885, 0.04211422801017761], [-0.04666125401854515, -0.004828467965126038], [-0.18172714114189148, 0.1223205104470253], [0.002810843288898468, -0.028959687799215317], [0.29486268758773804, 0.006243403535336256]], [[-0.1780511736869812, 0.21376416087150574], [-0.05938199907541275, -0.1308700442314148], [-0.08925753086805344, 0.053895220160484314], [0.002810843288898468, -0.028959687799215317], [-0.1655787080526352, -0.1993168592453003]], [[0.060389772057533264, -0.017749756574630737], [0.03817189857363701, -0.12620878219604492], [0.06156602501869202, -0.0015563666820526123], [-0.01635974645614624, -0.14767763018608093], [0.14602819085121155, -0.05636458098888397]], [[-0.0879192128777504, -0.020261988043785095], [0.01170211099088192, -0.17123332619667053], [0.16136932373046875, 0.1082553043961525], [0.0843130350112915, 0.16544948518276215], [0.011207379400730133, -0.005796369165182114]], [[0.05879182368516922, 0.08049700409173965], [0.168096125125885, -0.2073991447687149], [0.058783143758773804, -0.03943594545125961], [0.033076249063014984, -0.14721529185771942], [0.01445465162396431, 0.0675557404756546]]], "object_rotation": [[1.183475375175476, 2.5952796936035156, 0.5927112698554993, 2.771772623062134, 1.369789958000183], [1.0552119016647339, 2.388216018676758, 0.28009873628616333, 2.771772623062134, 1.6048179864883423], [0.9823064804077148, 2.42763614654541, 0.20227345824241638, 2.9296622276306152, 1.2885494232177734], [0.887209951877594, 2.5215399265289307, 0.08913123607635498, 3.2362191677093506, 1.591850757598877], [0.7880218625068665, 2.8743388652801514, 0.10599420964717865, 3.3171167373657227, 1.4385883808135986]], "distractor_position": [[-0.4204410910606384, 0.24665868282318115, -1.1004475355148315, 0.23033297061920166, -0.35734522342681885], [-0.6160870790481567, -0.3142615556716919, -0.9665145874023438, 0.23033297061920166, -0.31023839116096497], [-0.602289617061615, -0.309512197971344, -0.8844236135482788, -0.06606638431549072, -0.2626400887966156], [-0.5224902033805847, -0.6215360760688782, -0.7208807468414307, 0.08774087578058243, -0.17251451313495636], [-0.5223715305328369, -1.0003628730773926, -0.5848221182823181, -0.05025870352983475, -0.12081809341907501]]}, "object_type": "mug", "L": 10.0, "failure_level": 0.2, "dp_logprior_scale": 1.0, "dp_mcmc_step_size": 0.01, "ep_mcmc_step_size": 0.01, "num_rounds": 5, "num_steps_per_round": 5, "num_chains": 5, "use_gradients": true, "use_stochasticity": true, "repair": true, "predict": true, "quench_rounds": 0, "tempering_schedule": [0.9816843867301941, 0.9999991655349731, 1.0, 1.0, 1.0], "ep_logprobs": [[-31.860933303833008, -31.269245147705078, -32.56587600708008, -31.461599349975586, -35.03868103027344], [-33.344669342041016, -31.010173797607422, -32.32127380371094, -32.1998291015625, -33.4575309753418], [-31.79311180114746, -31.037694931030273, -32.84198760986328, -32.19314193725586, -32.91046142578125], [-31.553665161132812, -31.72633171081543, -33.799407958984375, -35.49929428100586, -31.627878189086914], [-31.530725479125977, -34.85123825073242, -32.55227279663086, -33.67670822143555, -31.99186897277832]], "dp_logprobs": [[-0.6592928171157837, -0.2946866750717163, -1.7132247686386108, -0.6935089826583862, -1.5851794481277466], [-1.8709384202957153, -1.05460524559021, -1.3668246269226074, -1.0041475296020508, -1.1012439727783203], [-1.9688608646392822, -1.4009454250335693, -1.5711374282836914, -1.6076315641403198, -1.601257562637329], [-1.2597671747207642, -0.9055253267288208, -0.9448712468147278, -0.9172970056533813, -0.799566388130188], [-0.928333044052124, -0.8951756358146667, -0.9238367080688477, -0.9017630815505981, -0.9086899161338806]]}