{"eps": {"object_position": [[0.00392911909148097, 0.002650585025548935], [-0.001795489341020584, -0.004043344408273697], [-0.01120027620345354, -0.01318645104765892], [0.0018934854306280613, -0.0015453888336196542], [-0.0017285238718613982, -0.0021270308643579483]], "object_rotation": [1.3615506887435913, 0.9762356877326965, 2.7325830459594727, 1.1168020963668823, 0.9487918019294739], "distractor_position": [-1.1781501770019531, 0.04471951350569725, -1.0701909065246582, -1.3764069080352783, -0.8407837748527527]}, "eps_trace": {"object_position": [[[0.045342445373535156, 0.002243209630250931], [-0.01872103288769722, -0.07277842611074448], [-0.11196129024028778, -0.028810445219278336], [0.03445826470851898, -0.03968794643878937], [-0.019478563219308853, -0.02904672548174858]], [[0.04077940061688423, 0.002168267499655485], [-0.016738859936594963, -0.06572433561086655], [-0.10016641020774841, -0.023679036647081375], [0.03103148192167282, -0.035603370517492294], [-0.017545061185956, -0.02622201479971409]], [[0.036880847066640854, 0.002168753882870078], [-0.014873581007122993, -0.0596730075776577], [-0.09012338519096375, -0.021575314924120903], [0.027909696102142334, -0.03198562562465668], [-0.015835827216506004, -0.023576494306325912]], [[0.03428162634372711, 0.005044212564826012], [-0.01328713446855545, -0.05412323400378227], [-0.08257707208395004, -0.023909030482172966], [0.025091372430324554, -0.028733914718031883], [-0.014336155727505684, -0.02133500948548317]], [[0.030841156840324402, 0.004702760837972164], [-0.011482788249850273, -0.0489821694791317], [-0.07613711059093475, -0.026335127651691437], [0.02253600023686886, -0.025743549689650536], [-0.012922247871756554, -0.019278503954410553]], [[0.027759548276662827, 0.004419365432113409], [-0.010199015960097313, -0.04432541877031326], [-0.0698549896478653, -0.027938684448599815], [0.020213579759001732, -0.02306724712252617], [-0.01169778686016798, -0.017486300319433212]], [[0.024999506771564484, 0.004208467900753021], [-0.008901618421077728, -0.0401625894010067], [-0.061140913516283035, -0.026360295712947845], [0.018102340400218964, -0.02056875452399254], [-0.010573766194283962, -0.015846524387598038]], [[0.022465307265520096, 0.004018927924335003], [-0.007824059575796127, -0.03643818199634552], [-0.05505659431219101, -0.023869352415204048], [0.016284357756376266, -0.01840115897357464], [-0.00959115382283926, -0.014372497797012329]], [[0.020192787051200867, 0.0038476462941616774], [-0.006827002391219139, -0.03308151662349701], [-0.049394503235816956, -0.02130025066435337], [0.014616614207625389, -0.01650550588965416], [-0.00876300223171711, -0.013037217780947685]], [[0.01814870536327362, 0.0036962763406336308], [-0.005862954072654247, -0.030113669112324715], [-0.044437602162361145, -0.020177524536848068], [0.0130572859197855, -0.014913187362253666], [-0.00797983817756176, -0.011753393337130547]], [[0.016322452574968338, 0.0035186526365578175], [-0.004258994944393635, -0.027857720851898193], [-0.04017321392893791, -0.019731435924768448], [0.011640705168247223, -0.013562791980803013], [-0.0072094895876944065, -0.010590871796011925]], [[0.01470462791621685, 0.003387155244126916], [-0.013392879627645016, -0.011595210060477257], [-0.035691794008016586, -0.01604841835796833], [0.010358981788158417, -0.012348213233053684], [-0.00645820889621973, -0.009635922499001026]], [[0.013232115656137466, 0.003279917873442173], [-0.01190136931836605, -0.010388391092419624], [-0.0324321947991848, -0.015703782439231873], [0.009208367206156254, -0.011166136711835861], [-0.005914679728448391, -0.008635729551315308]], [[0.01191389374434948, 0.0031839609146118164], [-0.010574721731245518, -0.009065389633178711], [-0.029321035370230675, -0.015469592995941639], [0.00816337950527668, -0.010139030404388905], [-0.005350412800908089, -0.007717486005276442]], [[0.010726065374910831, 0.003065458731725812], [-0.009399414993822575, -0.008547961711883545], [-0.026230428367853165, -0.0132718775421381], [0.007214635610580444, -0.008962936699390411], [-0.0048463973216712475, -0.00689477426931262]], [[0.009671973064541817, 0.0029502154793590307], [-0.008097739890217781, -0.007758250925689936], [-0.02353820577263832, -0.01134511362761259], [0.006382674910128117, -0.008067530579864979], [-0.004372365772724152, -0.0061407191678881645]], [[0.00873149000108242, 0.002816696185618639], [-0.006981388665735722, -0.007162159308791161], [-0.02357717603445053, -0.015370223671197891], [0.005619823466986418, -0.007294778246432543], [-0.003986053634434938, -0.005347201135009527]], [[0.007870678789913654, 0.0026824793312698603], [-0.005919408984482288, -0.0066098058596253395], [-0.021306075155735016, -0.013746928423643112], [0.004955654963850975, -0.006451580207794905], [-0.00359780783765018, -0.004743994679301977]], [[0.007057419046759605, 0.0024331992026418447], [-0.004897145088762045, -0.005792885087430477], [-0.019191021099686623, -0.012812643311917782], [0.004442589357495308, -0.0057178582064807415], [-0.0032482976093888283, -0.0042045507580041885]], [[0.006396562326699495, 0.0024595751892775297], [-0.004221715033054352, -0.005533699877560139], [-0.01763533614575863, -0.01283804327249527], [0.003924946300685406, -0.004907504189759493], [-0.002939982106909156, -0.003719266038388014]], [[0.005774168763309717, 0.0024845278821885586], [-0.003846291918307543, -0.005471143871545792], [-0.016632504761219025, -0.014290258288383484], [0.0034683174453675747, -0.004178081173449755], [-0.002660271478816867, -0.0032867344561964273]], [[0.005234069190919399, 0.002525672083720565], [-0.0033035706728696823, -0.005154208745807409], [-0.014926181174814701, -0.013096489943563938], [0.003138608066365123, -0.003331627231091261], [-0.002392552327364683, -0.0029661182779818773]], [[0.004754920490086079, 0.0025774254463613033], [-0.0027657204773277044, -0.004808387719094753], [-0.013535751961171627, -0.013107898645102978], [0.0026733719278126955, -0.002679932862520218], [-0.0021478687413036823, -0.002654759678989649]], [[0.004324708133935928, 0.0026200285647064447], [-0.0022655511274933815, -0.004397248849272728], [-0.012501629069447517, -0.013554238714277744], [0.002264712704345584, -0.00208108639344573], [-0.0019272682256996632, -0.002376498421654105]], [[0.00392911909148097, 0.002650585025548935], [-0.001795489341020584, -0.004043344408273697], [-0.01120027620345354, -0.01318645104765892], [0.0018934854306280613, -0.0015453888336196542], [-0.0017285238718613982, -0.0021270308643579483]]],