{"eps": {"object_position": [[0.05009918287396431, 0.0019971353467553854], [-0.02084420621395111, -0.08026820421218872], [-0.12366916984319687, -0.03366686403751373], [0.03834456577897072, -0.04382019862532616], [-0.021306773647665977, -0.031482189893722534]], "object_rotation": [1.353521466255188, 0.9550490975379944, 2.776017665863037, 1.0974934101104736, 0.9229574203491211], "distractor_position": [-1.2497293949127197, 0.10192811489105225, -1.1300005912780762, -1.4686702489852905, -0.8765758872032166]}, "eps_trace": {"object_position": [[[0.050467249006032944, 0.0022471719421446323], [-0.020892836153507233, -0.08041667938232422], [-0.12430676072835922, -0.03382740914821625], [0.038380108773708344, -0.04406674951314926], [-0.021697424352169037, -0.031711969524621964]], [[0.0504668764770031, 0.002231237245723605], [-0.020904887467622757, -0.0804150179028511], [-0.12431304156780243, -0.03379177674651146], [0.03838954493403435, -0.04406308755278587], [-0.02169445902109146, -0.03171205893158913]], [[0.05044776201248169, 0.002231848891824484], [-0.020901672542095184, -0.08041857928037643], [-0.12430993467569351, -0.033783599734306335], [0.03839602693915367, -0.04405283182859421], [-0.021694457158446312, -0.031710196286439896]], [[0.05044225975871086, 0.0022339571733027697], [-0.020858651027083397, -0.0805010050535202], [-0.1242947056889534, -0.03373828902840614], [0.03839603066444397, -0.0440528467297554], [-0.021694160997867584, -0.03171056509017944]], [[0.05046030506491661, 0.002207118086516857], [-0.020875124260783195, -0.08046206831932068], [-0.12424264848232269, -0.03374282643198967], [0.03841289132833481, -0.04404371231794357], [-0.02166195772588253, -0.03169788420200348]], [[0.050465527921915054, 0.0021989759989082813], [-0.02087477780878544, -0.08046235144138336], [-0.12423829734325409, -0.03374667093157768], [0.03841317072510719, -0.04404383525252342], [-0.0216575488448143, -0.03169123828411102]], [[0.05023587867617607, 0.002093232935294509], [-0.020873405039310455, -0.08046142011880875], [-0.1242293193936348, -0.03372407332062721], [0.03841399773955345, -0.04404282197356224], [-0.021645601838827133, -0.031643353402614594]], [[0.05023348703980446, 0.0020921542309224606], [-0.02087259478867054, -0.08045424520969391], [-0.12418921291828156, -0.033720262348651886], [0.03840694949030876, -0.04401653632521629], [-0.021642349660396576, -0.03163310885429382]], [[0.050267308950424194, 0.0021120000164955854], [-0.020873747766017914, -0.08045362681150436], [-0.12416557967662811, -0.0337187722325325], [0.038408175110816956, -0.04398806393146515], [-0.021633898839354515, -0.03163832798600197]], [[0.05026882514357567, 0.0021135727874934673], [-0.020874297246336937, -0.0804537832736969], [-0.12416278570890427, -0.033718470484018326], [0.03839688003063202, -0.04398711398243904], [-0.021634140983223915, -0.03163804113864899]], [[0.05022652819752693, 0.0021303300745785236], [-0.020936768501996994, -0.08037003129720688], [-0.12414832413196564, -0.033778104931116104], [0.038373593240976334, -0.043973639607429504], [-0.021629925817251205, -0.03163403272628784]], [[0.0502108596265316, 0.0021286392584443092], [-0.020932909101247787, -0.08035769313573837], [-0.12413017451763153, -0.0337798036634922], [0.03834737837314606, -0.04394436255097389], [-0.021630680188536644, -0.031632132828235626]], [[0.050201114267110825, 0.0021477816626429558], [-0.020934252068400383, -0.08034580200910568], [-0.12410808354616165, -0.03379465267062187], [0.03837239369750023, -0.04392402619123459], [-0.021626267582178116, -0.03163207322359085]], [[0.05014907941222191, 0.0021088551729917526], [-0.020936917513608932, -0.08034254610538483], [-0.1240256056189537, -0.03382294997572899], [0.038373228162527084, -0.04392525553703308], [-0.02154329977929592, -0.031698066741228104]], [[0.05015113949775696, 0.002108523389324546], [-0.02095034345984459, -0.08030904829502106], [-0.12401239573955536, -0.03383125364780426], [0.03833552449941635, -0.04392774775624275], [-0.021503528580069542, -0.031650904566049576]], [[0.050158388912677765, 0.002083489438518882], [-0.020939866080880165, -0.08028735965490341], [-0.12400008738040924, -0.03375447168946266], [0.03831948712468147, -0.043932151049375534], [-0.02149631455540657, -0.03165325149893761]], [[0.05014747753739357, 0.0020862400997430086], [-0.02092159166932106, -0.08029249310493469], [-0.12399684637784958, -0.03375862538814545], [0.03832193464040756, -0.043920889496803284], [-0.021474042907357216, -0.03166808560490608]], [[0.050146300345659256, 0.002080274745821953], [-0.02090313285589218, -0.08030573278665543], [-0.12400204688310623, -0.033743325620889664], [0.03831243887543678, -0.04391799122095108], [-0.021442661061882973, -0.03166913986206055]], [[0.050144124776124954, 0.002075890079140663], [-0.02090773731470108, -0.08030173927545547], [-0.12399471551179886, -0.033739443868398666], [0.038319703191518784, -0.04391659051179886], [-0.021438783034682274, -0.03166331350803375]], [[0.05013390630483627, 0.0020256885327398777], [-0.020917601883411407, -0.08028552681207657], [-0.1237431988120079, -0.03369469568133354], [0.03832981735467911, -0.04384204000234604], [-0.02145388536155224, -0.03161536902189255]], [[0.05012290179729462, 0.002029664581641555], [-0.020894454792141914, -0.08029384911060333], [-0.1237264946103096, -0.033686742186546326], [0.03832954168319702, -0.043842773884534836], [-0.021410832181572914, -0.031563594937324524]], [[0.05009525269269943, 0.002004950772970915], [-0.020860616117715836, -0.08029932528734207], [-0.12372574210166931, -0.033685456961393356], [0.03837382793426514, -0.04383183643221855], [-0.02141219563782215, -0.03155392408370972]], [[0.0500914566218853, 0.0020013924222439528], [-0.020841632038354874, -0.08027937263250351], [-0.12369554489850998, -0.03366060554981232], [0.038389142602682114, -0.04382629692554474], [-0.021413283422589302, -0.03154943510890007]], [[0.05009780824184418, 0.002005328657105565], [-0.020840533077716827, -0.08027147501707077], [-0.12368960678577423, -0.03366098552942276], [0.03835045173764229, -0.04381038621068001], [-0.021409088745713234, -0.03155062720179558]], [[0.05009918287396431, 0.0019971353467553854], [-0.02084420621395111, -0.08026820421218872], [-0.12366916984319687, -0.03366686403751373], [0.03834456577897072, -0.04382019862532616], [-0.021306773647665977, -0.031482189893722534]]],