{"eps": {"object_position": [[0.012562285177409649, 0.02097935788333416], [0.00107783661223948, -7.473526056855917e-05], [-0.004687697160989046, 0.01959308609366417], [-0.00048575829714536667, -0.0019134499598294497], [-0.0003081863687839359, 0.0011923040729016066]], "object_rotation": [1.9514880180358887, 1.6797757148742676, 0.36417311429977417, 1.3239599466323853, 1.741536259651184], "distractor_position": [-0.361063152551651, 0.4202232360839844, -0.8438246250152588, -0.14082534611225128, -1.1081264019012451]}, "eps_trace": {"object_position": [[[0.029250575229525566, 0.08339688181877136], [0.0030077998526394367, -0.003388721263036132], [-0.013978024013340473, -0.12504981458187103], [0.04948696494102478, -0.09075421839952469], [0.00957706943154335, -0.012531494721770287]], [[0.012755395844578743, 0.036221396178007126], [0.002774141263216734, 0.007457304745912552], [-0.0021346681751310825, -0.09727148711681366], [0.026148654520511627, -0.04654284194111824], [-0.0006718747899867594, 0.001156492973677814]], [[-0.0005621034651994705, 0.004292622208595276], [0.0011901705292984843, 0.0009156419546343386], [0.0009026701445691288, -0.04777541011571884], [0.00523905735462904, -0.0028977608308196068], [-0.0009927788050845265, 0.0012106118956580758]], [[0.003803905565291643, 0.0028620483353734016], [0.000809790100902319, -0.005555401090532541], [0.00012951783719472587, 0.0004205489531159401], [0.0027405153959989548, 0.0011379644274711609], [-0.000540524662937969, 0.0002453753841109574]], [[0.012562285177409649, 0.02097935788333416], [0.00107783661223948, -7.473526056855917e-05], [-0.004687697160989046, 0.01959308609366417], [-0.00048575829714536667, -0.0019134499598294497], [-0.0003081863687839359, 0.0011923040729016066]]], "object_rotation": [[2.1239123344421387, 1.7070502042770386, 0.17417843639850616, 1.2375839948654175, 1.8093465566635132], [2.0772900581359863, 1.7084603309631348, 0.22417406737804413, 1.2655357122421265, 1.7904099225997925], [2.029731512069702, 1.6970304250717163, 0.2741692066192627, 1.2900948524475098, 1.7725311517715454], [1.9880106449127197, 1.690062165260315, 0.32416361570358276, 1.3054181337356567, 1.756211757659912], [1.9514880180358887, 1.6797757148742676, 0.36417311429977417, 1.3239599466323853, 1.741536259651184]], "distractor_position": [[-0.27215903997421265, 0.6202183365821838, -1.0437921285629272, 0.059146516025066376, -1.308113932609558], [-0.3219585716724396, 0.5702191591262817, -0.993797779083252, 0.009151909500360489, -1.258116364479065], [-0.35439908504486084, 0.5202205777168274, -0.9438046813011169, -0.040841538459062576, -1.20811927318573], [-0.3787232041358948, 0.47022154927253723, -0.8938133716583252, -0.09083344787359238, -1.1581225395202637], [-0.361063152551651, 0.4202232360839844, -0.8438246250152588, -0.14082534611225128, -1.1081264019012451]]}, "object_type": "box", "L": 1.0, "failure_level": 0.2, "dp_logprior_scale": 1.0, "dp_mcmc_step_size": 0.01, "ep_mcmc_step_size": 0.01, "num_rounds": 5, "num_steps_per_round": 5, "num_chains": 5, "use_gradients": true, "use_stochasticity": false, "repair": true, "predict": true, "quench_rounds": 0, "tempering_schedule": null, "ep_logprobs": [[-31.09013557434082, -33.0124626159668, -33.421539306640625, -31.613481521606445, -31.856081008911133], [-30.682905197143555, -32.747928619384766, -32.92171859741211, -31.098590850830078, -31.67889976501465], [-30.5507755279541, -32.584354400634766, -32.3409423828125, -30.873872756958008, -31.525615692138672], [-30.514280319213867, -32.26093292236328, -32.03226852416992, -30.77039337158203, -31.384166717529297], [-30.55170440673828, -32.191062927246094, -31.885435104370117, -30.683547973632812, -31.25397300720215]], "dp_logprobs": [[-0.8327254056930542, -0.8327254056930542, -0.8327254056930542, -0.8327254056930542, -0.8327254056930542], [-0.8149524927139282, -0.8149524927139282, -0.8149524927139282, -0.8149524927139282, -0.8149524927139282], [-0.8067618608474731, -0.8067618608474731, -0.8067618608474731, -0.8067618608474731, -0.8067618608474731], [-0.8067352771759033, -0.8067352771759033, -0.8067352771759033, -0.8067352771759033, -0.8067352771759033], [-0.8025834560394287, -0.8025833368301392, -0.8025834560394287, -0.8025834560394287, -0.8025834560394287]]}