{"eps": {"object_position": [[0.04780425876379013, -0.0003497414872981608], [-0.0172130037099123, -0.07502587884664536], [-0.11538002640008926, -0.03251984715461731], [0.03679013252258301, -0.04325701668858528], [-0.020482249557971954, -0.028259502723813057]], "object_rotation": [1.3557010889053345, 0.9553484916687012, 2.7766711711883545, 1.0979397296905518, 0.9237068891525269], "distractor_position": [-1.2460122108459473, 0.09895571321249008, -1.1297521591186523, -1.4677006006240845, -0.8764135241508484]}, "eps_trace": {"object_position": [[[0.04943219572305679, 0.0014773051952943206], [-0.020149335265159607, -0.07924170792102814], [-0.12399686872959137, -0.03394882008433342], [0.03716101497411728, -0.044232066720724106], [-0.02157379873096943, -0.031048104166984558]], [[0.048957664519548416, 0.001089573255740106], [-0.019352106377482414, -0.07781551033258438], [-0.12244253605604172, -0.035348135977983475], [0.036920852959156036, -0.04410618543624878], [-0.02126184105873108, -0.030644070357084274]], [[0.04887426644563675, 0.0007616843213327229], [-0.018973108381032944, -0.07731343805789948], [-0.11871828138828278, -0.033917345106601715], [0.03620540350675583, -0.043963443487882614], [-0.02087605744600296, -0.0307296272367239]], [[0.04827801510691643, 0.00025512848515063524], [-0.01800704188644886, -0.07574554532766342], [-0.1171073243021965, -0.033647067844867706], [0.03617091104388237, -0.0439075268805027], [-0.02075715735554695, -0.030048051849007607]], [[0.04780425876379013, -0.0003497414872981608], [-0.0172130037099123, -0.07502587884664536], [-0.11538002640008926, -0.03251984715461731], [0.03679013252258301, -0.04325701668858528], [-0.020482249557971954, -0.028259502723813057]]], "object_rotation": [[1.3546713590621948, 0.9551472663879395, 2.775972366333008, 1.097267746925354, 0.922942042350769], [1.3550444841384888, 0.9562032222747803, 2.7766942977905273, 1.097097396850586, 0.9233351945877075], [1.355194091796875, 0.9565974473953247, 2.7754297256469727, 1.097578763961792, 0.9235662817955017], [1.3552649021148682, 0.9550844430923462, 2.775459051132202, 1.0976098775863647, 0.9233840107917786], [1.3557010889053345, 0.9553484916687012, 2.7766711711883545, 1.0979397296905518, 0.9237068891525269]], "distractor_position": [[-1.2483586072921753, 0.10097721219062805, -1.1303309202194214, -1.4685413837432861, -0.8765746355056763], [-1.248085856437683, 0.10050804913043976, -1.1299115419387817, -1.4681271314620972, -0.8765329718589783], [-1.247135877609253, 0.10079539567232132, -1.1307966709136963, -1.4681841135025024, -0.8764466643333435], [-1.2465187311172485, 0.0993163138628006, -1.1310577392578125, -1.4678689241409302, -0.8763937950134277], [-1.2460122108459473, 0.09895571321249008, -1.1297521591186523, -1.4677006006240845, -0.8764135241508484]]}, "object_type": "box", "L": 1.0, "failure_level": 0.2, "dp_logprior_scale": 1.0, "dp_mcmc_step_size": 0.01, "ep_mcmc_step_size": 0.01, "num_rounds": 5, "num_steps_per_round": 5, "num_chains": 5, "use_gradients": true, "use_stochasticity": true, "repair": true, "predict": true, "quench_rounds": 0, "tempering_schedule": null, "ep_logprobs": [[-31.769269943237305, -31.726150512695312, -33.252620697021484, -32.71517562866211, -31.184528350830078], [-31.765958786010742, -31.714622497558594, -33.2426872253418, -32.712223052978516, -31.18220329284668], [-31.762672424316406, -31.710508346557617, -33.193763732910156, -32.70881271362305, -31.1812801361084], [-31.757919311523438, -31.696680068969727, -33.175392150878906, -32.707176208496094, -31.179149627685547], [-31.754039764404297, -31.688840866088867, -33.15302658081055, -32.70503234863281, -31.171377182006836]], "dp_logprobs": [[-0.7966263294219971, -0.7966474294662476, -0.796642005443573, -0.7966261506080627, -0.7966590523719788], [-0.796005129814148, -0.7960188388824463, -0.7959787249565125, -0.7959247827529907, -0.7959849834442139], [-0.794609010219574, -0.794644832611084, -0.7946290969848633, -0.7945839166641235, -0.79465252161026], [-0.7943516373634338, -0.7943766117095947, -0.794407069683075, -0.7943505048751831, -0.7943868041038513], [-0.7938023209571838, -0.793822705745697, -0.7938645482063293, -0.7938033938407898, -0.793825089931488]]}