{"case": "case57", "dispatch": {"gen": [[3.1627209186553955, 0.7351518273353577, 0.6601213216781616, 0.8581027388572693, 0.6580108404159546, 0.5889384150505066, 3.692938804626465], [1.0257086753845215, 1.0059432983398438, 0.9903302192687988, 0.9742149710655212, 0.9680328965187073, 0.9677852988243103, 1.0232396125793457]], "load": [[-0.4614968001842499, -0.024008702486753464, -0.38434508442878723, -0.09651309996843338, -0.6382014751434326, -1.3918683528900146, -1.0751222372055054, -0.03595505654811859, -3.219447135925293, -0.1289309412240982, -0.10194791108369827, -0.1701412796974182, -0.403631329536438, -0.4109070599079132, -0.23438747227191925, -0.03232845664024353, -0.02253779210150242, -0.05651365593075752, -0.04687870293855667, -0.09008006006479263, -0.04405776411294937, -0.13624240458011627, -0.025261247530579567, -0.04730882868170738, -0.0111498162150383, -0.026585828512907028, -0.02217504009604454, -0.1136307418346405, -0.0595882423222065, -0.04972914606332779, -0.01410689763724804, -0.11613225936889648, -0.2925257384777069, -0.1576644331216812, -0.1996639370918274, -0.15976418554782867, -0.035238027572631836, -0.18078304827213287, -0.0291876383125782, -0.06517579406499863, -0.05318870395421982, -0.046858854591846466], [-0.15335774421691895, -0.6780382990837097, -0.1584939956665039, -0.038670074194669724, -0.019321748986840248, -0.18261118233203888, -0.21897025406360626, -0.019755445420742035, -0.21002626419067383, -0.022101297974586487, -0.04618466645479202, -0.03577252849936485, -0.02975720353424549, -0.06807087361812592, -0.09435396641492844, -0.004276519641280174, -0.009782560169696808, -0.014804735779762268, -0.01674787513911724, -0.003571447916328907, -0.021114477887749672, -0.02313559502363205, -0.012601504102349281, -0.020320383831858635, 0.022123780101537704, 0.0017407711129635572, -0.015624809078872204, -0.06695643812417984, -0.021966755390167236, -0.030735796317458153, -0.0076019419357180595, -0.0169327724725008, -0.0818345844745636, -0.07270077615976334, -0.08686195313930511, -0.0445082001388073, -0.01839246228337288, -0.08406231552362442, -0.009839260950684547, -0.024005908519029617, -0.015395781956613064, -0.009673213586211205]]}, "network_state": {"line_states": [[1.8961578607559204, 1.1722030639648438, 3.9383251667022705, 1.2615015506744385, 2.6902198791503906, 3.5500919818878174, 2.4509661197662354, -1.2130532264709473, 1.985485315322876, 1.5843898057937622, 3.1734933853149414, 2.0942022800445557, 2.9310524463653564, 3.5760223865509033, 2.6097521781921387, 2.8284785747528076, 2.113373279571533, 3.36014723777771, 2.615189552307129, 2.938466787338257, 1.9495946168899536, 2.6015632152557373, 2.255417585372925, 0.16102150082588196, 2.97456431388855, 3.1124515533447266, 2.7750189304351807, 1.8962947130203247, 3.017946243286133, 4.242701053619385, 2.65381121635437, 2.783442497253418, 4.041430473327637, 2.469468116760254, 1.1058369874954224, 2.62088942527771, 1.214537501335144, 3.6070220470428467, 1.8688708543777466, 2.0849907398223877, 1.509751319885254, 2.168071985244751, 2.802105188369751, 2.1582207679748535, 2.771876811981201, 2.3835644721984863, 2.96079158782959, 2.542644739151001, 2.416914463043213, 3.1565189361572266, 2.6862595081329346, 2.608261823654175, 1.723673701286316, 1.904678463935852, 1.0021361112594604, 1.2993285655975342, 0.8095064163208008, 0.6690675020217896, 0.7502844333648682, 1.7944705486297607, 1.291831374168396, 3.1362900733947754, 2.797825813293457, 1.8760579824447632, 1.8231499195098877, 3.1609463691711426, 2.96388578414917, 2.5389368534088135, 1.6104203462600708, 2.4245240688323975, 0.5066853165626526, 4.151230812072754, 0.22552941739559174, 2.2724199295043945, 2.7762198448181152, 3.6192257404327393, 2.6799328327178955, 2.3363075256347656, 2.3315181732177734, 1.5011767148971558], [1.531053066253662, 2.7113723754882812, 2.023712635040283, 2.5772287845611572, 2.3251359462738037, 0.4089164733886719, 3.0502421855926514, 3.7570128440856934, 2.9495480060577393, 3.668362855911255, 2.0346391201019287, 3.16180157661438, 3.4601640701293945, 3.3064305782318115, 3.7551965713500977, 2.5673301219940186, 2.465111017227173, 2.162794589996338, 1.8005872964859009, 1.4102423191070557, 2.2759103775024414, 3.016786813735962, 3.2480034828186035, 1.6714411973953247, 3.489861011505127, 2.4224178791046143, 2.1885902881622314, 1.684362769126892, 0.669291615486145, 2.5375919342041016, 1.527408242225647, 4.004485130310059, 1.9759920835494995, 3.247865676879883, 2.337780475616455, 2.578244209289551, -0.06227278336882591, 1.7777572870254517, 2.4084014892578125, 1.8870798349380493, 3.1054086685180664, 1.4151211977005005, 1.6015194654464722, 1.4908808469772339, 1.7546428442001343, 2.6669821739196777, 2.0799083709716797, 2.7575604915618896, 2.788076639175415, -3.0829918384552, 1.2670652866363525, 3.33481764793396, 2.2393131256103516, 1.9709237813949585, 1.4374693632125854, 4.007946968078613, 3.0552799701690674, 2.185917615890503, 2.1957180500030518, 2.9037861824035645, 2.238341808319092, 1.5602833032608032, 2.077636480331421, 2.7196555137634277, 1.6595100164413452, 2.808440685272217, 3.5167837142944336, 2.6208581924438477, 2.071826219558716, 1.4266692399978638, 1.1415574550628662, 1.9849932193756104, 2.7357521057128906, -1.6570693254470825, 3.288079261779785, 1.578177809715271, 3.605116367340088, 2.5287113189697266, 2.0431745052337646, 1.7784903049468994], [1.515340805053711, 3.77659010887146, 4.227081775665283, 2.180034637451172, 1.8161348104476929, 1.8714181184768677, 1.8043395280838013, 2.5228426456451416, 3.5391433238983154, 1.7898520231246948, 1.6891478300094604, 2.5836355686187744, 2.1177005767822266, 3.5929129123687744, 2.7084269523620605, 3.1914730072021484, 3.174980878829956, 2.347285032272339, 1.9115171432495117, 1.6888318061828613, 2.224360466003418, 1.340051531791687, 3.522698402404785, 2.404825210571289, 4.599233627319336, 2.0427939891815186, 1.644954800605774, 2.3182671070098877, 2.404235363006592, 2.7159109115600586, 2.6241421699523926, 1.1508259773254395, 0.6322638392448425, 2.9909205436706543, 3.3498318195343018, 1.3524197340011597, 3.559901714324951, 2.807394027709961, 0.45120033621788025, 3.8759853839874268, 2.233100175857544, 2.9602551460266113, 2.7301485538482666, 0.9047268033027649, 2.3853402137756348, 1.8430695533752441, 1.474116325378418, 2.0524861812591553, 3.042755365371704, 3.4446794986724854, 2.9316558837890625, 2.336068630218506, 2.236344814300537, 2.130560874938965, 3.6779794692993164, 1.0957725048065186, 0.5848567485809326, 2.2265961170196533, 2.646627902984619, 2.8341593742370605, 2.08308482170105, 1.9889028072357178, 2.2477025985717773, 1.1944657564163208, 3.9411568641662598, 1.56965172290802, 1.2961878776550293, 1.9544792175292969, 2.9090158939361572, 2.5975430011749268, 2.8139119148254395, 3.3018877506256104, 2.4573585987091064, 1.9717674255371094, 2.480105400085449, 1.6395947933197021, 3.1377577781677246, 4.575345039367676, 2.140462875366211, 2.5155577659606934], [3.6483771800994873, 3.5701682567596436, 3.132330894470215, 2.1951754093170166, 1.0816125869750977, 3.5623972415924072, 3.091201066970825, 2.7840662002563477, 2.2305588722229004, 2.964837074279785, 2.0903866291046143, 1.62764573097229, 1.1475555896759033, 2.4979496002197266, 1.5541760921478271, 2.1796820163726807, 2.136537551879883, 2.4130730628967285, 3.3007423877716064, 1.4013820886611938, 3.5752081871032715, 3.2586541175842285, 0.6725167632102966, 1.5793020725250244, 2.91656231880188, 3.720318078994751, 3.597102165222168, 1.0530136823654175, 3.189838171005249, 3.447004795074463, 2.893333673477173, 2.0344789028167725, 2.402045249938965, 0.9372216463088989, 2.6228318214416504, 1.9475946426391602, 2.333634376525879, 1.9112892150878906, 2.7830936908721924, 1.0156700611114502, 0.06680705398321152, 1.3509666919708252, 2.495236873626709, 0.8549020290374756, 1.4682378768920898, 2.981734037399292, 2.0648300647735596, 2.6838011741638184, 1.826694130897522, 1.917917013168335, 3.048388957977295, 1.7657889127731323, 2.784653425216675, 