{"eps": {"object_position": [[0.013053689152002335, 0.14055690169334412], [0.06050388514995575, 0.03902504965662956], [-0.019384875893592834, -0.08617508411407471], [-0.01981256902217865, -0.04830629751086235], [-0.0624753013253212, -0.1634114384651184]], "object_rotation": [0.5677680969238281, 1.9086626768112183, 2.834845542907715, 1.3849515914916992, 1.464068055152893], "distractor_position": [-1.8423928022384644, 0.28402549028396606, -0.5186893343925476, -1.093103289604187, -0.8300014734268188]}, "eps_trace": {"object_position": [[[-0.03356466814875603, 0.045645181089639664], [-0.1698530912399292, -0.12793049216270447], [-0.004635624587535858, -0.06856043636798859], [-0.03941290080547333, -0.09237420558929443], [-0.021682022139430046, -0.031725071370601654]], [[-0.018319781869649887, 0.18239185214042664], [0.13344869017601013, -0.08062627911567688], [-0.004635624587535858, -0.06856043636798859], [0.06340903043746948, 0.1590462625026703], [-0.021682022139430046, -0.031725071370601654]], [[0.08013428747653961, -0.19479089975357056], [0.09914867579936981, 0.04853487014770508], [-0.08422000706195831, -0.06419211626052856], [0.06340903043746948, 0.1590462625026703], [-0.021682022139430046, -0.031725071370601654]], [[0.100056953728199, -0.04379302263259888], [0.09914867579936981, 0.04853487014770508], [-0.08422000706195831, -0.06419211626052856], [-0.057890042662620544, 0.18716417253017426], [0.11652174592018127, 0.08138114213943481]], [[0.06669214367866516, -0.012425176799297333], [0.036224015057086945, 0.11744418740272522], [-0.08422000706195831, -0.06419211626052856], [-0.057890042662620544, 0.18716417253017426], [-0.17530590295791626, -0.07084459066390991]], [[-0.18030968308448792, -0.0866764560341835], [0.2762817144393921, -0.03972312808036804], [0.23433493077754974, -0.1789676547050476], [-0.057890042662620544, 0.18716417253017426], [-0.17530590295791626, -0.07084459066390991]], [[-0.09213895350694656, -0.05408942699432373], [-0.02790084481239319, -0.22126959264278412], [-0.019384875893592834, -0.08617508411407471], [0.034165218472480774, -0.07538558542728424], [-0.061174795031547546, -0.03803779184818268]], [[0.11642026156187057, -0.11194020509719849], [0.023493364453315735, -0.2677183747291565], [-0.019384875893592834, -0.08617508411407471], [0.034165218472480774, -0.07538558542728424], [-0.0698365867137909, -0.03772273287177086]], [[0.11642026156187057, -0.11194020509719849], [0.14778657257556915, -0.09240376949310303], [-0.019384875893592834, -0.08617508411407471], [0.034165218472480774, -0.07538558542728424], [-0.0698365867137909, -0.03772273287177086]], [[-0.077163465321064, 0.0011187344789505005], [0.07087777554988861, -0.044303879141807556], [-0.019384875893592834, -0.08617508411407471], [0.06095492094755173, 0.021326348185539246], [-0.0698365867137909, -0.03772273287177086]], [[-0.077163465321064, 0.0011187344789505005], [0.07087777554988861, -0.044303879141807556], [-0.019384875893592834, -0.08617508411407471], [0.11020555347204208, -0.10044203698635101], [-0.0698365867137909, -0.03772273287177086]], [[0.0023715272545814514, 0.02178316004574299], [0.07087777554988861, -0.044303879141807556], [-0.019384875893592834, -0.08617508411407471], [0.11020555347204208, -0.10044203698635101], [-0.028256051242351532, -0.12598249316215515]], [[0.0023715272545814514, 0.02178316004574299], [0.07087777554988861, -0.044303879141807556], [-0.019384875893592834, -0.08617508411407471], [-0.031379200518131256, -0.2998976707458496], [-0.03325126692652702, -0.03891845792531967]], [[0.0023715272545814514, 0.02178316004574299], [0.08707000315189362, 0.00937701016664505], [-0.019384875893592834, -0.08617508411407471], [-0.10531199723482132, 0.15188291668891907], [-0.10337166488170624, -0.0036779791116714478]], [[0.0023715272545814514, 0.02178316004574299], [0.08707000315189362, 0.00937701016664505], [-0.019384875893592834, -0.08617508411407471], [0.12715160846710205, -0.10729941725730896], [-0.10337166488170624, -0.0036779791116714478]], [[0.0023715272545814514, 0.02178316004574299], [0.2115720957517624, -0.19112783670425415], [-0.019384875893592834, -0.08617508411407471], [-0.009926274418830872, -0.07295361161231995], [-0.10337166488170624, -0.0036779791116714478]], [[0.02420663833618164, -0.16636744141578674], [0.20468688011169434, -0.017801642417907715], [-0.019384875893592834, -0.08617508411407471], [-0.009926274418830872, -0.07295361161231995], [-0.10337166488170624, -0.0036779791116714478]], [[-0.005505228415131569, -0.16176433861255646], [-0.05986621975898743, -0.08863309770822525], [-0.019384875893592834, -0.08617508411407471], [0.025438223034143448, 0.021670617163181305], [-0.10337166488170624, -0.0036779791116714478]], [[-0.005505228415131569, -0.16176433861255646], [0.06728774309158325, -0.06962119042873383], [-0.019384875893592834, -0.08617508411407471], [0.025438223034143448, 0.021670617163181305], [0.20323307812213898, -0.06389664113521576]], [[-0.010976784862577915, 0.11083795130252838], [0.06728774309158325, -0.06962119042873383], [-0.019384875893592834, -0.08617508411407471], [0.025438223034143448, 0.021670617163181305], [-0.08653335273265839, -0.07855431735515594]], [[-0.09853672236204147, 0.036994948983192444], [0.05696185678243637, -0.060983143746852875], [-0.019384875893592834, -0.08617508411407471], [-0.038196954876184464, 0.1543770432472229], [-0.08653335273265839, -0.07855431735515594]], [[0.026651106774806976, 0.04785119742155075], [0.002597026526927948, -0.07394701987504959], [-0.019384875893592834, -0.08617508411407471], [0.015716511756181717, -0.022905617952346802], [-0.0708775669336319, 0.06349918246269226]], [[-0.07940150052309036, -0.0036941654980182648], [0.029016882181167603, -0.0006522610783576965], [-0.019384875893592834, -0.08617508411407471], [0.015716511756181717, -0.022905617952346802], [-0.0708775669336319, 0.06349918246269226]], [[0.02420181781053543, 0.015379838645458221], [-0.1631915420293808, 0.05235207453370094], [-0.019384875893592834, -0.08617508411407471], [-0.01981256902217865, -0.04830629751086235], [-0.0708775669336319, 0.06349918246269226]], [[0.013053689152002335, 0.14055690169334412], [0.06050388514995575, 0.03902504965662956], [-0.019384875893592834, -0.08617508411407471], [-0.01981256902217865, -0.04830629751086235], [-0.0624753013253212, -0.1634114384651184]]],