{"eps": {"object_position": [[0.08327183127403259, -0.08182679861783981], [0.12052416056394577, -0.11561643332242966], [-0.008508889004588127, 0.277160108089447], [-0.1483835130929947, -0.3259143829345703], [0.17219412326812744, 0.060686275362968445]], "object_rotation": [1.3843629360198975, 2.0058047771453857, 0.6945486664772034, 1.7818745374679565, 1.3170047998428345], "distractor_position": [-0.08161157369613647, -0.035457462072372437, -0.62833571434021, 0.08863914757966995, -0.6654500961303711]}, "eps_trace": {"object_position": [[[0.017038343474268913, -0.03232039138674736], [0.14491873979568481, -0.09041395783424377], [-0.033839598298072815, 0.1434682160615921], [0.108175128698349, 0.30880945920944214], [0.29486268758773804, 0.006243403535336256]], [[0.017038343474268913, -0.03232039138674736], [0.007891029119491577, -0.09954367578029633], [-0.033839598298072815, 0.1434682160615921], [-0.20508649945259094, -0.06133389472961426], [0.29486268758773804, 0.006243403535336256]], [[0.08063341677188873, -0.11900998651981354], [-0.010234160348773003, 0.07545366883277893], [0.08007024228572845, -0.06376729905605316], [-0.20508649945259094, -0.06133389472961426], [0.29486268758773804, 0.006243403535336256]], [[0.04032178595662117, 0.4522930383682251], [0.093600332736969, 0.07514927536249161], [0.08007024228572845, -0.06376729905605316], [0.027407854795455933, -0.11004653573036194], [0.06042608618736267, 0.07972434908151627]], [[0.04032178595662117, 0.4522930383682251], [0.093600332736969, 0.07514927536249161], [0.08007024228572845, -0.06376729905605316], [0.07074014097452164, -0.09499121457338333], [-0.0671733021736145, -0.1319432556629181]], [[-0.180939182639122, 0.046253979206085205], [0.093600332736969, 0.07514927536249161], [0.01907031238079071, 0.08624570071697235], [0.07074014097452164, -0.09499121457338333], [-0.0671733021736145, -0.1319432556629181]], [[-0.2098749727010727, -0.035698384046554565], [0.093600332736969, 0.07514927536249161], [0.01907031238079071, 0.08624570071697235], [0.018578536808490753, -0.02572079747915268], [-0.18114052712917328, 0.13770529627799988]], [[-0.015821918845176697, 0.09046578407287598], [0.093600332736969, 0.07514927536249161], [0.01907031238079071, 0.08624570071697235], [0.018578536808490753, -0.02572079747915268], [-0.216050922870636, -0.06855875253677368]], [[-0.022280219942331314, 0.05059065297245979], [0.093600332736969, 0.07514927536249161], [0.03213302791118622, -0.08394551277160645], [0.018578536808490753, -0.02572079747915268], [-0.216050922870636, -0.06855875253677368]], [[-0.022280219942331314, 0.05059065297245979], [0.093600332736969, 0.07514927536249161], [0.03213302791118622, -0.08394551277160645], [0.018578536808490753, -0.02572079747915268], [0.17219412326812744, 0.060686275362968445]], [[-0.04447952285408974, -0.027888339012861252], [0.093600332736969, 0.07514927536249161], [0.03213302791118622, -0.08394551277160645], [0.018578536808490753, -0.02572079747915268], [0.17219412326812744, 0.060686275362968445]], [[-0.0755130797624588, -0.24496975541114807], [0.093600332736969, 0.07514927536249161], [-0.11643928289413452, -0.1281059980392456], [0.17655214667320251, 0.017741452902555466], [0.17219412326812744, 0.060686275362968445]], [[-0.03865913301706314, -0.08010208606719971], [0.093600332736969, 0.07514927536249161], [-0.0779230147600174, -0.10215233266353607], [0.029785677790641785, 0.09141238033771515], [0.17219412326812744, 0.060686275362968445]], [[-0.1528244912624359, -0.09422420710325241], [0.07320771366357803, -0.07645141333341599], [-0.0779230147600174, -0.10215233266353607], [0.089063361287117, 0.03631400316953659], [0.17219412326812744, 0.060686275362968445]], [[-0.1528244912624359, -0.09422420710325241], [-0.037021420896053314, 0.048968829214572906], [-0.0779230147600174, -0.10215233266353607], [0.0952475294470787, 0.01715855672955513], [0.17219412326812744, 0.060686275362968445]], [[-0.1528244912624359, -0.09422420710325241], [-0.037021420896053314, 0.048968829214572906], [-0.0779230147600174, -0.10215233266353607], [-0.03191167861223221, 0.12865954637527466], [0.17219412326812744, 0.060686275362968445]], [[-0.01076991856098175, 0.17175844311714172], [0.12052416056394577, -0.11561643332242966], [-0.0779230147600174, -0.10215233266353607], [-0.03191167861223221, 0.12865954637527466], [0.17219412326812744, 0.060686275362968445]], [[0.024279553443193436, 0.15429165959358215], [0.12052416056394577, -0.11561643332242966], [-0.0779230147600174, -0.10215233266353607], [-0.03191167861223221, 0.12865954637527466], [0.17219412326812744, 0.060686275362968445]], [[0.0726981982588768, -0.1701139509677887], [0.12052416056394577, -0.11561643332242966], [-0.0779230147600174, -0.10215233266353607], [-0.03191167861223221, 0.12865954637527466], [0.17219412326812744, 0.060686275362968445]], [[0.0726981982588768, -0.1701139509677887], [0.12052416056394577, -0.11561643332242966], [-0.0779230147600174, -0.10215233266353607], [-0.03191167861223221, 0.12865954637527466], [0.17219412326812744, 0.060686275362968445]], [[0.08327183127403259, -0.08182679861783981], [0.12052416056394577, -0.11561643332242966], [0.011349312961101532, 0.24568022787570953], [-0.03191167861223221, 0.12865954637527466], [0.17219412326812744, 0.060686275362968445]], [[0.08327183127403259, -0.08182679861783981], [0.12052416056394577, -0.11561643332242966], [0.14935696125030518, 0.07425181567668915], [-0.03191167861223221, 0.12865954637527466], [0.17219412326812744, 0.060686275362968445]], [[0.08327183127403259, -0.08182679861783981], [0.12052416056394577, -0.11561643332242966], [-0.015172913670539856, 0.21695560216903687], [-0.061589036136865616, -0.11590743064880371], [0.17219412326812744, 0.060686275362968445]], [[0.08327183127403259, -0.08182679861783981], [0.12052416056394577, -0.11561643332242966], [-0.03483545780181885, 0.028565257787704468], [-0.03693179041147232, 0.26456964015960693], [0.17219412326812744, 0.060686275362968445]], [[0.08327183127403259, -0.08182679861783981], [0.12052416056394577, -0.11561643332242966], [-0.008508889004588127, 0.277160108089447], [-0.1483835130929947, -0.3259143829345703], [0.17219412326812744, 0.060686275362968445]]],