{"eps": {"object_position": [[-0.2024141103029251, -0.00022073835134506226], [0.21506430208683014, 0.1634725034236908], [-0.03280859440565109, -0.017336465418338776], [-0.09920267015695572, -0.023544400930404663], [-0.13856768608093262, 0.09698550403118134]], "object_rotation": [1.746748447418213, 1.9696500301361084, -0.5866400003433228, 1.6721025705337524, 2.412992000579834], "distractor_position": [-0.3295571208000183, 0.5783500671386719, -0.4861048460006714, -0.21744069457054138, -0.7271926403045654]}, "eps_trace": {"object_position": [[[0.04556615278124809, 0.13065779209136963], [-0.007023244630545378, 0.03748876228928566], [0.006436014547944069, 0.18094873428344727], [-0.05677811801433563, -0.0822364091873169], [0.043202467262744904, -0.049526095390319824]], [[0.04556615278124809, 0.13065779209136963], [-0.007023244630545378, 0.03748876228928566], [0.006436014547944069, 0.18094873428344727], [-0.10481031239032745, -0.12328799068927765], [0.043202467262744904, -0.049526095390319824]], [[0.04556615278124809, 0.13065779209136963], [-0.03204657509922981, 0.005695853382349014], [-0.1444084197282791, -0.11376011371612549], [0.03063485026359558, 0.06630067527294159], [0.043202467262744904, -0.049526095390319824]], [[-0.19468198716640472, -0.03813338279724121], [-0.03204657509922981, 0.005695853382349014], [0.01345054805278778, 0.00266873836517334], [0.011605832725763321, -0.10397733747959137], [0.043202467262744904, -0.049526095390319824]], [[0.04200540482997894, 0.13626942038536072], [-0.03204657509922981, 0.005695853382349014], [-0.029455047100782394, -0.01302528940141201], [-0.044023316353559494, 0.030012384057044983], [0.043202467262744904, -0.049526095390319824]], [[0.04200540482997894, 0.13626942038536072], [-0.03204657509922981, 0.005695853382349014], [-0.029455047100782394, -0.01302528940141201], [-0.044023316353559494, 0.030012384057044983], [0.043202467262744904, -0.049526095390319824]], [[0.016565285623073578, 0.17941473424434662], [-0.03204657509922981, 0.005695853382349014], [0.01727066934108734, -0.06290685385465622], [-0.044023316353559494, 0.030012384057044983], [0.043202467262744904, -0.049526095390319824]], [[0.016565285623073578, 0.17941473424434662], [-0.03204657509922981, 0.005695853382349014], [0.01727066934108734, -0.06290685385465622], [-0.044023316353559494, 0.030012384057044983], [0.043202467262744904, -0.049526095390319824]], [[-0.05588248372077942, 0.11273869127035141], [-0.01195339486002922, -0.03347307816147804], [-0.04270933195948601, -0.09232548624277115], [-0.12196686863899231, 0.03535394370555878], [-0.25437799096107483, -0.1408749669790268]], [[-0.05588248372077942, 0.11273869127035141], [-0.01195339486002922, -0.03347307816147804], [-0.03280859440565109, -0.017336465418338776], [-0.15613055229187012, -0.18127933144569397], [-0.08779779076576233, 0.08411239087581635]], [[-0.1476435661315918, 0.10622280091047287], [-0.01195339486002922, -0.03347307816147804], [-0.03280859440565109, -0.017336465418338776], [-0.15613055229187012, -0.18127933144569397], [-0.08779779076576233, 0.08411239087581635]], [[-0.10872236639261246, -0.16056537628173828], [-0.01195339486002922, -0.03347307816147804], [-0.03280859440565109, -0.017336465418338776], [0.17674905061721802, -0.1683681309223175], [-0.08779779076576233, 0.08411239087581635]], [[-0.07072882354259491, 0.023380354046821594], [-0.1905248463153839, 0.10453405976295471], [-0.03280859440565109, -0.017336465418338776], [-0.08419919013977051, -0.1165504902601242], [-0.17115634679794312, -0.07216154038906097]], [[-0.2991245985031128, 0.08024442195892334], [-0.1905248463153839, 0.10453405976295471], [-0.03280859440565109, -0.017336465418338776], [-0.003398790955543518, -0.06616092473268509], [-0.17115634679794312, -0.07216154038906097]], [[-0.07818964123725891, -0.09247642755508423], [-0.20275872945785522, -0.2957226037979126], [-0.03280859440565109, -0.017336465418338776], [0.03766723349690437, -0.21437811851501465], [-0.17115634679794312, -0.07216154038906097]], [[-0.17233887314796448, 0.08137793838977814], [-0.013891205191612244, -0.123750239610672], [-0.03280859440565109, -0.017336465418338776], [0.16473761200904846, -0.057848602533340454], [0.3496550917625427, -0.23274469375610352]], [[-0.17233887314796448, 0.08137793838977814], [-0.013891205191612244, -0.123750239610672], [-0.03280859440565109, -0.017336465418338776], [-0.10002923011779785, -0.017167311161756516], [-0.07940101623535156, 0.06515729427337646]], [[-0.17233887314796448, 0.08137793838977814], [-0.023969080299139023, -0.006090037524700165], [-0.03280859440565109, -0.017336465418338776], [0.07303565740585327, -0.19050276279449463], [-0.09629890322685242, -0.02505272626876831]], [[-0.17233887314796448, 0.08137793838977814], [-0.17170974612236023, -0.13249856233596802], [-0.03280859440565109, -0.017336465418338776], [-0.35514676570892334, 0.07463037967681885], [-0.09629890322685242, -0.02505272626876831]], [[-0.17233887314796448, 0.08137793838977814], [0.010796219110488892, 0.06809832155704498], [-0.03280859440565109, -0.017336465418338776], [0.03909912705421448, 0.2639249563217163], [-0.09629890322685242, -0.02505272626876831]], [[-0.17233887314796448, 0.08137793838977814], [0.15391534566879272, -0.033236876130104065], [-0.03280859440565109, -0.017336465418338776], [-0.20245571434497833, -0.029667526483535767], [-0.09629890322685242, -0.02505272626876831]], [[-0.17233887314796448, 0.08137793838977814], [-0.004698336124420166, -0.17883364856243134], [-0.03280859440565109, -0.017336465418338776], [-0.20245571434497833, -0.029667526483535767], [-0.006803043186664581, 0.09260277450084686]], [[-0.17233887314796448, 0.08137793838977814], [0.19092850387096405, -0.07232505083084106], [-0.03280859440565109, -0.017336465418338776], [0.022261902689933777, 0.253887802362442], [0.21003365516662598, -0.06773023307323456]], [[-0.17233887314796448, 0.08137793838977814], [0.21506430208683014, 0.1634725034236908], [-0.03280859440565109, -0.017336465418338776], [-0.09920267015695572, -0.023544400930404663], [-0.13856768608093262, 0.09698550403118134]], [[-0.2024141103029251, -0.00022073835134506226], [0.21506430208683014, 0.1634725034236908], [-0.03280859440565109, -0.017336465418338776], [-0.09920267015695572, -0.023544400930404663], [-0.13856768608093262, 0.09698550403118134]]],