{"eps": {"object_position": [[0.03856993839144707, 0.134457528591156], [-0.019749194383621216, -0.18434476852416992], [-0.015553206205368042, -0.0514017790555954], [0.16310223937034607, 0.08046664297580719], [-0.04630857706069946, 0.17377647757530212]], "object_rotation": [2.4518773555755615, 0.34539538621902466, 1.334000587463379, 1.795143485069275, 2.8238184452056885], "distractor_position": [-0.6831905841827393, -0.033961012959480286, -1.470860481262207, -0.6153744459152222, -0.27464747428894043]}, "eps_trace": {"object_position": [[[-0.28084543347358704, 0.0042972201481461525], [-0.11485040187835693, 0.1147889643907547], [0.007612572051584721, 0.07053124904632568], [-0.15574383735656738, 0.07015136629343033], [-0.17249120771884918, -0.016916824504733086]], [[-0.28084543347358704, 0.0042972201481461525], [-0.11485040187835693, 0.1147889643907547], [0.1096857339143753, 0.13233719766139984], [-0.11766329407691956, 0.06012376397848129], [-0.16393634676933289, 0.03313564509153366]], [[-0.28084543347358704, 0.0042972201481461525], [-0.166731059551239, 0.22998708486557007], [-0.0027289465069770813, 0.11616359651088715], [-0.011507347226142883, 0.0035422295331954956], [-0.16393634676933289, 0.03313564509153366]], [[-0.28084543347358704, 0.0042972201481461525], [-0.166731059551239, 0.22998708486557007], [-0.0676879957318306, -0.05542951822280884], [-0.011507347226142883, 0.0035422295331954956], [-0.16393634676933289, 0.03313564509153366]], [[-0.16904309391975403, 0.13102532923221588], [-0.166731059551239, 0.22998708486557007], [0.05655146390199661, -0.035048216581344604], [-0.011507347226142883, 0.0035422295331954956], [-0.16393634676933289, 0.03313564509153366]], [[-0.058261990547180176, 0.23889467120170593], [0.00473785400390625, -0.17313483357429504], [-0.052877120673656464, -0.02427063137292862], [-0.011507347226142883, 0.0035422295331954956], [-0.16393634676933289, 0.03313564509153366]], [[-0.058261990547180176, 0.23889467120170593], [-0.1765117198228836, 0.007402986288070679], [-0.02660234272480011, 0.010773427784442902], [0.013796543702483177, -0.058219242841005325], [-0.16393634676933289, 0.03313564509153366]], [[-0.058261990547180176, 0.23889467120170593], [-0.1765117198228836, 0.007402986288070679], [-0.02660234272480011, 0.010773427784442902], [-0.03153100609779358, 0.007375907152891159], [-0.16393634676933289, 0.03313564509153366]], [[-0.058261990547180176, 0.23889467120170593], [-0.14856918156147003, -0.0022146059200167656], [-0.02660234272480011, 0.010773427784442902], [-0.03153100609779358, 0.007375907152891159], [-0.16393634676933289, 0.03313564509153366]], [[0.0833154171705246, 0.18713489174842834], [0.035630032420158386, 0.027752332389354706], [-0.02660234272480011, 0.010773427784442902], [0.08804263919591904, -0.05902964994311333], [-0.04630857706069946, 0.17377647757530212]], [[0.0833154171705246, 0.18713489174842834], [0.035630032420158386, 0.027752332389354706], [-0.02660234272480011, 0.010773427784442902], [0.08804263919591904, -0.05902964994311333], [-0.04630857706069946, 0.17377647757530212]], [[0.0833154171705246, 0.18713489174842834], [0.035630032420158386, 0.027752332389354706], [0.06086979806423187, 0.029236679896712303], [0.08804263919591904, -0.05902964994311333], [-0.04630857706069946, 0.17377647757530212]], [[0.0833154171705246, 0.18713489174842834], [0.035630032420158386, 0.027752332389354706], [0.06086979806423187, 0.029236679896712303], [0.08804263919591904, -0.05902964994311333], [-0.04630857706069946, 0.17377647757530212]], [[0.0833154171705246, 0.18713489174842834], [-0.04007785767316818, -0.12930706143379211], [-0.008386366069316864, 0.11146879941225052], [0.08804263919591904, -0.05902964994311333], [-0.04630857706069946, 0.17377647757530212]], [[0.0833154171705246, 0.18713489174842834], [-0.04007785767316818, -0.12930706143379211], [-0.08171099424362183, 0.017795175313949585], [0.08804263919591904, -0.05902964994311333], [-0.04630857706069946, 0.17377647757530212]], [[0.0833154171705246, 0.18713489174842834], [-0.04007785767316818, -0.12930706143379211], [0.040736354887485504, 0.05679541453719139], [0.16310223937034607, 0.08046664297580719], [-0.04630857706069946, 0.17377647757530212]], [[0.0833154171705246, 0.18713489174842834], [-0.04007785767316818, -0.12930706143379211], [0.040736354887485504, 0.05679541453719139], [0.16310223937034607, 0.08046664297580719], [-0.04630857706069946, 0.17377647757530212]], [[0.0833154171705246, 0.18713489174842834], [-0.04007785767316818, -0.12930706143379211], [0.040736354887485504, 0.05679541453719139], [0.16310223937034607, 0.08046664297580719], [-0.04630857706069946, 0.17377647757530212]], [[0.0833154171705246, 0.18713489174842834], [-0.04007785767316818, -0.12930706143379211], [0.04180818051099777, 0.07151811569929123], [0.16310223937034607, 0.08046664297580719], [-0.04630857706069946, 0.17377647757530212]], [[0.0833154171705246, 0.18713489174842834], [-0.06178510934114456, 0.029340237379074097], [0.04180818051099777, 0.07151811569929123], [0.16310223937034607, 0.08046664297580719], [-0.04630857706069946, 0.17377647757530212]], [[0.0833154171705246, 0.18713489174842834], [-0.2732590138912201, -0.059661269187927246], [0.04180818051099777, 0.07151811569929123], [0.16310223937034607, 0.08046664297580719], [-0.04630857706069946, 0.17377647757530212]], [[0.0833154171705246, 0.18713489174842834], [-0.20816025137901306, -0.15564802289009094], [0.04180818051099777, 0.07151811569929123], [0.16310223937034607, 0.08046664297580719], [-0.04630857706069946, 0.17377647757530212]], [[0.0833154171705246, 0.18713489174842834], [-0.13436844944953918, -0.1810254454612732], [0.04180818051099777, 0.07151811569929123], [0.16310223937034607, 0.08046664297580719], [-0.04630857706069946, 0.17377647757530212]], [[0.03856993839144707, 0.134457528591156], [-0.019749194383621216, -0.18434476852416992], [-0.015553206205368042, -0.0514017790555954], [0.16310223937034607, 0.08046664297580719], [-0.04630857706069946, 0.17377647757530212]], [[0.03856993839144707, 0.134457528591156], [-0.019749194383621216, -0.18434476852416992], [-0.015553206205368042, -0.0514017790555954], [0.16310223937034607, 0.08046664297580719], [-0.04630857706069946, 0.17377647757530212]]],