{"eps": {"object_position": [[0.1251400113105774, 0.0007820148020982742], [0.12664341926574707, -0.03953496366739273], [-0.10834499448537827, 0.32302621006965637], [0.0537509024143219, -0.14012888073921204], [0.14691494405269623, 0.01113787293434143]], "object_rotation": [1.643025279045105, 2.2837257385253906, 0.3403681814670563, 2.164982557296753, 1.1324528455734253], "distractor_position": [-0.3771214187145233, 0.2165229320526123, -1.3082528114318848, 0.28992927074432373, -0.5404608249664307]}, "eps_trace": {"object_position": [[[0.017038343474268913, -0.03232039138674736], [-0.06380580365657806, -0.1894686073064804], [-0.02902454137802124, 0.02078552544116974], [0.03229909390211105, 0.12566141784191132], [0.29486268758773804, 0.006243403535336256]], [[0.017038343474268913, -0.03232039138674736], [-0.11638037115335464, -0.2719600796699524], [-0.02902454137802124, 0.02078552544116974], [-0.12980645895004272, -0.046231359243392944], [0.29486268758773804, 0.006243403535336256]], [[0.10031217336654663, -0.14973069727420807], [-0.13504257798194885, -0.15682855248451233], [0.041171155869960785, -0.03564199060201645], [-0.12980645895004272, -0.046231359243392944], [0.04217091202735901, 0.19934482872486115]], [[0.15361161530017853, 0.27778124809265137], [-0.047148287296295166, -0.07667047530412674], [0.001787714660167694, 0.09593551605939865], [-0.12980645895004272, -0.046231359243392944], [0.12250947952270508, 0.2188081294298172]], [[0.15361161530017853, 0.27778124809265137], [-0.047148287296295166, -0.07667047530412674], [-0.0044405413791537285, -0.04018848389387131], [-0.10591106861829758, -0.059259142726659775], [0.05149201303720474, 0.09790406376123428]], [[0.15361161530017853, 0.27778124809265137], [-0.047148287296295166, -0.07667047530412674], [0.021970495581626892, 0.017017871141433716], [-0.10591106861829758, -0.059259142726659775], [0.17290732264518738, 0.07779888808727264]], [[0.15361161530017853, 0.27778124809265137], [-0.02153439074754715, 0.08036955446004868], [-0.0808190181851387, 0.1687372475862503], [-0.10588984191417694, -0.023383039981126785], [0.17290732264518738, 0.07779888808727264]], [[0.1304374635219574, 0.38975846767425537], [-0.02153439074754715, 0.08036955446004868], [-0.0808190181851387, 0.1687372475862503], [-0.10588984191417694, -0.023383039981126785], [0.17290732264518738, 0.07779888808727264]], [[0.1304374635219574, 0.38975846767425537], [-0.02153439074754715, 0.08036955446004868], [-0.04941099137067795, 0.10768401622772217], [0.06777419149875641, 0.0527157224714756], [0.17290732264518738, 0.07779888808727264]], [[0.1304374635219574, 0.38975846767425537], [0.11796978861093521, -0.16520360112190247], [-0.04941099137067795, 0.10768401622772217], [0.06777419149875641, 0.0527157224714756], [0.17290732264518738, 0.07779888808727264]], [[0.08809012919664383, 0.3649132549762726], [0.11796978861093521, -0.16520360112190247], [-0.04941099137067795, 0.10768401622772217], [0.06777419149875641, 0.0527157224714756], [0.17290732264518738, 0.07779888808727264]], [[0.025421105325222015, 0.12168112397193909], [0.06666825711727142, -0.10145406424999237], [-0.1720224767923355, 0.008680000901222229], [0.06777419149875641, 0.0527157224714756], [0.17290732264518738, 0.07779888808727264]], [[-0.01986636221408844, 0.033250950276851654], [0.06666825711727142, -0.10145406424999237], [-0.1720224767923355, 0.008680000901222229], [0.07370959967374802, 0.15938469767570496], [0.17290732264518738, 0.07779888808727264]], [[-0.01986636221408844, 0.033250950276851654], [0.09610257297754288, -0.19773662090301514], [-0.26527342200279236, 0.014205755665898323], [0.16235551238059998, 0.18351973593235016], [0.17290732264518738, 0.07779888808727264]], [[-0.01986636221408844, 0.033250950276851654], [0.00678078830242157, -0.09524228423833847], [-0.26527342200279236, 0.014205755665898323], [0.1775093674659729, 0.23890963196754456], [0.17290732264518738, 0.07779888808727264]], [[-0.01986636221408844, 0.033250950276851654], [0.00678078830242157, -0.09524228423833847], [-0.26527342200279236, 0.014205755665898323], [0.1775093674659729, 0.23890963196754456], [0.17290732264518738, 0.07779888808727264]], [[-0.028705330565571785, 0.2425428032875061], [0.00678078830242157, -0.09524228423833847], [-0.26527342200279236, 0.014205755665898323], [0.1775093674659729, 0.23890963196754456], [0.19902853667736053, -0.009679310023784637]], [[-0.006825720891356468, 0.40928879380226135], [0.00678078830242157, -0.09524228423833847], [-0.26527342200279236, 0.014205755665898323], [0.0537509024143219, -0.14012888073921204], [0.19902853667736053, -0.009679310023784637]], [[0.0538802444934845, 0.22817103564739227], [0.00678078830242157, -0.09524228423833847], [-0.26527342200279236, 0.014205755665898323], [0.0537509024143219, -0.14012888073921204], [-0.033384501934051514, 0.10197366029024124]], [[0.11117403209209442, 0.02795468270778656], [0.00678078830242157, -0.09524228423833847], [-0.26527342200279236, 0.014205755665898323], [0.0537509024143219, -0.14012888073921204], [-0.033384501934051514, 0.10197366029024124]], [[0.1251400113105774, 0.0007820148020982742], [0.00678078830242157, -0.09524228423833847], [-0.06613968312740326, 0.2664277255535126], [0.0537509024143219, -0.14012888073921204], [-0.033384501934051514, 0.10197366029024124]], [[0.1251400113105774, 0.0007820148020982742], [0.00678078830242157, -0.09524228423833847], [-0.06613968312740326, 0.2664277255535126], [0.0537509024143219, -0.14012888073921204], [-0.033384501934051514, 0.10197366029024124]], [[0.1251400113105774, 0.0007820148020982742], [0.00678078830242157, -0.09524228423833847], [-0.06613968312740326, 0.2664277255535126], [0.0537509024143219, -0.14012888073921204], [-0.033384501934051514, 0.10197366029024124]], [[0.1251400113105774, 0.0007820148020982742], [0.00678078830242157, -0.09524228423833847], [-0.10834499448537827, 0.32302621006965637], [0.0537509024143219, -0.14012888073921204], [0.14691494405269623, 0.01113787293434143]], [[0.1251400113105774, 0.0007820148020982742], [0.12664341926574707, -0.03953496366739273], [-0.10834499448537827, 0.32302621006965637], [0.0537509024143219, -0.14012888073921204], [0.14691494405269623, 0.01113787293434143]]],