{"eps": {"drone_state": [[-9.987312316894531, 0.11895556002855301, 1.1003493070602417, 0.14170405268669128], [-10.105106353759766, -0.003899502567946911, 1.0835775136947632, 0.11174547672271729], [-9.874271392822266, 0.02805260196328163, 0.9193832278251648, -0.06270435452461243], [-9.921405792236328, -0.12335101515054703, 1.0824981927871704, -0.009795406833291054], [-10.134871482849121, -0.03673016279935837, 0.9099845886230469, 0.046481288969516754]], "tree_locations": [[[-1.23503839969635, 2.5955662727355957], [-3.5060768127441406, -2.9555740356445312], [-6.681553363800049, 3.6254303455352783], [-2.758105754852295, -1.9117002487182617], [-2.1467461585998535, 2.2925963401794434]], [[-1.7668901681900024, 1.0049798488616943], [-6.187240123748779, -3.0527005195617676], [-4.044831275939941, 0.2571868300437927], [-7.89497709274292, -3.711745262145996], [-2.988182544708252, -0.19864273071289062]], [[-2.1990389823913574, 1.0707157850265503], [-4.359645843505859, 1.9817417860031128], [-4.071280479431152, 3.7825114727020264], [-6.492944717407227, 0.19417022168636322], [-1.2856974601745605, -3.243896007537842]], [[-2.068814992904663, -0.7718201875686646], [-2.492832899093628, -2.4398250579833984], [-5.867427349090576, -3.7557642459869385], [-3.4132416248321533, 0.2534342408180237], [-4.129008769989014, 0.5600108504295349]], [[-1.970751166343689, 3.881524085998535], [-5.7449846267700195, 0.095022052526474], [-6.330944538116455, -3.747889995574951], [-4.119384288787842, -2.3921689987182617], [-3.0174973011016846, 2.197564125061035]]], "tree_velocities": [[[0.1715531051158905, 0.18137988448143005], [0.03337579220533371, -0.21583616733551025], [-0.18600121140480042, 0.296564519405365], [-0.0503179095685482, 0.42968469858169556], [0.3853539526462555, 0.06290104985237122]], [[-0.05597328394651413, -0.022316373884677887], [0.055979445576667786, -0.08964206278324127], [-0.41299498081207275, -0.2822548449039459], [0.1331869214773178, -0.19062185287475586], [-0.04578834027051926, -0.17454645037651062]], [[-0.13042832911014557, -0.07891030609607697], [-0.23763823509216309, 0.34947124123573303], [0.09359714388847351, 0.20740284025669098], [0.10688747465610504, -0.26567038893699646], [-0.24015934765338898, 0.13556823134422302]], [[-0.11394941806793213, 0.35354819893836975], [0.2832074463367462, 0.39502841234207153], [-0.304671972990036, -0.19504518806934357], [0.11006110161542892, -0.32447460293769836], [0.001383347436785698, -0.09433529525995255]], [[0.020425308495759964, 0.2889525592327118], [-0.2506082057952881, -0.3243626356124878], [0.0286262109875679, -0.17416861653327942], [0.14681214094161987, 0.3191094398498535], [0.11721683293581009, -0.1010560542345047]]], "wind_speed": [[-0.024633346125483513, 0.08094781637191772], [-0.11342542618513107, -0.010635755956172943], [0.037212759256362915, 0.29869258403778076], [-0.09066452831029892, -0.16869105398654938], [-0.10433952510356903, -0.22244751453399658]]}, "eps_trace": {"drone_state": [[[-9.991889953613281, -0.09777615964412689, 1.0776926279067993, 0.12751270830631256], [-10.016977310180664, -0.1356874704360962, 0.9277970194816589, 0.016998955979943275], [-9.742064476013184, 0.002430683933198452, 0.9791143536567688, -0.08025398850440979], [-10.098859786987305, 0.00012367172166705132, 1.1674171686172485, 0.025705598294734955], [-10.03138542175293, -0.06464056670665741, 0.952359676361084, 0.0019251680932939053]], [[-10.00475025177002, -0.016025684773921967, 1.0778162479400635, 0.13168750703334808], [-10.012218475341797, -0.09006620943546295, 1.0069470405578613, -0.03177157789468765], [-9.788067817687988, 0.04123542830348015, 1.018298625946045, -0.09026774764060974], [-9.999258995056152, -0.0720609799027443, 1.1296534538269043, 0.011674787849187851], [-10.031379699707031, -0.028074197471141815, 0.8903986811637878, 0.01952827349305153]], [[-9.939112663269043, 0.04887787997722626, 1.1157845258712769, 0.2127697467803955], [-10.041886329650879, -0.0822930634021759, 1.0642974376678467, -0.04554936662316322], [-9.788067817687988, 0.04123542830348015, 1.018298625946045, -0.09026774764060974], [-9.921405792236328, -0.12335101515054703, 1.0824981927871704, -0.009795406833291054], [-10.134871482849121, -0.03673016279935837, 0.9099845886230469, 0.046481288969516754]], [[-9.939112663269043, 0.04887787997722626, 1.1157845258712769, 0.2127697467803955], [-10.053725242614746, -0.04254157468676567, 1.0896748304367065, 0.020049668848514557], [-9.848526000976562, 0.13518193364143372, 0.9862369298934937, -0.04629085958003998], [-9.921405792236328, -0.12335101515054703, 1.0824981927871704, -0.009795406833291054], [-10.134871482849121, -0.03673016279935837, 0.9099845886230469, 0.046481288969516754]], [[-9.987312316894531, 0.11895556002855301, 1.1003493070602417, 0.14170405268669128], [-10.105106353759766, -0.003899502567946911, 1.0835775136947632, 0.11174547672271729], [-9.874271392822266, 0.02805260196328163, 0.9193832278251648, -0.06270435452461243], [-9.921405792236328, -0.12335101515054703, 1.0824981927871704, -0.009795406833291054], [-10.134871482849121, -0.03673016279935837, 0.9099845886230469, 0.046481288969516754]]],