{"eps": {"object_position": [[0.050098542124032974, 0.0019975106697529554], [-0.020888667553663254, -0.08025230467319489], [-0.12364193052053452, -0.03366551175713539], [0.03834213688969612, -0.0438225157558918], [-0.021309353411197662, -0.031484656035900116]], "object_rotation": [1.3535221815109253, 0.9550691843032837, 2.776005983352661, 1.0974918603897095, 0.9229605793952942], "distractor_position": [-1.2497285604476929, 0.10192610323429108, -1.130025863647461, -1.4686702489852905, -0.8765752911567688]}, "eps_trace": {"object_position": [[[0.050466254353523254, 0.0022465188521891832], [-0.020893506705760956, -0.08041565865278244], [-0.12430588901042938, -0.03382660448551178], [0.03837977722287178, -0.044066980481147766], [-0.021697472780942917, -0.03171192854642868]], [[0.05046587437391281, 0.0022302865982055664], [-0.020907223224639893, -0.08041377365589142], [-0.12431208044290543, -0.03379148244857788], [0.038388557732105255, -0.04406357184052467], [-0.021694470196962357, -0.03171202167868614]], [[0.05044665187597275, 0.0022309017367661], [-0.020901815965771675, -0.08041976392269135], [-0.12430938333272934, -0.033784374594688416], [0.038394954055547714, -0.04405345395207405], [-0.021694468334317207, -0.03170996159315109]], [[0.05044106766581535, 0.0022330405190587044], [-0.020858392119407654, -0.0805029571056366], [-0.12429415434598923, -0.03373907506465912], [0.03839460387825966, -0.04405256733298302], [-0.021694203838706017, -0.03171028941869736]], [[0.05045909434556961, 0.0022062265779823065], [-0.02087598666548729, -0.08046137541532516], [-0.12424039095640182, -0.033743761479854584], [0.03841117396950722, -0.044043589383363724], [-0.021662374958395958, -0.03169775754213333]], [[0.05046433210372925, 0.0021980598103255033], [-0.020875921472907066, -0.08046142756938934], [-0.12423493713140488, -0.033748578280210495], [0.03841164708137512, -0.04404379799962044], [-0.021657908335328102, -0.03169102966785431]], [[0.05023421347141266, 0.00209210067987442], [-0.02087521180510521, -0.08046095073223114], [-0.12422526627779007, -0.03372424468398094], [0.03841237351298332, -0.044042907655239105], [-0.021646035835146904, -0.03164343908429146]], [[0.05023226886987686, 0.002091224305331707], [-0.020874513313174248, -0.0804547667503357], [-0.12418323755264282, -0.03372025117278099], [0.038405563682317734, -0.04401751235127449], [-0.02164296805858612, -0.03163377568125725]], [[0.0502670556306839, 0.0021116372663527727], [-0.02087586745619774, -0.08045404404401779], [-0.12416310608386993, -0.033718980848789215], [0.03840676695108414, -0.04398958757519722], [-0.021634753793478012, -0.031638845801353455]], [[0.050268806517124176, 0.002113454509526491], [-0.020876826718449593, -0.08045431226491928], [-0.12416080385446548, -0.03371873125433922], [0.038395434617996216, -0.043988633900880814], [-0.021635020151734352, -0.031638532876968384]], [[0.05022706836462021, 0.00212999084033072], [-0.02094026654958725, -0.0803692564368248], [-0.12414650619029999, -0.033777687698602676], [0.03837240859866142, -0.043975308537483215], [-0.02163042686879635, -0.031634166836738586]], [[0.05021032318472862, 0.0021281838417053223], [-0.020936349406838417, -0.08035673201084137], [-0.12412749230861664, -0.03377946838736534], [0.038346488028764725, -0.043946363031864166], [-0.02163119614124298, -0.03163222596049309]], [[0.05020052567124367, 0.0021474258974194527], [-0.02093774452805519, -0.08034437894821167], [-0.12410532683134079, -0.03379436954855919], [0.03837181255221367, -0.043925777077674866], [-0.021626757457852364, -0.03163216635584831]], [[0.05014878138899803, 0.0021087168715894222], [-0.020940084010362625, -0.08034151792526245], [-0.12402268499135971, -0.03382272645831108], [0.03837265819311142, -0.04392702504992485], [-0.021543582901358604, -0.0316983237862587]], [[0.050151001662015915, 0.0021083590108901262], [-0.02095414698123932, -0.08030642569065094], [-0.12400970607995987, -0.03383088484406471], [0.038333967328071594, -0.043929580599069595], [-0.021504255011677742, -0.03165169060230255]], [[0.050158023834228516, 0.002084104809910059], [-0.020943574607372284, -0.08028454333543777], [-0.12399773299694061, -0.03375617042183876], [0.038318656384944916, -0.04393378272652626], [-0.02149709314107895, -0.03165402263402939]], [[0.050146881490945816, 0.002086913911625743], [-0.020924076437950134, -0.08029001951217651], [-0.12399403750896454, -0.03376090154051781], [0.03832114115357399, -0.04392234608530998], [-0.021475521847605705, -0.031668391078710556]], [[0.050145670771598816, 0.002080779755488038], [-0.02090928517282009, -0.08030062913894653], [-0.12399985641241074, -0.03374379873275757], [0.03831155598163605, -0.04391942173242569], [-0.021444527432322502, -0.031669434159994125]], [[0.050143543630838394, 0.002076490083709359], [-0.020913701504468918, -0.08029679954051971], [-0.12399489432573318, -0.03374117240309715], [0.03831837698817253, -0.04391810670495033], [-0.02144065871834755, -0.031663622707128525]], [[0.050133317708969116, 0.0020262470934540033], [-0.020924050360918045, -0.08027978986501694], [-0.1237189918756485, -0.03369208797812462], [0.0383283905684948, -0.043844301253557205], [-0.021455563604831696, -0.03161630779504776]], [[0.05012236535549164, 0.00203020335175097], [-0.02091880515217781, -0.08028167486190796], [-0.12370286136865616, -0.03368440642952919], [0.0383281484246254, -0.043844953179359436], [-0.021412737667560577, -0.031564805656671524]], [[0.05009453371167183, 0.002005327492952347], [-0.020905520766973495, -0.08028382807970047], [-0.12370316684246063, -0.033684927970170975], [0.03837103769183159, -0.04383435845375061], [-0.02141399495303631, -0.03155587986111641]], [[0.050090838223695755, 0.002001863671466708], [-0.020886629819869995, -0.08026397228240967], [-0.12367117404937744, -0.033658597618341446], [0.03838605433702469, -0.04382892698049545], [-0.021415019407868385, -0.031551655381917953]], [[0.05009715259075165, 0.0020057770889252424], [-0.02088540978729725, -0.08025521039962769], [-0.12366446852684021, -0.03365902602672577], [0.03834773972630501, -0.04381316900253296], [-0.02141116000711918, -0.031552754342556]], [[0.050098542124032974, 0.0019975106697529554], [-0.020888667553663254, -0.08025230467319489], [-0.12364193052053452, -0.03366551175713539], [0.03834213688969612, -0.0438225157558918], [-0.021309353411197662, -0.031484656035900116]]],