{"eps": {"drone_state": [[-9.92715072631836, -0.02042877860367298, 1.0252348184585571, 0.08733221143484116], [-9.967971801757812, 0.17596730589866638, 0.9364445209503174, 0.009379479102790356], [-9.918573379516602, 0.016676848754286766, 1.0927780866622925, -0.058821260929107666], [-9.944032669067383, -0.05541278049349785, 0.930769681930542, -0.030973684042692184], [-9.932448387145996, -0.15626254677772522, 0.977306067943573, 0.027424097061157227], [-9.893694877624512, -0.1630503088235855, 0.9798287749290466, -0.033404938876628876], [-10.006438255310059, -0.06654296815395355, 1.0200434923171997, 0.16814999282360077], [-10.052397727966309, 0.10185661911964417, 1.012911081314087, -0.03095339797437191], [-9.983237266540527, 0.023956969380378723, 1.0269097089767456, -0.08474753051996231], [-10.151577949523926, -0.24232611060142517, 0.9267961382865906, 0.025653690099716187]], "tree_locations": [[[-5.085787773132324, -2.1422462463378906], [-5.742632865905762, -3.1180343627929688], [-6.32381010055542, 3.9232969284057617], [-4.195226669311523, 2.4518966674804688]], [[-4.819117546081543, -2.6098203659057617], [-7.620196342468262, 0.159454345703125], [-6.337420463562012, -0.9576244354248047], [-1.011599063873291, 2.5403947830200195]], [[-2.442723274230957, 0.22876548767089844], [-5.0868377685546875, -0.6866436004638672], [-6.711186408996582, 3.824090003967285], [-3.49713134765625, 3.7727813720703125]], [[-2.3120617866516113, 3.410222053527832], [-3.5249929428100586, 1.4781112670898438], [-6.639801979064941, 1.481095314025879], [-2.176978588104248, 3.343524932861328]], [[-4.366532325744629, 2.4103145599365234], [-6.935440540313721, 0.49800586700439453], [-5.322725772857666, -0.6193666458129883], [-4.119613170623779, 2.178502082824707]], [[-4.6243696212768555, 0.5629053115844727], [-3.6137161254882812, -1.39013671875], [-4.101810932159424, -3.256755828857422], [-7.224419116973877, -3.252434730529785]], [[-5.105541229248047, -2.474867820739746], [-5.032740116119385, -2.855240821838379], [-5.981553554534912, -2.7856693267822266], [-3.5867414474487305, -2.4506006240844727]], [[-5.699692726135254, -2.7466487884521484], [-1.221482753753662, 0.0067768096923828125], [-3.4640374183654785, 1.1166858673095703], [-2.8338394165039062, -1.5636968612670898]], [[-7.956287384033203, -3.0842514038085938], [-6.0722198486328125, -3.601137161254883], [-2.1957507133483887, 3.29058837890625], [-1.1602463722229004, 1.638636589050293]], [[-7.721120834350586, 0.5032196044921875], [-6.7667999267578125, -3.1769962310791016], [-5.7100443840026855, 2.8565902709960938], [-1.907149314880371, 2.395702362060547]]], "wind_speed": [[-0.005283498205244541, 0.011998781934380531], [-0.24582554399967194, 0.01714671216905117], [0.06584663689136505, -0.12287366390228271], [-0.10328605026006699, 0.006701548118144274], [-0.038824599236249924, 0.21120330691337585], [-0.03507673740386963, -0.02559034526348114], [0.2416069507598877, 0.09803661704063416], [0.05589035525918007, -0.052745215594768524], [0.18483711779117584, -0.04382891580462456], [-0.19609767198562622, -0.02239813283085823]]}, "eps_trace": {"drone_state": [[[-9.92715072631836, -0.02042877860367298, 1.0252348184585571, 0.08733221143484116], [-9.967971801757812, 0.17596730589866638, 0.9364445209503174, 0.009379479102790356], [-9.918573379516602, 0.016676848754286766, 1.0927780866622925, -0.058821260929107666], [-9.944032669067383, -0.05541278049349785, 0.930769681930542, -0.030973684042692184], [-9.932448387145996, -0.15626254677772522, 0.977306067943573, 0.027424097061157227], [-9.893694877624512, -0.1630503088235855, 0.9798287749290466, -0.033404938876628876], [-10.006438255310059, -0.06654296815395355, 1.0200434923171997, 0.16814999282360077], [-10.052397727966309, 0.10185661911964417, 1.012911081314087, -0.03095339797437191], [-9.983237266540527, 0.023956969380378723, 1.0269097089767456, -0.08474753051996231], [-10.151577949523926, -0.24232611060142517, 0.9267961382865906, 0.025653690099716187]]], "tree_locations": [[[[-5.085787773132324, -2.1422462463378906], [-5.742632865905762, -3.1180343627929688], [-6.32381010055542, 3.9232969284057617], [-4.195226669311523, 2.4518966674804688]], [[-4.819117546081543, -2.6098203659057617], [-7.620196342468262, 0.159454345703125], [-6.337420463562012, -0.9576244354248047], [-1.011599063873291, 2.5403947830200195]], [[-2.442723274230957, 0.22876548767089844], [-5.0868377685546875, -0.6866436004638672], [-6.711186408996582, 3.824090003967285], [-3.49713134765625, 3.7727813720703125]], [[-2.3120617866516113, 3.410222053527832], [-3.5249929428100586, 1.4781112670898438], [-6.639801979064941, 1.481095314025879], [-2.176978588104248, 3.343524932861328]], [[-4.366532325744629, 2.4103145599365234], [-6.935440540313721, 0.49800586700439453], [-5.322725772857666, -0.6193666458129883], [-4.119613170623779, 2.178502082824707]], [[-4.6243696212768555, 0.5629053115844727], [-3.6137161254882812, -1.39013671875], [-4.101810932159424, -3.256755828857422], [-7.224419116973877, -3.252434730529785]], [[-5.105541229248047, -2.474867820739746], [-5.032740116119385, -2.855240821838379], [-5.981553554534912, -2.7856693267822266], [-3.5867414474487305, -2.4506006240844727]], [[-5.699692726135254, -2.7466487884521484], [-1.221482753753662, 0.0067768096923828125], [-3.4640374183654785, 1.1166858673095703], [-2.8338394165039062, -1.5636968612670898]], [[-7.956287384033203, -3.0842514038085938], [-6.0722198486328125, -3.601137161254883], [-2.1957507133483887, 3.29058837890625], [-1.1602463722229004, 1.638636589050293]], [[-7.721120834350586, 0.5032196044921875], [-6.7667999267578125, -3.1769962310791016], [-5.7100443840026855, 2.8565902709960938], [-1.907149314880371, 2.395702362060547]]]], "wind_speed": [[[-0.005283498205244541, 0.011998781934380531], [-0.24582554399967194, 0.01714671216905117], [0.06584663689136505, -0.12287366390228271], [-0.10328605026006699, 0.006701548118144274], [-0.038824599236249924, 0.21120330691337585], [-0.03507673740386963, -0.02559034526348114], [0.2416069507598877, 0.09803661704063416], [0.05589035525918007, -0.052745215594768524], [0.18483711779117584, -0.04382891580462456], [-0.19609767198562622, -0.02239813283085823]]]}, "num_trees": 4, "time": 121.2830171380192, "L": 1.0, "dp_mcmc_step_size": 1e-05, "ep_mcmc_step_size": 1e-05, "num_rounds": 1, "num_steps_per_round": 1, "num_chains": 10, "use_gradients": false, "use_stochasticity": false, "repair": false, "predict": true, "quench_rounds": 0, "tempering_schedule": [0.0], "ep_logprobs": [[8.170143127441406, 3.1024062633514404, 5.783206939697266, 7.1427001953125, 5.099651336669922, 6.86928653717041, 3.8782334327697754, 7.962462425231934, 6.537203788757324, 1.8576713800430298]], "dp_logprobs": [0.0]}