{"eps": {"object_position": [[0.016757884994149208, -0.03216166794300079], [-0.19403423368930817, -0.17836767435073853], [0.001161861582659185, -0.1217324361205101], [0.03166133910417557, 0.1239585429430008], [0.2932220697402954, 0.00615928927436471]], "object_rotation": [0.8889214396476746, 2.3278017044067383, 0.7710185647010803, 2.3711581230163574, 1.3697363138198853], "distractor_position": [-0.5276806950569153, 0.23106855154037476, -1.1805901527404785, 0.2314927726984024, -0.35680335760116577]}, "eps_trace": {"object_position": [[[0.017048116773366928, -0.032282404601573944], [-0.1946416050195694, -0.17892922461032867], [0.001027095946483314, -0.122379370033741], [0.0322238951921463, 0.12531766295433044], [0.29454684257507324, 0.006381175015121698]], [[0.016947204247117043, -0.03215394541621208], [-0.1945079267024994, -0.17868180572986603], [0.001035697408951819, -0.12235632538795471], [0.03202817961573601, 0.12478195875883102], [0.2942889630794525, 0.006347903981804848]], [[0.016953954473137856, -0.03214495629072189], [-0.19443878531455994, -0.17853601276874542], [0.0011087445309385657, -0.1221834123134613], [0.03198114410042763, 0.12467080354690552], [0.2941606938838959, 0.0064428322948515415]], [[0.01677767187356949, -0.032151464372873306], [-0.19435641169548035, -0.1783653348684311], [0.001165673485957086, -0.1218862235546112], [0.03173016011714935, 0.1240377202630043], [0.29333311319351196, 0.006204921752214432]], [[0.016757884994149208, -0.03216166794300079], [-0.19403423368930817, -0.17836767435073853], [0.001161861582659185, -0.1217324361205101], [0.03166133910417557, 0.1239585429430008], [0.2932220697402954, 0.00615928927436471]]], "object_rotation": [[0.8889021277427673, 2.3278419971466064, 0.7710339426994324, 2.3717286586761475, 1.3699170351028442], [0.888896644115448, 2.3279500007629395, 0.7710712552070618, 2.3715128898620605, 1.3698335886001587], [0.8888980150222778, 2.327664852142334, 0.7711221575737, 2.371312379837036, 1.3700101375579834], [0.8889228105545044, 2.327704429626465, 0.7711548209190369, 2.3711884021759033, 1.369856834411621], [0.8889214396476746, 2.3278017044067383, 0.7710185647010803, 2.3711581230163574, 1.3697363138198853]], "distractor_position": [[-0.5276679396629333, 0.2311677634716034, -1.1809613704681396, 0.23189309239387512, -0.35736536979675293], [-0.5276604294776917, 0.23126688599586487, -1.180983543395996, 0.23145180940628052, -0.3570800721645355], [-0.5276815295219421, 0.23113365471363068, -1.1810271739959717, 0.23142316937446594, -0.3571940064430237], [-0.5276693105697632, 0.23106758296489716, -1.1808667182922363, 0.23153242468833923, -0.35680004954338074], [-0.5276806950569153, 0.23106855154037476, -1.1805901527404785, 0.2314927726984024, -0.35680335760116577]]}, "object_type": "box", "L": 1.0, "failure_level": 0.2, "dp_logprior_scale": 1.0, "dp_mcmc_step_size": 0.001, "ep_mcmc_step_size": 0.001, "num_rounds": 5, "num_steps_per_round": 5, "num_chains": 5, "use_gradients": true, "use_stochasticity": true, "repair": true, "predict": true, "quench_rounds": 0, "tempering_schedule": null, "ep_logprobs": [[-30.64576530456543, -35.162986755371094, -32.685672760009766, -32.641658782958984, -34.66426086425781], [-30.645139694213867, -35.156463623046875, -32.68540954589844, -32.63261413574219, -34.656856536865234], [-30.645118713378906, -35.151939392089844, -32.683349609375, -32.630714416503906, -34.653011322021484], [-30.644821166992188, -35.14717102050781, -32.67924880981445, -32.62202453613281, -34.62900924682617], [-30.644826889038086, -35.14079284667969, -32.67680358886719, -32.62065505981445, -34.625789642333984]], "dp_logprobs": [[-0.9959890246391296, -0.9959923028945923, -0.9959960579872131, -0.9959940910339355, -0.9959982633590698], [-0.9959632754325867, -0.995956540107727, -0.9959601163864136, -0.9959722757339478, -0.9959656000137329], [-0.9959720969200134, -0.9959715604782104, -0.9959604740142822, -0.9959751963615417, -0.9959755539894104], [-0.9959418177604675, -0.995949923992157, -0.9959546327590942, -0.9959448575973511, -0.9959479570388794], [-0.9959221482276917, -0.9959357380867004, -0.9959420561790466, -0.9959316849708557, -0.9959316849708557]]}