{"eps": {"object_position": [[0.05022183060646057, 0.001996323000639677], [-0.020500240847468376, -0.0798737183213234], [-0.12341231107711792, -0.0336921364068985], [0.0382002517580986, -0.043994780629873276], [-0.02156108431518078, -0.03137004002928734]], "object_rotation": [1.353817343711853, 0.9551697969436646, 2.776244640350342, 1.0975894927978516, 0.9229429960250854], "distractor_position": [-1.249253749847412, 0.10176482796669006, -1.1302415132522583, -1.4686675071716309, -0.8766734600067139]}, "eps_trace": {"object_position": [[[0.05039261281490326, 0.0021890916395932436], [-0.020809601992368698, -0.08031187206506729], [-0.12429037690162659, -0.033853497356176376], [0.03824504092335701, -0.044092271476984024], [-0.02167120948433876, -0.03165708854794502]], [[0.05034465715289116, 0.002149381209164858], [-0.020727988332509995, -0.08016618341207504], [-0.12413380295038223, -0.03399448096752167], [0.03822023421525955, -0.04407966881990433], [-0.021639956161379814, -0.0316152423620224]], [[0.05033618211746216, 0.0021151690743863583], [-0.020687468349933624, -0.08011264353990555], [-0.12375133484601974, -0.03384817764163017], [0.0381464883685112, -0.04406462237238884], [-0.021600784733891487, -0.031623322516679764]], [[0.050270870327949524, 0.0020590214990079403], [-0.020586183294653893, -0.07994978874921799], [-0.12358388304710388, -0.03382379189133644], [0.03814007341861725, -0.04405859485268593], [-0.02158964052796364, -0.031552691012620926]], [[0.05022183060646057, 0.001996323000639677], [-0.020500240847468376, -0.0798737183213234], [-0.12341231107711792, -0.0336921364068985], [0.0382002517580986, -0.043994780629873276], [-0.02156108431518078, -0.03137004002928734]]], "object_rotation": [[1.353710651397705, 0.9551509022712708, 2.776170015335083, 1.0975228548049927, 0.9228642582893372], [1.3537485599517822, 0.9552586078643799, 2.77624249458313, 1.0975053310394287, 0.9229038953781128], [1.3537641763687134, 0.9552996158599854, 2.776108741760254, 1.0975537300109863, 0.9229279160499573], [1.3537726402282715, 0.9551411271095276, 2.7761123180389404, 1.0975571870803833, 0.9229085445404053], [1.353817343711853, 0.9551697969436646, 2.776244640350342, 1.0975894927978516, 0.9229429960250854]], "distractor_position": [[-1.2494957447052002, 0.10197077691555023, -1.1302886009216309, -1.4687505960464478, -0.8766875863075256], [-1.249468445777893, 0.10192310065031052, -1.1302465200424194, -1.468708872795105, -0.8766837120056152], [-1.2493724822998047, 0.1019529178738594, -1.1303431987762451, -1.4687151908874512, -0.876675009727478], [-1.2493054866790771, 0.10180146247148514, -1.1303677558898926, -1.4686838388442993, -0.8766697645187378], [-1.249253749847412, 0.10176482796669006, -1.1302415132522583, -1.4686675071716309, -0.8766734600067139]]}, "object_type": "box", "L": 1.0, "failure_level": 0.2, "dp_logprior_scale": 1.0, "dp_mcmc_step_size": 0.001, "ep_mcmc_step_size": 0.001, "num_rounds": 5, "num_steps_per_round": 5, "num_chains": 5, "use_gradients": true, "use_stochasticity": true, "repair": true, "predict": true, "quench_rounds": 0, "tempering_schedule": null, "ep_logprobs": [[-31.77791976928711, -31.736318588256836, -33.255699157714844, -32.718589782714844, -31.18678092956543], [-31.7775821685791, -31.734806060791016, -33.254905700683594, -32.71828079223633, -31.18654441833496], [-31.777250289916992, -31.734344482421875, -33.24908447265625, -32.7179069519043, -31.186450958251953], [-31.776704788208008, -31.732688903808594, -33.24707794189453, -32.717735290527344, -31.18623161315918], [-31.77627944946289, -31.731826782226562, -33.244266510009766, -32.71760559082031, -31.18560791015625]], "dp_logprobs": [[-0.7966596484184265, -0.7966499328613281, -0.7966534495353699, -0.7966554164886475, -0.7966525554656982], [-0.7966248393058777, -0.7966355681419373, -0.7966272234916687, -0.7966313362121582, -0.7966200709342957], [-0.7965092658996582, -0.7965080738067627, -0.7965083122253418, -0.7965062856674194, -0.7965176105499268], [-0.7965929508209229, -0.7966035008430481, -0.7965866923332214, -0.7966001629829407, -0.7965962290763855], [-0.7965744733810425, -0.7965714931488037, -0.7965547442436218, -0.7965646982192993, -0.7965602874755859]]}