{"trajs": {"trajectories": [[[-0.7678597569465637, -0.2618198096752167], [0.22060392796993256, 0.4003197252750397], [0.1638864278793335, 0.522689938545227]], [[-0.744253396987915, -0.4001027047634125], [0.5082780122756958, -0.2906903624534607], [0.483455628156662, 0.28707408905029297]], [[-0.6953036785125732, -0.15215377509593964], [-0.4123634994029999, -0.8701894283294678], [0.9739686250686646, -0.04924178123474121]], [[-0.5860705375671387, 0.33687275648117065], [-0.5004843473434448, -0.24223527312278748], [0.6455806493759155, 0.0665404424071312]], [[-0.7892337441444397, 0.16356199979782104], [0.9121443629264832, -0.24553734064102173], [0.5273493528366089, -0.3784104287624359]]]}, "best_eps_idx": 3, "time": 110.74634696100111, "n": 5, "T": 3, "width": 3.2, "height": 3.0, "R": 0.5, "max_wind_thrust": 0.5, "duration": 30.0, "dp_mcmc_step_size": 0.001, "ep_mcmc_step_size": 0.001, "num_rounds": 50, "num_mcmc_steps_per_round": 5, "num_chains": 5, "use_gradients": true, "use_stochasticity": true, "repair": true, "predict": true, "quench_rounds": 5, "tempering_schedule": null}