{"trajs": {"trajectories": [[[-0.5857734680175781, -0.5125346779823303], [0.4329766035079956, 0.2078588455915451], [-0.030941138043999672, 0.11644987761974335]], [[-0.5832712054252625, -0.18637822568416595], [-0.7054560780525208, -0.03732442110776901], [0.6429932713508606, -0.37309107184410095]], [[-0.5182226896286011, -0.1253366768360138], [0.6739547252655029, 0.5035154819488525], [0.06631506234407425, 0.12625239789485931]], [[-0.8343679308891296, 0.05419356748461723], [0.3339693546295166, -0.07958200573921204], [0.5985473394393921, 0.029739491641521454]], [[-0.774516224861145, 0.1647900491952896], [0.41027650237083435, -0.3257889747619629], [0.31337958574295044, 0.5017542839050293]]]}, "best_eps_idx": 2, "time": 344.7346533379896, "n": 5, "T": 3, "width": 3.2, "height": 3.0, "R": 0.5, "max_wind_thrust": 0.5, "duration": 30.0, "dp_mcmc_step_size": 0.001, "ep_mcmc_step_size": 0.001, "num_rounds": 50, "num_mcmc_steps_per_round": 5, "num_chains": 5, "use_gradients": true, "use_stochasticity": true, "repair": true, "predict": true, "quench_rounds": 5, "tempering_schedule": null}