{"final_eps": [[1152.5858154296875, -0.6821461915969849, -1.3104647397994995, -0.6821461915969849, -0.6821461915969849], [1942.68310546875, 0.869206428527832, 0.24088788032531738, 0.869206428527832, 0.869206428527832], [1561.86083984375, 0.12146341055631638, -0.5068551301956177, 0.12146341055631638, 0.12146341055631638], [1453.227294921875, -0.09183798730373383, -0.7201565504074097, -0.09183798730373383, -0.09183798730373383], [1598.3389892578125, 0.19308805465698242, -0.4352304935455322, 0.19308805465698242, 0.19308805465698242], [1285.692626953125, -0.4207916259765625, -1.0491101741790771, -0.4207916259765625, -0.4207916259765625], [1456.8780517578125, -0.08466979116201401, -0.7129883170127869, -0.08466979116201401, -0.08466979116201401], [1614.3856201171875, 0.2245955765247345, -0.40372297167778015, 0.2245955765247345, 0.2245955765247345], [1711.684326171875, 0.41564133763313293, -0.2126772105693817, 0.41564133763313293, 0.41564133763313293], [1368.6920166015625, -0.2578226327896118, -0.8861411809921265, -0.2578226327896118, -0.2578226327896118]], "ep_logprobs": [0.0, 0.0, 0.0, 0.0, 0.0, 0.0, 0.0, 0.0, 0.0, 0.0, 0.0, 0.0, 0.0, 0.0, 0.0, 0.0, 0.0, 0.0, 0.0, 0.0, 0.0, 0.0, 0.0, 0.0, 0.0, 0.0, 0.0, 0.0, 0.0, 0.0, 0.0, 0.0, 0.0, 0.0, 0.0, 0.0, 0.0, 0.0, 0.0, 0.0, 0.0, 0.0, 0.0, 0.0, 0.0, 0.0, 0.0, 0.0, 0.0, 0.0], "time": 4717.1415511700325, "dp_mcmc_step_size": 0.01, "ep_mcmc_step_size": 0.0001, "num_rounds": 50, "num_steps_per_round": 5, "num_chains": 10, "use_gradients": true, "use_stochasticity": false, "repair": true, "predict": false, "quench_rounds": 0, "tempering_schedule": [0.0, 0.1846042275428772, 0.33512967824935913, 0.45786750316619873, 0.5579473972320557, 0.6395522356033325, 0.706092357635498, 0.760348916053772, 0.804589569568634, 0.8406631350517273, 0.87007737159729, 0.8940616250038147, 0.9136183261871338, 0.9295647144317627, 0.9425673484802246, 0.9531697034835815, 0.9618147611618042, 0.9688639044761658, 0.974611759185791, 0.9792985320091248, 0.9831201434135437, 0.9862362146377563, 0.9887770414352417, 0.9908488392829895, 0.9925382137298584, 0.9939156770706177, 0.9950388669967651, 0.995954692363739, 0.9967014789581299, 0.9973104000091553, 0.9978069067001343, 0.9982118010520935, 0.9985418915748596, 0.9988110661506653, 0.9990305304527283, 0.9992095232009888, 0.9993554353713989, 0.9994744062423706, 0.9995714426040649, 0.9996505379676819, 0.9997150897979736, 0.9997676610946655, 0.9998105764389038, 0.9998455047607422, 0.9998740553855896, 0.999897301197052, 0.9999162554740906, 0.9999316930770874, 0.9999443292617798, 0.9999545812606812]}