{"eps": {"object_position": [[-0.07235123217105865, -0.015819724649190903], [0.1120520681142807, 0.2525620758533478], [-0.11104025691747665, -0.21950975060462952], [0.034964948892593384, -0.15116125345230103], [-0.23884297907352448, 0.06597036123275757]], "object_rotation": [1.7308368682861328, 0.763615071773529, 2.907900094985962, 1.0968878269195557, 1.0233756303787231], "distractor_position": [-1.3485769033432007, 0.04565132409334183, -1.301695704460144, -1.0947335958480835, -0.5432830452919006]}, "eps_trace": {"object_position": [[[0.035472869873046875, -0.022749057039618492], [-0.020883701741695404, -0.08043058961629868], [-0.11164383590221405, -0.001334603875875473], [0.0805845558643341, 0.012158073484897614], [0.0036884285509586334, -0.04475254565477371]], [[0.041565828025341034, -0.04080275073647499], [-0.020883701741695404, -0.08043058961629868], [-0.1528887152671814, 0.0281785000115633], [0.0847211480140686, -0.10713747143745422], [-0.010583768598735332, -0.030034944415092468]], [[0.04415566474199295, -0.019838476553559303], [-0.013336492702364922, -0.060315921902656555], [-0.13878853619098663, -0.01203967072069645], [0.09145904332399368, -0.18150410056114197], [-0.010583768598735332, -0.030034944415092468]], [[0.04415566474199295, -0.019838476553559303], [-0.02317819744348526, 0.011756792664527893], [-0.10351195931434631, -0.017303064465522766], [0.09145904332399368, -0.18150410056114197], [-0.014408869668841362, -0.048145197331905365]], [[0.10924175381660461, 0.02481118030846119], [0.009641073644161224, 0.007540089078247547], [-0.08954930305480957, 0.053101539611816406], [0.11027716100215912, -0.14852142333984375], [-0.07275953888893127, -0.0807892382144928]], [[0.12238460779190063, -0.015652140602469444], [0.009641073644161224, 0.007540089078247547], [-0.0746672973036766, 0.06272383034229279], [0.12411913275718689, -0.16597241163253784], [-0.07275953888893127, -0.0807892382144928]], [[0.10225344449281693, -0.017327651381492615], [0.009641073644161224, 0.007540089078247547], [-0.08944776654243469, 0.04954708367586136], [0.17373661696910858, -0.11308859288692474], [-0.07751309871673584, -0.04655421897768974]], [[0.10225344449281693, -0.017327651381492615], [0.03723185509443283, 0.033090218901634216], [-0.08944776654243469, 0.04954708367586136], [0.038644954562187195, -0.1104547306895256], [-0.12585556507110596, 0.03512510284781456]], [[0.10225344449281693, -0.017327651381492615], [0.03723185509443283, 0.033090218901634216], [-0.1466170996427536, 0.05908218398690224], [0.10374176502227783, -0.14861951768398285], [-0.16674993932247162, 0.02855956181883812]], [[0.10225344449281693, -0.017327651381492615], [0.06335294246673584, 0.010656319558620453], [-0.09155897796154022, 0.020003456622362137], [0.10374176502227783, -0.14861951768398285], [-0.19157660007476807, -0.03917127475142479]], [[0.08880963176488876, -0.008647633716464043], [0.10856056213378906, -0.03803045302629471], [-0.09155897796154022, 0.020003456622362137], [0.10374176502227783, -0.14861951768398285], [-0.19157660007476807, -0.03917127475142479]], [[0.08880963176488876, -0.008647633716464043], [0.12374533712863922, 0.011078208684921265], [-0.09155897796154022, 0.020003456622362137], [0.11510981619358063, -0.08247282356023788], [-0.12111033499240875, -0.10173171758651733]], [[0.08880963176488876, -0.008647633716464043], [0.12374533712863922, 0.011078208684921265], [-0.11708303540945053, -0.007382785901427269], [0.11510981619358063, -0.08247282356023788], [-0.17207300662994385, -0.11760451644659042]], [[0.08880963176488876, -0.008647633716464043], [0.13373970985412598, 0.07598712295293808], [-0.1356101930141449, -0.060883551836013794], [0.11510981619358063, -0.08247282356023788], [-0.17207300662994385, -0.11760451644659042]], [[0.08880963176488876, -0.008647633716464043], [0.09740086644887924, 0.07688502967357635], [-0.12858270108699799, -0.024569600820541382], [0.06704916059970856, -0.10208576917648315], [-0.17548643052577972, -0.08801954984664917]], [[0.044142961502075195, -0.07965298742055893], [0.06287962198257446, 0.1160375252366066], [-0.13986048102378845, -0.10196714103221893], [0.06704916059970856, -0.10208576917648315], [-0.24001765251159668, -0.11424647271633148]], [[0.044142961502075195, -0.07965298742055893], [0.11664916574954987, 0.10943377763032913], [-0.1412370800971985, -0.16951951384544373], [0.0815272256731987, -0.1413576304912567], [-0.26574546098709106, -0.0220303013920784]], [[0.053033940494060516, -0.11427401006221771], [0.16552570462226868, 0.16056272387504578], [-0.1412370800971985, -0.16951951384544373], [0.04350695013999939, -0.10391174256801605], [-0.28164976835250854, 0.004110438749194145]], [[0.053033940494060516, -0.11427401006221771], [0.16552570462226868, 0.16056272387504578], [-0.11212342977523804, -0.033690810203552246], [0.09444175660610199, -0.07073812186717987], [-0.311693012714386, -0.03610792011022568]], [[0.03281087428331375, -0.1353331357240677], [0.16552570462226868, 0.16056272387504578], [-0.12900739908218384, -0.1036858931183815], [0.09444175660610199, -0.07073812186717987], [-0.311693012714386, -0.03610792011022568]], [[0.01041954942047596, -0.17440733313560486], [0.1813010424375534, 0.23252573609352112], [-0.13659162819385529, -0.1517479419708252], [0.08742137253284454, -0.1242382824420929], [-0.2923138439655304, -0.06533554941415787]], [[0.01041954942047596, -0.17440733313560486], [0.1813010424375534, 0.23252573609352112], [-0.13659162819385529, -0.1517479419708252], [0.08742137253284454, -0.1242382824420929], [-0.2969403564929962, -0.05189000070095062]], [[-0.017937514930963516, -0.1406346559524536], [0.1949893683195114, 0.24309688806533813], [-0.03333672881126404, -0.1849455088376999], [0.04709057882428169, -0.12584254145622253], [-0.20175781846046448, -0.025986038148403168]], [[-0.009899381548166275, -0.013029590249061584], [0.24176941812038422, 0.20475657284259796], [-0.07837414741516113, -0.2304474413394928], [0.04709057882428169, -0.12584254145622253], [-0.2335246354341507, 0.038982927799224854]], [[-0.07235123217105865, -0.015819724649190903], [0.1120520681142807, 0.2525620758533478], [-0.11104025691747665, -0.21950975060462952], [0.034964948892593384, -0.15116125345230103], [-0.23884297907352448, 0.06597036123275757]]],