{"eps": {"object_position": [[-0.06148618459701538, -0.1080946996808052], [-0.12088386714458466, -0.13483063876628876], [0.06367596983909607, 0.22471491992473602], [0.05114239454269409, 0.02398519217967987], [-0.0895654484629631, 0.11971248686313629]], "object_rotation": [2.3509202003479004, 1.8108627796173096, 0.252128005027771, 1.2854431867599487, 1.8459910154342651], "distractor_position": [-0.05140151083469391, 0.4985840618610382, -0.6324616074562073, 0.13577815890312195, -1.3161492347717285]}, "eps_trace": {"object_position": [[[0.04556615278124809, 0.13065779209136963], [-0.05353497341275215, 0.10530540347099304], [0.017969775944948196, -0.15747658908367157], [0.04988465830683708, -0.11583887040615082], [0.043202467262744904, -0.049526095390319824]], [[0.04556615278124809, 0.13065779209136963], [-0.05353497341275215, 0.10530540347099304], [0.03702165186405182, -0.12853285670280457], [-0.010227732360363007, -0.11232214421033859], [0.06451544910669327, 0.05790545791387558]], [[0.04556615278124809, 0.13065779209136963], [-0.07036374509334564, 0.06298474967479706], [0.09336536377668381, -0.08395180106163025], [0.10825968533754349, -0.09686872363090515], [-0.01912689208984375, 0.028878342360258102]], [[0.028172094374895096, 0.02941439300775528], [-0.025974810123443604, 0.057051967829465866], [0.01840374618768692, -0.01086501032114029], [0.1263253539800644, -0.10685558617115021], [0.020772483199834824, 0.046105317771434784]], [[0.028172094374895096, 0.02941439300775528], [-0.01549939438700676, -0.004793889820575714], [-0.0160859152674675, -0.014282329007983208], [0.1263253539800644, -0.10685558617115021], [0.0036451518535614014, 0.06978269666433334]], [[0.028172094374895096, 0.02941439300775528], [-0.07781459391117096, -0.031064899638295174], [-0.0160859152674675, -0.014282329007983208], [0.08589380979537964, -0.12521542608737946], [0.04043693095445633, 0.10501256585121155]], [[0.028172094374895096, 0.02941439300775528], [-0.07781459391117096, -0.031064899638295174], [-0.025282643735408783, 0.00954827107489109], [0.07455804198980331, -0.10493022203445435], [0.04043693095445633, 0.10501256585121155]], [[0.04713491350412369, 0.016315698623657227], [-0.06784678995609283, -0.04072660580277443], [-0.04380883648991585, 0.04717450588941574], [0.12386570125818253, -0.09954679757356644], [0.086552694439888, 0.08324600756168365]], [[-0.0006164722144603729, -0.02059921622276306], [-0.04294229671359062, -0.11262771487236023], [-0.04380883648991585, 0.04717450588941574], [0.12386570125818253, -0.09954679757356644], [0.03351137042045593, 0.07455502450466156]], [[0.0032763448543846607, -0.048325564712285995], [-0.0013651549816131592, -0.1546574980020523], [-0.04380883648991585, 0.04717450588941574], [0.12386570125818253, -0.09954679757356644], [0.07384847104549408, 0.09902065992355347]], [[-0.06386706233024597, -0.003094129264354706], [-0.0053093573078513145, -0.16387024521827698], [-0.04380883648991585, 0.04717450588941574], [0.11040785163640976, -0.07334756851196289], [0.08155588060617447, 0.15376320481300354]], [[-0.03884085640311241, 0.0020818966440856457], [-0.02103424444794655, -0.15694689750671387], [-0.04380883648991585, 0.04717450588941574], [0.11568588018417358, -0.04565630108118057], [0.0887908935546875, 0.14983101189136505]], [[-0.04412410035729408, 0.0608353391289711], [-0.02103424444794655, -0.15694689750671387], [0.057142894715070724, 0.08961845189332962], [0.11568588018417358, -0.04565630108118057], [0.0887908935546875, 0.14983101189136505]], [[-0.050044748932123184, 0.049897026270627975], [-0.02103424444794655, -0.15694689750671387], [0.057142894715070724, 0.08961845189332962], [0.11568588018417358, -0.04565630108118057], [0.05128636956214905, 0.14416229724884033]], [[-0.0360025018453598, 0.06329570710659027], [-0.04406876116991043, -0.2323381006717682], [0.06037347391247749, 0.082713782787323], [0.11190258711576462, -0.06876574456691742], [-0.0041228607296943665, 0.18566003441810608]], [[-0.014843126758933067, 0.039596330374479294], [-0.03019915334880352, -0.22616074979305267], [0.047590553760528564, 0.06302402168512344], [0.11190258711576462, -0.06876574456691742], [-0.0041228607296943665, 0.18566003441810608]], [[-0.005319495685398579, 0.04736102372407913], [-0.05136299133300781, -0.2547166049480438], [0.026347437873482704, 0.02634327858686447], [0.11190258711576462, -0.06876574456691742], [-0.0041228607296943665, 0.18566003441810608]], [[0.06436878442764282, 0.02101259119808674], [-0.03394212946295738, -0.19452854990959167], [0.026347437873482704, 0.02634327858686447], [0.1749243438243866, -0.0673145055770874], [-0.011027608066797256, 0.16682147979736328]], [[0.018047727644443512, -0.014612061902880669], [-0.03394212946295738, -0.19452854990959167], [-0.0005063526332378387, 0.12265216559171677], [0.14485231041908264, 0.0007145926356315613], [-0.027763759717345238, 0.2155553698539734]], [[-0.022371165454387665, -0.03379742428660393], [-0.10911080241203308, -0.1876540333032608], [-0.0005063526332378387, 0.12265216559171677], [0.11437442153692245, 0.02696196734905243], [-0.027763759717345238, 0.2155553698539734]], [[-0.022371165454387665, -0.03379742428660393], [-0.13055391609668732, -0.14615339040756226], [-0.023746788501739502, 0.12892863154411316], [0.1527957022190094, -0.012573730200529099], [-0.04780407249927521, 0.17076475918293]], [[0.011334449052810669, -0.0646631047129631], [-0.06770849227905273, -0.15479598939418793], [-0.030784718692302704, 0.1438778191804886], [0.08590071648359299, 0.008691791445016861], [-0.1015782579779625, 0.1283755898475647]], [[-0.093037910759449, -0.08124365657567978], [-0.09487989544868469, -0.14479674398899078], [0.025866303592920303, 0.19958390295505524], [0.0998447835445404, 0.002570552285760641], [-0.13429513573646545, 0.09573382139205933]], [[-0.08815543353557587, -0.010607674717903137], [-0.1164163276553154, -0.17555145919322968], [0.025866303592920303, 0.19958390295505524], [0.03633943200111389, -0.07802267372608185], [-0.13429513573646545, 0.09573382139205933]], [[-0.06148618459701538, -0.1080946996808052], [-0.12088386714458466, -0.13483063876628876], [0.06367596983909607, 0.22471491992473602], [0.05114239454269409, 0.02398519217967987], [-0.0895654484629631, 0.11971248686313629]]],