{"eps": {"object_position": [[-0.08885588496923447, -0.15002602338790894], [-0.06811024248600006, -0.25593677163124084], [-0.04049557074904442, -0.03051607310771942], [-0.09845571219921112, -0.014768827706575394], [0.0954594537615776, 0.012011140584945679]], "object_rotation": [1.0047627687454224, 2.2646408081054688, 0.8962215781211853, 2.2016453742980957, 1.1522173881530762], "distractor_position": [-0.7280203700065613, 0.09934702515602112, -1.242101788520813, 0.2187325358390808, -0.3433366119861603]}, "eps_trace": {"object_position": [[[0.017038343474268913, -0.03232039138674736], [-0.13449722528457642, -0.16437338292598724], [-0.0461450032889843, -0.15581923723220825], [0.03229909390211105, 0.12566141784191132], [0.29486268758773804, 0.006243403535336256]], [[0.07866641879081726, -0.018026627600193024], [-0.1574184149503708, -0.2066270262002945], [0.03414382413029671, -0.10107715427875519], [0.022419093176722527, 0.1308787614107132], [0.3200984001159668, 0.025066731497645378]], [[0.1176380142569542, -0.07621879875659943], [-0.1574184149503708, -0.2066270262002945], [0.03554331883788109, -0.1070777028799057], [0.08115466684103012, 0.14647626876831055], [0.33053818345069885, 0.040072619915008545]], [[0.03292997181415558, -0.02635440230369568], [-0.15410521626472473, -0.23267440497875214], [-0.006077047437429428, -0.09260279685258865], [0.08115466684103012, 0.14647626876831055], [0.33660316467285156, 0.0015006735920906067]], [[0.030905727297067642, -0.027595050632953644], [-0.15410521626472473, -0.23267440497875214], [0.028572265058755875, -0.017933383584022522], [0.05220978707075119, 0.16888299584388733], [0.32838115096092224, -0.047274649143218994]], [[-0.006972592324018478, -0.0729847103357315], [-0.11956366896629333, -0.232509046792984], [0.028572265058755875, -0.017933383584022522], [-0.00719812884926796, 0.1814020574092865], [0.32838115096092224, -0.047274649143218994]], [[0.0015872819349169731, -0.06899448484182358], [-0.1483418494462967, -0.19631339609622955], [0.028572265058755875, -0.017933383584022522], [-0.024800723418593407, 0.23862293362617493], [0.2178749442100525, -0.03765445947647095]], [[-0.013659206219017506, -0.03169623762369156], [-0.16051478683948517, -0.15934766829013824], [0.028572265058755875, -0.017933383584022522], [-0.06094975769519806, 0.27033352851867676], [0.21099431812763214, 0.02010873332619667]], [[0.0075587136670947075, 0.02631935477256775], [-0.16051478683948517, -0.15934766829013824], [-0.0007947441190481186, 0.007657218724489212], [-0.0199788436293602, 0.1719670593738556], [0.1656774878501892, -0.021875515580177307]], [[0.07019911706447601, 0.0628533810377121], [-0.17359192669391632, -0.15457086265087128], [-0.07348068058490753, -0.0028598392382264137], [-0.0199788436293602, 0.1719670593738556], [0.13877570629119873, -0.026413070037961006]], [[0.07019911706447601, 0.0628533810377121], [-0.17359192669391632, -0.15457086265087128], [-0.026790816336870193, 0.008901468478143215], [-0.0641026496887207, 0.1644013375043869], [0.09588123857975006, -0.061383552849292755]], [[0.07019911706447601, 0.0628533810377121], [-0.21707524359226227, -0.13437193632125854], [-0.01237154845148325, -0.04741380363702774], [-0.0641026496887207, 0.1644013375043869], [0.08298999071121216, -0.07544494420289993]], [[-0.016165755689144135, 0.014656994491815567], [-0.21707524359226227, -0.13437193632125854], [0.0021973606199026108, -0.04465512931346893], [-0.05641179904341698, 0.16712863743305206], [0.08298999071121216, -0.07544494420289993]], [[-0.016165755689144135, 0.014656994491815567], [-0.1736186146736145, -0.130402609705925], [-0.03927949070930481, 0.009832683950662613], [-0.04043155163526535, 0.12988586723804474], [0.16100436449050903, -0.04143271595239639]], [[-0.016165755689144135, 0.014656994491815567], [-0.11372112482786179, -0.1653124988079071], [-0.002699814736843109, 0.016540370881557465], [-0.08459015935659409, 0.12539872527122498], [0.11041705310344696, -0.07128342986106873]], [[0.0036111678928136826, 0.013449834659695625], [-0.11010128259658813, -0.16542008519172668], [-0.018475588411092758, 0.018400097265839577], [-0.08818124979734421, 0.07251276820898056], [0.11041705310344696, -0.07128342986106873]], [[-0.040420182049274445, 0.02416994608938694], [-0.11010128259658813, -0.16542008519172668], [0.008721714839339256, -0.06872287392616272], [-0.07336026430130005, 0.03775141388177872], [0.15948006510734558, 0.016003914177417755]], [[0.023181915283203125, 0.01972699910402298], [-0.20390906929969788, -0.15243791043758392], [-0.005750947631895542, 0.015082776546478271], [-0.06395834684371948, 0.060205161571502686], [0.0853663757443428, 0.02589823305606842]], [[0.023181915283203125, 0.01972699910402298], [-0.15697965025901794, -0.2366681545972824], [-0.05370696261525154, 0.0647420883178711], [-0.06395834684371948, 0.060205161571502686], [0.10527868568897247, 0.07094733417034149]], [[0.023181915283203125, 0.01972699910402298], [-0.14364999532699585, -0.2049565613269806], [-0.05686672776937485, 0.0472709946334362], [0.012980453670024872, 0.11789128184318542], [0.10527868568897247, 0.07094733417034149]], [[0.0020959042012691498, -0.03425346687436104], [-0.14364999532699585, -0.2049565613269806], [-0.047339051961898804, 0.07388913631439209], [0.050976481288671494, 0.07348229736089706], [0.09815376996994019, 0.03976912796497345]], [[-0.0009911218658089638, -0.03320295363664627], [-0.11112113296985626, -0.23876559734344482], [-0.12012624740600586, 0.010502487421035767], [0.05341104418039322, -0.011864669620990753], [0.07911252230405807, -0.0032373443245887756]], [[-0.039361342787742615, -0.053018249571323395], [-0.08788692951202393, -0.21999114751815796], [-0.12012624740600586, 0.010502487421035767], [0.021687600761651993, -0.007352534681558609], [0.07047266513109207, 0.035441767424345016]], [[-0.08953355252742767, -0.11149483174085617], [-0.06811024248600006, -0.25593677163124084], [-0.09341005980968475, -0.06196413189172745], [0.021687600761651993, -0.007352534681558609], [0.09169402718544006, -0.006009597331285477]], [[-0.08885588496923447, -0.15002602338790894], [-0.06811024248600006, -0.25593677163124084], [-0.04049557074904442, -0.03051607310771942], [-0.09845571219921112, -0.014768827706575394], [0.0954594537615776, 0.012011140584945679]]],