{"eps": {"object_position": [[0.0018385638250038028, 0.00020117382518947124], [-0.015873504802584648, -0.012278248555958271], [0.0008133326773531735, -0.009343491867184639], [-0.0015451047802343965, 0.007902340963482857], [0.019718149676918983, 0.002625246299430728]], "object_rotation": [0.9133827090263367, 2.2994046211242676, 0.8014371991157532, 2.3382761478424072, 1.3750470876693726], "distractor_position": [-0.520519495010376, 0.16269922256469727, -1.1159794330596924, 0.16125202178955078, -0.3707045316696167]}, "eps_trace": {"object_position": [[[0.015501640737056732, -0.03196817636489868], [-0.1755332499742508, -0.16173914074897766], [0.0014829256106168032, -0.10996213555335999], [0.028933554887771606, 0.11288779973983765], [0.2655349373817444, 0.006051754113286734]], [[0.013993773609399796, -0.029808469116687775], [-0.1585158258676529, -0.14561009407043457], [0.0012870653299614787, -0.09894523024559021], [0.025810975581407547, 0.10123768448829651], [0.2389245182275772, 0.005762477405369282]], [[0.012609831988811493, -0.027076609432697296], [-0.1429930031299591, -0.13126711547374725], [0.00112748087849468, -0.08899711072444916], [0.022972753271460533, 0.09067098051309586], [0.2151327282190323, 0.005367917474359274]], [[0.01137112732976675, -0.024453846737742424], [-0.12898564338684082, -0.1184297651052475], [0.001008898951113224, -0.0797540470957756], [0.020549921318888664, 0.08118614554405212], [0.1935482621192932, 0.005363501142710447]], [[0.00968899019062519, -0.02073797956109047], [-0.11633976548910141, -0.10692121088504791], [0.000878659076988697, -0.0714767798781395], [0.017868515104055405, 0.07291657477617264], [0.17407409846782684, 0.00484897755086422]], [[0.00930848065763712, -0.019254107028245926], [-0.10502874851226807, -0.09650066494941711], [0.0005805408582091331, -0.06419593095779419], [0.015802325680851936, 0.06532704830169678], [0.1568211317062378, 0.005397683009505272]], [[0.008296580985188484, -0.01667902059853077], [-0.09480872750282288, -0.08717751502990723], [7.301685400307178e-05, -0.05687033012509346], [0.014030209742486477, 0.05833108723163605], [0.1410534530878067, 0.005137377884238958]], [[0.007482494227588177, -0.014983346685767174], [-0.08563670516014099, -0.07877365499734879], [0.000789166078902781, -0.05070836469531059], [0.012455185875296593, 0.052048567682504654], [0.126807302236557, 0.004588723182678223]], [[0.006835274398326874, -0.01328982599079609], [-0.07734838128089905, -0.07127390801906586], [0.0009623938822187483, -0.04597202688455582], [0.011068349704146385, 0.046414464712142944], [0.11422152817249298, 0.005023803096264601]], [[0.0062933918088674545, -0.0119886239990592], [-0.0699257105588913, -0.06440216302871704], [0.0010801383759826422, -0.041676115244627], [0.009740425273776054, 0.04142724350094795], [0.10284114629030228, 0.005068087484687567]], [[0.005841144826263189, -0.011002414859831333], [-0.06322513520717621, -0.058271899819374084], [0.0013565293047577143, -0.03812616318464279], [0.008529082871973515, 0.03696952760219574], [0.09252730011940002, 0.004818439017981291]], [[0.00543665187433362, -0.009863612242043018], [-0.057213738560676575, -0.052806414663791656], [0.0011752299033105373, -0.034579869359731674], [0.007433190010488033, 0.032930660992860794], [0.0832224115729332, 0.0046121422201395035]], [[0.005197450984269381, -0.008635533973574638], [-0.05176399648189545, -0.04819207638502121], [0.001183170243166387, -0.031258221715688705], [0.006458173971623182, 0.029280539602041245], [0.07489821314811707, 0.004430253989994526]], [[0.004455119837075472, -0.00770312687382102], [-0.04677516967058182, -0.04353145509958267], [0.0012539750896394253, -0.0281732976436615], [0.005552753806114197, 0.02600559964776039], [0.06740079075098038, 0.004681822378188372]], [[0.004081005230545998, -0.0065709189511835575], [-0.04259638488292694, -0.03925570100545883], [0.001280665979720652, -0.025582004338502884], [0.004680194891989231, 0.023077718913555145], [0.06062398850917816, 0.00460148835554719]], [[0.0036663615610450506, -0.005916380323469639], [-0.03856353834271431, -0.035593703389167786], [0.001217611483298242, -0.02322332188487053], [0.0010767248459160328, 0.02307610586285591], [0.05446937680244446, 0.0042200153693556786]], [[0.0032892590388655663, -0.00534258596599102], [-0.0349607951939106, -0.032303933054208755], [0.0012089333031326532, -0.021126383915543556], [0.0006994748255237937, 0.02039318159222603], [0.04891195520758629, 0.003777868114411831]], [[0.00297668413259089, -0.004980859346687794], [-0.031705938279628754, -0.029365230351686478], [0.001226243213750422, -0.01908671110868454], [0.00036897475365549326, 0.017995594069361687], [0.04385676980018616, 0.0033387155272066593]], [[0.0030863690190017223, -0.00414624810218811], [-0.028795888647437096, -0.026703987270593643], [0.0012149530230090022, -0.017278315499424934], [3.31970804836601e-05, 0.01586422510445118], [0.039163243025541306, 0.002424481324851513]], [[0.0027453831862658262, -0.0038422043435275555], [-0.026183905079960823, -0.02430136129260063], [0.000941792968660593, -0.016125528141856194], [-0.00026568848988972604, 0.013981347903609276], [0.03506440669298172, 0.003159388666972518]], [[0.0025377555284649134, -0.003295611124485731], [-0.02390395477414131, -0.022102685645222664], [0.0007757706334814429, -0.014919907785952091], [-0.000652897753752768, 0.01259543839842081], [0.03139312565326691, 0.00334367249161005]], [[0.0023982569109648466, -0.0031245157588273287], [-0.021961776539683342, -0.02001684531569481], [0.0009496437851339579, -0.013376452028751373], [-0.000898005673661828, 0.012144585140049458], [0.027961768209934235, 0.0031996818725019693]], [[0.0016291718930006027, -0.002183703240007162], [-0.0199081189930439, -0.018052279949188232], [0.0009154573199339211, -0.011867095716297626], [-0.0009751309407874942, 0.01062450185418129], [0.024912305176258087, 0.003020303323864937]], [[0.0019640298560261726, -0.001375134801492095], [-0.017376583069562912, -0.013394147157669067], [0.0008501067641191185, -0.010531981475651264], [-0.0016984525136649609, 0.009776107966899872], [0.022160368040204048, 0.0028321200516074896]], [[0.0018385638250038028, 0.00020117382518947124], [-0.015873504802584648, -0.012278248555958271], [0.0008133326773531735, -0.009343491867184639], [-0.0015451047802343965, 0.007902340963482857], [0.019718149676918983, 0.002625246299430728]]],