{"eps": {"object_position": [[-0.032622888684272766, -0.06784766912460327], [0.08661899715662003, 0.16308318078517914], [0.0034409239888191223, -0.2782093584537506], [-0.07087190449237823, -0.159352645277977], [0.10488469898700714, 0.051286473870277405]], "object_rotation": [1.497296929359436, 0.9595794677734375, 2.6498541831970215, 1.2386305332183838, 1.5996792316436768], "distractor_position": [-0.3952692747116089, -0.4156535863876343, -1.1813284158706665, -0.5134000778198242, -0.38559770584106445]}, "eps_trace": {"object_position": [[[0.002981022000312805, -0.0768437460064888], [-0.020883701741695404, -0.08043058961629868], [-0.08422684669494629, 0.06895725429058075], [0.038366034626960754, -0.044076573103666306], [0.05854637920856476, -0.07292155921459198]], [[0.022248649969697, -0.13393452763557434], [-0.020883701741695404, -0.08043058961629868], [-0.08422684669494629, 0.06895725429058075], [0.038366034626960754, -0.044076573103666306], [0.013413731008768082, -0.026380423456430435]], [[0.03043842874467373, -0.06763967871665955], [0.002982666715979576, -0.016822434961795807], [-0.03963815048336983, -0.05822376906871796], [0.038366034626960754, -0.044076573103666306], [0.013413731008768082, -0.026380423456430435]], [[0.03043842874467373, -0.06763967871665955], [-0.02813953161239624, 0.21109145879745483], [-0.03963815048336983, -0.05822376906871796], [0.038366034626960754, -0.044076573103666306], [0.013413731008768082, -0.026380423456430435]], [[0.03043842874467373, -0.06763967871665955], [0.0756440982222557, 0.1977570652961731], [0.004515647888183594, 0.16441510617733002], [0.09787413477897644, 0.06022379919886589], [0.013413731008768082, -0.026380423456430435]], [[0.03043842874467373, -0.06763967871665955], [0.0756440982222557, 0.1977570652961731], [0.004515647888183594, 0.16441510617733002], [0.14164629578590393, 0.005038928240537643], [0.013413731008768082, -0.026380423456430435]], [[0.03043842874467373, -0.06763967871665955], [0.0756440982222557, 0.1977570652961731], [-0.04222429543733597, 0.12274657934904099], [0.14164629578590393, 0.005038928240537643], [-0.0016183434054255486, 0.08188019692897797]], [[0.03043842874467373, -0.06763967871665955], [0.0756440982222557, 0.1977570652961731], [-0.0681040808558464, 0.12752875685691833], [0.14164629578590393, 0.005038928240537643], [-0.0016183434054255486, 0.08188019692897797]], [[0.03043842874467373, -0.06763967871665955], [0.0756440982222557, 0.1977570652961731], [-0.0681040808558464, 0.12752875685691833], [0.14164629578590393, 0.005038928240537643], [-0.13093769550323486, 0.06111813336610794]], [[0.03043842874467373, -0.06763967871665955], [0.1582462191581726, 0.1268148571252823], [0.1060049757361412, 0.003950983285903931], [0.14164629578590393, 0.005038928240537643], [-0.13093769550323486, 0.06111813336610794]], [[-0.012074628844857216, -0.040191054344177246], [0.1582462191581726, 0.1268148571252823], [0.1060049757361412, 0.003950983285903931], [0.14164629578590393, 0.005038928240537643], [-0.13093769550323486, 0.06111813336610794]], [[0.09288521111011505, 0.0014298297464847565], [0.1582462191581726, 0.1268148571252823], [-0.06534313410520554, -0.12996087968349457], [0.17759524285793304, 0.21421311795711517], [-0.13093769550323486, 0.06111813336610794]], [[0.09288521111011505, 0.0014298297464847565], [0.1582462191581726, 0.1268148571252823], [-0.06534313410520554, -0.12996087968349457], [0.17759524285793304, 0.21421311795711517], [-0.13093769550323486, 0.06111813336610794]], [[0.09288521111011505, 0.0014298297464847565], [0.1582462191581726, 0.1268148571252823], [-0.06534313410520554, -0.12996087968349457], [0.17759524285793304, 0.21421311795711517], [-0.13093769550323486, 0.06111813336610794]], [[0.09288521111011505, 0.0014298297464847565], [0.043332718312740326, 0.12965428829193115], [-0.04312025010585785, -0.015126101672649384], [0.02561412751674652, 0.15219153463840485], [-0.13093769550323486, 0.06111813336610794]], [[0.09288521111011505, 0.0014298297464847565], [0.043332718312740326, 0.12965428829193115], [-0.04312025010585785, -0.015126101672649384], [0.15331265330314636, 0.020677030086517334], [-0.13093769550323486, 0.06111813336610794]], [[0.09288521111011505, 0.0014298297464847565], [0.043332718312740326, 0.12965428829193115], [-0.04312025010585785, -0.015126101672649384], [0.19909630715847015, -0.10351148992776871], [-0.13093769550323486, 0.06111813336610794]], [[0.12100096046924591, -0.10805143415927887], [0.043332718312740326, 0.12965428829193115], [-0.07735960185527802, -0.06392770260572433], [0.0788656547665596, 0.01490280032157898], [-0.13093769550323486, 0.06111813336610794]], [[0.12100096046924591, -0.10805143415927887], [0.043332718312740326, 0.12965428829193115], [-0.07735960185527802, -0.06392770260572433], [0.0788656547665596, 0.01490280032157898], [-0.22594279050827026, -0.06606347113847733]], [[0.057050012052059174, -0.174646258354187], [0.043332718312740326, 0.12965428829193115], [-0.07735960185527802, -0.06392770260572433], [0.0788656547665596, 0.01490280032157898], [-0.22594279050827026, -0.06606347113847733]], [[0.057050012052059174, -0.174646258354187], [0.043332718312740326, 0.12965428829193115], [-0.07735960185527802, -0.06392770260572433], [0.05666525661945343, -0.15427953004837036], [-0.1646604835987091, -0.15848934650421143]], [[0.057050012052059174, -0.174646258354187], [0.043332718312740326, 0.12965428829193115], [-0.07735960185527802, -0.06392770260572433], [0.05666525661945343, -0.15427953004837036], [-0.1792908012866974, -0.11597079038619995]], [[-0.032622888684272766, -0.06784766912460327], [0.08661899715662003, 0.16308318078517914], [0.2491610199213028, -0.16890761256217957], [-0.07087190449237823, -0.159352645277977], [0.12170276045799255, -0.034055277705192566]], [[-0.032622888684272766, -0.06784766912460327], [0.08661899715662003, 0.16308318078517914], [0.10674022138118744, -0.3127973675727844], [-0.07087190449237823, -0.159352645277977], [0.12170276045799255, -0.034055277705192566]], [[-0.032622888684272766, -0.06784766912460327], [0.08661899715662003, 0.16308318078517914], [0.0034409239888191223, -0.2782093584537506], [-0.07087190449237823, -0.159352645277977], [0.10488469898700714, 0.051286473870277405]]],