{"eps": {"object_position": [[0.14369657635688782, -0.17805609107017517], [-0.09862328320741653, -0.057237640023231506], [-0.01984841376543045, 0.1490880250930786], [0.02422388643026352, 0.059849001467227936], [0.07958996295928955, 0.023764804005622864]], "object_rotation": [2.5225343704223633, 1.8770496845245361, 0.9423789978027344, 1.1644459962844849, 1.9025307893753052], "distractor_position": [0.2722448408603668, 0.0393635630607605, -0.1876511424779892, 0.06784263253211975, -1.3381307125091553]}, "eps_trace": {"object_position": [[[0.04556615278124809, 0.13065779209136963], [-0.007023244630545378, 0.03748876228928566], [0.09675858169794083, -0.12002982199192047], [-0.0034701451659202576, -0.07662975788116455], [0.043202467262744904, -0.049526095390319824]], [[0.04556615278124809, 0.13065779209136963], [-0.007023244630545378, 0.03748876228928566], [0.1570059061050415, -0.028501711785793304], [-0.19356220960617065, -0.0655088946223259], [0.043202467262744904, -0.049526095390319824]], [[0.04556615278124809, 0.13065779209136963], [-0.007023244630545378, 0.03748876228928566], [0.1570059061050415, -0.028501711785793304], [0.1811278760433197, -0.016640886664390564], [0.043202467262744904, -0.049526095390319824]], [[0.04556615278124809, 0.13065779209136963], [-0.007023244630545378, 0.03748876228928566], [0.1570059061050415, -0.028501711785793304], [0.2382565140724182, -0.048222124576568604], [0.043202467262744904, -0.049526095390319824]], [[0.04556615278124809, 0.13065779209136963], [0.02610292285680771, -0.15808500349521637], [0.04794003814458847, -0.03930822014808655], [0.2382565140724182, -0.048222124576568604], [-0.010958906263113022, 0.025348350405693054]], [[0.04556615278124809, 0.13065779209136963], [0.02610292285680771, -0.15808500349521637], [0.04794003814458847, -0.03930822014808655], [0.11040076613426208, -0.10628101229667664], [-0.010958906263113022, 0.025348350405693054]], [[0.04556615278124809, 0.13065779209136963], [0.02610292285680771, -0.15808500349521637], [0.018857428804039955, 0.036050744354724884], [0.07455392926931381, -0.04213356971740723], [-0.010958906263113022, 0.025348350405693054]], [[0.10553184151649475, 0.08923608809709549], [0.05762387812137604, -0.18863800168037415], [-0.039727531373500824, 0.1550353467464447], [0.07455392926931381, -0.04213356971740723], [0.13487191498279572, -0.04348353296518326]], [[-0.04547129571437836, -0.027499109506607056], [0.05762387812137604, -0.18863800168037415], [-0.039727531373500824, 0.1550353467464447], [0.07455392926931381, -0.04213356971740723], [-0.03285945951938629, -0.07096683979034424]], [[-0.04547129571437836, -0.027499109506607056], [0.05762387812137604, -0.18863800168037415], [-0.039727531373500824, 0.1550353467464447], [0.07455392926931381, -0.04213356971740723], [0.09469765424728394, 0.006400279700756073]], [[-0.04547129571437836, -0.027499109506607056], [0.04515121877193451, -0.21777129173278809], [-0.039727531373500824, 0.1550353467464447], [0.031996484845876694, 0.04071564972400665], [0.1190706193447113, 0.1795113980770111]], [[0.03366851061582565, -0.011131079867482185], [-0.004575230181217194, -0.19587774574756622], [0.053719326853752136, 0.2025890350341797], [0.04868707433342934, 0.12828311324119568], [0.14194974303245544, 0.1670767068862915]], [[0.016961432993412018, 0.17466360330581665], [-0.004575230181217194, -0.19587774574756622], [0.053719326853752136, 0.2025890350341797], [0.04868707433342934, 0.12828311324119568], [0.14194974303245544, 0.1670767068862915]], [[-0.0017613004893064499, 0.14007362723350525], [-0.004575230181217194, -0.19587774574756622], [0.053719326853752136, 0.2025890350341797], [-0.03402545675635338, -0.08273465931415558], [0.02335003763437271, 0.14915065467357635]], [[-0.0017613004893064499, 0.14007362723350525], [-0.004575230181217194, -0.19587774574756622], [0.0639353096485138, 0.18075457215309143], [-0.03402545675635338, -0.08273465931415558], [0.02335003763437271, 0.14915065467357635]], [[0.06515050679445267, 0.06512962281703949], [0.03928431496024132, -0.17634324729442596], [0.02351216971874237, 0.11849008500576019], [-0.03402545675635338, -0.08273465931415558], [0.02335003763437271, 0.14915065467357635]], [[0.06515050679445267, 0.06512962281703949], [0.03928431496024132, -0.17634324729442596], [-0.04366445541381836, 0.002495400607585907], [-0.03402545675635338, -0.08273465931415558], [0.02335003763437271, 0.14915065467357635]], [[0.06515050679445267, 0.06512962281703949], [0.0943739116191864, 0.013988077640533447], [-0.04366445541381836, 0.002495400607585907], [0.16526679694652557, -0.07814545184373856], [0.0015153121203184128, 0.08957793563604355]], [[0.06515050679445267, 0.06512962281703949], [0.0943739116191864, 0.013988077640533447], [-0.04366445541381836, 0.002495400607585907], [0.07017066329717636, 0.13698142766952515], [0.0015153121203184128, 0.08957793563604355]], [[-0.06266524642705917, 0.004460185766220093], [-0.14333027601242065, 0.035727210342884064], [-0.04366445541381836, 0.002495400607585907], [0.07017066329717636, 0.13698142766952515], [0.0015153121203184128, 0.08957793563604355]], [[-0.06266524642705917, 0.004460185766220093], [-0.14333027601242065, 0.035727210342884064], [-0.11715716123580933, 0.022343311458826065], [0.19166937470436096, 0.011958584189414978], [-0.061857715249061584, -0.05206238478422165]], [[0.04392125457525253, -0.09314565360546112], [0.05540439486503601, 0.008396932855248451], [-0.13941305875778198, 0.06961676478385925], [-0.01987113058567047, 0.07920605689287186], [-0.061857715249061584, -0.05206238478422165]], [[0.04392125457525253, -0.09314565360546112], [-0.03051910549402237, 0.040017321705818176], [-0.13941305875778198, 0.06961676478385925], [0.02422388643026352, 0.059849001467227936], [-0.061857715249061584, -0.05206238478422165]], [[0.059361010789871216, 0.13022491335868835], [-0.09862328320741653, -0.057237640023231506], [-0.13941305875778198, 0.06961676478385925], [0.02422388643026352, 0.059849001467227936], [-0.061857715249061584, -0.05206238478422165]], [[0.14369657635688782, -0.17805609107017517], [-0.09862328320741653, -0.057237640023231506], [-0.01984841376543045, 0.1490880250930786], [0.02422388643026352, 0.059849001467227936], [0.07958996295928955, 0.023764804005622864]]],