{"eps": {"object_position": [[0.6460691690444946, 0.006905578076839447], [-0.5170609354972839, 0.3845757246017456], [-0.06467513740062714, 0.6392906308174133], [-0.43473830819129944, 0.42250218987464905], [-0.45607244968414307, 0.0561048686504364], [-0.334403395652771, 0.48475968837738037], [-0.2845768630504608, 0.22965319454669952], [-0.4331214129924774, 0.4524787664413452], [-0.5583634972572327, 0.17872245609760284], [-0.3395019471645355, 0.5402910113334656]], "object_rotation": [2.9241440296173096, 1.4047271013259888, 1.8357062339782715, 3.208824634552002, 1.6583609580993652, 0.17147326469421387, 1.4976876974105835, -0.5333397388458252, 1.1837364435195923, 3.3801541328430176], "distractor_position": [-1.2673884630203247, -2.0294899940490723, -1.3061431646347046, -1.1466834545135498, -0.08240856230258942, 0.31894800066947937, 0.06257595121860504, -0.6249725818634033, -0.6927172541618347, -0.7259443998336792]}, "eps_trace": {"object_position": [[[-0.029091879725456238, -0.11895976215600967], [-0.03491157293319702, 0.3356824815273285], [0.14366811513900757, 0.5921356678009033], [0.029696185141801834, -0.18734681606292725], [-0.3337022662162781, 0.32502982020378113], [-0.10586489737033844, 0.5134425759315491], [-0.03876570239663124, 0.04178474470973015], [0.2903280556201935, -0.2639244496822357], [-0.5583634972572327, 0.17872245609760284], [-0.054440777748823166, -0.0018072841921821237]], [[0.6460691690444946, 0.006905578076839447], [-0.03491157293319702, 0.3356824815273285], [0.14366811513900757, 0.5921356678009033], [0.031941402703523636, -0.2552292048931122], [-0.3337022662162781, 0.32502982020378113], [0.34830015897750854, 0.5189894437789917], [-0.03876570239663124, 0.04178474470973015], [0.1870865523815155, -0.002123802900314331], [-0.5583634972572327, 0.17872245609760284], [-0.054440777748823166, -0.0018072841921821237]], [[0.6460691690444946, 0.006905578076839447], [-0.03491157293319702, 0.3356824815273285], [0.14366811513900757, 0.5921356678009033], [0.031941402703523636, -0.2552292048931122], [-0.3337022662162781, 0.32502982020378113], [0.34830015897750854, 0.5189894437789917], [-0.03876570239663124, 0.04178474470973015], [-0.4331214129924774, 0.4524787664413452], [-0.5583634972572327, 0.17872245609760284], [-0.054440777748823166, -0.0018072841921821237]], [[0.6460691690444946, 0.006905578076839447], [-0.03491157293319702, 0.3356824815273285], [0.14366811513900757, 0.5921356678009033], [0.031941402703523636, -0.2552292048931122], [-0.3337022662162781, 0.32502982020378113], [0.34830015897750854, 0.5189894437789917], [-0.2845768630504608, 0.22965319454669952], [-0.4331214129924774, 0.4524787664413452], [-0.5583634972572327, 0.17872245609760284], [-0.054440777748823166, -0.0018072841921821237]], [[0.6460691690444946, 0.006905578076839447], [-0.03491157293319702, 0.3356824815273285], [0.14366811513900757, 0.5921356678009033], [0.0005387924611568451, 0.44390836358070374], [-0.3337022662162781, 0.32502982020378113], [0.34830015897750854, 0.5189894437789917], [-0.2845768630504608, 0.22965319454669952], [-0.4331214129924774, 0.4524787664413452], [-0.5583634972572327, 0.17872245609760284], [-0.22050100564956665, -0.10867595672607422]], [[0.6460691690444946, 0.006905578076839447], [-0.03491157293319702, 0.3356824815273285], [0.14366811513900757, 0.5921356678009033], [0.0005387924611568451, 0.44390836358070374], [-0.45607244968414307, 0.0561048686504364], [0.34830015897750854, 0.5189894437789917], [-0.2845768630504608, 0.22965319454669952], [-0.4331214129924774, 0.4524787664413452], [-0.5583634972572327, 0.17872245609760284], [-0.22050100564956665, -0.10867595672607422]], [[0.6460691690444946, 0.006905578076839447], [-0.39967256784439087, 0.5372148156166077], [0.14366811513900757, 0.5921356678009033], [0.0005387924611568451, 0.44390836358070374], [-0.45607244968414307, 0.0561048686504364], [-0.334403395652771, 0.48475968837738037], [-0.2845768630504608, 0.22965319454669952], [-0.4331214129924774, 0.4524787664413452], [-0.5583634972572327, 0.17872245609760284], [-0.3395019471645355, 0.5402910113334656]], [[0.6460691690444946, 0.006905578076839447], [-0.39967256784439087, 0.5372148156166077], [0.14366811513900757, 0.5921356678009033], [-0.43473830819129944, 0.42250218987464905], [-0.45607244968414307, 0.0561048686504364], [-0.334403395652771, 0.48475968837738037], [-0.2845768630504608, 0.22965319454669952], [-0.4331214129924774, 0.4524787664413452], [-0.5583634972572327, 0.17872245609760284], [-0.3395019471645355, 0.5402910113334656]], [[0.6460691690444946, 0.006905578076839447], [-0.39967256784439087, 0.5372148156166077], [0.14366811513900757, 0.5921356678009033], [-0.43473830819129944, 0.42250218987464905], [-0.45607244968414307, 0.0561048686504364], [-0.334403395652771, 0.48475968837738037], [-0.2845768630504608, 0.22965319454669952], [-0.4331214129924774, 0.4524787664413452], [-0.5583634972572327, 0.17872245609760284], [-0.3395019471645355, 0.5402910113334656]], [[0.6460691690444946, 0.006905578076839447], [-0.5170609354972839, 0.3845757246017456], [-0.06467513740062714, 0.6392906308174133], [-0.43473830819129944, 0.42250218987464905], [-0.45607244968414307, 0.0561048686504364], [-0.334403395652771, 0.48475968837738037], [-0.2845768630504608, 0.22965319454669952], [-0.4331214129924774, 0.4524787664413452], [-0.5583634972572327, 0.17872245609760284], [-0.3395019471645355, 0.5402910113334656]]], "object_rotation": [[3.042548179626465, 1.2003427743911743, 2.5312416553497314, 2.3626368045806885, 2.3270151615142822, 1.3972915410995483, 0.21436846256256104, 0.7460616230964661, 1.1837364435195923, 3.345048427581787], [2.9241440296173096, 1.2003427743911743, 2.5312416553497314, 2.616039276123047, 2.3270151615142822, 0.9297901391983032, 0.21436846256256104, 0.4410392642021179, 1.1837364435195923, 3.345048427581787], [2.9241440296173096, 1.2003427743911743, 2.5312416553497314, 2.616039276123047, 2.3270151615142822, 0.9297901391983032, 0.21436846256256104, -0.5333397388458252, 1.1837364435195923, 3.345048427581787], [2.9241440296173096, 1.2003427743911743, 2.5312416553497314, 2.616039276123047, 2.3270151615142822, 0.9297901391983032, 1.4976876974105835, -0.5333397388458252, 1.1837364435195923, 3.345048427581787], [2.9241440296173096, 1.2003427743911743, 2.5312416553497314, 1.9930424690246582, 2.3270151615142822, 0.9297901391983032, 1.4976876974105835, -0.5333397388458252, 1.1837364435195923, 3.2984719276428223], [2.9241440296173096, 1.2003427743911743, 2.5312416553497314, 1.9930424690246582, 1.6583609580993652, 0.9297901391983032, 1.4976876974105835, -0.5333397388458252, 1.1837364435195923, 3.2984719276428223], [2.9241440296173096, 1.2398914098739624, 2.5312416553497314, 1.9930424690246582, 1.6583609580993652, 0.17147326469421387, 1.4976876974105835, -0.5333397388458252, 1.1837364435195923, 3.3801541328430176], [2.9241440296173096, 1.2398914098739624, 2.5312416553497314, 3.208824634552002, 1.6583609580993652, 0.17147326469421387, 1.4976876974105835, -0.5333397388458252, 1.1837364435195923, 3.3801541328430176], [2.9241440296173096, 1.2398914098739624, 2.5312416553497314, 3.208824634552002, 1.6583609580993652, 0.17147326469421387, 1.4976876974105835, -0.5333397388458252, 1.1837364435195923, 3.3801541328430176], [2.9241440296173096, 1.4047271013259888, 1.8357062339782715, 3.208824634552002, 1.6583609580993652, 0.17147326469421387, 1.4976876974105835, -0.5333397388458252, 1.1837364435195923, 3.3801541328430176]],