{"seeker_traj": {"trajectories": [[[-0.8143672347068787, -0.31625038385391235], [-0.8619176149368286, -0.2490123212337494], [0.09550903737545013, -0.09653737396001816], [-0.003881446784362197, 0.16174186766147614], [1.0978161096572876, -0.1681174784898758]], [[1.0447330474853516, 0.3384600877761841], [1.109255313873291, -0.11166317760944366], [1.1216028928756714, -0.5274136066436768], [1.0912379026412964, -0.5306039452552795], [-1.0822865962982178, -0.5025026202201843]], [[0.8012321591377258, 0.22361940145492554], [1.1238254308700562, 0.47276735305786133], [1.1322147846221924, 0.517180860042572], [1.0980758666992188, 0.5090692639350891], [-0.3088720738887787, 0.4653486907482147]]]}, "hider_trajs": {"trajectories": [[[[0.7550140023231506, 0.25328078866004944], [-0.16596131026744843, 0.32395249605178833], [-0.9914063215255737, 0.4369111955165863], [0.06805572658777237, -0.12445593625307083], [-1.1268852949142456, -0.35813984274864197]], [[-0.7938904166221619, -0.39872753620147705], [1.0342872142791748, -0.40704548358917236], [0.8937180042266846, -0.28167086839675903], [0.728681206703186, 0.13642320036888123], [-0.1912032663822174, -0.01698402315378189]], [[-1.031810998916626, -0.5758296847343445], [-1.0563457012176514, -0.5648941993713379], [-1.067934513092041, -0.5187567472457886], [-1.1045256853103638, 0.019950956106185913], [-1.1495317220687866, 0.09720294922590256]], [[1.0271228551864624, 0.30300775170326233], [1.0562607049942017, 0.45282211899757385], [1.0383962392807007, 0.2776803970336914], [-0.28746268153190613, -0.07066284120082855], [0.24642419815063477, -0.18878985941410065]], [[1.0723978281021118, -0.503966212272644], [1.112860918045044, -0.5519394278526306], [1.1128567457199097, -0.5717098116874695], [1.0712910890579224, -0.5831298828125], [0.5576881170272827, -0.5813984274864197]], [[0.9666536450386047, -0.025707999244332314], [1.0798444747924805, -0.1852090209722519], [0.28925156593322754, -0.41555747389793396], [0.9144691824913025, -0.4669869542121887], [-0.05817965418100357, -0.2729830741882324]], [[-0.8072187304496765, 0.20096445083618164], [0.007259265054017305, 0.21081744134426117], [-0.9933056235313416, 0.17418299615383148], [-0.9806638360023499, -0.35975226759910583], [0.22645947337150574, -0.25243228673934937]], [[1.0669300556182861, -0.11383511871099472], [1.1215786933898926, -0.11353779584169388], [1.1318414211273193, 0.11721944063901901], [1.1044280529022217, 0.3533776104450226], [-0.04160177335143089, -0.21523991227149963]], [[0.9953293204307556, 0.04567117244005203], [1.0467420816421509, 0.08691125363111496], [0.4943352937698364, 0.21777091920375824], [1.09270179271698, 0.15683838725090027], [0.7805373072624207, -0.4004930853843689]], [[1.0871647596359253, 0.2583688795566559], [1.1342706680297852, 0.5287245512008667], [1.140090823173523, 0.5555600523948669], [1.1076687574386597, 0.5729804635047913], [0.3176543712615967, 0.5819839835166931]], [[1.0816092491149902, -0.4958173930644989], [1.1261022090911865, -0.5407472252845764], [1.1307264566421509, -0.5461417436599731], [1.1315534114837646, -0.5417776703834534], [1.1983718872070312, -0.5892416834831238]], [[-1.0320795774459839, 0.2748546004295349], [-0.9147785902023315, 0.21386508643627167], [-0.9269440174102783, 0.17938010394573212], [-0.320400208234787, 0.14336638152599335], [0.44323718547821045, -0.20318548381328583]], [[-0.6965895295143127, -0.5647878646850586], [-1.0361018180847168, -0.5592747330665588], [-0.26680073142051697, -0.530541181564331], [-0.7807339429855347, -0.5010560750961304], [-1.1549522876739502, -0.5632420778274536]], [[-0.6550163626670837, 0.18170569837093353], [0.9398196935653687, 0.2926681935787201], [0.8400035500526428, 0.1724415421485901], [-0.9429793953895569, -0.19512814283370972], [-1.1064094305038452, -0.5083090662956238]], [[-1.0557514429092407, -0.10400091111660004], [-0.7055884003639221, -0.5083118677139282], [-1.0220615863800049, -0.5238660573959351], [-0.6321933269500732, -0.5413877964019775], [0.9060184955596924, -0.5448709726333618]]], [[[0.9514264464378357, 0.03187037259340286], [0.36261582374572754, 0.42990216612815857], [-0.6658181548118591, 0.4554857313632965], [-0.6953295469284058, 0.31705811619758606], [-0.6661778092384338, -0.15472319722175598]], [[-0.9793134331703186, -0.48244747519493103], [0.613900899887085, -0.3414640724658966], [-0.9702142477035522, 0.18456591665744781], [-0.995182991027832, -0.4804755449295044], [-0.7058383226394653, -0.5458794236183167]], [[0.8967757225036621, -0.5085653066635132], [-0.5208947062492371, -0.5334116220474243], [0.6930494904518127, -0.50710529088974], [-0.17568503320217133, -0.406288743019104], [0.512117862701416, 0.14118008315563202]], [[1.0263338088989258, 0.00897914171218872], [0.34458938241004944, -0.3707275390625], [0.4912625551223755, -0.1565769761800766], [-0.25645679235458374, 0.0005478977109305561], [-1.0150457620620728, -0.052848443388938904]], [[-0.8355551362037659, -0.3311712145805359], [-1.0141099691390991, -0.01616302877664566], [-0.9985215663909912, 0.2295040637254715], [-0.9707043766975403, 0.4641299545764923], [-0.01692885532975197, 0.5410689115524292]], [[-0.5260473489761353, -0.5117706060409546], [-0.9969488978385925, -0.5260079503059387], [-0.5570006966590881, -0.5274302363395691], [-0.34829017519950867, -0.5435268878936768], [0.8108981251716614, -0.546785831451416]], [[0.09803202748298645, -0.10038410872220993], [-0.08311901986598969, -0.16394059360027313], [-0.35240116715431213, 0.17950314283370972], [-0.7159526944160461, 0.26399487257003784], [-0.6099911332130432, -0.19902630150318146]], [[-0.42400994896888733, -0.47838765382766724], [-1.0578862428665161, -0.44032013416290283], [-0.7637155055999756, 0.20602671802043915], [-1.0247802734375, 0.4343351721763611], [-0.8051272034645081, 0.2958851754665375]], [[1.044524073600769, -0.5371041893959045], [0.7904067635536194, -0.5664589405059814], [0.45311665534973145, -0.5581132769584656], [0.8122220039367676, -0.4919440448284149], [0.7652193903923035, -0.03186699002981186]], [[0.632225751876831, 0.4573832154273987], [-0.47914645075798035, 0.4269634783267975], [-0.7295075058937073, -0.10968073457479477], [0.9225210547447205, -0.5281231999397278], [0.5416767001152039, -0.4878298044204712]], [[1.0377371311187744, -0.5321221351623535], [1.080172061920166, -0.5700274705886841], [0.39412984251976013, -0.5768880844116211], [0.3916797339916229, -0.5704364776611328], [0.38045528531074524, -0.5632793307304382]], [[1.020721197128296, -0.3466101586818695], [-0.362789124250412, -0.11940280348062515], [-0.16755861043930054, -0.2126808911561966], [-0.019038498401641846, 0.2736748158931732], [0.3297773003578186, 0.38448840379714966]], [[-0.3150864839553833, -0.4735683798789978], [-0.6961818337440491, -0.45840153098106384], [-0.4693206548690796, -0.4525327980518341], [0.42661917209625244, -0.33270516991615295], [0.8640777468681335, 0.36528393626213074]], [[1.0957597494125366, -0.1486278623342514], [1.1492509841918945, -0.4137107729911804], [1.1635026931762695, -0.18749891221523285], [1.1517223119735718, -0.23939771950244904], [0.9480406045913696, 0.0341590978205204]], [[1.0034133195877075, -0.43436431884765625], [-0.48580384254455566, -0.4026978611946106], [0.6524341702461243, 0.22054436802864075], [-0.6451456546783447, -0.0029431055299937725], [-1.0509543418884277, -0.18606406450271606]]], [[[-0.6227729916572571, 0.13607072830200195], [0.9818347096443176, 0.0750642791390419], [-0.04733504354953766, -0.39607658982276917], [0.14027492702007294, -0.49460890889167786], [0.565972089767456, -0.521176815032959]], [[0.5591301321983337, 0.12922775745391846], [-0.9795694947242737, 0.1867050975561142], [-0.14323583245277405, -0.18739427626132965], [-0.5957995057106018, -0.2460225373506546], [-1.1088018417358398, 0.20599451661109924]], [[1.0509628057479858, 0.5134371519088745], [0.6008197069168091, 0.5546974539756775], [1.0157599449157715, 0.569622814655304], [0.8151454925537109, 0.5769520998001099], [0.10227861255407333, 0.5785502195358276]], 