{"seeker_traj": {"trajectories": [[[[-1.399999976158142, -0.800000011920929], [0.24833178520202637, 0.7367590069770813], [0.5227329134941101, 0.586944580078125], [-1.2328436374664307, -0.1518545150756836], [0.6135884523391724, 0.7287052273750305]]], [[[-1.399999976158142, 0.0], [-0.45112481713294983, -0.29335689544677734], [-0.49157699942588806, -0.7557601928710938], [0.0997743085026741, -0.15492954850196838], [-0.7909136414527893, -0.6939253211021423]]], [[[-1.399999976158142, 0.800000011920929], [0.04251131787896156, 0.337956041097641], [0.5396231412887573, 0.05392875894904137], [-1.2823654413223267, 0.026602745056152344], [-0.36447662115097046, -0.2769775390625]]]]}, "hider_trajs": {"trajectories": [[[[[1.000675082206726, 0.4447067081928253], [1.1175909042358398, 0.4888055920600891], [1.144392967224121, 0.51114422082901], [1.1546645164489746, 0.5276555418968201], [1.2040374279022217, 0.5669130682945251]], [[0.2370900958776474, -0.38504543900489807], [-0.3921568691730499, -0.421581506729126], [-0.3631465435028076, -0.1225738525390625], [-1.011483907699585, -0.3340841233730316], [0.9072564840316772, -0.09597302228212357]], [[1.059537410736084, -0.14534738659858704], [0.11707527935504913, -0.5379075407981873], [1.1437169313430786, -0.5642085075378418], [0.7138144373893738, -0.5615580677986145], [1.1773805618286133, -0.5392391681671143]], [[-0.08511929214000702, -0.05483841896057129], [-0.960711658000946, -0.19466988742351532], [-0.9804503917694092, 0.39640098810195923], [-0.9298810362815857, 0.467843234539032], [1.0083646774291992, -0.3317536413669586]], [[0.9482039213180542, -0.31868839263916016], [0.3848209083080292, 0.3283360004425049], [-0.17110297083854675, 0.32447919249534607], [0.9295029640197754, -0.3137277662754059], [-0.25709688663482666, 0.140249103307724]], [[-0.3685317933559418, -0.47026145458221436], [1.1178232431411743, -0.5085498690605164], [1.143046259880066, -0.5346559882164001], [1.1563243865966797, -0.5419788956642151], [1.198810338973999, -0.5529940128326416]], [[-0.1748514473438263, -0.42954856157302856], [-0.00023765450168866664, -0.04501830413937569], [-0.8432443737983704, 0.4613988995552063], [0.2263704389333725, -0.32660111784935], [-1.0104774236679077, -0.06465397775173187]], [[0.32018938660621643, -0.36806413531303406], [1.1197309494018555, -0.5049512386322021], [1.1455529928207397, -0.5337152481079102], [1.157510757446289, -0.542018711566925], [1.19950532913208, -0.557117760181427]], [[-1.0195415019989014, -0.5484204888343811], [-1.0519747734069824, -0.5513716340065002], [-1.0282737016677856, -0.5135753154754639], [-1.0409480333328247, -0.4216379225254059], [-1.1223341226577759, 0.10041293501853943]], [[0.9486053586006165, -0.011339209973812103], [0.8110875487327576, -0.4557796120643616], [1.0106899738311768, -0.45736929774284363], [-0.6956995725631714, 0.26073166728019714], [-1.0152332782745361, 0.19354073703289032]]]], [[[[0.9385205507278442, 0.4868437647819519], [-0.7870591878890991, 0.5469025373458862], [0.708209216594696, 0.5538336634635925], [-1.0889756679534912, 0.2512665390968323], [-1.0578209161758423, 0.08813542127609253]], [[-0.5611636638641357, 0.4984794557094574], [1.0415838956832886, 0.5418325066566467], [-0.793595016002655, 0.545287549495697], [-0.9942223429679871, 0.5325438976287842], [0.31954365968704224, 0.5567063093185425]], [[0.9785723090171814, -0.04152331128716469], [0.6485885381698608, 0.40437108278274536], [-0.5097969770431519, 0.42430055141448975], [0.5160602331161499, 0.12708789110183716], [-0.7612671852111816, -0.5222839117050171]], [[-0.8370886445045471, 0.23069122433662415], [-1.0549511909484863, -0.23445186018943787], [-1.0458827018737793, -0.03313886746764183], [0.6100113391876221, -0.08883772045373917], [-0.2800130248069763, -0.2223254144191742]], [[-0.9511357545852661, 0.06994795799255371], [-0.988598108291626, -0.16735243797302246], [-0.9844047427177429, 0.11264950037002563], [0.9315163493156433, 0.47210514545440674], [-0.5757433772087097, 0.49428728222846985]], [[0.8350853323936462, -0.2097419649362564], [-0.05622129887342453, 0.16932331025600433], [-0.7879679203033447, -0.04462903365492821], [-1.0010857582092285, 0.06996983289718628], [-1.1100033521652222, -0.4621134102344513]], [[0.1393643170595169, -0.4258277416229248], [-0.2176079899072647, -0.4797925353050232], [-0.010378096252679825, -0.4511302411556244], [0.6124201416969299, 0.45666539669036865], [1.0186824798583984, 0.4572218060493469]], [[-0.8970382213592529, -0.4506624937057495], [0.04618397727608681, -0.495059072971344], [-0.9642104506492615, -0.4116596281528473], [-0.8201849460601807, 0.4606020748615265], [0.3671790063381195, 0.5094292759895325]], [[-0.9704865217208862, -0.2646074891090393], [0.3578096330165863, -0.42665815353393555], [-0.05134197324514389, -0.42714884877204895], [-0.28524816036224365, -0.29027456045150757], [0.37940019369125366, 0.1230759248137474]], [[-0.37590381503105164, -0.32179582118988037], [1.1090694665908813, -0.4557821750640869], [1.1327327489852905, -0.5308120250701904], [1.1411209106445312, -0.5552768111228943], [0.7403280138969421, -0.6111084222793579]]]], [[[[0.9510372281074524, -0.07558134198188782], [1.0218086242675781, -0.5048129558563232], [1.1478114128112793, -0.5348528623580933], [1.1590791940689087, -0.5428887009620667], [1.1998016834259033, -0.5558698177337646]], [[-0.7080749273300171, 0.30201518535614014], [0.9593665599822998, 0.5114575028419495], [0.8533933162689209, 0.5466529130935669], [-1.0429606437683105, 0.5404281616210938], [-1.08821439743042, 0.013014866039156914]], [[-0.499176949262619, -0.48751890659332275], [-1.033150315284729, -0.32875949144363403], [1.0623559951782227, 0.3976590037345886], [1.0816766023635864, 0.42215368151664734], [0.44097763299942017, 0.340994656085968]], [[-0.8944464921951294, 0.1769448071718216], [0.0648985281586647, -0.5030616521835327], [0.08593105524778366, -0.5230017304420471], [0.8402442336082458, -0.5140386819839478], [-0.9305139780044556, 0.35370343923568726]], [[0.5747131705284119, -0.4865639805793762], [-0.3611723780632019, -0.5353935956954956], [-0.5134747624397278, -0.5631062388420105], [0.6411589980125427, -0.5741509199142456], [-0.7054744362831116, -0.5550329089164734]], [[0.17201848328113556, -0.5353951454162598], [0.2632163166999817, -0.5731298327445984], [-0.9835698008537292, -0.5749585032463074], [-0.7126084566116333, -0.5499477982521057], [-1.0847288370132446, -0.5084226131439209]], [[-0.23776549100875854, -0.4467352330684662], [1.1193982362747192, -0.5154737830162048], [0.9272467494010925, -0.5441106557846069], [1.1565749645233154, -0.5492914319038391], [1.1967352628707886, -0.5387146472930908]], [[0.7788481116294861, 0.33474984765052795], [1.0979955196380615, 0.46929439902305603], [0.9472729563713074, 0.500029444694519], [0.7364382743835449, 0.5174575448036194], [1.2053165435791016, 0.5434768795967102]], [[0.18949684500694275, 0.44850900769233704], [1.12481689453125, 0.40601977705955505], [1.1425423622131348, 0.49655506014823914], [1.15200674533844, 0.5188231468200684], [1.2048919200897217, 0.563840925693512]], [[0.12225108593702316, 0.26354801654815674], [1.1267367601394653, 0.4695071578025818], [1.1426159143447876, 0.49564021825790405], [1.1517764329910278, 0.5190459489822388], [1.2045117616653442, 0.5634716749191284]]]], [[[[-0.3912750780582428, 0.3752913177013397], [0.22239220142364502, -0.4543531835079193], [0.05441737174987793, -0.4566875398159027], [-0.4634522497653961, 0.19546286761760712], [0.8265827894210815, -0.3564070761203766]], [[-0.25530388951301575, 0.3280160427093506], [0.4902869760990143, 0.4796258509159088], [-0.12498556822538376, 0.5202065110206604], [0.4984482228755951, 0.5404074192047119], [-0.7657517194747925, 0.5332530736923218]], [[0.16354887187480927, 0.375750869512558], [1.130826473236084, 0.40604233741760254], [1.1537612676620483, 0.06154340133070946], [1.1626356840133667, 0.05799079313874245], [1.2031174898147583, -0.5195441842079163]], [[1.0504111051559448, 0.4260222613811493], [1.116045355796814, 