{"seeker_traj": {"trajectories": [[[[-0.9794697165489197, 0.1909632384777069], [-0.9710384011268616, 0.08895383030176163], [-0.9383751749992371, 0.3989745080471039], [-0.6976416110992432, 0.4962650239467621], [1.1836681365966797, 0.5384146571159363]]], [[[0.6362359523773193, 0.035895973443984985], [-0.41422903537750244, -0.3711782693862915], [-0.030254174023866653, 0.4427153766155243], [1.0515427589416504, 0.4819925129413605], [1.145298719406128, -0.13786561787128448]]], [[[0.7222381830215454, -0.5719069838523865], [0.8795488476753235, -0.5649619698524475], [1.0251787900924683, -0.5202668309211731], [1.0278030633926392, -0.02951071970164776], [-0.9660685062408447, -0.2692285478115082]]]]}, "hider_trajs": {"trajectories": [[[[[0.4955103099346161, 0.5216048955917358], [0.4277969300746918, 0.5285950899124146], [-0.813492476940155, 0.4711652398109436], [-0.11182092875242233, 0.09595721960067749], [-0.6729031205177307, -0.06914889812469482]], [[0.5114631056785583, 0.29455798864364624], [0.6718856692314148, 0.2287883311510086], [0.34881463646888733, -0.03588974103331566], [0.8516787886619568, -0.4146861433982849], [-0.7330605387687683, -0.39874252676963806]], [[-0.7387133836746216, 0.39123594760894775], [1.027829885482788, 0.09729919582605362], [0.481009840965271, -0.015213565900921822], [-0.7238056659698486, -0.34109941124916077], [0.8181235790252686, 0.02189893275499344]], [[1.0961202383041382, -0.341796875], [1.153698444366455, -0.47570616006851196], [1.1681034564971924, -0.3782474398612976], [1.1566636562347412, 0.32125478982925415], [1.1751161813735962, 0.564033567905426]], [[-0.1622532308101654, -0.5477719306945801], [0.48893630504608154, -0.5684390068054199], [-1.1031392812728882, -0.5611879825592041], [-0.6044843196868896, -0.5524658560752869], [-1.1470993757247925, -0.5783431529998779]], [[-0.3839138150215149, 0.2787618935108185], [-0.020112069323658943, 0.4292054772377014], [-0.6548157930374146, -0.1528153121471405], [-0.05250536650419235, 0.12329220771789551], [-0.8603077530860901, -0.15534672141075134]], [[0.9516636729240417, 0.3192741274833679], [-0.6358178853988647, 0.13383108377456665], [-0.24153725802898407, 0.004294032230973244], [-0.07558608055114746, 0.20441219210624695], [-1.0374375581741333, 0.5178408622741699]], [[1.1135417222976685, 0.5045621395111084], [1.158923625946045, 0.5456587076187134], [1.1584100723266602, 0.5426447987556458], [1.1305558681488037, 0.5215601325035095], [1.1733399629592896, 0.5879912972450256]], [[0.47656723856925964, -0.4422070384025574], [-0.7865318059921265, -0.1301153600215912], [-0.9725707769393921, -0.18505440652370453], [0.1404450386762619, 0.3391818702220917], [0.4533981382846832, 0.2520182728767395]], [[0.1510324329137802, 0.2579548954963684], [0.3432522416114807, 0.30632153153419495], [-0.7292414903640747, 0.3128787577152252], [-0.24617435038089752, -0.15241935849189758], [0.3398517668247223, -0.1248757392168045]]]], [[[[0.9992601275444031, 0.5157910585403442], [-0.7537447810173035, 0.5053111910820007], [-0.800837516784668, 0.43810537457466125], [-0.5431002974510193, -0.21766449511051178], [-1.0072821378707886, 0.04104886204004288]], [[0.9288651943206787, 0.52940434217453], [0.8826748132705688, 0.5735904574394226], [0.9112371802330017, 0.5828748941421509], [-0.7378575205802917, 0.570647120475769], [-1.0198235511779785, 0.5593683123588562]], [[1.094771146774292, 0.0559285432100296], [1.1505732536315918, -0.4671853482723236], [1.164434790611267, -0.4496927261352539], [1.163839340209961, 0.3098353445529938], [1.1769055128097534, 0.15149050951004028]], [[0.020409628748893738, 0.14083266258239746], [1.0433498620986938, 0.38974642753601074], [0.967652440071106, 0.018469437956809998], [1.0530463457107544, -0.12471621483564377], [-0.12894946336746216, 0.23168301582336426]], [[0.9012668132781982, -0.42954161763191223], [1.090940237045288, -0.5066802501678467], [1.097863793373108, -0.5560623407363892], [0.8070111870765686, -0.5903945565223694], [0.23487721383571625, -0.601782500743866]], [[-0.9338762760162354, -0.4748745560646057], [-0.6776087284088135, 0.17394132912158966], [-0.8763846755027771, 0.36983510851860046], [-0.48060083389282227, 0.3519141972064972], [0.582410991191864, 0.34894922375679016]], [[1.1095595359802246, 0.4848237633705139], [1.1498030424118042, 0.4960702657699585], [1.1553236246109009, 0.48302629590034485], [1.1516051292419434, 0.008936528116464615], [1.1683344841003418, -0.16332413256168365]], [[0.31360989809036255, -0.574977695941925], [-0.6691371202468872, -0.5686837434768677], [-1.0435614585876465, -0.5224752426147461], [-1.0435829162597656, -0.4805029630661011], [-1.175650715827942, -0.1131252720952034]], [[-0.9646628499031067, 0.09652791172266006], [-0.9810495376586914, -0.1257682591676712], [-0.28593945503234863, -0.2757173180580139], [-1.023690938949585, -0.39147764444351196], [0.7965292930603027, -0.41690582036972046]], [[0.7797965407371521, -0.4285777807235718], [1.1154224872589111, -0.5050374865531921], [1.1279232501983643, -0.5368620157241821], [1.1364696025848389, -0.5441499352455139], [1.2080715894699097, -0.5896036624908447]]]], [[[[-0.8163053393363953, -0.5150614380836487], [0.49573180079460144, -0.4857077896595001], [-0.9390299320220947, -0.297472208738327], [0.12217361479997635, 0.3475525975227356], [-0.3833402693271637, 0.400545209646225]], [[0.6669571995735168, -0.2462393045425415], [1.0388356447219849, -0.20608638226985931], [-0.7294765710830688, -0.29037055373191833], [0.8041546940803528, -0.1336282342672348], [0.1090032309293747, -0.409196138381958]], [[0.193756565451622, -0.5084204077720642], [0.8698959350585938, -0.5567356944084167], [1.026495337486267, -0.5722665190696716], [0.25073686242103577, -0.5789134502410889], [-0.9399498105049133, -0.5849021077156067]], [[0.2661150395870209, 0.0737229734659195], [-0.9904019236564636, 0.4452179968357086], [0.15375679731369019, 0.48493334650993347], [-1.0193679332733154, 0.4728713035583496], [-1.0760939121246338, 0.48825815320014954]], [[0.36029496788978577, -0.5184102654457092], [1.0345913171768188, -0.5656513571739197], [-0.10687422752380371, -0.577808678150177], [0.051098328083753586, -0.5739519000053406], [-0.37573137879371643, -0.555002748966217]], [[0.8005689978599548, 0.14336229860782623], [-0.8663387298583984, 0.38668277859687805], [0.2209193855524063, 0.5197334289550781], [0.6667798161506653, 0.5321601033210754], [1.099161982536316, 0.21689920127391815]], [[-0.7571085095405579, 0.296869695186615], [-0.9330285787582397, 0.38829901814460754], [-0.7878093123435974, -0.05438627302646637], [-0.5271993279457092, 0.2621685266494751], [-0.5226114392280579, 0.11424840986728668]], [[1.0669350624084473, -0.22698065638542175], [-0.10433588176965714, -0.008395416662096977], [1.0849721431732178, 0.08581200242042542], [0.8011292219161987, 0.08675596863031387], [0.5915969610214233, -0.3251006305217743]], [[0.9793283343315125, -0.40022605657577515], [0.5416063070297241, 0.20048247277736664], [1.0489563941955566, 0.0653960108757019], [1.0879225730895996, 0.47898659110069275], [-0.23953509330749512, 0.46128588914871216]], [[-0.4722708463668823, -0.5161295533180237], [-0.596365749835968, -0.04982341080904007], [0.24975985288619995, -0.23530694842338562], [0.4919752776622772, 0.11427416652441025], [0.4120001196861267, 0.28373411297798157]]]], [[[[1.0725047588348389, -0.3929862380027771], [0.9179689288139343, 0.07324691116809845], [-0.5717567801475525, 0.1359674483537674], [1.0463521480560303, -0.37098973989486694], [0.23686346411705017, 0.36372682452201843]], [[0.776961624622345, -0.525667130947113], [-0.559203565120697, -0.5514125227928162], [0.21426980197429657, -0.5422698855400085], [-0.44987836480140686, -0.5186617970466614], [0.4534164071083069, -0.046644870191812515]], [[0.5303497910499573, 0.5180535912513733], [1.1469221115112305, 0.5585323572158813], [1.1425631046295166, 0.5544332265853882], [1.1160328388214111, 0.5292415022850037], [1.1716609001159668, 0.5892608165740967]], [[1.055113434791565, -0.41632622480392456], 