{"seeker_traj": {"trajectories": [[[-0.03649450093507767, -0.5984514355659485], [1.1956980228424072, -0.6356222629547119], [1.2184053659439087, -0.627865731716156], [1.2225230932235718, -0.5057659149169922], [1.2477713823318481, 0.6590682864189148]], [[-0.7693685293197632, 0.07125141471624374], [1.0598126649856567, 0.013879520818591118], [1.0552620887756348, 0.43035510182380676], [-0.35920268297195435, 0.5804650187492371], [-1.1801965236663818, -0.04451550543308258]], [[-0.04099424183368683, -0.6018155217170715], [1.1866310834884644, -0.5726178288459778], [1.2238612174987793, 0.3401661217212677], [1.1850248575210571, 0.5462502241134644], [-1.2288999557495117, 0.5071306228637695]]]}, "hider_trajs": {"trajectories": [[[[0.9867234230041504, -0.30891045928001404], [0.15004779398441315, 0.029895886778831482], [0.01130115520209074, -0.5596641302108765], [0.7348202466964722, 0.19233059883117676], [-0.6820160746574402, -0.2639710605144501]], [[1.088678002357483, 0.5797123908996582], [0.4380839765071869, 0.6518993377685547], [1.0417826175689697, 0.6577689051628113], [-0.5737327933311462, 0.6218042373657227], [-0.6724962592124939, 0.2205061912536621]], [[1.1119729280471802, -0.38026779890060425], [1.1296950578689575, -0.479114830493927], [0.23271313309669495, -0.5789634585380554], [0.1621144562959671, -0.27167630195617676], [0.6034055352210999, -0.21483328938484192]], [[1.0660820007324219, -0.35349220037460327], [1.0963518619537354, 0.01824943907558918], [1.0651566982269287, 0.548835813999176], [0.033141445368528366, 0.29238638281822205], [-0.2513861358165741, -0.22584080696105957]], [[1.1688508987426758, -0.6033897399902344], [1.1956416368484497, -0.6543413996696472], [0.5801262259483337, -0.6815069913864136], [0.4513622522354126, -0.6911730766296387], [0.09817583113908768, -0.665499210357666]], [[1.102529525756836, -0.01490690652281046], [1.119961142539978, 0.32241809368133545], [-0.27111712098121643, 0.437681645154953], [-1.045050024986267, 0.46406129002571106], [-1.1048496961593628, 0.24375362694263458]], [[1.0916279554367065, -0.48091834783554077], [1.169945240020752, -0.5602619051933289], [1.201477289199829, -0.596882700920105], [1.2246607542037964, -0.63373202085495], [1.3077478408813477, -0.7320147156715393]], [[0.8377112150192261, 0.4764989912509918], [0.5533247590065002, 0.6561374664306641], [1.0993685722351074, 0.6753172278404236], [0.545086145401001, 0.6643969416618347], [-1.1937248706817627, 0.6589539647102356]], [[1.1136571168899536, -0.645157516002655], [1.1093230247497559, -0.6824832558631897], [-0.3470022678375244, -0.6774075627326965], [-0.041791994124650955, -0.641706645488739], [-1.2641352415084839, -0.5902349352836609]], [[0.9289599657058716, 0.016162075102329254], [-0.6843309998512268, 0.44453108310699463], [-0.16192708909511566, -0.2030036896467209], [-1.0493425130844116, -0.30541786551475525], [-0.8048731684684753, -0.128511443734169]]], [[[1.1506962776184082, 0.5743680596351624], [1.1992321014404297, 0.6239345073699951], [1.2097820043563843, 0.6319457292556763], [1.2254242897033691, 0.6385684013366699], [1.3030810356140137, 0.7162925004959106]], [[1.0157544612884521, -0.6658404469490051], [-0.6031205058097839, -0.6763142347335815], [-1.0427296161651611, -0.6437720656394958], [-0.8277727961540222, -0.5929517149925232], [-0.90715092420578, 0.047785092145204544]], [[1.069407343864441, -0.6938795447349548], [-0.5861644148826599, -0.6942676901817322], [-1.0255370140075684, -0.6527644395828247], [-1.130881667137146, -0.5550956726074219], [-1.2076247930526733, 0.3161800503730774]], [[0.6724398136138916, -0.13278545439243317], [-1.0997272729873657, 0.15856996178627014], [-1.0769721269607544, 0.16620023548603058], [-1.0171287059783936, 0.2103610634803772], [0.05936414375901222, -0.23384374380111694]], [[1.0498449802398682, -0.40399640798568726], [1.1208144426345825, -0.21341532468795776], [1.1229935884475708, 0.1725759208202362], [0.8240797519683838, 0.2800602912902832], [0.6318991184234619, 0.3405434489250183]], [[1.06928288936615, -0.4263468384742737], [-0.8822716474533081, -0.02636360190808773], [-1.0323148965835571, 0.5477079749107361], [-1.0246105194091797, 0.5123676061630249], [0.6328873038291931, 0.34107762575149536]], [[0.6895626187324524, -0.42766034603118896], [-1.113979458808899, 0.11855849623680115], [0.5647231936454773, 0.08137878030538559], [0.31966862082481384, 0.41364598274230957], [0.7551314830780029, 0.31179550290107727]], [[1.1153427362442017, -0.08077559620141983], [0.5764448046684265, 0.20394675433635712], [-0.1409706324338913, 0.32905811071395874], [-1.0863995552062988, 0.2865976393222809], [-1.0995813608169556, -0.13898824155330658]], [[0.8805055022239685, 0.3597601354122162], [-0.1642833650112152, 0.5267379283905029], [-1.0148823261260986, 0.5513109564781189], [-0.6820550560951233, 0.5205987691879272], [0.6848883032798767, 0.3400280177593231]], [[1.1079870462417603, -0.49177512526512146], [1.119095802307129, -0.5223612785339355], [0.9672313332557678, -0.16510212421417236], [-0.3636748790740967, 0.2502029538154602], [0.45028215646743774, -0.07239720225334167]]], [[[0.893402099609375, -0.5416833162307739], [-1.0433114767074585, -0.1238497942686081], [-0.4844909608364105, 0.03766186162829399], [-1.0162614583969116, 0.27542561292648315], [0.6891281008720398, 0.06197134777903557]], [[0.9556891322135925, -0.41561171412467957], [-0.9553499817848206, -0.5351917743682861], [0.43860581517219543, -0.42851391434669495], [-1.0603923797607422, 0.28768259286880493], [-1.2223128080368042, 0.4377962052822113]], [[1.050162434577942, 0.32676079869270325], [0.19445545971393585, 0.031649596989154816], [-1.0704530477523804, 0.13768355548381805], [0.6906912326812744, -0.1349550038576126], [-0.3376052975654602, -0.15253567695617676]], [[1.0659098625183105, -0.02648395486176014], [1.1700383424758911, -0.5054638385772705], [1.2354178428649902, -0.5289231538772583], [1.285680890083313, -0.5789459347724915], [1.3179817199707031, -0.2184484750032425]], [[1.1153188943862915, -0.4266936480998993], [1.1574617624282837, -0.28214767575263977], [1.1428970098495483, -0.1387457698583603], [1.050531029701233, -0.3036133646965027], [0.4391993582248688, -0.11941347271203995]], [[0.5043298602104187, 0.4039914011955261], [-1.1594135761260986, 0.2153877317905426], [-1.11972177028656, 0.32539963722229004], [-0.7107306122779846, 0.4757244288921356], [-0.331860214471817, 0.14205192029476166]], [[1.1548571586608887, 0.5923572182655334], [1.2151477336883545, 0.6525405645370483], [1.2342911958694458, 0.6796889901161194], [1.2096246480941772, 0.6872462034225464], [0.3120723366737366, 0.6746625900268555]], [[1.1193745136260986, -0.660201907157898], [0.5945485234260559, -0.6844225525856018], [-0.9101707339286804, -0.6676618456840515], [-0.6578911542892456, -0.6338140368461609], [-0.857053816318512, -0.6585780382156372]], [[1.1439541578292847, 0.5733360052108765], [1.193328857421875, 0.6203718781471252], [1.206618309020996, 0.6289567947387695], [1.2262271642684937, 0.6394508481025696], [1.3036437034606934, 0.718923032283783]], [[1.0945725440979004, -0.5467662215232849], [1.1534149646759033, -0.6305360794067383], [1.164612054824829, -0.6787490844726562], [1.0346128940582275, -0.7011567950248718], [-0.3541101813316345, -0.6825838685035706]]], [[[1.050144910812378, 0.38222166895866394], [1.1297428607940674, 0.36709561944007874], [1.1954848766326904, 0.12674248218536377], [1.2416349649429321, -0.6076242327690125], [1.3206881284713745, -0.7223033308982849]], [[1.0494717359542847, 0.6076655387878418], [0.6701919436454773, 0.6596832275390625], [1.1935625076293945, 0.6778401136398315], [1.161069393157959, 0.6765952706336975], [0.6173980236053467, 0.6748329401016235]], [[1.0329374074935913, -0.4481866955757141], [0.93779456615448, -0.44486111402511597], [-1.0529392957687378, 0.23313479125499725], [-1.1004769802093506, 0.2774341404438019], [-1.1805403232574463, -0.5482618808746338]], [[1.0348623991012573, 0.0033854744397103786], [0.5302824974060059, -0.0965806394815445], 