{"seeker_traj": {"trajectories": [[[1.197934865951538, -0.33889898657798767], [1.2162057161331177, 0.09693696349859238], [-0.2638343572616577, 0.48918384313583374], [-0.5473620295524597, 0.2515857517719269], [-1.2200841903686523, -0.5407754778862]], [[0.7671027779579163, 0.654447615146637], [0.6613146066665649, 0.6512760519981384], [1.1814234256744385, 0.5940314531326294], [1.181455373764038, -0.5623922348022461], [0.8650539517402649, -0.6327890157699585]], [[0.48359405994415283, -0.011721326969563961], [-0.954812228679657, -0.5139477252960205], [0.2573355734348297, -0.6126046180725098], [0.422035813331604, -0.6215870380401611], [0.43277984857559204, 0.36543187499046326]]]}, "hider_trajs": {"trajectories": [[[[0.9498284459114075, -0.6235260367393494], [0.7586799263954163, -0.660774290561676], [-0.2338368147611618, -0.6745229363441467], [0.9541685581207275, -0.6795693635940552], [0.18513382971286774, -0.6718252897262573]], [[-1.168467402458191, -0.6972453594207764], [-0.6267529129981995, -0.6811202764511108], [-0.9227501749992371, -0.6308858394622803], [-1.0275652408599854, -0.5506459474563599], [-1.230211615562439, -0.005172008648514748]], [[0.5416401028633118, -0.6257829070091248], [1.087028980255127, -0.6593142151832581], [-0.3544764220714569, -0.6721740961074829], [0.890145480632782, -0.6816107034683228], [-0.19554926455020905, -0.6735859513282776]], [[0.4303058981895447, 0.28482115268707275], [0.4790336787700653, -0.3850315511226654], [0.00926134642213583, -0.5524297952651978], [0.9346975684165955, -0.5180190205574036], [0.20261293649673462, 0.11238009482622147]], [[0.6194489002227783, -0.0811757743358612], [0.8348513841629028, 0.4368361830711365], [-0.944685161113739, -0.38402411341667175], [0.5253936648368835, -0.11757475882768631], [-0.8062431216239929, 0.1429014354944229]], [[0.905372679233551, 0.600711464881897], [-0.033155787736177444, 0.6287829875946045], [1.050185203552246, 0.2806876599788666], [1.139398455619812, -0.23760351538658142], [-0.09261689335107803, 0.3068469166755676]], [[1.1865599155426025, -0.5721739530563354], [1.2370208501815796, -0.6231442093849182], [1.250002384185791, -0.6458196640014648], [1.2161115407943726, -0.6648819446563721], [0.588312566280365, -0.7074811458587646]], [[-0.6798561215400696, -0.6522915959358215], [-1.17373526096344, -0.6458694338798523], [0.0564446821808815, -0.6379306316375732], [0.5459384918212891, -0.6545550227165222], [-1.1299550533294678, -0.6876935958862305]], [[-1.0732587575912476, -0.6617316603660583], [-1.1499282121658325, -0.6379281282424927], [-1.1426339149475098, -0.19316218793392181], [-1.1028971672058105, 0.5158820748329163], [0.4838717579841614, 0.6740063428878784]], [[-0.6401870846748352, 0.5142090320587158], [1.217084288597107, -0.2876132130622864], [0.7053162455558777, -0.36575374007225037], [1.0145450830459595, 0.43439561128616333], [0.8116605281829834, 0.5708125233650208]]], [[[-0.04680010676383972, 0.4934208393096924], [0.2739274799823761, 0.5523184537887573], [-0.8836831450462341, -0.061517342925071716], [-1.0661115646362305, -0.11945471167564392], [-1.2395784854888916, -0.5560827255249023]], [[0.8679077625274658, -0.6514899730682373], [-1.1057628393173218, -0.6599799990653992], [0.5488055944442749, -0.6446103453636169], [-1.1822346448898315, -0.6135509014129639], [-1.2675071954727173, -0.619041383266449]], [[0.14582230150699615, -0.5239059329032898], [-0.03515900298953056, -0.40266531705856323], [-1.010008454322815, 0.477572500705719], [-1.083946943283081, 0.26810717582702637], [-1.0810080766677856, 0.2238631695508957]], [[0.6126796007156372, -0.5416684150695801], [-0.48220759630203247, 0.021888012066483498], [-0.31956207752227783, -0.46955108642578125], [1.033517837524414, -0.5900015234947205], [-0.9940147995948792, -0.5987540483474731]], [[1.1463086605072021, 0.5359758734703064], [1.1207536458969116, 0.5538275837898254], [1.185575246810913, 0.1593872606754303], [1.1192817687988281, -0.4054450988769531], [0.6222959756851196, -0.29720473289489746]], [[0.28672972321510315, -0.1897227168083191], [1.1442331075668335, -0.1919480860233307], [-0.8832659125328064, 0.15403248369693756], [0.16480784118175507, 0.46735602617263794], [-0.0713469460606575, 0.42423442006111145]], [[0.5050516128540039, 0.26425302028656006], [1.1658066511154175, -0.1742997020483017], [0.12330597639083862, 0.48000356554985046], [0.21562780439853668, 0.32169827818870544], [1.0029608011245728, 0.6371529698371887]], [[1.009013295173645, -0.6225904822349548], [-0.9981295466423035, -0.5820844173431396], [-0.7960466742515564, -0.5971382856369019], [0.6114269495010376, -0.39733222126960754], [0.28160351514816284, 0.13034462928771973]], [[0.6782843470573425, 0.03553861379623413], [0.9347391724586487, 0.3180234134197235], [1.1769307851791382, 0.27984175086021423], [-0.10068025439977646, -0.27139416337013245], [-0.9679012298583984, -0.1167859137058258]], [[0.9880325794219971, 0.028063207864761353], [0.8283659815788269, -0.5571185350418091], [0.2092418670654297, 0.16445067524909973], [-0.753714919090271, 0.19583523273468018], [-0.7467554807662964, 0.22277295589447021]]], [[[0.7024825811386108, 0.6510528922080994], [0.40670475363731384, 0.6760929822921753], [1.1546140909194946, 0.6801128387451172], [0.6316152811050415, 0.6785163879394531], [-0.6370245218276978, 0.6577292084693909]], [[0.6487071514129639, -0.4051356017589569], [-0.939315915107727, -0.4555497169494629], [-1.0663155317306519, -0.5533728003501892], [0.2695331871509552, 0.3847902715206146], [-1.0655181407928467, 0.37245044112205505]], [[-1.0530481338500977, 0.043246183544397354], [-0.453463077545166, 0.4105672836303711], [0.5049512386322021, 0.5371475219726562], [-0.9117550849914551, 0.464070588350296], [-1.0074560642242432, 0.05772155150771141]], [[1.1180458068847656, 0.6478949189186096], [-0.19202303886413574, 0.6801983714103699], [0.6430819034576416, 0.674288809299469], [0.4212784171104431, 0.4734647274017334], [-0.604420006275177, 0.5642397403717041]], [[-0.9922093152999878, -0.5098172426223755], [-0.35484397411346436, -0.11907034367322922], [1.0392147302627563, 0.3507534861564636], [-1.0339125394821167, 0.26787081360816956], [1.0235806703567505, -0.30405884981155396]], [[0.8138374090194702, 0.0016255066730082035], [0.4773343503475189, 0.21589310467243195], [1.1036088466644287, -0.21488040685653687], [0.06074756383895874, -0.4674476385116577], [-1.163118600845337, -0.4539395272731781]], [[0.27481693029403687, -0.5840157866477966], [-0.959344744682312, -0.5781388878822327], [0.9883400201797485, -0.4701661169528961], [-0.42529720067977905, 0.23693710565567017], [-0.4791601300239563, 0.3762796223163605]], [[-0.17035949230194092, -0.47648555040359497], [1.088820219039917, -0.1779634803533554], [-0.33735743165016174, 0.04669373109936714], [0.9078866839408875, -0.39447417855262756], [-0.25295284390449524, -0.4671463966369629]], [[0.9588510990142822, 0.5688422322273254], [-0.04891393333673477, -0.5204100608825684], [0.27832749485969543, -0.6097718477249146], [-0.5297418832778931, -0.6185990571975708], [-1.2527788877487183, -0.644406259059906]], [[0.9436448812484741, 0.4814821481704712], [0.3919188678264618, 0.6377055048942566], [-0.664086103439331, 0.6276076436042786], [1.124880313873291, 0.020927028730511665], [0.8426373600959778, 0.05260106921195984]]], [[[-0.2294912040233612, -0.3436751961708069], [-0.8113076090812683, 0.11699212342500687], [0.14767953753471375, -0.1669348180294037], [-1.1189993619918823, 0.23078277707099915], [-1.1458301544189453, -0.20962214469909668]], [[1.0644065141677856, -0.36068370938301086], [-0.9401007890701294, -0.4668673276901245], [-0.5980873107910156, 0.1370657980442047], [-0.996565043926239, -0.5704014301300049], [0.3259819746017456, -0.5360276699066162]], [[-0.15147089958190918, -0.3102904260158539], [0.9787095189094543, -0.09713582694530487], [-0.8671836853027344, 0.20040160417556763], [-0.36408746242523193, -0.5160056352615356], [1.1174557209014893, -0.34889841079711914]], [[0.7888287305831909, 0.4418383538722992], 