{"eps": {"drone_state": [[-10.028727531433105, -0.04533690959215164, 0.9476380348205566, -0.07033586502075195], [-9.888242721557617, -0.14184506237506866, 1.0370526313781738, 0.15512382984161377], [-9.963871002197266, 0.02358730137348175, 1.014265775680542, 0.13537366688251495], [-10.02530574798584, 0.0015857703983783722, 0.9543516039848328, 0.11364485323429108], [-10.152459144592285, 0.033071115612983704, 1.0597124099731445, -0.07751373946666718]], "tree_locations": [[[-3.0836801528930664, -3.7266407012939453], [-3.773266553878784, -0.6642873287200928], [-7.191930770874023, -3.375232696533203], [-6.672621726989746, -0.9620183706283569], [-5.091677665710449, -1.1091015338897705]], [[-3.627249002456665, 0.1110236793756485], [-7.331286430358887, -0.6298349499702454], [-2.0964531898498535, 2.4754638671875], [-1.8079174757003784, -2.5408380031585693], [-6.378728866577148, 2.6702768802642822]], [[-2.4498579502105713, -1.9292585849761963], [-4.833970069885254, -3.200932025909424], [-6.32840633392334, 3.5032873153686523], [-7.5270586013793945, -1.8580690622329712], [-7.753922462463379, -3.170466899871826]], [[-6.892211437225342, 0.9192198514938354], [-3.2920446395874023, 3.5604991912841797], [-4.820893287658691, -3.7233712673187256], [-3.907850980758667, 1.5276106595993042], [-1.4894708395004272, 2.5902721881866455]], [[-3.131681203842163, 1.0741113424301147], [-6.007759094238281, -3.933065891265869], [-4.9018049240112305, -2.5054259300231934], [-5.70437479019165, 3.154384136199951], [-3.666175603866577, 1.8823877573013306]]], "tree_velocities": [[[-0.022423461079597473, -0.025881042703986168], [0.0298524908721447, 0.13100554049015045], [-0.3648945689201355, -0.030979882925748825], [0.25458329916000366, 0.39553937315940857], [-0.14247581362724304, 0.35472342371940613]], [[0.12947484850883484, 0.14464280009269714], [0.23562757670879364, -0.09685635566711426], [-0.07916785031557083, 0.25219520926475525], [0.19881892204284668, -0.15277256071567535], [0.18324698507785797, -0.014164205640554428]], [[0.15878352522850037, -0.20067940652370453], [0.12837865948677063, -0.07025329768657684], [-0.034547869116067886, -0.16288891434669495], [-0.06762023270130157, 0.1011616513133049], [0.09760592877864838, 0.06352868676185608]], [[-0.0689767375588417, -0.08606421202421188], [-0.17086981236934662, -0.0013052262365818024], [0.13502991199493408, 0.08382891118526459], [-0.037135008722543716, 0.0329364612698555], [0.16315415501594543, 0.04498245194554329]], [[-0.013643335551023483, 0.009174625389277935], [-0.2013976275920868, -0.2608654201030731], [0.07967431098222733, 0.03035169281065464], [-0.17868106067180634, -0.01567935198545456], [0.13513299822807312, 0.0934349074959755]]], "wind_speed": [[-0.11093516647815704, -0.0356367826461792], [0.0078064994886517525, 0.04847081005573273], [-0.1623939871788025, 0.04948681965470314], [0.08392155170440674, -0.14519251883029938], [0.10353636741638184, -0.02958138845860958]]}, "eps_trace": {"drone_state": [[[-10.09897518157959, -0.09410734474658966, 1.010952115058899, 0.17682084441184998], [-9.9920015335083, 0.09097864478826523, 0.9728716611862183, -0.04975122958421707], [-9.95864200592041, -0.010857202112674713, 1.1487256288528442, 0.0036151222884655], [-10.03754997253418, 0.03273740038275719, 1.0212571620941162, 0.029648195952177048], [-9.850419044494629, 0.16514885425567627, 0.9612621665000916, -0.04702402278780937]], [[-10.126029968261719, -0.09484963119029999, 0.9630604386329651, 0.0502278208732605], [-10.070152282714844, 0.04384011775255203, 1.066866159439087, -0.0001301756128668785], [-10.049118995666504, -0.05030599981546402, 1.0429192781448364, 0.14014409482479095], [-10.048078536987305, 0.020442580804228783, 1.000619888305664, 0.07172729074954987], [-9.841134071350098, 0.17592483758926392, 0.9469546675682068, -0.06978851556777954]], [[-10.080251693725586, -0.09896750748157501, 1.0542629957199097, 0.11060351133346558], [-9.9735689163208, -0.13844545185565948, 1.0538548231124878, 0.1882067322731018], [-10.061110496520996, 0.000346597284078598, 0.9780980348587036, 0.1007431373000145], [-10.00191879272461, 0.056326329708099365, 0.9724693894386292, 0.10173579305410385], [-10.0298490524292, 0.16312721371650696, 1.0152184963226318, 0.008714670315384865]], [[-10.106512069702148, -0.10621745884418488, 0.9696133732795715, 0.07153677195310593], [-9.951059341430664, -0.08132272958755493, 1.017279028892517, 0.16246634721755981], [-10.035412788391113, 0.05304255336523056, 1.030855655670166, 0.10174771398305893], [-10.00191879272461, 0.056326329708099365, 0.9724693894386292, 0.10173579305410385], [-10.111715316772461, 0.1168195977807045, 1.0058071613311768, -0.06405925750732422]], [[-10.028727531433105, -0.04533690959215164, 0.9476380348205566, -0.07033586502075195], [-9.888242721557617, -0.14184506237506866, 1.0370526313781738, 0.15512382984161377], [-9.963871002197266, 0.02358730137348175, 1.014265775680542, 0.13537366688251495], [-10.02530574798584, 0.0015857703983783722, 0.9543516039848328, 0.11364485323429108], [-10.152459144592285, 0.033071115612983704, 1.0597124099731445, -0.07751373946666718]]],