{"eps": {"drone_state": [[-10.167757987976074, -0.05003342777490616, 0.9835976958274841, 0.038159698247909546], [-9.961573600769043, 0.04117714613676071, 0.9280494451522827, -0.011576935648918152], [-10.005437850952148, -0.06759747117757797, 1.1881921291351318, -0.06614671647548676], [-9.701536178588867, 0.06125609949231148, 0.9767928719520569, 0.07527155429124832], [-9.792255401611328, 0.3056555688381195, 0.9806436896324158, -0.039594411849975586]], "tree_locations": [[[-6.479809761047363, 3.9365105628967285], [-4.553445816040039, -3.1505861282348633], [-1.581457495689392, -0.006636377424001694], [-7.93857479095459, 2.67106556892395], [-5.949431896209717, -2.2472352981567383]], [[-2.5758795738220215, 1.605377435684204], [-2.590914487838745, -3.3559887409210205], [-5.676764011383057, 0.6005542874336243], [-3.797194242477417, 3.037395715713501], [-4.5444159507751465, 0.7784229516983032]], [[-4.730865955352783, -2.6060726642608643], [-2.7886242866516113, 2.049978733062744], [-1.74026358127594, 2.611518383026123], [-2.6720173358917236, -2.6955010890960693], [-2.8444793224334717, 0.7703567147254944]], [[-3.538353681564331, 3.7470767498016357], [-3.7553207874298096, 2.9534144401550293], [-3.259223222732544, 2.0710644721984863], [-2.2551026344299316, 0.060619838535785675], [-7.304688453674316, 2.5764317512512207]], [[-4.738207817077637, 2.8658313751220703], [-6.967260837554932, 3.4493041038513184], [-1.9711310863494873, -0.5427591800689697], [-1.9738073348999023, 3.0487465858459473], [-5.632156848907471, 2.9967665672302246]]], "tree_velocities": [[[-0.06150010600686073, -0.1782473623752594], [-0.03243941813707352, 0.02406197600066662], [-0.0725381076335907, 0.02688245289027691], [-0.04082584008574486, -0.15005050599575043], [0.0009586066007614136, -0.14824172854423523]], [[0.04434895142912865, -0.11641888320446014], [-0.09828931838274002, -0.06510015577077866], [-0.1667710840702057, -0.0474923700094223], [-0.4175818860530853, 0.25327247381210327], [0.06367062777280807, -0.026261795312166214]], [[-0.028083018958568573, -0.19048435986042023], [0.24888084828853607, 0.04803891107439995], [-0.03696601092815399, 0.17912830412387848], [-0.29838621616363525, -0.1678433120250702], [0.10999739170074463, -0.13821470737457275]], [[-0.3218056857585907, 0.05126594379544258], [0.1464332938194275, 0.1820927858352661], [-0.15669821202754974, -0.18380574882030487], [-0.05267009884119034, -0.0032968358136713505], [-0.13093867897987366, 0.1945267766714096]], [[-0.10335336625576019, 0.09289218485355377], [0.043433427810668945, 0.10181504487991333], [-0.011866569519042969, -0.10382285714149475], [-0.13721874356269836, -0.08872643113136292], [-0.039153486490249634, 0.0447317510843277]]], "wind_speed": [[-0.032974980771541595, 0.05454538017511368], [-0.07893979549407959, -0.08027482777833939], [-0.01831262931227684, -0.08789931982755661], [0.2553892731666565, -0.1784868985414505], [-0.18948185443878174, 0.0017705000936985016]]}, "eps_trace": {"drone_state": [[[-10.117927551269531, 0.0750044733285904, 1.0403798818588257, 0.055822525173425674], [-9.949586868286133, 0.1668880432844162, 0.9722381830215454, -0.0546453595161438], [-9.884025573730469, 0.04599951580166817, 0.9845530390739441, 0.2132537066936493], [-10.026557922363281, 0.25306904315948486, 0.9705227017402649, 0.05910161882638931], [-9.83641529083252, 0.15425626933574677, 1.084689736366272, 0.15920570492744446]], [[-10.200051307678223, -0.04407352954149246, 0.9761781692504883, 0.08842223137617111], [-9.881758689880371, 0.10058106482028961, 1.002852439880371, -0.07147050648927689], [-9.867119789123535, -0.053732480853796005, 1.0803368091583252, 0.14645498991012573], [-10.0482759475708, 0.21629571914672852, 0.9601781368255615, 0.013358093798160553], [-9.908223152160645, 0.1841650903224945, 1.0095419883728027, 0.16897235810756683]], [[-10.168517112731934, -0.003990974277257919, 0.9717874526977539, 0.002896830439567566], [-9.901113510131836, 0.1627013087272644, 0.9323698282241821, -0.04053927958011627], [-9.865972518920898, 0.023107625544071198, 1.1010761260986328, 0.0330437533557415], [-9.835509300231934, 0.13728517293930054, 1.021832823753357, 0.11075665056705475], [-9.915729522705078, 0.1767244040966034, 1.07662034034729, 0.11636845767498016]], [[-10.159565925598145, -0.023676570504903793, 0.9164612889289856, 0.02368810959160328], [-9.999252319335938, 0.13491018116474152, 1.0462936162948608, -0.08829415589570999], [-9.885546684265137, 0.0453139990568161, 1.1974775791168213, -0.02621176838874817], [-9.73420238494873, 0.04805564135313034, 1.0592336654663086, 0.0845370814204216], [-9.828752517700195, 0.26039576530456543, 1.0118472576141357, 0.14664031565189362]], [[-10.167757987976074, -0.05003342777490616, 0.9835976958274841, 0.038159698247909546], [-9.961573600769043, 0.04117714613676071, 0.9280494451522827, -0.011576935648918152], [-10.005437850952148, -0.06759747117757797, 1.1881921291351318, -0.06614671647548676], [-9.701536178588867, 0.06125609949231148, 0.9767928719520569, 0.07527155429124832], [-9.792255401611328, 0.3056555688381195, 0.9806436896324158, -0.039594411849975586]]],