{"initial_states": {"ego_state": [[-100.43757629394531, -2.784111261367798, 0.002634651493281126, 9.92473030090332], [-100.00228118896484, -3.857151508331299, 0.001223782543092966, 9.743364334106445], [-100.7511978149414, -2.960829496383667, -0.0003021067241206765, 9.684456825256348], [-100.6714859008789, -2.5894393920898438, -0.00016153394244611263, 9.457450866699219], [-100.3121109008789, -2.1906681060791016, -0.0020056336652487516, 10.007293701171875], [-99.70684051513672, -3.081627607345581, 0.001106209703721106, 10.348217964172363], [-100.36255645751953, -3.0910446643829346, 0.0018445056630298495, 10.59357738494873], [-99.94091796875, -3.0743513107299805, -0.00019724020967260003, 9.7060546875], [-100.10538482666016, -3.1771857738494873, 0.0009823634754866362, 9.216939926147461], [-100.06805419921875, -2.7019007205963135, 0.0011572049697861075, 10.32816219329834]], "non_ego_states": [[[-90.30010986328125, -2.9395663738250732, 0.001044148113578558, 6.535537242889404], [-70.09117889404297, 3.4294841289520264, -0.0002067431341856718, 7.609678268432617]], [[-89.97047424316406, -2.707084894180298, 0.0005011109169572592, 6.843415260314941], [-69.9255142211914, 2.6614866256713867, 0.0008740712073631585, 9.090234756469727]], [[-90.05314636230469, -3.691879987716675, 0.001051057712174952, 7.548861503601074], [-69.90106201171875, 2.165837049484253, 0.0014867547433823347, 8.586265563964844]], [[-90.14855194091797, -2.0292510986328125, 0.000542627414688468, 5.953318119049072], [-70.25489807128906, 2.9941952228546143, -0.0006536096334457397, 9.027795791625977]], [[-89.63675689697266, -3.4032838344573975, -0.0010668124305084348, 7.587735652923584], [-70.27811431884766, 3.0227434635162354, -0.0005464513087645173, 8.360803604125977]], [[-89.2651138305664, -2.0825014114379883, -0.00012165745283709839, 6.791118621826172], [-70.56352996826172, 2.632262706756592, 0.0005425310228019953, 8.238664627075195]], [[-90.31196594238281, -3.4370555877685547, 0.0006858811830170453, 7.871931552886963], [-69.90909576416016, 2.390744209289551, -0.0004300320288166404, 8.303098678588867]], [[-90.4722900390625, -3.1604762077331543, -0.00035658752312883735, 6.885177135467529], [-69.53836059570312, 1.8056639432907104, 0.0016082050278782845, 8.220688819885254]], [[-89.74555206298828, -3.0378541946411133, 0.0001398108433932066, 7.158738136291504], [-69.94222259521484, 3.373749017715454, -0.0015838938998058438, 8.561861991882324]], [[-90.19677734375, -2.8414206504821777, 0.00011672149412333965, 7.963608741760254], [-70.37723541259766, 2.5242531299591064, -0.0007474860176444054, 8.379840850830078]]], "shading_light_direction": [[-0.3136242926120758, -0.9578028321266174, 1.465622901916504], [-0.3106319308280945, -0.5885768532752991, 0.8155083060264587], [-0.1859721839427948, -0.5905160307884216, 1.243397831916809], [-0.1899404227733612, -1.0315624475479126, 0.6776891946792603], [-0.04766899719834328, -0.47933465242385864, 0.4089486002922058], [0.0412655845284462, -0.5226022601127625, 0.6572316884994507], [-0.37190863490104675, 0.009886283427476883, 0.8281824588775635], [-0.2707737386226654, -0.679043710231781, 0.8762342929840088], [-0.11335089057683945, -0.32466158270835876, 0.5547868013381958], [-0.10751993954181671, -0.5035521388053894, 1.2385828495025635]], "non_ego_colors": [[[0.0313432402908802, 0.4881116449832916, 0.050989411771297455], [0.4780271649360657, 0.5410984754562378, 0.038439903408288956]], [[0.09368307143449783, 0.8737703561782837, 0.8982542157173157], [0.6760455965995789, 0.7872911095619202, 0.8962479829788208]], [[0.02523047663271427, 0.6871657967567444, 0.3952649235725403], [0.8242686986923218, 0.09795409440994263, 0.8917640447616577]], [[0.6938696503639221, 0.5411452651023865, 0.3482511639595032], [0.2786591351032257, 0.01793726161122322, 0.8896628022193909]], [[0.32297784090042114, 0.9484765529632568, 0.20293541252613068], [0.9057432413101196, 0.956955075263977, 0.9418321251869202]], [[0.7177593111991882, 0.2201959788799286, 0.1322343945503235], [0.7238052487373352, 0.8472909927368164, 0.5529435276985168]], [[0.001656585605815053, 0.04278668761253357, 0.28868937492370605], [0.3851371109485626, 0.11497417837381363, 0.8918620347976685]], [[0.44136908650398254, 0.03544000908732414, 0.8365561366081238], [0.28535062074661255, 0.06379861384630203, 0.3034276068210602]], [[0.1919144243001938, 0.5944764614105225, 0.3688618540763855], [0.6438082456588745, 0.33484530448913574, 0.3005480170249939]], [[0.4868066608905792, 0.7356882095336914, 0.7501158714294434], [0.4475313723087311, 0.9718568921089172, 0.6508433222770691]]]}, "time": 7003.755263041705, "L": 1.0, "dp_mcmc_step_size": 1e-05, "ep_mcmc_step_size": 1e-06, "num_rounds": 50, "num_mcmc_steps_per_round": 10, "num_chains": 10, "use_gradients": true, "use_stochasticity": true, "repair": false, "predict": true, "quench_rounds": 0, "tempering_schedule": [0.0, 0.09700727462768555, 0.1846042275428772, 0.26370352506637573, 0.33512967824935913, 0.3996269702911377, 0.45786750316619873, 0.5104582905769348, 0.5579473972320557, 0.6008298397064209, 0.6395522356033325, 0.6745182275772095, 0.706092357635498, 0.7346035242080688, 0.760348916053772, 0.7835968732833862, 0.804589569568634, 0.8235457539558411, 0.8406631350517273, 0.8561199903488159, 0.87007737159729, 0.8826808333396912, 0.8940616250038147, 0.9043384194374084, 0.9136183261871338, 0.9219979643821716, 0.9295647144317627, 0.9363974332809448, 0.9425673484802246, 0.9481387734413147, 0.9531697034835815, 0.9577125906944275, 0.9618147611618042, 0.9655190110206604, 0.9688639044761658, 0.9718843102455139, 0.974611759185791, 0.9770746231079102, 0.9792985320091248, 0.9813067317008972, 0.9831201434135437, 0.9847576022148132, 0.9862362146377563, 0.9875714182853699, 0.9887770414352417, 0.989865779876709, 0.9908488392829895, 0.9917365908622742, 0.9925382137298584, 0.9932620525360107]}