{"eps": {"object_position": [[0.003965440671890974, 0.008927767165005207], [0.005005575716495514, -0.004901324398815632], [-0.00046440906589850783, -0.013699591159820557], [0.003900318406522274, -0.007650725077837706], [0.0036572415847331285, -0.004823974799364805]], "object_rotation": [2.14931058883667, 1.7106003761291504, 0.18624942004680634, 1.2203705310821533, 1.8183928728103638], "distractor_position": [-0.2590990364551544, 0.5558565258979797, -1.0371732711791992, 0.05110132321715355, -1.2762960195541382]}, "eps_trace": {"object_position": [[[0.03848394379019737, 0.11687412858009338], [-0.0063015250489115715, 0.03418096527457237], [-0.016644170507788658, -0.15726341307163239], [0.06738146394491196, -0.12095441669225693], [0.03901074826717377, -0.044605154544115067]], [[0.03314606472849846, 0.10679613798856735], [-0.004885493777692318, 0.030059313401579857], [-0.01498716976493597, -0.1415652334690094], [0.060541704297065735, -0.10888432711362839], [0.03517373278737068, -0.040169622749090195]], [[0.03187059238553047, 0.0986204594373703], [-0.003728846088051796, 0.025391949340701103], [-0.013477967120707035, -0.12746767699718475], [0.05466542765498161, -0.09825120866298676], [0.03172967955470085, -0.036145616322755814]], [[0.0285679679363966, 0.08896684646606445], [-0.0019145228434354067, 0.02143462933599949], [-0.012105623260140419, -0.11492817848920822], [0.04447118565440178, -0.0810248926281929], [0.0286793801933527, -0.03259049355983734]], [[0.025723647326231003, 0.08001025766134262], [0.00013367878273129463, 0.019013581797480583], [-0.010896098800003529, -0.10337290912866592], [0.04005422815680504, -0.07293445616960526], [0.0258171483874321, -0.029430270195007324]], [[0.023155031725764275, 0.07183773070573807], [0.0013117741327732801, 0.015994908288121223], [-0.009832896292209625, -0.09308747202157974], [0.03606116399168968, -0.06563279777765274], [0.02322962135076523, -0.02661682665348053]], [[0.020856454968452454, 0.06450817734003067], [0.0016689265612512827, 0.013932006433606148], [-0.008837848901748657, -0.08374141156673431], [0.03277118131518364, -0.059146977961063385], [0.02106558158993721, -0.02425859309732914]], [[0.018787957727909088, 0.05778992176055908], [0.00357666308991611, 0.011133032850921154], [-0.007884075865149498, -0.07540842890739441], [0.029605796560645103, -0.05326695367693901], [0.0189718846231699, -0.021978914737701416]], [[0.016888244077563286, 0.05171172693371773], [0.007012001238763332, 0.006753162480890751], [-0.007112054154276848, -0.06799062341451645], [0.026605922728776932, -0.04796510934829712], [0.015561309643089771, -0.0179375559091568]], [[0.015298821963369846, 0.046164706349372864], [0.007746230810880661, 0.005141545087099075], [-0.006444741506129503, -0.061219606548547745], [0.02391744777560234, -0.04317161440849304], [0.014222427271306515, -0.016598960384726524]], [[0.013851460069417953, 0.041351452469825745], [0.007524035405367613, 0.003998698201030493], [-0.00569937564432621, -0.05507985129952431], [0.021433189511299133, -0.038868602365255356], [0.012861392460763454, -0.01518728956580162]], [[0.012262886390089989, 0.03737809881567955], [0.007099950220435858, 0.0032281053718179464], [-0.00502148550003767, -0.04962453991174698], [0.019234085455536842, -0.034912362694740295], [0.011770802550017834, -0.014017490670084953]], [[0.011310774832963943, 0.03335917741060257], [0.006884969770908356, 0.002362445229664445], [-0.004466005600988865, -0.04480192810297012], [0.01727285236120224, -0.03127345070242882], [0.01076625008136034, -0.01291525736451149]], [[0.010376467369496822, 0.03001643717288971], [0.006464601494371891, 0.0017733447020873427], [-0.003953100182116032, -0.04038890451192856], [0.015541210770606995, -0.02803201600909233], [0.009747735224664211, -0.011858640238642693]], [[0.009736073203384876, 0.026521191000938416], [0.006179235875606537, 0.0012304696720093489], [-0.0034903185442090034, -0.03644738718867302], [0.013914350420236588, -0.025009233504533768], [0.009890974499285221, -0.012033162638545036]], [[0.008801558054983616, 0.02378888428211212], [0.005799200385808945, 0.0006927509675733745], [-0.0029247154016047716, -0.03300739824771881], [0.012402476742863655, -0.022215047851204872], [0.008997021242976189, -0.010954158380627632]], [[0.008049356751143932, 0.021242912858724594], [0.005477328319102526, 0.00020035536726936698], [-0.002417209092527628, -0.029842646792531013], [0.011088166385889053, -0.019752241671085358], [0.008141420781612396, -0.009975512512028217]], [[0.00725517887622118, 0.019111476838588715], [0.0051452904008328915, -0.0002717976167332381], [-0.0016063607763499022, -0.027408037334680557], [0.00987942609935999, -0.0175168514251709], [0.007359979208558798, -0.00907686073333025]], [[0.00659621087834239, 0.017147870734333992], [0.004867893643677235, -0.0007957409834489226], [-0.0013167713768780231, -0.024706117808818817], [0.008721775375306606, -0.01547508966177702], [0.006691227667033672, -0.00829593650996685]], [[0.005965768359601498, 0.015400387346744537], [0.004701696336269379, -0.0013862012419849634], [-0.0011394256725907326, -0.022369179874658585], [0.007989346981048584, -0.014100315980613232], [0.006151559296995401, -0.007508532144129276]], [[0.005487910471856594, 0.013790425844490528], [0.004523870535194874, -0.001903977245092392], [-0.0010097301565110683, -0.020242974162101746], [0.007032557390630245, -0.012587690725922585], [0.005576512776315212, -0.006841936614364386]], [[0.0050755832344293594, 0.012310285121202469], [0.004511740058660507, -0.002470699604600668], [-0.0008311403798870742, -0.018355414271354675], [0.006143958307802677, -0.011130065657198429], [0.005064784549176693, -0.006246732547879219]], [[0.004544841591268778, 0.011206044815480709], [0.0042565069161355495, -0.002774193650111556], [-0.000642315368168056, -0.016656769439578056], [0.005348997190594673, -0.009846525266766548], [0.00456277234479785, -0.005728640127927065]], [[0.004206170327961445, 0.010061195120215416], [0.003968897275626659, -0.0032053759787231684], [-0.0005453818594105542, -0.015110617503523827], [0.004583768080919981, -0.00868680328130722], [0.004071872215718031, -0.0052151158452034]], [[0.003965440671890974, 0.008927767165005207], [0.005005575716495514, -0.004901324398815632], [-0.00046440906589850783, -0.013699591159820557], [0.003900318406522274, -0.007650725077837706], [0.0036572415847331285, -0.004823974799364805]]],