{"eps": {"object_position": [[0.04556615278124809, 0.13065779209136963], [-0.007023244630545378, 0.03748876228928566], [-0.018468104302883148, -0.17479479312896729], [0.07455994188785553, -0.13397212326526642], [0.043202467262744904, -0.049526095390319824]], "object_rotation": [2.173258066177368, 1.7163875102996826, 0.1289358139038086, 1.2058641910552979, 1.8286423683166504], "distractor_position": [-0.23538106679916382, 0.6702172756195068, -1.093787431716919, 0.109142005443573, -1.3581116199493408]}, "eps_trace": {"object_position": [[[0.04556615278124809, 0.13065779209136963], [-0.007023244630545378, 0.03748876228928566], [-0.018468104302883148, -0.17479479312896729], [0.07455994188785553, -0.13397212326526642], [0.043202467262744904, -0.049526095390319824]], [[0.04556615278124809, 0.13065779209136963], [-0.007023244630545378, 0.03748876228928566], [-0.018468104302883148, -0.17479479312896729], [0.07455994188785553, -0.13397212326526642], [0.043202467262744904, -0.049526095390319824]], [[0.04556615278124809, 0.13065779209136963], [-0.007023244630545378, 0.03748876228928566], [-0.018468104302883148, -0.17479479312896729], [0.07455994188785553, -0.13397212326526642], [0.043202467262744904, -0.049526095390319824]], [[0.04556615278124809, 0.13065779209136963], [-0.007023244630545378, 0.03748876228928566], [-0.018468104302883148, -0.17479479312896729], [0.07455994188785553, -0.13397212326526642], [0.043202467262744904, -0.049526095390319824]], [[0.04556615278124809, 0.13065779209136963], [-0.007023244630545378, 0.03748876228928566], [-0.018468104302883148, -0.17479479312896729], [0.07455994188785553, -0.13397212326526642], [0.043202467262744904, -0.049526095390319824]], [[0.04556615278124809, 0.13065779209136963], [-0.007023244630545378, 0.03748876228928566], [-0.018468104302883148, -0.17479479312896729], [0.07455994188785553, -0.13397212326526642], [0.043202467262744904, -0.049526095390319824]], [[0.04556615278124809, 0.13065779209136963], [-0.007023244630545378, 0.03748876228928566], [-0.018468104302883148, -0.17479479312896729], [0.07455994188785553, -0.13397212326526642], [0.043202467262744904, -0.049526095390319824]], [[0.04556615278124809, 0.13065779209136963], [-0.007023244630545378, 0.03748876228928566], [-0.018468104302883148, -0.17479479312896729], [0.07455994188785553, -0.13397212326526642], [0.043202467262744904, -0.049526095390319824]], [[0.04556615278124809, 0.13065779209136963], [-0.007023244630545378, 0.03748876228928566], [-0.018468104302883148, -0.17479479312896729], [0.07455994188785553, -0.13397212326526642], [0.043202467262744904, -0.049526095390319824]], [[0.04556615278124809, 0.13065779209136963], [-0.007023244630545378, 0.03748876228928566], [-0.018468104302883148, -0.17479479312896729], [0.07455994188785553, -0.13397212326526642], [0.043202467262744904, -0.049526095390319824]], [[0.04556615278124809, 0.13065779209136963], [-0.007023244630545378, 0.03748876228928566], [-0.018468104302883148, -0.17479479312896729], [0.07455994188785553, -0.13397212326526642], [0.043202467262744904, -0.049526095390319824]], [[0.04556615278124809, 0.13065779209136963], [-0.007023244630545378, 0.03748876228928566], [-0.018468104302883148, -0.17479479312896729], [0.07455994188785553, -0.13397212326526642], [0.043202467262744904, -0.049526095390319824]], [[0.04556615278124809, 0.13065779209136963], [-0.007023244630545378, 0.03748876228928566], [-0.018468104302883148, -0.17479479312896729], [0.07455994188785553, -0.13397212326526642], [0.043202467262744904, -0.049526095390319824]], [[0.04556615278124809, 0.13065779209136963], [-0.007023244630545378, 0.03748876228928566], [-0.018468104302883148, -0.17479479312896729], [0.07455994188785553, -0.13397212326526642], [0.043202467262744904, -0.049526095390319824]], [[0.04556615278124809, 0.13065779209136963], [-0.007023244630545378, 0.03748876228928566], [-0.018468104302883148, -0.17479479312896729], [0.07455994188785553, -0.13397212326526642], [0.043202467262744904, -0.049526095390319824]], [[0.04556615278124809, 0.13065779209136963], [-0.007023244630545378, 0.03748876228928566], [-0.018468104302883148, -0.17479479312896729], [0.07455994188785553, -0.13397212326526642], [0.043202467262744904, -0.049526095390319824]], [[0.04556615278124809, 0.13065779209136963], [-0.007023244630545378, 0.03748876228928566], [-0.018468104302883148, -0.17479479312896729], [0.07455994188785553, -0.13397212326526642], [0.043202467262744904, -0.049526095390319824]], [[0.04556615278124809, 0.13065779209136963], [-0.007023244630545378, 0.03748876228928566], [-0.018468104302883148, -0.17479479312896729], [0.07455994188785553, -0.13397212326526642], [0.043202467262744904, -0.049526095390319824]], [[0.04556615278124809, 0.13065779209136963], [-0.007023244630545378, 0.03748876228928566], [-0.018468104302883148, -0.17479479312896729], [0.07455994188785553, -0.13397212326526642], [0.043202467262744904, -0.049526095390319824]], [[0.04556615278124809, 0.13065779209136963], [-0.007023244630545378, 0.03748876228928566], [-0.018468104302883148, -0.17479479312896729], [0.07455994188785553, -0.13397212326526642], [0.043202467262744904, -0.049526095390319824]], [[0.04556615278124809, 0.13065779209136963], [-0.007023244630545378, 0.03748876228928566], [-0.018468104302883148, -0.17479479312896729], [0.07455994188785553, -0.13397212326526642], [0.043202467262744904, -0.049526095390319824]], [[0.04556615278124809, 0.13065779209136963], [-0.007023244630545378, 0.03748876228928566], [-0.018468104302883148, -0.17479479312896729], [0.07455994188785553, -0.13397212326526642], [0.043202467262744904, -0.049526095390319824]], [[0.04556615278124809, 0.13065779209136963], [-0.007023244630545378, 0.03748876228928566], [-0.018468104302883148, -0.17479479312896729], [0.07455994188785553, -0.13397212326526642], [0.043202467262744904, -0.049526095390319824]], [[0.04556615278124809, 0.13065779209136963], [-0.007023244630545378, 0.03748876228928566], [-0.018468104302883148, -0.17479479312896729], [0.07455994188785553, -0.13397212326526642], [0.043202467262744904, -0.049526095390319824]], [[0.04556615278124809, 0.13065779209136963], [-0.007023244630545378, 0.03748876228928566], [-0.018468104302883148, -0.17479479312896729], [0.07455994188785553, -0.13397212326526642], [0.043202467262744904, -0.049526095390319824]]],