{"eps": {"object_position": [[0.016709109768271446, -0.03186750039458275], [-0.19287477433681488, -0.1782352477312088], [0.0010438964236527681, -0.12169300764799118], [0.031993329524993896, 0.1249707043170929], [0.2934319078922272, 0.00639796769246459]], "object_rotation": [0.8890544772148132, 2.3274593353271484, 0.7712772488594055, 2.371546506881714, 1.3694957494735718], "distractor_position": [-0.5277464985847473, 0.23151589930057526, -1.1808732748031616, 0.23192138969898224, -0.35771089792251587]}, "eps_trace": {"object_position": [[[0.01703384332358837, -0.032317642122507095], [-0.19464315474033356, -0.17923234403133392], [0.0010912208817899227, -0.12242255359888077], [0.032265804708004, 0.12562862038612366], [0.29482683539390564, 0.0061956909485161304]], [[0.017023930326104164, -0.03231237828731537], [-0.19462275505065918, -0.17920154333114624], [0.0011114400113001466, -0.12241034209728241], [0.03226982429623604, 0.12560151517391205], [0.2947825491428375, 0.006194190587848425]], [[0.01701846718788147, -0.03229214996099472], [-0.19460804760456085, -0.17920775711536407], [0.0011783086229115725, -0.12236608564853668], [0.032271645963191986, 0.12546652555465698], [0.2947802245616913, 0.006189404986798763]], [[0.017018647864460945, -0.03229200467467308], [-0.19453823566436768, -0.1792546808719635], [0.0011331900022923946, -0.12224747985601425], [0.03228144720196724, 0.12547126412391663], [0.2947177588939667, 0.006226364988833666]], [[0.017003292217850685, -0.0322958305478096], [-0.1941629946231842, -0.17912140488624573], [0.001133568468503654, -0.12224365770816803], [0.032280899584293365, 0.12547186017036438], [0.29469919204711914, 0.006291785277426243]], [[0.01700524054467678, -0.03227941691875458], [-0.19410209357738495, -0.1790039986371994], [0.0011299732141196728, -0.12224184721708298], [0.03222822770476341, 0.12546753883361816], [0.29463741183280945, 0.006320909596979618]], [[0.017001699656248093, -0.03227866813540459], [-0.19407960772514343, -0.17900903522968292], [0.0011286857770755887, -0.12224114686250687], [0.0322282537817955, 0.1254672110080719], [0.2946224808692932, 0.006334125995635986]], [[0.01699599251151085, -0.03227141872048378], [-0.19408220052719116, -0.17900466918945312], [0.0011143096489831805, -0.12219870090484619], [0.032230399549007416, 0.12546487152576447], [0.2946176528930664, 0.006317376624792814]], [[0.01699746400117874, -0.03226778283715248], [-0.19408155977725983, -0.17889146506786346], [0.001093130325898528, -0.12219136208295822], [0.03221976384520531, 0.12543469667434692], [0.29461392760276794, 0.006324454676359892]], [[0.016693953424692154, -0.03197898343205452], [-0.1940644383430481, -0.1788865625858307], [0.0011030997848138213, -0.1221860945224762], [0.03222087770700455, 0.1254345327615738], [0.2945605516433716, 0.006216915789991617]], [[0.01665077731013298, -0.03195924684405327], [-0.19403968751430511, -0.17889855802059174], [0.0010995568009093404, -0.12218616902828217], [0.03221649304032326, 0.12542104721069336], [0.2945617139339447, 0.006208446342498064]], [[0.016642967239022255, -0.03196866810321808], [-0.19399650394916534, -0.1788937747478485], [0.0010782574536278844, -0.1221047043800354], [0.032223138958215714, 0.12538938224315643], [0.29454633593559265, 0.006211815867573023]], [[0.01664803735911846, -0.03195721656084061], [-0.1938137263059616, -0.17852683365345], [0.0010774924885481596, -0.12209297716617584], [0.03222661092877388, 0.12538829445838928], [0.2944565713405609, 0.006319982465356588]], [[0.016644662246108055, -0.031947191804647446], [-0.1936824768781662, -0.1784844994544983], [0.001071735518053174, -0.12209247797727585], [0.03221169859170914, 0.12538409233093262], [0.2943204343318939, 0.006357403937727213]], [[0.016630245372653008, -0.03194538503885269], [-0.19366861879825592, -0.17847374081611633], [0.0010754409013316035, -0.12209265679121017], [0.03221435844898224, 0.12537355720996857], [0.29408735036849976, 0.006256490480154753]], [[0.016630105674266815, -0.03194686397910118], [-0.19366231560707092, -0.1784786731004715], [0.0010775974951684475, -0.12208683788776398], [0.03219430148601532, 0.12535502016544342], [0.2940221130847931, 0.006247188430279493]], [[0.016632258892059326, -0.031946372240781784], [-0.19362077116966248, -0.1784830093383789], [0.0010982959065586329, -0.12207883596420288], [0.03218992426991463, 0.12535348534584045], [0.29398709535598755, 0.006223858334124088]], [[0.0166349895298481, -0.03194364532828331], [-0.19354477524757385, -0.1784476637840271], [0.001117453444749117, -0.12203124165534973], [0.03217801824212074, 0.12535040080547333], [0.2939412593841553, 0.006223937496542931]], [[0.01661623641848564, -0.031926631927490234], [-0.19343842566013336, -0.17834147810935974], [0.0011075349757447839, -0.12202484905719757], [0.03213611617684364, 0.12531626224517822], [0.2937413156032562, 0.006370720453560352]], [[0.0166710764169693, -0.03189840167760849], [-0.19316817820072174, -0.17824792861938477], [0.001070020254701376, -0.12196389585733414], [0.032210808247327805, 0.12527474761009216], [0.2936834394931793, 0.006407048087567091]], [[0.01668943464756012, -0.03190254420042038], [-0.19315992295742035, -0.17825479805469513], [0.0010782030876725912, -0.12189748883247375], [0.032157182693481445, 0.12521743774414062], [0.29363879561424255, 0.006353504490107298]], [[0.01668613590300083, -0.031901679933071136], [-0.19310563802719116, -0.17825916409492493], [0.0010894985171034932, -0.12188643962144852], [0.03215889260172844, 0.12521634995937347], [0.29361265897750854, 0.006407121662050486]], [[0.016682401299476624, -0.0319080576300621], [-0.19292065501213074, -0.17828036844730377], [0.0010795504786074162, -0.12183410674333572], [0.03204251453280449, 0.125099778175354], [0.2936047911643982, 0.0063924165442585945]], [[0.016708144918084145, -0.031869951635599136], [-0.19292061030864716, -0.17828044295310974], [0.0010955686448141932, -0.12174350023269653], [0.03201498091220856, 0.12501104176044464], [0.29346922039985657, 0.006304105743765831]], [[0.016709109768271446, -0.03186750039458275], [-0.19287477433681488, -0.1782352477312088], [0.0010438964236527681, -0.12169300764799118], [0.031993329524993896, 0.1249707043170929], [0.2934319078922272, 0.00639796769246459]]],