{"eps": {"drone_state": [[-9.916657447814941, 0.03786798566579819, 1.0029172897338867, -0.005430806428194046], [-10.044179916381836, -0.07240394502878189, 0.9900928139686584, 0.0015408999752253294], [-9.861817359924316, 0.06528493016958237, 1.0075210332870483, -0.10419140011072159], [-10.110051155090332, 0.059001922607421875, 1.1294174194335938, 0.12073182314634323], [-10.097493171691895, -0.08963610976934433, 0.98475182056427, 0.026435934007167816]], "tree_locations": [[[-1.2829962968826294, 2.623321771621704], [-3.3644676208496094, -3.068603515625], [-6.55588960647583, 3.7805447578430176], [-2.9236302375793457, -1.8138922452926636], [-2.1874759197235107, 2.257512092590332]], [[-1.76649010181427, 0.8216657042503357], [-6.125952243804932, -3.0662214756011963], [-4.378220081329346, -0.10916227847337723], [-7.5360636711120605, -3.7315926551818848], [-3.122169017791748, -0.0005797769990749657]], [[-2.2245001792907715, 0.923658013343811], [-4.496419429779053, 2.001683473587036], [-4.192861557006836, 3.902007579803467], [-6.620673656463623, 0.17607563734054565], [-1.1819785833358765, -3.2887823581695557]], [[-2.1302835941314697, -0.6603986024856567], [-2.437278985977173, -2.4881484508514404], [-5.878676891326904, -3.8595998287200928], [-3.357332468032837, 0.6078179478645325], [-4.089751720428467, 0.5563072562217712]], [[-1.8913265466690063, 3.8840250968933105], [-5.777816295623779, 0.07631362974643707], [-6.355648994445801, -3.8073387145996094], [-4.021251201629639, -2.23801851272583], [-2.9860317707061768, 2.0690600872039795]]], "tree_velocities": [[[0.3023871183395386, 0.22143776714801788], [0.3405332565307617, -0.26928186416625977], [-0.1565302610397339, 0.3395802974700928], [-0.11512889713048935, 0.32015082240104675], [0.25340917706489563, -0.06857188045978546]], [[-0.11229521036148071, -0.0005780420615337789], [0.010454121045768261, 0.09903186559677124], [-0.5574002265930176, -0.33982062339782715], [0.03878406807780266, -0.17688892781734467], [-0.1060396283864975, -0.2395631968975067]], [[-0.17501495778560638, 0.045484814792871475], [-0.21104297041893005, 0.39333009719848633], [0.19906294345855713, 0.2530146539211273], [0.026230258867144585, -0.28625524044036865], [-0.18597084283828735, 0.10281932353973389]], [[-0.2502838969230652, 0.25372257828712463], [0.027607791125774384, 0.08908313512802124], [-0.21880462765693665, -0.22195033729076385], [0.2974388003349304, -0.2546176612377167], [-0.07101023197174072, -0.03398270159959793]], [[0.05519429221749306, 0.28809887170791626], [-0.21370217204093933, -0.1879798322916031], [-0.058292750269174576, 0.10139764845371246], [0.09943509846925735, 0.28613346815109253], [-0.03477182239294052, -0.1461135298013687]]], "wind_speed": [[0.016394469887018204, -0.022350909188389778], [-0.11913745105266571, -0.07981026917695999], [-0.04558069258928299, 0.031933560967445374], [-0.01913466490805149, -0.10729755461215973], [-0.02578798495233059, -0.10078152269124985]]}, "eps_trace": {"drone_state": [[[-9.900104522705078, 0.045420385897159576, 1.0043232440948486, -0.007875372655689716], [-10.051873207092285, -0.08625991642475128, 0.9797826409339905, 0.0017041173996403813], [-9.852461814880371, 0.06975040584802628, 1.0065672397613525, -0.11100387573242188], [-10.11152458190918, 0.06069232523441315, 1.1388051509857178, 0.12419671565294266], [-10.10771656036377, -0.09994174540042877, 0.9742895364761353, 0.028465289622545242]], [[-9.904260635375977, 0.043520089238882065, 1.00613534450531, -0.007833706215023994], [-10.050232887268066, -0.08235736191272736, 0.981389582157135, 0.0017588420305401087], [-9.853793144226074, 0.06959835439920425, 1.0056425333023071, -0.10857400298118591], [-10.113046646118164, 0.060396064072847366, 1.1347702741622925, 0.1243005022406578], [-10.105273246765137, -0.0975339487195015, 0.9776785969734192, 0.027821121737360954]], [[-9.90854263305664, 0.04153049364686012, 1.0045356750488281, -0.007471125572919846], [-10.048130989074707, -0.07891178131103516, 0.9843376278877258, 0.0016851661494001746], [-9.857259750366211, 0.06789939105510712, 1.0056486129760742, -0.10608988255262375], [-10.112635612487793, 0.06014103442430496, 1.135769009590149, 0.12330099195241928], [-10.102168083190918, -0.09455164521932602, 0.9800819158554077, 0.027050765231251717]], [[-9.913013458251953, 0.039512988179922104, 1.0036441087722778, -0.007099458947777748], [-10.046341896057129, -0.07602682709693909, 0.9875591993331909, 0.0015966249629855156], [-9.860648155212402, 0.06626218557357788, 1.0064557790756226, -0.10339272767305374], [-10.111682891845703, 0.0596105195581913, 1.1310179233551025, 0.12218936532735825], [-10.09901237487793, -0.09163220226764679, 0.9824914336204529, 0.02621382102370262]], [[-9.916657447814941, 0.03786798566579819, 1.0029172897338867, -0.005430806428194046], [-10.044179916381836, -0.07240394502878189, 0.9900928139686584, 0.0015408999752253294], [-9.861817359924316, 0.06528493016958237, 1.0075210332870483, -0.10419140011072159], [-10.110051155090332, 0.059001922607421875, 1.1294174194335938, 0.12073182314634323], [-10.097493171691895, -0.08963610976934433, 0.98475182056427, 0.026435934007167816]]],