{"eps": {"drone_state": [[-10.109674453735352, -0.08152636885643005, 1.0132313966751099, 0.07768446952104568], [-9.948070526123047, 0.043912190943956375, 1.0069984197616577, -0.11549950391054153], [-9.912043571472168, -0.04166517034173012, 1.0551819801330566, 0.01023323554545641], [-10.001261711120605, 0.016032438725233078, 0.990385890007019, -0.010971039533615112], [-9.880571365356445, 0.13691355288028717, 1.0325770378112793, 0.01597314514219761]], "tree_locations": [[[-3.069054365158081, -3.940730094909668], [-3.7714641094207764, -0.5415294766426086], [-7.021002292633057, -3.4701931476593018], [-6.9979143142700195, -0.9839923977851868], [-5.287558078765869, -1.5563055276870728]], [[-3.789252758026123, -0.041235778480768204], [-7.348925590515137, -0.7325530648231506], [-2.2073237895965576, 2.5373566150665283], [-1.563908576965332, -2.469003200531006], [-6.584849834442139, 2.4686684608459473]], [[-2.728536605834961, -1.7913471460342407], [-5.076353073120117, -3.277930974960327], [-6.478289604187012, 3.460541009902954], [-7.305638790130615, -1.7704592943191528], [-7.974867820739746, -3.009845018386841]], [[-6.899548530578613, 0.9106393456459045], [-3.3703534603118896, 3.4152839183807373], [-4.825494289398193, -3.5632872581481934], [-3.9520668983459473, 1.2330089807510376], [-1.4669997692108154, 2.803856134414673]], [[-3.1378307342529297, 1.136197566986084], [-5.949993133544922, -3.9712836742401123], [-4.881083965301514, -2.4272661209106445], [-5.72511100769043, 3.083794116973877], [-3.7767727375030518, 1.5771675109863281]]], "tree_velocities": [[[0.1652526557445526, -0.09253907948732376], [0.5142086744308472, 0.401717871427536], [-0.14583279192447662, 0.10300133377313614], [0.3277718722820282, -0.12072882801294327], [-0.41297590732574463, -0.006664444226771593]], [[0.1027296930551529, 0.011669187806546688], [0.16100123524665833, 0.10197706520557404], [0.25504326820373535, -0.15791372954845428], [-0.44783303141593933, -0.2664327621459961], [0.44159480929374695, 0.24370574951171875]], [[0.2189127653837204, -0.0692359134554863], [-0.5199446082115173, 0.08613269776105881], [-0.25350022315979004, 0.41588297486305237], [-0.3491222858428955, -0.21278613805770874], [0.32393696904182434, -0.07504547387361526]], [[0.16895024478435516, 0.13879239559173584], [-0.0360378623008728, 0.05995893478393555], [0.26761123538017273, -0.47116249799728394], [0.23900437355041504, -0.28899282217025757], [0.3863275945186615, 0.23727424442768097]], [[0.31193795800209045, 0.14024220407009125], [0.01805814355611801, 0.16578201949596405], [0.14460480213165283, -0.012023644521832466], [0.05624121427536011, -0.03414950147271156], [0.3718836009502411, -0.1589805781841278]]], "wind_speed": [[-0.11384227126836777, 0.03274216502904892], [-0.029143773019313812, 0.05636036768555641], [0.09022803604602814, -0.0066237859427928925], [0.05473551154136658, 0.028837935999035835], [-0.020519129931926727, 0.04452723264694214]]}, "eps_trace": {"drone_state": [[[-10.122446060180664, -0.09079931676387787, 1.0175714492797852, 0.08646628260612488], [-9.942488670349121, 0.049314144998788834, 1.0013107061386108, -0.13075028359889984], [-9.905359268188477, -0.04482360556721687, 1.0737007856369019, 0.011009317822754383], [-10.000927925109863, 0.022967467084527016, 0.983623206615448, -0.014452435076236725], [-9.870590209960938, 0.14829197525978088, 1.0354313850402832, 0.0164013858884573]], [[-10.119089126586914, -0.08846555650234222, 1.0167726278305054, 0.0843009427189827], [-9.942916870117188, 0.04840700328350067, 1.0031722784042358, -0.1273737996816635], [-9.90665340423584, -0.044222522526979446, 1.0689111948013306, 0.010860727168619633], [-10.001960754394531, 0.020603271201252937, 0.9835736751556396, -0.014409548602998257], [-9.873273849487305, 0.14521817862987518, 1.0325618982315063, 0.01606147736310959]], [[-10.115886688232422, -0.08608563244342804, 1.014809012413025, 0.08202053606510162], [-9.944650650024414, 0.04693852737545967, 1.0049399137496948, -0.12347008287906647], [-9.90822982788086, -0.043478239327669144, 1.0642280578613281, 0.010685995221138], [-10.002130508422852, 0.018256505951285362, 0.9826792478561401, -0.012390361167490482], [-9.875380516052246, 0.1427242010831833, 1.033955693244934, 0.016356542706489563]], [[-10.112614631652832, -0.08368569612503052, 1.0131025314331055, 0.07972456514835358], [-9.946273803710938, 0.04552670940756798, 1.0070000886917114, -0.11978539079427719], [-9.910127639770508, -0.042572759091854095, 1.0596975088119507, 0.010466686449944973], [-10.002021789550781, 0.016864696517586708, 0.9872706532478333, -0.01121350098401308], [-9.877910614013672, 0.13975833356380463, 1.0309947729110718, 0.016197744756937027]], [[-10.109674453735352, -0.08152636885643005, 1.0132313966751099, 0.07768446952104568], [-9.948070526123047, 0.043912190943956375, 1.0069984197616577, -0.11549950391054153], [-9.912043571472168, -0.04166517034173012, 1.0551819801330566, 0.01023323554545641], [-10.001261711120605, 0.016032438725233078, 0.990385890007019, -0.010971039533615112], [-9.880571365356445, 0.13691355288028717, 1.0325770378112793, 0.01597314514219761]]],