{"seeker_traj": {"trajectories": [[[0.8116552233695984, 0.4055146872997284], [-0.7009558081626892, 0.5128824710845947], [-0.4187915325164795, 0.5252152681350708], [1.1166948080062866, 0.5110432505607605], [1.151105523109436, -0.5442657470703125]], [[0.6350671648979187, -0.1202690452337265], [-0.7652751803398132, -0.44539499282836914], [1.0150927305221558, -0.422339528799057], [1.017090916633606, -0.23335935175418854], [-1.104744553565979, 0.21153506636619568]]]}, "hider_trajs": {"trajectories": [[[[0.18582503497600555, 0.13409867882728577], [-0.6487999558448792, 0.4308460056781769], [-0.1823933720588684, 0.14732125401496887], [0.37646231055259705, 0.5025299787521362], [0.854259192943573, -0.03109220787882805]], [[-0.24846412241458893, -0.29572734236717224], [-0.16534852981567383, 0.4204695224761963], [-1.1277395486831665, -0.11528968811035156], [-1.128663182258606, -0.4653119146823883], [-1.1482720375061035, -0.5634419918060303]], [[1.0884320735931396, 0.539580762386322], [1.0984004735946655, 0.5682882070541382], [0.34855806827545166, 0.5714479088783264], [-0.9460784196853638, 0.569042980670929], [-0.2187862992286682, 0.5517559051513672]], [[1.1067514419555664, 0.5039175152778625], [0.7068600654602051, 0.5273770689964294], [1.100538969039917, 0.49904128909111023], [0.2546633183956146, 0.2570469379425049], [0.08364575356245041, -0.31297633051872253]], [[0.8994211554527283, -0.006221275310963392], [-0.16165299713611603, -0.32855525612831116], [0.4380645453929901, -0.48556360602378845], [0.29186177253723145, -0.529755711555481], [0.041312988847494125, -0.5519530177116394]], [[-1.0650031566619873, -0.5852686166763306], [-1.0502479076385498, -0.5624919533729553], [-1.023159384727478, -0.49632319808006287], [-1.0142749547958374, -0.01086275652050972], [-1.0764718055725098, 0.5419818758964539]], [[1.1091748476028442, -0.06044067442417145], [1.1493139266967773, -0.5108504295349121], [1.1546014547348022, -0.533309817314148], [1.1467623710632324, -0.5418919324874878], [1.1862598657608032, -0.5885486006736755]], [[0.9648325443267822, 0.493205726146698], [-0.139474019408226, 0.5267241597175598], [-0.8775711059570312, 0.5208100080490112], [-1.0336745977401733, 0.5034946203231812], [-1.0194387435913086, 0.5627219676971436]], [[1.0039666891098022, -0.5414847135543823], [1.1036103963851929, -0.5699294805526733], [-0.6380976438522339, -0.5651013255119324], [0.7303428649902344, -0.5582006573677063], [-0.15558691322803497, -0.5670039653778076]], [[-1.086819052696228, -0.5979402661323547], [-0.6684527397155762, -0.5743275284767151], [-1.0318447351455688, -0.5143020749092102], [-0.9936987161636353, -0.443039208650589], [-1.0896776914596558, -0.4253356158733368]]], [[[0.8510308265686035, 0.5276780128479004], [1.1235853433609009, 0.5564880967140198], [0.9378898739814758, 0.5639674663543701], [-0.166940838098526, 0.5748189091682434], [-0.41476377844810486, 0.5671241283416748]], [[1.106475830078125, -0.4744432866573334], [1.135205626487732, -0.5270873308181763], [1.1490238904953003, -0.5431137681007385], [1.1438416242599487, -0.5461767315864563], [1.185908317565918, -0.589605987071991]], [[0.8475079536437988, 0.030541477724909782], [0.7101070284843445, -0.25527429580688477], [0.829731285572052, -0.31436610221862793], [-0.09702043980360031, -0.25063979625701904], [1.0338044166564941, -0.0828234925866127]], [[-0.4208002984523773, -0.19019250571727753], [-0.48878639936447144, -0.1274704486131668], [-1.0569318532943726, -0.23059335350990295], [-1.114320158958435, 0.28458085656166077], [-1.1727606058120728, 0.3403119444847107]], [[1.1048548221588135, -0.46766406297683716], [1.1473701000213623, -0.5045645833015442], [1.1615701913833618, -0.5008729100227356], [1.1716464757919312, -0.30869585275650024], [1.185075044631958, 0.0998465046286583]], [[-0.0599837526679039, 0.5771006345748901], [-1.0889604091644287, 0.5571992993354797], [-1.09364652633667, 0.11686788499355316], [-1.114753246307373, -0.47452715039253235], [-1.1266593933105469, -0.07460463047027588]], [[1.0779600143432617, 0.4914033114910126], [1.1177091598510742, 0.5301381945610046], [1.130661129951477, 0.5389630794525146], [1.1394213438034058, 0.5430549383163452], [1.1989415884017944, 0.5982242822647095]], [[0.6643903255462646, 0.27852410078048706], [-0.9144172072410583, 0.4724172353744507], [-0.9988199472427368, -0.20164917409420013], [-0.3792343735694885, -0.3469192087650299], [0.48462221026420593, -0.3240662217140198]], [[0.6890057325363159, -0.2634235918521881], [-0.146719291806221, -0.23025283217430115], [0.6721453666687012, -0.016443459317088127], [0.08089219778776169, 0.08402763307094574], [-0.03210531175136566, 0.17960405349731445]], [[1.074914574623108, 0.5054096579551697], [0.84226393699646, 0.5334084033966064], [1.027766227722168, 0.3329564332962036], [-1.024945616722107, -0.1859968900680542], [-0.6066399216651917, -0.08443250507116318]]]]}, "best_hider_traj_idx": 9, "time": 141.55452431202866, "n_seekers": 2, "n_hiders": 2, "T": 5, "width": 3.2, "height": 2.0, "buffer": 0.2, "duration": 50.0, "dp_mcmc_step_size": 0.01, "ep_mcmc_step_size": 0.01, "num_rounds": 100, "num_mcmc_steps_per_round": 100, "num_chains": 10, "use_gradients": true, "use_stochasticity": true, "repair": true, "predict": true, "quench_rounds": 25, "tempering_schedule": null}