{"seeker_traj": {"trajectories": [[[-1.0340814590454102, -0.39365652203559875], [-0.6624303460121155, -0.32565948367118835], [1.0032039880752563, -0.3478020429611206], [0.6379002332687378, 0.4185999035835266], [0.8432446122169495, -0.3211313784122467]], [[-1.018856406211853, 0.44065555930137634], [0.21037964522838593, 0.14897005259990692], [0.6092700362205505, 0.49184051156044006], [-0.3386276662349701, 0.4744473099708557], [0.27931463718414307, 0.2487904131412506]]]}, "hider_trajs": {"trajectories": [[[[1.399999976158142, -0.800000011920929], [0.8365171551704407, -0.5725284814834595], [-0.253932386636734, 0.7013320922851562], [-0.18878735601902008, -0.40567418932914734], [0.2991173267364502, 0.29032325744628906]], [[1.399999976158142, -0.800000011920929], [-0.6669134497642517, 0.18671169877052307], [-0.4846726357936859, -0.7927223443984985], [-1.3156532049179077, 0.11656856536865234], [0.34753766655921936, 0.627889096736908]], [[1.399999976158142, -0.800000011920929], [0.9410952925682068, 0.46978017687797546], [-0.26084843277931213, -0.14516067504882812], [0.9310977458953857, -0.5613592267036438], [-0.4284944534301758, 0.2245868742465973]], [[1.399999976158142, -0.800000011920929], [-0.14099754393100739, -0.6344308853149414], [-0.2455940693616867, -0.5380024313926697], [0.09430789947509766, -0.6912553906440735], [-0.3432084619998932, -0.23613034188747406]], [[1.399999976158142, -0.800000011920929], [0.8598073720932007, 0.08774948120117188], [0.9935234189033508, -0.37822914123535156], [-0.6813700795173645, -0.2955116331577301], [0.9773160815238953, -0.12179603427648544]], [[1.399999976158142, -0.800000011920929], [-1.326687216758728, 0.3117048442363739], [-0.13802552223205566, -0.5899267196655273], [-0.6465912461280823, 0.43389034271240234], [0.3605903685092926, -0.5457615256309509]], [[1.399999976158142, -0.800000011920929], [0.597080409526825, 0.7538097500801086], [1.1614688634872437, -0.7978246808052063], [0.6719212532043457, -0.5981704592704773], [0.8704811930656433, -0.20996741950511932]], [[1.399999976158142, -0.800000011920929], [1.2511523962020874, 0.4532282054424286], [0.5524302124977112, -0.20169983804225922], [-0.8037863969802856, -0.06910248100757599], [0.4819088876247406, 0.6353961825370789]], [[1.399999976158142, -0.800000011920929], [0.7286214828491211, -0.7595226168632507], [-0.8002609610557556, -0.006457710172981024], [-0.777445375919342, 0.5002952814102173], [-0.9150770306587219, 0.525775134563446]], [[1.399999976158142, -0.800000011920929], [-0.21179088950157166, -0.12068881839513779], [0.7962979078292847, 0.3084476590156555], [-1.3427664041519165, -0.4542669355869293], [0.7307804226875305, 0.7720487713813782]]], [[[1.399999976158142, 0.800000011920929], [-0.5273014307022095, 0.36323854327201843], [0.9202660322189331, -0.0791311264038086], [1.3413177728652954, 0.31514015793800354], [-0.35500478744506836, -0.6537243127822876]], [[1.399999976158142, 0.800000011920929], [0.41055813431739807, 0.24669437110424042], [-0.6233820915222168, 0.030274009332060814], [-0.9212530255317688, 0.036084938794374466], [-0.7220649123191833, 0.02668743208050728]], [[1.399999976158142, 0.800000011920929], [1.326926589012146, -0.4574151933193207], [0.1813068836927414, 0.3524850904941559], [-1.022255301475525, -0.1437942534685135], [1.0651028156280518, -0.31139031052589417]], [[1.399999976158142, 0.800000011920929], [-0.9228832721710205, -0.5295242667198181], [-1.3502315282821655, -0.4854412078857422], [-0.3397738039493561, -0.7497648596763611], [-1.3367999792099, -0.1392446607351303]], [[1.399999976158142, 0.800000011920929], [0.44028010964393616, 0.29365596175193787], [-0.9002692699432373, 0.5465608835220337], [-1.3903895616531372, 0.1122230514883995], [0.7342267632484436, -0.583791196346283]], [[1.399999976158142, 0.800000011920929], [0.2076142281293869, -0.6797108054161072], [1.2116152048110962, -0.32505378127098083], [-0.6789364218711853, 0.7662380337715149], [0.6354925036430359, 0.49640464782714844]], [[1.399999976158142, 0.800000011920929], [0.0889766663312912, -0.33942529559135437], [1.19670832157135, -0.5122455954551697], [-0.2552618384361267, 0.5798507928848267], [0.052735183387994766, -0.3726358413696289]], [[1.399999976158142, 0.800000011920929], [0.9165920615196228, 0.3097929060459137], [-0.5580147504806519, -0.34110450744628906], [1.232695460319519, -0.7243070602416992], [0.8025844693183899, -0.6575123071670532]], [[1.399999976158142, 0.800000011920929], [0.394563764333725, 0.6263206601142883], [-0.3389012813568115, 0.18237876892089844], [0.31154051423072815, 0.6807781457901001], [-0.7072014212608337, 0.7165266275405884]], [[1.399999976158142, 0.800000011920929], [-0.9137402176856995, -0.4479360580444336], [-1.3313325643539429, -0.6209867596626282], [-0.4997887909412384, 0.7398698925971985], [1.1985126733779907, -0.3965419828891754]]]]}, "best_hider_traj_idx": 3, "time": 6.074109791778028, "n_seekers": 2, "n_hiders": 2, "T": 5, "width": 3.2, "height": 2.0, "buffer": 0.2, "duration": 50.0, "dp_mcmc_step_size": 0.01, "ep_mcmc_step_size": 0.01, "num_rounds": 50, "num_mcmc_steps_per_round": 10, "num_chains": 10, "use_gradients": true, "use_stochasticity": false, "repair": true, "predict": false, "quench_rounds": 20, "tempering_schedule": null}