{"seeker_traj": {"trajectories": [[[0.7615160942077637, -0.4984723627567291], [-0.7441431283950806, 0.4829308092594147], [0.6050010919570923, 0.3930509686470032], [-1.2375531196594238, -0.5508476495742798], [1.2161896228790283, 0.5314693450927734]], [[-1.1996822357177734, -0.6762734651565552], [0.29568445682525635, -0.3526195287704468], [-0.4463275969028473, 0.017290979623794556], [-0.1699717938899994, 0.5226115584373474], [0.1969168484210968, -0.33504360914230347]]]}, "hider_trajs": {"trajectories": [[[[-0.2715739905834198, -0.2447165846824646], [0.9118348956108093, -0.2636113464832306], [-1.0218766927719116, 0.4596569538116455], [0.4506211280822754, -0.382386177778244], [0.04917044937610626, -0.4422784149646759]], [[0.8447067141532898, 0.3714793920516968], [0.43963393568992615, 0.5335038900375366], [0.7593885064125061, 0.2102328985929489], [-0.7685950994491577, 0.2713738679885864], [1.4241409301757812, -0.5130648612976074]], [[1.1379634141921997, 0.5441397428512573], [0.13417460024356842, 0.04930002987384796], [-0.3379371762275696, 0.3821650743484497], [0.7594263553619385, 0.20161360502243042], [-0.7571662664413452, -0.43269944190979004]], [[-1.1725119352340698, -0.248092919588089], [-1.0657202005386353, 0.597955584526062], [0.22961769998073578, 0.4310929775238037], [-1.4302219152450562, 0.658636748790741], [-0.08473578095436096, -0.4969555139541626]], [[1.1137938499450684, -0.1770002841949463], [0.03391379117965698, -0.3560974597930908], [0.6873458623886108, -0.20077477395534515], [-0.8010668158531189, -0.054641660302877426], [-0.7749636173248291, 0.3412646949291229]], [[-0.9674995541572571, -0.09956976026296616], [0.052940111607313156, 0.06205558031797409], [-0.4722209870815277, -0.29135388135910034], [-0.37753307819366455, -0.1962781548500061], [1.487696647644043, 0.26139333844184875]], [[-1.0535597801208496, -0.4194112718105316], [1.1146297454833984, -0.22271746397018433], [-0.15304610133171082, -0.2863196134567261], [-0.5143986940383911, 0.7394667863845825], [0.11094067245721817, -0.5351672172546387]], [[0.2759363353252411, 0.2687793970108032], [-1.3352433443069458, 0.2967495620250702], [0.7397621273994446, 0.8613849878311157], [-1.5591472387313843, 0.42333999276161194], [0.5022371411323547, 0.5083582997322083]], [[0.17193350195884705, -0.4283418357372284], [0.06858105212450027, -0.31215983629226685], [1.0950955152511597, 0.2926381528377533], [-1.2828062772750854, 0.5868181586265564], [1.1835764646530151, -0.03200087323784828]], [[-1.2358295917510986, 0.8468358516693115], [0.8573670387268066, 0.2508544325828552], [1.3466254472732544, 0.4424186646938324], [-0.4502984583377838, -0.4285416305065155], [-0.498874306678772, -0.7031863331794739]]], [[[-1.1952266693115234, -0.06843416392803192], [-1.3215446472167969, 0.2668831944465637], [-0.3252757787704468, 0.26974281668663025], [-1.3703821897506714, 0.1569482535123825], [-0.2850446403026581, 0.4084368944168091]], [[-0.6414436101913452, 0.04704993590712547], [-0.4456060230731964, 0.4362407326698303], [0.21311935782432556, 0.7099214196205139], [0.385826975107193, -0.08023213595151901], [0.14394840598106384, -0.7544370889663696]], [[-1.3619787693023682, -0.3784627914428711], [-0.8636026978492737, 0.03196330741047859], [1.345537781715393, -0.5912075638771057], [-0.06818874180316925, -0.4734050929546356], [0.699550449848175, 0.4823310375213623]], [[-1.339219570159912, 0.3055870234966278], [0.06841125339269638, 0.04661320149898529], [-1.1910511255264282, -0.06644266098737717], [1.1945332288742065, 0.8627978563308716], [-0.07059160619974136, -0.34702515602111816]], [[1.2259522676467896, -0.1494223177433014], [0.1184825599193573, 0.4756332337856293], [0.644015908241272, 0.4579033851623535], [-0.05023868381977081, -0.7072281837463379], [0.39545512199401855, 0.22157125174999237]], [[0.4147193431854248, -0.37710127234458923], [0.315573513507843, 0.04595755413174629], [-0.7097792625427246, -0.018078958615660667], [-1.3048737049102783, 0.6429792642593384], [0.34195756912231445, 0.3460977077484131]], [[1.0693376064300537, 0.6529785394668579], [0.8891746401786804, -0.46599340438842773], [-1.319535493850708, 0.5304869413375854], [1.2934855222702026, -0.2869696617126465], [-0.1516602486371994, -0.2955284118652344]], [[-0.5062758326530457, -0.6507583260536194], [0.25376632809638977, 0.3425232470035553], [-1.1348503828048706, 0.3068680763244629], [0.7863286733627319, 0.28857022523880005], [-0.9287670254707336, -0.5278630256652832]], [[-1.1645042896270752, -0.0602826289832592], [-0.635075569152832, 0.34824442863464355], [-0.9251806139945984, 0.314364492893219], [-1.334464430809021, 0.13009482622146606], [-0.27271682024002075, 0.2453993409872055]], [[-0.11362551152706146, 0.10744085907936096], [0.7995983362197876, -0.25044184923171997], [0.17454375326633453, 0.7310269474983215], [1.1333483457565308, 0.40789976716041565], [1.0054925680160522, 0.6114113330841064]]]]}, "best_hider_traj_idx": 0, "time": 11.663942316547036, "n_seekers": 2, "n_hiders": 2, "T": 5, "width": 3.2, "height": 2.0, "buffer": 0.2, "duration": 50.0, "dp_mcmc_step_size": 0.01, "ep_mcmc_step_size": 0.01, "num_rounds": 50, "num_mcmc_steps_per_round": 10, "num_chains": 10, "use_gradients": false, "use_stochasticity": true, "repair": true, "predict": true, "quench_rounds": 20, "tempering_schedule": null}