{"eps": {"drone_state": [[-10.07898235321045, 0.22263284027576447, 1.0600334405899048, -0.19450755417346954], [-10.109994888305664, 0.05324498564004898, 1.0593949556350708, 0.0553411990404129], [-9.956449508666992, -0.06362394988536835, 0.9866045713424683, 0.1501370370388031], [-10.071061134338379, 0.02442295104265213, 1.0256218910217285, 0.22425054013729095], [-10.110331535339355, -0.10240515321493149, 0.9709358811378479, 0.029153874143958092]], "tree_locations": [[[-1.360715389251709, 2.485793352127075], [-3.3354053497314453, -3.0720877647399902], [-6.8122382164001465, 3.5332837104797363], [-2.627277135848999, -1.6848543882369995], [-2.0801162719726562, 2.081245183944702]], [[-1.68580961227417, 0.9326968789100647], [-5.870584487915039, -2.9217543601989746], [-4.502315521240234, 0.07868136465549469], [-7.533681869506836, -3.6611528396606445], [-2.824965238571167, 0.05105223134160042]], [[-1.728173017501831, 0.9053382277488708], [-4.043499946594238, 2.2431111335754395], [-3.9202158451080322, 3.427455425262451], [-7.259800910949707, 0.32394492626190186], [-1.274730920791626, -2.952849864959717]], [[-1.8963395357131958, -0.6554738879203796], [-2.33628511428833, -2.466182231903076], [-5.726253509521484, -3.9480953216552734], [-3.3426854610443115, 0.5739148259162903], [-3.9017536640167236, 0.4371851086616516]], [[-1.8912262916564941, 3.8867950439453125], [-5.778258323669434, 0.08097648620605469], [-6.355669021606445, -3.807392120361328], [-4.025628089904785, -2.2430381774902344], [-2.9837827682495117, 2.0715599060058594]]], "tree_velocities": [[[0.35680902004241943, -0.09064160287380219], [0.3616105914115906, -0.11364865303039551], [-0.014683276414871216, 0.2638195753097534], [-0.051118288189172745, 0.23114073276519775], [0.1894335001707077, 0.10940099507570267]], [[-0.3082837462425232, -0.18508340418338776], [0.09323735535144806, 0.15690459311008453], [-0.5202891826629639, -0.3079012632369995], [0.2482089400291443, -0.19069243967533112], [-0.022213436663150787, -0.19215820729732513]], [[0.14538639783859253, 0.3053118586540222], [0.2577534317970276, 0.01840297505259514], [0.14285483956336975, 0.30174243450164795], [0.29760947823524475, 0.08383071422576904], [-0.21402212977409363, -0.1385212540626526]], [[-0.06317554414272308, 0.4852589964866638], [0.2718961834907532, 0.1206912249326706], [-0.36406344175338745, -0.2468491643667221], [0.3003275990486145, -0.13856518268585205], [-0.04418160393834114, 0.06088254973292351]], [[0.0577252171933651, 0.30123862624168396], [-0.22446981072425842, -0.19442476332187653], [-0.06096838787198067, 0.10606372356414795], [0.0985821932554245, 0.29310083389282227], [-0.03352184221148491, -0.15015920996665955]]], "wind_speed": [[-0.17925992608070374, 0.10209034383296967], [-0.12403061240911484, -0.023943468928337097], [-0.10110367834568024, -0.06062662601470947], [-0.20772041380405426, -0.11870087683200836], [-0.028277691453695297, -0.12512362003326416]]}, "eps_trace": {"drone_state": [[[-9.924893379211426, 0.0049273110926151276, 1.101999044418335, 0.02429264597594738], [-10.0535249710083, -0.08929135650396347, 0.9761804342269897, 0.0017365291714668274], [-9.851728439331055, -0.14666840434074402, 1.17289400100708, -0.10574521124362946], [-10.111414909362793, 0.060877375304698944, 1.1408318281173706, 0.12462542206048965], [-10.110331535339355, -0.10240515321493149, 0.9709358811378479, 0.029153874143958092]], [[-9.924893379211426, 0.0049273110926151276, 1.101999044418335, 0.02429264597594738], [-10.0535249710083, -0.08929135650396347, 0.9761804342269897, 0.0017365291714668274], [-9.851728439331055, -0.14666840434074402, 1.17289400100708, -0.10574521124362946], [-10.071061134338379, 0.02442295104265213, 1.0256218910217285, 0.22425054013729095], [-10.110331535339355, -0.10240515321493149, 0.9709358811378479, 0.029153874143958092]], [[-9.924893379211426, 0.0049273110926151276, 1.101999044418335, 0.02429264597594738], [-10.0535249710083, -0.08929135650396347, 0.9761804342269897, 0.0017365291714668274], [-9.828496932983398, -0.04862367361783981, 1.1963917016983032, 0.13792668282985687], [-10.071061134338379, 0.02442295104265213, 1.0256218910217285, 0.22425054013729095], [-10.110331535339355, -0.10240515321493149, 0.9709358811378479, 0.029153874143958092]], [[-9.924893379211426, 0.0049273110926151276, 1.101999044418335, 0.02429264597594738], [-10.109994888305664, 0.05324498564004898, 1.0593949556350708, 0.0553411990404129], [-9.871438980102539, -0.13401657342910767, 1.1023236513137817, 0.22516654431819916], [-10.071061134338379, 0.02442295104265213, 1.0256218910217285, 0.22425054013729095], [-10.110331535339355, -0.10240515321493149, 0.9709358811378479, 0.029153874143958092]], [[-10.07898235321045, 0.22263284027576447, 1.0600334405899048, -0.19450755417346954], [-10.109994888305664, 0.05324498564004898, 1.0593949556350708, 0.0553411990404129], [-9.956449508666992, -0.06362394988536835, 0.9866045713424683, 0.1501370370388031], [-10.071061134338379, 0.02442295104265213, 1.0256218910217285, 0.22425054013729095], [-10.110331535339355, -0.10240515321493149, 0.9709358811378479, 0.029153874143958092]]],