{"eps": {"object_position": [[0.04673457890748978, 0.0004194662324152887], [-0.01933341845870018, -0.07406675070524216], [-0.11911611258983612, -0.029680363833904266], [0.036530863493680954, -0.04119017720222473], [-0.021080706268548965, -0.02711559645831585]], "object_rotation": [1.353679895401001, 0.9579630494117737, 2.775376796722412, 1.095004916191101, 0.9234609603881836], "distractor_position": [-1.2482481002807617, 0.10169558972120285, -1.1296685934066772, -1.4669759273529053, -0.8752777576446533]}, "eps_trace": {"object_position": [[[0.05027778819203377, 0.0023129943292587996], [-0.02099216729402542, -0.08005930483341217], [-0.12424585223197937, -0.03430184721946716], [0.040362097322940826, -0.04326159134507179], [-0.021551452577114105, -0.031577855348587036]], [[0.04996075481176376, 0.001102121314033866], [-0.02111092396080494, -0.08006874471902847], [-0.12427294999361038, -0.03427691385149956], [0.04028833657503128, -0.043269261717796326], [-0.02128063328564167, -0.03201785683631897]], [[0.04993193596601486, 0.001085569616407156], [-0.021031416952610016, -0.07999861240386963], [-0.12419740855693817, -0.034097060561180115], [0.04024249315261841, -0.043237440288066864], [-0.02128046378493309, -0.03199794888496399]], [[0.049899209290742874, 0.0010686719324439764], [-0.020862212404608727, -0.0796857699751854], [-0.12416458129882812, -0.034077323973178864], [0.0402396135032177, -0.04324887692928314], [-0.021571656689047813, -0.03168688341975212]], [[0.04994732514023781, 0.001719225780107081], [-0.019588476046919823, -0.07945295423269272], [-0.12408668547868729, -0.03410162404179573], [0.040174033492803574, -0.04315176233649254], [-0.02119159698486328, -0.03152935579419136]], [[0.0499088317155838, 0.0015689291758462787], [-0.019475791603326797, -0.07939386367797852], [-0.12361063808202744, -0.03321747109293938], [0.0401691272854805, -0.04317140206694603], [-0.02103925123810768, -0.031596019864082336]], [[0.04991040378808975, 0.0015695762122049928], [-0.019372452050447464, -0.07933592051267624], [-0.12339216470718384, -0.033119820058345795], [0.04008013382554054, -0.043008044362068176], [-0.021019240841269493, -0.031639717519283295]], [[0.04989878833293915, 0.001560033648274839], [-0.01960299164056778, -0.07925307750701904], [-0.12277033925056458, -0.03219485282897949], [0.04027938097715378, -0.04278234764933586], [-0.021238207817077637, -0.03131881356239319]], [[0.0498366542160511, 0.0015220080967992544], [-0.01956779882311821, -0.0791749581694603], [-0.12279482185840607, -0.03217250481247902], [0.04047028720378876, -0.04271501675248146], [-0.02119428478181362, -0.031527526676654816]], [[0.049766842275857925, 0.0014017770299687982], [-0.019190693274140358, -0.07875616103410721], [-0.12159256637096405, -0.033013321459293365], [0.0404919795691967, -0.04269278421998024], [-0.021308502182364464, -0.031477924436330795]], [[0.049749329686164856, 0.0015090462984517217], [-0.019158560782670975, -0.0786590576171875], [-0.12138380110263824, -0.032717909663915634], [0.04053165763616562, -0.042645178735256195], [-0.021986424922943115, -0.030894281342625618]], [[0.04974718019366264, 0.0015096294227987528], [-0.019196102395653725, -0.07860925793647766], [-0.1215098425745964, -0.03248556703329086], [0.04050524905323982, -0.042559120804071426], [-0.02194681204855442, -0.030858324840664864]], [[0.04862162843346596, 0.002129483502358198], [-0.019103247672319412, -0.07864607870578766], [-0.1215306743979454, -0.032450929284095764], [0.04050014168024063, -0.042519647628068924], [-0.02194833941757679, -0.030859049409627914]], [[0.04866904020309448, 0.0020992765203118324], [-0.01918702758848667, -0.07851223647594452], [-0.12151564657688141, -0.032487209886312485], [0.040909551084041595, -0.04199686646461487], [-0.02193448506295681, -0.030849667266011238]], [[0.048365410417318344, 0.002143597463145852], [-0.019167406484484673, -0.07856202870607376], [-0.12125105410814285, -0.031235938891768456], [0.040087442845106125, -0.04249482974410057], [-0.02144499309360981, -0.029367810115218163]], [[0.0484335720539093, 0.001963455229997635], [-0.019206222146749496, -0.0785125195980072], [-0.12110057473182678, -0.03163621202111244], [0.0401371531188488, -0.042458757758140564], [-0.0214467141777277, -0.02936781942844391]], [[0.04835348203778267, 0.001900632749311626], [-0.019172854721546173, -0.07846689969301224], [-0.12020647525787354, -0.03132684528827667], [0.037780579179525375, -0.041571177542209625], [-0.021468941122293472, -0.029352255165576935]], [[0.04799934849143028, 0.0018409116892144084], [-0.01905168779194355, -0.07817893475294113], [-0.12011123448610306, -0.031212354078888893], [0.037848860025405884, -0.04163467139005661], [-0.021455733105540276, -0.029358835890889168]], [[0.047891270369291306, 0.0018423980800434947], [-0.019244318827986717, -0.07757563143968582], [-0.11994033306837082, -0.031154712662100792], [0.03796762228012085, -0.04149314761161804], [-0.02185952104628086, -0.028579896315932274]], [[0.04777360334992409, 0.0016528540290892124], [-0.019261347129940987, -0.07740176469087601], [-0.1194402202963829, -0.030434777960181236], [0.03732158988714218, -0.041496261954307556], [-0.021843114867806435, -0.028562838211655617]], [[0.04777858778834343, 0.0017285182839259505], [-0.019670188426971436, -0.0771636962890625], [-0.11941822618246078, -0.029811857268214226], [0.03730334714055061, -0.041513435542583466], [-0.02159091643989086, -0.02861371636390686]], [[0.04771643877029419, 0.001687000971287489], [-0.01966981031000614, -0.07634034752845764], [-0.11941734701395035, -0.029812073335051537], [0.03730855509638786, -0.041502125561237335], [-0.021062931045889854, -0.02795870043337345]], [[0.046756017953157425, 0.00043475604616105556], [-0.020158445462584496, -0.07586889714002609], [-0.11920888721942902, -0.029662208631634712], [0.03664945438504219, -0.04119091480970383], [-0.021128492429852486, -0.027174854651093483]], [[0.04675699397921562, 0.0004350228700786829], [-0.019530143588781357, -0.0741790235042572], [-0.11912829428911209, -0.029726820066571236], [0.03664951026439667, -0.04118676483631134], [-0.021079694852232933, -0.027111010625958443]], [[0.04673457890748978, 0.0004194662324152887], [-0.01933341845870018, -0.07406675070524216], [-0.11911611258983612, -0.029680363833904266], [0.036530863493680954, -0.04119017720222473], [-0.021080706268548965, -0.02711559645831585]]],