{"eps": {"object_position": [[-0.08834075182676315, -0.09876476228237152], [-0.14950767159461975, -0.016117090359330177], [0.07457860559225082, 0.09641477465629578], [0.01143578439950943, -0.22347062826156616], [0.08502786606550217, -0.043989360332489014], [0.07699903845787048, 0.0582234151661396], [0.22078216075897217, -0.028468772768974304], [0.03235620632767677, 0.08605441451072693], [-0.008629024028778076, 0.1193496361374855], [0.2006184458732605, 0.02781413495540619]], "object_rotation": [0.7088638544082642, 1.6096594333648682, 2.2830255031585693, 2.1316049098968506, 0.6580024361610413, 0.6178719401359558, -0.19488215446472168, 3.219998359680176, 2.860975742340088, 2.467174530029297], "distractor_position": [-1.330199956893921, -1.7956163883209229, 0.37090003490448, 0.6670258641242981, -0.42626991868019104, -0.028929144144058228, -0.26846104860305786, -1.1916124820709229, -0.6806137561798096, -0.09045185148715973]}, "eps_trace": {"object_position": [[[-0.08834075182676315, -0.09876476228237152], [-0.14950767159461975, -0.016117090359330177], [0.07457860559225082, 0.09641477465629578], [0.035942357033491135, 0.25863608717918396], [0.08502786606550217, -0.043989360332489014], [0.07699903845787048, 0.0582234151661396], [0.07239916175603867, 0.05659620091319084], [0.03235620632767677, 0.08605441451072693], [0.18405656516551971, -0.07861527055501938], [-0.0044623976573348045, 0.06195467337965965]], [[-0.08834075182676315, -0.09876476228237152], [-0.14950767159461975, -0.016117090359330177], [0.07457860559225082, 0.09641477465629578], [0.035942357033491135, 0.25863608717918396], [0.08502786606550217, -0.043989360332489014], [0.07699903845787048, 0.0582234151661396], [-0.08412022143602371, 0.12255047261714935], [0.03235620632767677, 0.08605441451072693], [-0.008629024028778076, 0.1193496361374855], [-0.0044623976573348045, 0.06195467337965965]], [[-0.08834075182676315, -0.09876476228237152], [-0.14950767159461975, -0.016117090359330177], [0.07457860559225082, 0.09641477465629578], [0.01143578439950943, -0.22347062826156616], [0.08502786606550217, -0.043989360332489014], [0.07699903845787048, 0.0582234151661396], [-0.08412022143602371, 0.12255047261714935], [0.03235620632767677, 0.08605441451072693], [-0.008629024028778076, 0.1193496361374855], [-0.0044623976573348045, 0.06195467337965965]], [[-0.08834075182676315, -0.09876476228237152], [-0.14950767159461975, -0.016117090359330177], [0.07457860559225082, 0.09641477465629578], [0.01143578439950943, -0.22347062826156616], [0.08502786606550217, -0.043989360332489014], [0.07699903845787048, 0.0582234151661396], [0.22078216075897217, -0.028468772768974304], [0.03235620632767677, 0.08605441451072693], [-0.008629024028778076, 0.1193496361374855], [-0.0044623976573348045, 0.06195467337965965]], [[-0.08834075182676315, -0.09876476228237152], [-0.14950767159461975, -0.016117090359330177], [0.07457860559225082, 0.09641477465629578], [0.01143578439950943, -0.22347062826156616], [0.08502786606550217, -0.043989360332489014], [0.07699903845787048, 0.0582234151661396], [0.22078216075897217, -0.028468772768974304], [0.03235620632767677, 0.08605441451072693], [-0.008629024028778076, 0.1193496361374855], [-0.0044623976573348045, 0.06195467337965965]], [[-0.08834075182676315, -0.09876476228237152], [-0.14950767159461975, -0.016117090359330177], [0.07457860559225082, 0.09641477465629578], [0.01143578439950943, -0.22347062826156616], [0.08502786606550217, -0.043989360332489014], [0.07699903845787048, 0.0582234151661396], [0.22078216075897217, -0.028468772768974304], [0.03235620632767677, 0.08605441451072693], [-0.008629024028778076, 0.1193496361374855], [0.15653586387634277, -0.1526450663805008]], [[-0.08834075182676315, -0.09876476228237152], [-0.14950767159461975, -0.016117090359330177], [0.07457860559225082, 0.09641477465629578], [0.01143578439950943, -0.22347062826156616], [0.08502786606550217, -0.043989360332489014], [0.07699903845787048, 0.0582234151661396], [0.22078216075897217, -0.028468772768974304], [0.03235620632767677, 0.08605441451072693], [-0.008629024028778076, 0.1193496361374855], [0.2006184458732605, 0.02781413495540619]], [[-0.08834075182676315, -0.09876476228237152], [-0.14950767159461975, -0.016117090359330177], [0.07457860559225082, 0.09641477465629578], [0.01143578439950943, -0.22347062826156616], [0.08502786606550217, -0.043989360332489014], [0.07699903845787048, 0.0582234151661396], [0.22078216075897217, -0.028468772768974304], [0.03235620632767677, 0.08605441451072693], [-0.008629024028778076, 0.1193496361374855], [0.2006184458732605, 0.02781413495540619]], [[-0.08834075182676315, -0.09876476228237152], [-0.14950767159461975, -0.016117090359330177], [0.07457860559225082, 0.09641477465629578], [0.01143578439950943, -0.22347062826156616], [0.08502786606550217, -0.043989360332489014], [0.07699903845787048, 0.0582234151661396], [0.22078216075897217, -0.028468772768974304], [0.03235620632767677, 0.08605441451072693], [-0.008629024028778076, 0.1193496361374855], [0.2006184458732605, 0.02781413495540619]], [[-0.08834075182676315, -0.09876476228237152], [-0.14950767159461975, -0.016117090359330177], [0.07457860559225082, 0.09641477465629578], [0.01143578439950943, -0.22347062826156616], [0.08502786606550217, -0.043989360332489014], [0.07699903845787048, 0.0582234151661396], [0.22078216075897217, -0.028468772768974304], [0.03235620632767677, 0.08605441451072693], [-0.008629024028778076, 0.1193496361374855], [0.2006184458732605, 0.02781413495540619]]], "object_rotation": [[0.7088638544082642, 1.6096594333648682, 2.2830255031585693, 2.264676094055176, 0.6580024361610413, 0.6178719401359558, 0.01609623432159424, 3.219998359680176, 2.0395359992980957, 2.2147376537323], [0.7088638544082642, 1.6096594333648682, 2.2830255031585693, 2.264676094055176, 0.6580024361610413, 0.6178719401359558, -0.017372552305459976, 3.219998359680176, 2.860975742340088, 2.2147376537323], [0.7088638544082642, 1.6096594333648682, 2.2830255031585693, 2.1316049098968506, 0.6580024361610413, 0.6178719401359558, -0.017372552305459976, 3.219998359680176, 2.860975742340088, 2.2147376537323], [0.7088638544082642, 1.6096594333648682, 2.2830255031585693, 2.1316049098968506, 0.6580024361610413, 0.6178719401359558, -0.19488215446472168, 3.219998359680176, 2.860975742340088, 2.2147376537323], [0.7088638544082642, 1.6096594333648682, 2.2830255031585693, 2.1316049098968506, 0.6580024361610413, 0.6178719401359558, -0.19488215446472168, 3.219998359680176, 2.860975742340088, 2.2147376537323], [0.7088638544082642, 1.6096594333648682, 2.2830255031585693, 2.1316049098968506, 0.6580024361610413, 0.6178719401359558, -0.19488215446472168, 3.219998359680176, 2.860975742340088, 2.5279743671417236], [0.7088638544082642, 1.6096594333648682, 2.2830255031585693, 2.1316049098968506, 0.6580024361610413, 0.6178719401359558, -0.19488215446472168, 3.219998359680176, 2.860975742340088, 2.467174530029297], [0.7088638544082642, 1.6096594333648682, 2.2830255031585693, 2.1316049098968506, 0.6580024361610413, 0.6178719401359558, -0.19488215446472168, 3.219998359680176, 2.860975742340088, 2.467174530029297], [0.7088638544082642, 1.6096594333648682, 2.2830255031585693, 2.1316049098968506, 0.6580024361610413, 0.6178719401359558, -0.19488215446472168, 3.219998359680176, 2.860975742340088, 2.467174530029297], [0.7088638544082642, 1.6096594333648682, 2.2830255031585693, 2.1316049098968506, 0.6580024361610413, 0.6178719401359558, -0.19488215446472168, 3.219998359680176, 2.860975742340088, 2.467174530029297]],