{"eps": {"object_position": [[-0.14710815250873566, 0.08062806725502014], [-0.07614801824092865, -0.08697179704904556], [0.026608906686306, 0.09997284412384033], [-0.09241694211959839, -0.10365713387727737], [0.004572100471705198, 0.03261866793036461], [-0.07081462442874908, 0.014212963171303272], [0.07249924540519714, 0.11483919620513916], [-0.07478886842727661, 0.16457431018352509], [-0.22779273986816406, 0.10140424966812134], [0.05392128974199295, 0.13616089522838593]], "object_rotation": [3.054676055908203, 1.977145791053772, 1.4444364309310913, 0.07878714799880981, 1.4519075155258179, 2.029174566268921, 1.886889934539795, 2.973626136779785, 0.9237678647041321, 2.735687017440796], "distractor_position": [-0.2738805413246155, -0.5255210399627686, -0.8371214866638184, -0.3692514896392822, -0.0783427357673645, 0.0011706352233886719, -0.40204280614852905, -1.0017613172531128, -0.7996952533721924, -0.7179747819900513]}, "eps_trace": {"object_position": [[[0.025295201689004898, -0.01819382794201374], [4.721998266177252e-05, -0.11380020529031754], [-0.014493510127067566, -0.1898861527442932], [0.012001429684460163, 0.08779673278331757], [0.004572100471705198, 0.03261866793036461], [-0.07081462442874908, 0.014212963171303272], [0.07249924540519714, 0.11483919620513916], [-0.07478886842727661, 0.16457431018352509], [0.048092130571603775, -0.022075574845075607], [0.05392128974199295, 0.13616089522838593]], [[0.025295201689004898, -0.01819382794201374], [4.721998266177252e-05, -0.11380020529031754], [-0.014493510127067566, -0.1898861527442932], [0.012001429684460163, 0.08779673278331757], [0.004572100471705198, 0.03261866793036461], [-0.07081462442874908, 0.014212963171303272], [0.07249924540519714, 0.11483919620513916], [-0.07478886842727661, 0.16457431018352509], [0.048092130571603775, -0.022075574845075607], [0.05392128974199295, 0.13616089522838593]], [[0.025295201689004898, -0.01819382794201374], [4.721998266177252e-05, -0.11380020529031754], [-0.014493510127067566, -0.1898861527442932], [0.012001429684460163, 0.08779673278331757], [0.004572100471705198, 0.03261866793036461], [-0.07081462442874908, 0.014212963171303272], [0.07249924540519714, 0.11483919620513916], [-0.07478886842727661, 0.16457431018352509], [0.048092130571603775, -0.022075574845075607], [0.05392128974199295, 0.13616089522838593]], [[0.025295201689004898, -0.01819382794201374], [4.721998266177252e-05, -0.11380020529031754], [-0.014493510127067566, -0.1898861527442932], [0.012001429684460163, 0.08779673278331757], [0.004572100471705198, 0.03261866793036461], [-0.07081462442874908, 0.014212963171303272], [0.07249924540519714, 0.11483919620513916], [-0.07478886842727661, 0.16457431018352509], [0.048092130571603775, -0.022075574845075607], [0.05392128974199295, 0.13616089522838593]], [[0.025295201689004898, -0.01819382794201374], [4.721998266177252e-05, -0.11380020529031754], [0.026608906686306, 0.09997284412384033], [0.012001429684460163, 0.08779673278331757], [0.004572100471705198, 0.03261866793036461], [-0.07081462442874908, 0.014212963171303272], [0.07249924540519714, 0.11483919620513916], [-0.07478886842727661, 0.16457431018352509], [0.048092130571603775, -0.022075574845075607], [0.05392128974199295, 0.13616089522838593]], [[-0.10958795249462128, -0.1579298973083496], [4.721998266177252e-05, -0.11380020529031754], [0.026608906686306, 0.09997284412384033], [0.012001429684460163, 0.08779673278331757], [0.004572100471705198, 0.03261866793036461], [-0.07081462442874908, 0.014212963171303272], [0.07249924540519714, 0.11483919620513916], [-0.07478886842727661, 0.16457431018352509], [0.048092130571603775, -0.022075574845075607], [0.05392128974199295, 0.13616089522838593]], [[-0.10958795249462128, -0.1579298973083496], [-0.07614801824092865, -0.08697179704904556], [0.026608906686306, 0.09997284412384033], [0.15951204299926758, 0.09541506320238113], [0.004572100471705198, 0.03261866793036461], [-0.07081462442874908, 0.014212963171303272], [0.07249924540519714, 0.11483919620513916], [-0.07478886842727661, 0.16457431018352509], [-0.22779273986816406, 0.10140424966812134], [0.05392128974199295, 0.13616089522838593]], [[0.24050553143024445, 0.24202117323875427], [-0.07614801824092865, -0.08697179704904556], [0.026608906686306, 0.09997284412384033], [0.15951204299926758, 0.09541506320238113], [0.004572100471705198, 0.03261866793036461], [-0.07081462442874908, 0.014212963171303272], [0.07249924540519714, 0.11483919620513916], [-0.07478886842727661, 0.16457431018352509], [-0.22779273986816406, 0.10140424966812134], [0.05392128974199295, 0.13616089522838593]], [[-0.14710815250873566, 0.08062806725502014], [-0.07614801824092865, -0.08697179704904556], [0.026608906686306, 0.09997284412384033], [-0.09241694211959839, -0.10365713387727737], [0.004572100471705198, 0.03261866793036461], [-0.07081462442874908, 0.014212963171303272], [0.07249924540519714, 0.11483919620513916], [-0.07478886842727661, 0.16457431018352509], [-0.22779273986816406, 0.10140424966812134], [0.05392128974199295, 0.13616089522838593]], [[-0.14710815250873566, 0.08062806725502014], [-0.07614801824092865, -0.08697179704904556], [0.026608906686306, 0.09997284412384033], [-0.09241694211959839, -0.10365713387727737], [0.004572100471705198, 0.03261866793036461], [-0.07081462442874908, 0.014212963171303272], [0.07249924540519714, 0.11483919620513916], [-0.07478886842727661, 0.16457431018352509], [-0.22779273986816406, 0.10140424966812134], [0.05392128974199295, 0.13616089522838593]]], "object_rotation": [[2.226624011993408, 1.8361133337020874, 1.0730390548706055, 1.007934808731079, 1.4519075155258179, 2.029174566268921, 1.886889934539795, 2.973626136779785, 1.3098117113113403, 2.735687017440796], [2.226624011993408, 1.8361133337020874, 1.0730390548706055, 1.007934808731079, 1.4519075155258179, 2.029174566268921, 1.886889934539795, 2.973626136779785, 1.3098117113113403, 2.735687017440796], [2.226624011993408, 1.8361133337020874, 1.0730390548706055, 1.007934808731079, 1.4519075155258179, 2.029174566268921, 1.886889934539795, 2.973626136779785, 1.3098117113113403, 2.735687017440796], [2.226624011993408, 1.8361133337020874, 1.0730390548706055, 1.007934808731079, 1.4519075155258179, 2.029174566268921, 1.886889934539795, 2.973626136779785, 1.3098117113113403, 2.735687017440796], [2.226624011993408, 1.8361133337020874, 1.4444364309310913, 1.007934808731079, 1.4519075155258179, 2.029174566268921, 1.886889934539795, 2.973626136779785, 1.3098117113113403, 2.735687017440796], [2.489642381668091, 1.8361133337020874, 1.4444364309310913, 1.007934808731079, 1.4519075155258179, 2.029174566268921, 1.886889934539795, 2.973626136779785, 1.3098117113113403, 2.735687017440796], [2.489642381668091, 1.977145791053772, 1.4444364309310913, 1.0641728639602661, 1.4519075155258179, 2.029174566268921, 1.886889934539795, 2.973626136779785, 0.9237678647041321, 2.735687017440796], [2.6499533653259277, 1.977145791053772, 1.4444364309310913, 1.0641728639602661, 1.4519075155258179, 2.029174566268921, 1.886889934539795, 2.973626136779785, 0.9237678647041321, 2.735687017440796], [3.054676055908203, 1.977145791053772, 1.4444364309310913, 0.07878714799880981, 1.4519075155258179, 2.029174566268921, 1.886889934539795, 2.973626136779785, 0.9237678647041321, 2.735687017440796], [3.054676055908203, 1.977145791053772, 1.4444364309310913, 0.07878714799880981, 1.4519075155258179, 2.029174566268921, 1.886889934539795, 2.973626136779785, 0.9237678647041321, 2.735687017440796]],