{"eps": {"object_position": [[-0.033680260181427, 0.10046910494565964], [-0.013237726874649525, -0.1630299985408783], [0.011164972558617592, 0.0012687444686889648], [0.012001429684460163, 0.08779673278331757], [0.004572100471705198, 0.03261866793036461], [-0.07081462442874908, 0.014212963171303272], [0.07249924540519714, 0.11483919620513916], [-0.1610143780708313, 0.14066630601882935], [-0.1459217071533203, 0.04562263563275337], [-0.05547168105840683, 0.06431852281093597]], "object_rotation": [3.0784571170806885, 1.9798258543014526, 1.4413244724273682, 1.007934808731079, 1.4519075155258179, 2.029174566268921, 1.886889934539795, 3.017911195755005, 0.9175148010253906, 3.1038713455200195], "distractor_position": [-0.28469353914260864, -0.541340708732605, -0.8401716351509094, -0.8647711873054504, -0.0783427357673645, 0.0011706352233886719, -0.40204280614852905, -0.9960688352584839, -0.8117966651916504, -0.39202505350112915]}, "eps_trace": {"object_position": [[[0.025295201689004898, -0.01819382794201374], [4.721998266177252e-05, -0.11380020529031754], [-0.014493510127067566, -0.1898861527442932], [0.012001429684460163, 0.08779673278331757], [0.004572100471705198, 0.03261866793036461], [-0.07081462442874908, 0.014212963171303272], [0.07249924540519714, 0.11483919620513916], [-0.1610143780708313, 0.14066630601882935], [0.048092130571603775, -0.022075574845075607], [0.07310300320386887, 0.047889117151498795]], [[0.025295201689004898, -0.01819382794201374], [4.721998266177252e-05, -0.11380020529031754], [-0.014493510127067566, -0.1898861527442932], [0.012001429684460163, 0.08779673278331757], [0.004572100471705198, 0.03261866793036461], [-0.07081462442874908, 0.014212963171303272], [0.07249924540519714, 0.11483919620513916], [-0.1610143780708313, 0.14066630601882935], [0.048092130571603775, -0.022075574845075607], [0.07310300320386887, 0.047889117151498795]], [[0.025295201689004898, -0.01819382794201374], [4.721998266177252e-05, -0.11380020529031754], [-0.014493510127067566, -0.1898861527442932], [0.012001429684460163, 0.08779673278331757], [0.004572100471705198, 0.03261866793036461], [-0.07081462442874908, 0.014212963171303272], [0.07249924540519714, 0.11483919620513916], [-0.1610143780708313, 0.14066630601882935], [0.048092130571603775, -0.022075574845075607], [0.07310300320386887, 0.047889117151498795]], [[0.025295201689004898, -0.01819382794201374], [4.721998266177252e-05, -0.11380020529031754], [-0.014493510127067566, -0.1898861527442932], [0.012001429684460163, 0.08779673278331757], [0.004572100471705198, 0.03261866793036461], [-0.07081462442874908, 0.014212963171303272], [0.07249924540519714, 0.11483919620513916], [-0.1610143780708313, 0.14066630601882935], [0.048092130571603775, -0.022075574845075607], [0.07310300320386887, 0.047889117151498795]], [[0.025295201689004898, -0.01819382794201374], [4.721998266177252e-05, -0.11380020529031754], [0.011164972558617592, 0.0012687444686889648], [0.012001429684460163, 0.08779673278331757], [0.004572100471705198, 0.03261866793036461], [-0.07081462442874908, 0.014212963171303272], [0.07249924540519714, 0.11483919620513916], [-0.1610143780708313, 0.14066630601882935], [0.048092130571603775, -0.022075574845075607], [0.07310300320386887, 0.047889117151498795]], [[-0.018023796379566193, -0.1216292530298233], [4.721998266177252e-05, -0.11380020529031754], [0.011164972558617592, 0.0012687444686889648], [0.012001429684460163, 0.08779673278331757], [0.004572100471705198, 0.03261866793036461], [-0.07081462442874908, 0.014212963171303272], [0.07249924540519714, 0.11483919620513916], [-0.1610143780708313, 0.14066630601882935], [0.048092130571603775, -0.022075574845075607], [0.07310300320386887, 0.047889117151498795]], [[-0.018023796379566193, -0.1216292530298233], [-0.013237726874649525, -0.1630299985408783], [0.011164972558617592, 0.0012687444686889648], [0.012001429684460163, 0.08779673278331757], [0.004572100471705198, 0.03261866793036461], [-0.07081462442874908, 0.014212963171303272], [0.07249924540519714, 0.11483919620513916], [-0.1610143780708313, 0.14066630601882935], [-0.1459217071533203, 0.04562263563275337], [-0.05547168105840683, 0.06431852281093597]], [[0.28375011682510376, 0.19105951488018036], [-0.013237726874649525, -0.1630299985408783], [0.011164972558617592, 0.0012687444686889648], [0.012001429684460163, 0.08779673278331757], [0.004572100471705198, 0.03261866793036461], [-0.07081462442874908, 0.014212963171303272], [0.07249924540519714, 0.11483919620513916], [-0.1610143780708313, 0.14066630601882935], [-0.1459217071533203, 0.04562263563275337], [-0.05547168105840683, 0.06431852281093597]], [[-0.033680260181427, 0.10046910494565964], [-0.013237726874649525, -0.1630299985408783], [0.011164972558617592, 0.0012687444686889648], [0.012001429684460163, 0.08779673278331757], [0.004572100471705198, 0.03261866793036461], [-0.07081462442874908, 0.014212963171303272], [0.07249924540519714, 0.11483919620513916], [-0.1610143780708313, 0.14066630601882935], [-0.1459217071533203, 0.04562263563275337], [-0.05547168105840683, 0.06431852281093597]], [[-0.033680260181427, 0.10046910494565964], [-0.013237726874649525, -0.1630299985408783], [0.011164972558617592, 0.0012687444686889648], [0.012001429684460163, 0.08779673278331757], [0.004572100471705198, 0.03261866793036461], [-0.07081462442874908, 0.014212963171303272], [0.07249924540519714, 0.11483919620513916], [-0.1610143780708313, 0.14066630601882935], [-0.1459217071533203, 0.04562263563275337], [-0.05547168105840683, 0.06431852281093597]]], "object_rotation": [[2.226624011993408, 1.8361133337020874, 1.0730390548706055, 1.007934808731079, 1.4519075155258179, 2.029174566268921, 1.886889934539795, 3.017911195755005, 1.3098117113113403, 2.778533935546875], [2.226624011993408, 1.8361133337020874, 1.0730390548706055, 1.007934808731079, 1.4519075155258179, 2.029174566268921, 1.886889934539795, 3.017911195755005, 1.3098117113113403, 2.778533935546875], [2.226624011993408, 1.8361133337020874, 1.0730390548706055, 1.007934808731079, 1.4519075155258179, 2.029174566268921, 1.886889934539795, 3.017911195755005, 1.3098117113113403, 2.778533935546875], [2.226624011993408, 1.8361133337020874, 1.0730390548706055, 1.007934808731079, 1.4519075155258179, 2.029174566268921, 1.886889934539795, 3.017911195755005, 1.3098117113113403, 2.778533935546875], [2.226624011993408, 1.8361133337020874, 1.4413244724273682, 1.007934808731079, 1.4519075155258179, 2.029174566268921, 1.886889934539795, 3.017911195755005, 1.3098117113113403, 2.778533935546875], [2.5032546520233154, 1.8361133337020874, 1.4413244724273682, 1.007934808731079, 1.4519075155258179, 2.029174566268921, 1.886889934539795, 3.017911195755005, 1.3098117113113403, 2.778533935546875], [2.5032546520233154, 1.9798258543014526, 1.4413244724273682, 1.007934808731079, 1.4519075155258179, 2.029174566268921, 1.886889934539795, 3.017911195755005, 0.9175148010253906, 3.1038713455200195], [2.6680219173431396, 1.9798258543014526, 1.4413244724273682, 1.007934808731079, 1.4519075155258179, 2.029174566268921, 1.886889934539795, 3.017911195755005, 0.9175148010253906, 3.1038713455200195], [3.0784571170806885, 1.9798258543014526, 1.4413244724273682, 1.007934808731079, 1.4519075155258179, 2.029174566268921, 1.886889934539795, 3.017911195755005, 0.9175148010253906, 3.1038713455200195], [3.0784571170806885, 1.9798258543014526, 1.4413244724273682, 1.007934808731079, 1.4519075155258179, 2.029174566268921, 1.886889934539795, 3.017911195755005, 0.9175148010253906, 3.1038713455200195]],