{"eps": {"object_position": [[-0.2702881991863251, 0.00753043545410037], [-0.11080675572156906, 0.1064034104347229], [0.00748297618702054, 0.06826440989971161], [0.0698368102312088, 0.13833028078079224], [-0.1649859994649887, -0.013552622869610786]], "object_rotation": [2.575268507003784, 0.26778802275657654, 2.2396910190582275, 1.247067928314209, 2.4777727127075195], "distractor_position": [-0.6812699437141418, -0.7185078859329224, -1.6469143629074097, -0.7111581563949585, -0.3875279426574707]}, "eps_trace": {"object_position": [[[-0.28061145544052124, 0.004542113747447729], [-0.1146521344780922, 0.11436380445957184], [0.008061032742261887, 0.06979647278785706], [0.07290664315223694, 0.14590679109096527], [-0.17239253222942352, -0.016533689573407173]], [[-0.2805761992931366, 0.004408215172588825], [-0.11443604528903961, 0.11412469297647476], [0.00828607939183712, 0.069831982254982], [0.07261998951435089, 0.14577341079711914], [-0.17179790139198303, -0.016713246703147888]], [[-0.2803975045681, 0.004826440941542387], [-0.1144045814871788, 0.11415082961320877], [0.008241582661867142, 0.06981528550386429], [0.07195179909467697, 0.144412562251091], [-0.17170876264572144, -0.016542108729481697]], [[-0.27948862314224243, 0.006907964590936899], [-0.11440221220254898, 0.11414487659931183], [0.008202459663152695, 0.06983161717653275], [0.07237562537193298, 0.14270445704460144], [-0.17145001888275146, -0.016317924484610558]], [[-0.2795167565345764, 0.006592008750885725], [-0.11405210942029953, 0.11368437856435776], [0.008009729906916618, 0.06978149712085724], [0.07242459058761597, 0.14272251725196838], [-0.17052285373210907, -0.01606309413909912]], [[-0.27939677238464355, 0.006763530429452658], [-0.11420285701751709, 0.11347764730453491], [0.007983503863215446, 0.06985047459602356], [0.07210022956132889, 0.14230363070964813], [-0.1704905778169632, -0.01603993959724903]], [[-0.2766500413417816, 0.007863994687795639], [-0.11349684000015259, 0.11296795308589935], [0.007803787477314472, 0.06974712759256363], [0.07141393423080444, 0.14173802733421326], [-0.170589879155159, -0.015459275804460049]], [[-0.2766197621822357, 0.007715481333434582], [-0.11352717876434326, 0.11283706873655319], [0.00804777629673481, 0.06937875598669052], [0.0713997408747673, 0.141748309135437], [-0.1705559939146042, -0.01537249144166708]], [[-0.27658817172050476, 0.007803760468959808], [-0.11292792856693268, 0.11209798604249954], [0.007772482931613922, 0.06936424970626831], [0.07013341784477234, 0.1409716159105301], [-0.17001190781593323, -0.015279226005077362]], [[-0.27657273411750793, 0.007865386083722115], [-0.11288682371377945, 0.11182902008295059], [0.007764524780213833, 0.06936042010784149], [0.06995951384305954, 0.1409139633178711], [-0.1697106808423996, -0.015558991581201553]], [[-0.27654945850372314, 0.007825490087270737], [-0.11254656314849854, 0.11060583591461182], [0.007899602875113487, 0.06928868591785431], [0.07107704132795334, 0.14036962389945984], [-0.16971081495285034, -0.015558178536593914]], [[-0.27640870213508606, 0.007814230397343636], [-0.11234548687934875, 0.11061599850654602], [0.007881644181907177, 0.06917337328195572], [0.07119164615869522, 0.14017392694950104], [-0.1696166843175888, -0.015690676867961884]], [[-0.2764091193675995, 0.007767916191369295], [-0.11235342919826508, 0.11058349907398224], [0.007977358065545559, 0.06917469203472137], [0.0709843710064888, 0.14017724990844727], [-0.1679045706987381, -0.016142170876264572]], [[-0.27605754137039185, 0.008401180617511272], [-0.11237429827451706, 0.11053753644227982], [0.007933873683214188, 0.06914884597063065], [0.07112827897071838, 0.13968877494335175], [-0.16772887110710144, -0.016387883573770523]], [[-0.27579009532928467, 0.00828043557703495], [-0.11221806704998016, 0.1102491021156311], [0.007875449024140835, 0.06908291578292847], [0.07107383757829666, 0.13960637152194977], [-0.16754592955112457, -0.016406478360295296]], [[-0.27533698081970215, 0.00910474918782711], [-0.1120038777589798, 0.11025487631559372], [0.007799089420586824, 0.06894458830356598], [0.07103979587554932, 0.13959428668022156], [-0.1674152910709381, -0.016100898385047913]], [[-0.275187611579895, 0.009284394793212414], [-0.11196121573448181, 0.11036019027233124], [0.007768440525978804, 0.0689576268196106], [0.07085515558719635, 0.13951705396175385], [-0.1667746603488922, -0.015544895082712173]], [[-0.27499619126319885, 0.008890176191926003], [-0.11191090941429138, 0.1103505939245224], [0.007670939899981022, 0.06897474825382233], [0.07084177434444427, 0.13952083885669708], [-0.16659985482692719, -0.015044964849948883]], [[-0.27500075101852417, 0.008804268203675747], [-0.11199354380369186, 0.1103137880563736], [0.007684404496103525, 0.06889912486076355], [0.07096769660711288, 0.1394292265176773], [-0.16600750386714935, -0.0153474947437644]], [[-0.2749495208263397, 0.008649524301290512], [-0.11148794740438461, 0.10931403934955597], [0.007672728970646858, 0.06880177557468414], [0.07070503383874893, 0.13905934989452362], [-0.16562823951244354, -0.013488884083926678]], [[-0.27485254406929016, 0.008698117919266224], [-0.11180111765861511, 0.10700111091136932], [0.007574840448796749, 0.06860551238059998], [0.07038853317499161, 0.1388467401266098], [-0.16558189690113068, -0.013459146954119205]], [[-0.2744137644767761, 0.008273156359791756], [-0.11202110350131989, 0.10641061514616013], [0.007685139309614897, 0.06840824335813522], [0.07032511383295059, 0.13889768719673157], [-0.16503499448299408, -0.013402855955064297]], [[-0.27078595757484436, 0.007164941169321537], [-0.1107732504606247, 0.10672347992658615], [0.007682849187403917, 0.06841389089822769], [0.07045668363571167, 0.13874182105064392], [-0.16503629088401794, -0.013415430672466755]], [[-0.27029258012771606, 0.0075503322295844555], [-0.1107109785079956, 0.10672815144062042], [0.007354166358709335, 0.06844671070575714], [0.06990128010511398, 0.13832765817642212], [-0.16500362753868103, -0.01337354350835085]], [[-0.2702881991863251, 0.00753043545410037], [-0.11080675572156906, 0.1064034104347229], [0.00748297618702054, 0.06826440989971161], [0.0698368102312088, 0.13833028078079224], [-0.1649859994649887, -0.013552622869610786]]],