{"initial_states": {"ego_state": [[-100.42002868652344, -2.784581184387207, 0.00012943102046847343, 9.944530487060547], [-100.01992797851562, -3.889281988143921, -1.2749427696689963e-05, 9.738630294799805], [-100.73707580566406, -2.9994163513183594, -0.0005687394295819104, 9.692012786865234], [-100.65081787109375, -2.5815377235412598, 0.00036246509989723563, 9.47843074798584], [-100.33734893798828, -2.177565336227417, -0.0010260168928653002, 9.989922523498535], [-99.71985626220703, -3.104278802871704, 0.000530486460775137, 10.372784614562988], [-100.36651611328125, -3.1091206073760986, -0.000824912276584655, 10.625714302062988], [-99.97066497802734, -3.0712661743164062, 0.0006044460460543633, 9.687050819396973], [-100.1259994506836, -3.1750309467315674, 0.00020295499416533858, 9.241735458374023], [-100.07548522949219, -2.6850013732910156, -7.842181366868317e-05, 10.349002838134766]], "non_ego_states": [[[-90.30992889404297, -2.978965997695923, -0.0008575778920203447, 6.56302547454834], [-70.10237121582031, 3.4312164783477783, -0.00027686823159456253, 7.612331867218018]], [[-89.9825668334961, -2.7028048038482666, 7.495387762901373e-06, 6.873356342315674], [-69.91495513916016, 2.6534926891326904, -5.793830126776811e-08, 9.089451789855957]], [[-90.05682373046875, -3.705946207046509, -0.0006338534876704216, 7.584107398986816], [-69.88177490234375, 2.1508519649505615, -0.0006620655185543001, 8.613181114196777]], [[-90.1365966796875, -2.028383731842041, -0.0007793603581376374, 5.958408832550049], [-70.26444244384766, 2.9826602935791016, 0.0007044594967737794, 9.033187866210938]], [[-89.651611328125, -3.392150402069092, -0.0006931605748832226, 7.634889602661133], [-70.27050018310547, 3.0607261657714844, 1.5685651305830106e-05, 8.363929748535156]], [[-89.26265716552734, -2.1010947227478027, 0.0009951612446457148, 6.793580532073975], [-70.58180236816406, 2.663174629211426, 0.00010750882211141288, 8.243350982666016]], [[-90.30033874511719, -3.444042205810547, 0.0005606085178442299, 7.864862442016602], [-69.90127563476562, 2.3830010890960693, 0.00016680329281371087, 8.29541015625]], [[-90.4834213256836, -3.1629583835601807, -0.0009196017635986209, 6.900961875915527], [-69.53783416748047, 1.8180689811706543, -0.0003340444527566433, 8.206002235412598]], [[-89.74725341796875, -3.0604283809661865, 0.0004260348796378821, 7.1274847984313965], [-69.92447662353516, 3.3533949851989746, 0.000946024723816663, 8.575217247009277]], [[-90.21099853515625, -2.8461663722991943, 0.00023418283672071993, 7.958505630493164], [-70.41029357910156, 2.524718999862671, 5.263218190521002e-05, 8.346982955932617]]], "shading_light_direction": [[-0.2561458349227905, -0.9863026142120361, 1.4503955841064453], [-0.3351942002773285, -0.5880314707756042, 0.8265171647071838], [-0.1832573562860489, -0.5571707487106323, 1.2191065549850464], [-0.2034970372915268, -1.0021876096725464, 0.6461355090141296], [-0.051286183297634125, -0.4844340980052948, 0.40940943360328674], [0.023154478520154953, -0.5200547575950623, 0.6525667309761047], [-0.40492144227027893, 0.021905260160565376, 0.8414110541343689], [-0.283628910779953, -0.657805860042572, 0.8583529591560364], [-0.08170206099748611, -0.35219696164131165, 0.5690653920173645], [-0.08705543726682663, -0.5062751173973083, 1.2264147996902466]], "non_ego_colors": [[[0.03131359443068504, 0.4851118326187134, 0.0853644609451294], [0.48142266273498535, 0.5446407794952393, 0.04525142163038254]], [[0.07550354301929474, 0.8634825944900513, 0.8732483386993408], [0.6887565851211548, 0.8015851974487305, 0.9086548686027527]], [[0.019838247448205948, 0.6816884279251099, 0.3979027271270752], [0.7971081733703613, 0.09255218505859375, 0.8944692611694336]], [[0.689690351486206, 0.5314427614212036, 0.3374035358428955], [0.2797640562057495, 0.02093486674129963, 0.897934079170227]], [[0.32427191734313965, 0.9661206007003784, 0.19118261337280273], [0.9246970415115356, 0.9565832614898682, 0.9634649753570557]], [[0.708219051361084, 0.21026253700256348, 0.12125789374113083], [0.7503372430801392, 0.8390051126480103, 0.5611250400543213]], [[0.010827169753611088, 0.0517832413315773, 0.2614785134792328], [0.3918170928955078, 0.15751278400421143, 0.9129252433776855]], [[0.4405529499053955, 0.04773116484284401, 0.8362017869949341], [0.28775203227996826, 0.07391178607940674, 0.27839553356170654]], [[0.18600201606750488, 0.6183284521102905, 0.34887683391571045], [0.6306518316268921, 0.3561248779296875, 0.27513062953948975]], [[0.45747196674346924, 0.7367923259735107, 0.7806684970855713], [0.4409916400909424, 0.9669673442840576, 0.6407103538513184]]]}, "time": 15533.211140873987, "L": 10.0, "dp_mcmc_step_size": 1e-05, "ep_mcmc_step_size": 1e-06, "num_rounds": 100, "num_mcmc_steps_per_round": 10, "num_chains": 10, "use_gradients": true, "use_stochasticity": false, "repair": false, "predict": true, "quench_rounds": 0, "tempering_schedule": [0.0, 0.010101010091602802, 0.020202020183205605, 0.03030303120613098, 0.04040404036641121, 0.05050504952669144, 0.06060606241226196, 0.07070706784725189, 0.08080808073282242, 0.09090909361839294, 0.10101009905338287, 0.1111111119389534, 0.12121212482452393, 0.13131313025951385, 0.14141413569450378, 0.1515151560306549, 0.16161616146564484, 0.17171716690063477, 0.1818181872367859, 0.19191919267177582, 0.20202019810676575, 0.21212121844291687, 0.2222222238779068, 0.23232322931289673, 0.24242424964904785, 0.2525252401828766, 0.2626262605190277, 0.27272728085517883, 0.28282827138900757, 0.2929292917251587, 0.3030303120613098, 0.31313130259513855, 0.3232323229312897, 0.3333333432674408, 0.34343433380126953, 0.35353535413742065, 0.3636363744735718, 0.3737373650074005, 0.38383838534355164, 0.39393940567970276, 0.4040403962135315, 0.4141414165496826, 0.42424243688583374, 0.4343434274196625, 0.4444444477558136, 0.4545454680919647, 0.46464645862579346, 0.4747474789619446, 0.4848484992980957, 0.49494948983192444, 0.5050504803657532, 0.5151515007019043, 0.5252525210380554, 0.5353535413742065, 0.5454545617103577, 0.5555555820465088, 0.5656565427780151, 0.5757575631141663, 0.5858585834503174, 0.5959596037864685, 0.6060606241226196, 0.6161616444587708, 0.6262626051902771, 0.6363636255264282, 0.6464646458625793, 0.6565656661987305, 0.6666666865348816, 0.6767676472663879, 0.6868686676025391, 0.6969696879386902, 0.7070707082748413, 0.7171717286109924, 0.7272727489471436, 0.7373737096786499, 0.747474730014801, 0.7575757503509521, 0.7676767706871033, 0.7777777910232544, 0.7878788113594055, 0.7979797720909119, 0.808080792427063, 0.8181818127632141, 0.8282828330993652, 0.8383838534355164, 0.8484848737716675, 0.8585858345031738, 0.868686854839325, 0.8787878751754761, 0.8888888955116272, 0.8989899158477783, 0.9090909361839294, 0.9191918969154358, 0.9292929172515869, 0.939393937587738, 0.9494949579238892, 0.9595959782600403, 0.9696969985961914, 0.9797979593276978, 0.9898989796638489, 1.0]}