{"initial_states": {"ego_state": [[-100.42002868652344, -2.784581184387207, 6.806487363064662e-05, 9.944530487060547], [-100.01992797851562, -3.889281988143921, -1.2973028788110241e-05, 9.738630294799805], [-100.73707580566406, -2.9994163513183594, -0.0005848472355864942, 9.692012786865234], [-100.65081787109375, -2.5815377235412598, 0.00033335486659780145, 9.47843074798584], [-100.33734893798828, -2.177565336227417, -0.0010534764733165503, 9.989922523498535], [-99.71985626220703, -3.104276418685913, 0.0005876716459169984, 10.372784614562988], [-100.36651611328125, -3.1091206073760986, -0.0008115886594168842, 10.625714302062988], [-99.97066497802734, -3.0712661743164062, 0.0006061276071704924, 9.687050819396973], [-100.1259994506836, -3.1750309467315674, 0.0002147929189959541, 9.241735458374023], [-100.07548522949219, -2.6850013732910156, -7.643930439371616e-05, 10.349002838134766]], "non_ego_states": [[[-90.30992889404297, -2.9789657592773438, -0.0009153852588497102, 6.56302547454834], [-70.10237121582031, 3.4312164783477783, -0.00029714341508224607, 7.612331867218018]], [[-89.9825668334961, -2.7028048038482666, 7.447125426551793e-06, 6.873356342315674], [-69.91495513916016, 2.6534926891326904, -5.756535159662235e-08, 9.089451789855957]], [[-90.05682373046875, -3.705946207046509, -0.0006543579511344433, 7.584107398986816], [-69.88177490234375, 2.1508519649505615, -0.0006781271658837795, 8.613181114196777]], [[-90.1365966796875, -2.028383731842041, -0.0007823366904631257, 5.958408832550049], [-70.26444244384766, 2.9826602935791016, 0.0007076566689647734, 9.033187866210938]], [[-89.651611328125, -3.392150402069092, -0.0009910502703860402, 7.634889602661133], [-70.27050018310547, 3.0607261657714844, -0.00011205836199223995, 8.363929748535156]], [[-89.26265716552734, -2.101095199584961, 0.001099586021155119, 6.793580532073975], [-70.58180236816406, 2.663174629211426, 0.00011761374480556697, 8.243350982666016]], [[-90.30033874511719, -3.444042205810547, 0.0005569331697188318, 7.864862442016602], [-69.90127563476562, 2.3830010890960693, 0.00016600344679318368, 8.29541015625]], [[-90.4834213256836, -3.1629583835601807, -0.0009328434825874865, 6.900961875915527], [-69.53783416748047, 1.8180689811706543, -0.00033112324308604, 8.206002235412598]], [[-89.74725341796875, -3.0604283809661865, 0.0004565273120533675, 7.1274847984313965], [-69.92447662353516, 3.3533949851989746, 0.0010132879251614213, 8.575217247009277]], [[-90.21099853515625, -2.8461663722991943, 0.00025968364207074046, 7.958505630493164], [-70.41029357910156, 2.524718999862671, 5.804484317195602e-05, 8.346982955932617]]], "shading_light_direction": [[-0.2561458349227905, -0.9863026142120361, 1.4503955841064453], [-0.3351942002773285, -0.5880314707756042, 0.8265171647071838], [-0.18325713276863098, -0.5571707487106323, 1.2191065549850464], [-0.2034972757101059, -1.0021876096725464, 0.646135687828064], [-0.05128590762615204, -0.4844340980052948, 0.40940943360328674], [0.02315821871161461, -0.520052969455719, 0.6525663733482361], [-0.4049203097820282, 0.021905189380049706, 0.841411292552948], [-0.2836301624774933, -0.6578058004379272, 0.8583529591560364], [-0.08170204609632492, -0.35219696164131165, 0.569065272808075], [-0.087055504322052, -0.5062751173973083, 1.2264147996902466]], "non_ego_colors": [[[0.03131280466914177, 0.4851118326187134, 0.0853644609451294], [0.48142266273498535, 0.5446407794952393, 0.04525107890367508]], [[0.07550355046987534, 0.8634825944900513, 0.8732483386993408], [0.6887565851211548, 0.8015851974487305, 0.9086548686027527]], [[0.019837891682982445, 0.6816884279251099, 0.3979027271270752], [0.7971081733703613, 0.09255218505859375, 0.8944692611694336]], [[0.689690351486206, 0.5314427614212036, 0.3374035358428955], [0.2797640562057495, 0.020934786647558212, 0.897934079170227]], [[0.32427191734313965, 0.9661206007003784, 0.19118261337280273], [0.9246970415115356, 0.9565832614898682, 0.9634649753570557]], [[0.7082191109657288, 0.21026253700256348, 0.1212577074766159], [0.7503372430801392, 0.8390051126480103, 0.5611250400543213]], [[0.010827355086803436, 0.05178329721093178, 0.26147857308387756], [0.3918170928955078, 0.15751278400421143, 0.9129252433776855]], [[0.4405529499053955, 0.047730952501297, 0.8362017869949341], [0.28775203227996826, 0.07391178607940674, 0.27839556336402893]], [[0.18600201606750488, 0.6183284521102905, 0.34887683391571045], [0.6306518316268921, 0.3561248779296875, 0.27513062953948975]], [[0.45747196674346924, 0.7367923259735107, 0.7806684970855713], [0.4409916400909424, 0.9669674038887024, 0.6407103538513184]]]}, "time": 13972.249981358997, "L": 10.0, "dp_mcmc_step_size": 1e-05, "ep_mcmc_step_size": 1e-06, "num_rounds": 100, "num_mcmc_steps_per_round": 10, "num_chains": 10, "use_gradients": true, "use_stochasticity": false, "repair": false, "predict": true, "quench_rounds": 0, "tempering_schedule": [0.0, 0.049250900745391846, 0.09607607126235962, 0.14059513807296753, 0.18292158842086792, 0.22316336631774902, 0.2614232897758484, 0.2977988123893738, 0.33238279819488525, 0.36526358127593994, 0.39652490615844727, 0.4262465834617615, 0.45450443029403687, 0.48137062788009644, 0.5069134831428528, 0.5311984419822693, 0.554287314414978, 0.5762390494346619, 0.5971096754074097, 0.6169524192810059, 0.6358177661895752, 0.6537541151046753, 0.6708070039749146, 0.6870200634002686, 0.7024345993995667, 0.7170898914337158, 0.7310235500335693, 0.7442708015441895, 0.7568657398223877, 0.7688403129577637, 0.7802250981330872, 0.7910492420196533, 0.8013402223587036, 0.8111244440078735, 0.8204267024993896, 0.8292708396911621, 0.837679386138916, 0.8456737995147705, 0.8532745242118835, 0.8605008721351624, 0.8673713207244873, 0.8739033937454224, 0.8801137804985046, 0.8860182762145996, 0.8916319608688354, 0.896969199180603, 0.9020435214042664, 0.9068679809570312, 0.9114548563957214, 0.9158157706260681, 0.9199618697166443, 0.9239038228988647, 0.9276516437530518, 0.9312148690223694, 0.9346026182174683, 0.937823474407196, 0.9408857226371765, 0.9437971711158752, 0.9465652108192444, 0.9491969347000122, 0.9516990184783936, 0.9540778398513794, 0.9563395977020264, 0.9584898948669434, 0.9605342745780945, 0.9624780416488647, 0.964326024055481, 0.9660829901695251, 0.9677534103393555, 0.9693415760993958, 0.9708515405654907, 0.972287118434906, 0.9736520051956177, 0.9749496579170227, 0.9761834144592285, 0.9773564338684082, 0.9784716367721558, 0.9795319437980652, 0.9805399775505066, 0.9814984202384949, 0.982409656047821, 0.9832759499549866, 0.9840996265411377, 0.9848827719688416, 0.985627293586731, 0.9863351583480835, 0.9870081543922424, 0.9876480102539062, 0.9882563948631287, 0.9888347387313843, 0.989384651184082, 0.989907443523407, 0.9904045462608337, 0.990877091884613, 0.9913264513015747, 0.9917536377906799, 0.9921597242355347, 0.9925459027290344, 0.992913007736206, 0.9932620525360107]}