{"initial_states": {"ego_state": [[-100.42942810058594, -2.8176283836364746, 0.0006749426247552037, 9.94904613494873], [-100.03291320800781, -3.87880277633667, 0.001534263719804585, 9.706210136413574], [-100.73172760009766, -2.994687080383301, 0.0009337953524664044, 9.667238235473633], [-100.63204956054688, -2.536329746246338, 0.0006645377725362778, 9.459778785705566], [-100.34534454345703, -2.170832633972168, -0.0007609807653352618, 9.95895767211914], [-99.71685791015625, -3.0979645252227783, 0.0010189756285399199, 10.378220558166504], [-100.39386749267578, -3.138723611831665, -6.735634815413505e-05, 10.645627975463867], [-99.96795654296875, -3.083601951599121, -0.0012462092563509941, 9.692710876464844], [-100.11180877685547, -3.187944173812866, -0.0007042579236440361, 9.207525253295898], [-100.11294555664062, -2.617572069168091, 0.0022536402102559805, 10.337186813354492]], "non_ego_states": [[[-90.31928253173828, -3.019648790359497, -0.0014226968633010983, 6.596896171569824], [-70.07622528076172, 3.450089931488037, -0.0003587525279726833, 7.631191730499268]], [[-89.97377014160156, -2.6785941123962402, -0.0013811165699735284, 6.844558238983154], [-69.93505859375, 2.6099748611450195, -0.00021873984951525927, 9.07109546661377]], [[-90.04768371582031, -3.7596676349639893, 0.0010951637523248792, 7.555525302886963], [-69.88164520263672, 2.17464280128479, 0.001795595744624734, 8.618901252746582]], [[-90.0972671508789, -2.0477232933044434, 0.00021773151820525527, 5.9443039894104], [-70.23894500732422, 2.954017162322998, -0.0009124703356064856, 9.012185096740723]], [[-89.63298034667969, -3.3715693950653076, -0.0006063831970095634, 7.598268032073975], [-70.27098846435547, 3.0408523082733154, -2.857414074242115e-07, 8.345625877380371]], [[-89.28199768066406, -2.0877280235290527, 0.0003144550137221813, 6.789228916168213], [-70.57575225830078, 2.6704657077789307, -0.0010208237217739224, 8.23257827758789]], [[-90.31825256347656, -3.4350638389587402, -0.001655211322940886, 7.889536380767822], [-69.9063720703125, 2.3723104000091553, 0.0011856122873723507, 8.268845558166504]], [[-90.48497009277344, -3.16294002532959, 0.0011302281636744738, 6.891842365264893], [-69.52995300292969, 1.8023841381072998, -0.00018949108198285103, 8.201685905456543]], [[-89.76895141601562, -3.0356976985931396, 1.409910328220576e-05, 7.128541946411133], [-69.9023208618164, 3.3672966957092285, 0.00036010349867865443, 8.572019577026367]], [[-90.22025299072266, -2.834315776824951, -0.0013002364430576563, 7.923041343688965], [-70.3804702758789, 2.546663761138916, -0.000964854727499187, 8.354789733886719]]], "shading_light_direction": [[-0.23458732664585114, -1.0300456285476685, 1.4207757711410522], [-0.37296637892723083, -0.590721845626831, 0.8423135280609131], [-0.17551599442958832, -0.559877872467041, 1.2014985084533691], [-0.248177632689476, -0.9925557971000671, 0.6833208203315735], [-0.047555048018693924, -0.5073845386505127, 0.42450013756752014], [0.00981779396533966, -0.5250633358955383, 0.6555473208427429], [-0.3771761953830719, -0.022862263023853302, 0.8762775659561157], [-0.2819642126560211, -0.6612980365753174, 0.8509150743484497], [-0.08278713375329971, -0.3628351390361786, 0.551896870136261], [-0.07174037396907806, -0.5034844875335693, 1.2507692575454712]], "non_ego_colors": [[[0.012114547193050385, 0.5089437365531921, 0.10106717050075531], [0.47590264678001404, 0.5794009566307068, 0.02296145260334015]], [[0.08378972858190536, 0.9129531979560852, 0.8568419814109802], [0.6886300444602966, 0.8040208220481873, 0.8936727046966553]], [[0.027818948030471802, 0.689017117023468, 0.40219736099243164], [0.8150410056114197, 0.0795767530798912, 0.9316993355751038]], [[0.6616618633270264, 0.5402405261993408, 0.3400160074234009], [0.24199329316616058, -0.010916258208453655, 0.9162498116493225]], [[0.2967459261417389, 0.9747652411460876, 0.16125896573066711], [0.9423718452453613, 0.9491701126098633, 0.9745776057243347]], [[0.6953601837158203, 0.21081309020519257, 0.1264803409576416], [0.7644020915031433, 0.8264349102973938, 0.5497164726257324]], [[-0.006476192735135555, 0.05519409850239754, 0.2506279945373535], [0.36165934801101685, 0.1318330466747284, 0.9146299362182617]], [[0.4479542672634125, 0.04401252418756485, 0.8383394479751587], [0.2954161465167999, 0.07380061596632004, 0.2753680348396301]], [[0.14999088644981384, 0.6443983316421509, 0.3316180109977722], [0.6307023763656616, 0.352520614862442, 0.29515576362609863]], [[0.4649609923362732, 0.7399982810020447, 0.7766657471656799], [0.39587315917015076, 0.9952525496482849, 0.6512985825538635]]]}, "time": 14812.795516106999, "L": 10.0, "dp_mcmc_step_size": 1e-05, "ep_mcmc_step_size": 1e-06, "num_rounds": 100, "num_mcmc_steps_per_round": 10, "num_chains": 10, "use_gradients": false, "use_stochasticity": true, "repair": false, "predict": true, "quench_rounds": 0, "tempering_schedule": [0.0, 0.049250900745391846, 0.09607607126235962, 0.14059513807296753, 0.18292158842086792, 0.22316336631774902, 0.2614232897758484, 0.2977988123893738, 0.33238279819488525, 0.36526358127593994, 0.39652490615844727, 0.4262465834617615, 0.45450443029403687, 0.48137062788009644, 0.5069134831428528, 0.5311984419822693, 0.554287314414978, 0.5762390494346619, 0.5971096754074097, 0.6169524192810059, 0.6358177661895752, 0.6537541151046753, 0.6708070039749146, 0.6870200634002686, 0.7024345993995667, 0.7170898914337158, 0.7310235500335693, 0.7442708015441895, 0.7568657398223877, 0.7688403129577637, 0.7802250981330872, 0.7910492420196533, 0.8013402223587036, 0.8111244440078735, 0.8204267024993896, 0.8292708396911621, 0.837679386138916, 0.8456737995147705, 0.8532745242118835, 0.8605008721351624, 0.8673713207244873, 0.8739033937454224, 0.8801137804985046, 0.8860182762145996, 0.8916319608688354, 0.896969199180603, 0.9020435214042664, 0.9068679809570312, 0.9114548563957214, 0.9158157706260681, 0.9199618697166443, 0.9239038228988647, 0.9276516437530518, 0.9312148690223694, 0.9346026182174683, 0.937823474407196, 0.9408857226371765, 0.9437971711158752, 0.9465652108192444, 0.9491969347000122, 0.9516990184783936, 0.9540778398513794, 0.9563395977020264, 0.9584898948669434, 0.9605342745780945, 0.9624780416488647, 0.964326024055481, 0.9660829901695251, 0.9677534103393555, 0.9693415760993958, 0.9708515405654907, 0.972287118434906, 0.9736520051956177, 0.9749496579170227, 0.9761834144592285, 0.9773564338684082, 0.9784716367721558, 0.9795319437980652, 0.9805399775505066, 0.9814984202384949, 0.982409656047821, 0.9832759499549866, 0.9840996265411377, 0.9848827719688416, 0.985627293586731, 0.9863351583480835, 0.9870081543922424, 0.9876480102539062, 0.9882563948631287, 0.9888347387313843, 0.989384651184082, 0.989907443523407, 0.9904045462608337, 0.990877091884613, 0.9913264513015747, 0.9917536377906799, 0.9921597242355347, 0.9925459027290344, 0.992913007736206, 0.9932620525360107]}