{"trajs": {"trajectories": [[[-0.8711353540420532, -0.2662929594516754], [0.7021939158439636, 0.1334826648235321], [-0.2609696686267853, 0.21351628005504608]], [[-0.8711404204368591, -0.2136003077030182], [-0.145040363073349, -0.19435755908489227], [0.4039766788482666, 0.015306824818253517]], [[-0.8711376190185547, 0.00010119314538314939], [0.5557315349578857, 0.12034084647893906], [-0.005500170402228832, -0.14016395807266235]], [[-0.8711758255958557, 0.2135511189699173], [0.46334996819496155, -0.2617722749710083], [0.6189789772033691, 0.10519096255302429]], [[-0.8711325526237488, 0.2662905156612396], [0.04972207546234131, 0.25838756561279297], [0.21311116218566895, 0.250038206577301]]]}, "best_eps_idx": 1, "time": 275.5160069420235, "n": 5, "T": 3, "width": 3.2, "height": 2.0, "R": 0.5, "max_wind_thrust": 0.5, "duration": 30.0, "dp_mcmc_step_size": 0.001, "ep_mcmc_step_size": 0.001, "num_rounds": 50, "num_mcmc_steps_per_round": 5, "num_chains": 5, "use_gradients": true, "use_stochasticity": false, "repair": true, "predict": true, "quench_rounds": 5, "tempering_schedule": null}