{"trajs": {"trajectories": [[[-0.7197397351264954, -0.36523303389549255], [0.4635363817214966, 0.36866217851638794], [0.15305238962173462, 0.07688111811876297]], [[-0.935736358165741, 0.18438440561294556], [0.19888605177402496, 0.23042555153369904], [0.4948185980319977, 0.38602298498153687]], [[-0.9397258162498474, -0.01916266232728958], [-0.2248699814081192, 0.2592025399208069], [0.22330684959888458, -0.24096447229385376]], [[-0.7074308395385742, -0.1826476901769638], [0.12401150912046432, 0.12013380229473114], [0.6553738713264465, -0.1106535941362381]], [[-0.7022755146026611, -0.344903826713562], [-0.1900051385164261, 0.1334603875875473], [0.32087787985801697, 0.3014677166938782]]]}, "best_eps_idx": 3, "time": 274.4562007338973, "n": 5, "T": 3, "width": 3.2, "height": 2.0, "R": 0.5, "max_wind_thrust": 0.5, "duration": 30.0, "dp_mcmc_step_size": 0.001, "ep_mcmc_step_size": 0.001, "num_rounds": 50, "num_mcmc_steps_per_round": 5, "num_chains": 5, "use_gradients": true, "use_stochasticity": true, "repair": true, "predict": true, "quench_rounds": 5, "tempering_schedule": null}