{"eps": {"object_position": [[0.00047118961811065674, 0.01807479001581669], [-0.04869715869426727, -0.20336873829364777], [0.03872213140130043, -0.027187108993530273], [-0.04423922672867775, 0.014281250536441803], [0.16589468717575073, 0.08542123436927795]], "object_rotation": [0.8571223020553589, 2.4276342391967773, 0.5584246516227722, 2.499997854232788, 1.5254484415054321], "distractor_position": [-0.6245242357254028, 0.016025833785533905, -0.8963794112205505, 0.48247936367988586, -0.29939648509025574]}, "eps_trace": {"object_position": [[[-0.04608927667140961, -0.0847158133983612], [-0.15947304666042328, -0.16797316074371338], [0.013976790010929108, -0.06503881514072418], [-0.10069085657596588, 0.09114065021276474], [0.3067890703678131, -0.013983048498630524]], [[0.0024256929755210876, 0.005868112668395042], [0.022512219846248627, -0.19368435442447662], [-0.05533403158187866, 0.01909712888300419], [0.05767422541975975, 0.07779599726200104], [0.1660752296447754, -0.08258366584777832]], [[0.0910315215587616, -0.04698830842971802], [0.009525401517748833, -0.16011019051074982], [-0.01732552796602249, 0.004274122416973114], [0.08382003754377365, 0.005531862378120422], [0.1501680463552475, -0.050809595733881]], [[0.1487288773059845, -0.07061879336833954], [-0.09925659000873566, -0.1846928894519806], [-0.03589687868952751, 0.03615595027804375], [0.07792922854423523, -0.0023152735084295273], [0.11587110161781311, -0.03392350301146507]], [[0.00047118961811065674, 0.01807479001581669], [-0.04869715869426727, -0.20336873829364777], [0.03872213140130043, -0.027187108993530273], [-0.04423922672867775, 0.014281250536441803], [0.16589468717575073, 0.08542123436927795]]], "object_rotation": [[0.9416676163673401, 2.3802528381347656, 0.7007341384887695, 2.373603343963623, 1.347609519958496], [0.8929542303085327, 2.3663330078125, 0.6089102625846863, 2.3459324836730957, 1.418803095817566], [0.8943179249763489, 2.334557056427002, 0.5756515264511108, 2.364896535873413, 1.429093360900879], [0.9230420589447021, 2.3074212074279785, 0.5945804119110107, 2.4695351123809814, 1.5246772766113281], [0.8571223020553589, 2.4276342391967773, 0.5584246516227722, 2.499997854232788, 1.5254484415054321]], "distractor_position": [[-0.528070330619812, 0.2771506607532501, -1.1435166597366333, 0.25058692693710327, -0.3934210538864136], [-0.672312319278717, 0.2836366593837738, -0.9674903750419617, 0.40166980028152466, -0.3792712092399597], [-0.6042832136154175, 0.26725292205810547, -0.9501782655715942, 0.3292125165462494, -0.3725787103176117], [-0.5817721486091614, 0.15129099786281586, -0.8482946157455444, 0.40332525968551636, -0.33748212456703186], [-0.6245242357254028, 0.016025833785533905, -0.8963794112205505, 0.48247936367988586, -0.29939648509025574]]}, "object_type": "bowl", "L": 10.0, "failure_level": 0.2, "dp_logprior_scale": 1.0, "dp_mcmc_step_size": 0.001, "ep_mcmc_step_size": 0.001, "num_rounds": 5, "num_steps_per_round": 5, "num_chains": 5, "use_gradients": true, "use_stochasticity": true, "repair": true, "predict": true, "quench_rounds": 3, "tempering_schedule": [0.9816843867301941, 0.9999991655349731, 1.0, 1.0, 1.0], "ep_logprobs": [[-30.246435165405273, -34.87070083618164, -31.860321044921875, -32.99998474121094, -34.5999870300293], [-29.533117294311523, -34.63543701171875, -31.03841209411621, -31.817052841186523, -31.841838836669922], [-31.135255813598633, -32.99869155883789, -31.054393768310547, -32.3333625793457, -30.644271850585938], [-31.423006057739258, -33.622684478759766, -31.603710174560547, -32.49549865722656, -30.433069229125977], [-30.269102096557617, -33.90195083618164, -30.416465759277344, -31.70162582397461, -31.5189266204834]], "dp_logprobs": [[0.3746612071990967, -0.5807708501815796, -0.7690011262893677, -0.970586895942688, -0.9820088744163513], [-1.5320639610290527, -0.563843846321106, -3.888627529144287, -1.0708061456680298, -1.903267741203308], [-0.35164874792099, -0.7598562240600586, -1.8406866788864136, -0.09410130977630615, -2.382129430770874], [-0.7458439469337463, -0.40005242824554443, -3.244640827178955, -0.27746862173080444, -1.1799839735031128], [-0.4218689203262329, -0.7068583965301514, -3.2122278213500977, -0.3791619539260864, -1.0408778190612793]]}