{"eps": {"object_position": [[-0.12370306253433228, -0.16897465288639069], [0.2816419303417206, -0.07954898476600647], [-0.07044956833124161, -0.10159969329833984], [0.1744043231010437, 0.09100015461444855], [-0.006073012948036194, -0.01376180350780487]], "object_rotation": [1.111594557762146, 1.0857036113739014, 2.7777581214904785, 0.9913052320480347, 0.8662621974945068], "distractor_position": [-1.3045774698257446, 0.0005676117725670338, -1.1007905006408691, -1.5242586135864258, -0.8170420527458191]}, "eps_trace": {"object_position": [[[0.13418418169021606, 0.009342432022094727], [-0.022787410765886307, 0.03999563306570053], [-0.10269583016633987, -0.14109237492084503], [0.010549336671829224, -0.05850759893655777], [-0.0027725512627512217, 0.034425534307956696]], [[0.12476538866758347, 0.029323330149054527], [0.018343128263950348, 0.08039099723100662], [0.018948744982481003, -0.07306615263223648], [0.0580509677529335, -0.0046625519171357155], [0.032630838453769684, 0.046016253530979156]], [[-0.006637558341026306, -0.10818569362163544], [0.2047809660434723, -0.03096011094748974], [-0.0008978620171546936, -0.06725083291530609], [0.0580509677529335, -0.0046625519171357155], [-0.04072844982147217, -0.047582000494003296]], [[-0.05790327861905098, -0.18149450421333313], [0.20853625237941742, -0.02733612060546875], [-0.1719788908958435, -0.06335888803005219], [0.11955252289772034, 0.129780113697052], [-0.15519793331623077, 0.027578063309192657]], [[-0.12370306253433228, -0.16897465288639069], [0.2816419303417206, -0.07954898476600647], [-0.07044956833124161, -0.10159969329833984], [0.1744043231010437, 0.09100015461444855], [-0.006073012948036194, -0.01376180350780487]]], "object_rotation": [[1.391999363899231, 0.9973832964897156, 2.7321596145629883, 0.937513530254364, 0.8902145028114319], [1.281680703163147, 1.028359293937683, 2.863863468170166, 0.8694303035736084, 0.8072373270988464], [1.2265050411224365, 1.1294611692428589, 2.9630589485168457, 0.8694303035736084, 0.7887737154960632], [1.1129658222198486, 1.0813885927200317, 2.8932647705078125, 0.8516479134559631, 0.8763365745544434], [1.111594557762146, 1.0857036113739014, 2.7777581214904785, 0.9913052320480347, 0.8662621974945068]], "distractor_position": [[-1.252579927444458, 0.004212697967886925, -1.1730676889419556, -1.5494470596313477, -0.9803075194358826], [-1.212734580039978, -0.0043136849999427795, -1.171626329421997, -1.555362343788147, -1.0035748481750488], [-1.3332716226577759, -0.05673340708017349, -1.2411751747131348, -1.555362343788147, -0.8786755800247192], [-1.2214444875717163, -0.11961086094379425, -1.2160440683364868, -1.615256667137146, -0.8079093098640442], [-1.3045774698257446, 0.0005676117725670338, -1.1007905006408691, -1.5242586135864258, -0.8170420527458191]]}, "object_type": "bowl", "L": 10.0, "failure_level": 0.2, "dp_logprior_scale": 1.0, "dp_mcmc_step_size": 0.001, "ep_mcmc_step_size": 0.001, "num_rounds": 5, "num_steps_per_round": 5, "num_chains": 5, "use_gradients": true, "use_stochasticity": true, "repair": true, "predict": true, "quench_rounds": 3, "tempering_schedule": [0.9816843867301941, 0.9999991655349731, 1.0, 1.0, 1.0], "ep_logprobs": [[-31.861005783081055, -30.4406681060791, -33.916873931884766, -32.51604461669922, -31.292186737060547], [-31.935821533203125, -31.445018768310547, -33.572017669677734, -32.59648895263672, -30.459697723388672], [-32.831356048583984, -31.886363983154297, -33.839698791503906, -32.97113800048828, -32.04008102416992], [-33.75946807861328, -32.50726318359375, -34.15313720703125, -34.06195068359375, -31.66398811340332], [-34.385948181152344, -34.75678253173828, -33.83827209472656, -33.064064025878906, -30.267900466918945]], "dp_logprobs": [[0.5202484726905823, 0.4696810245513916, -3.5242037773132324, 0.1873646378517151, 0.39730530977249146], [-0.49436670541763306, 0.002358675003051758, -3.3189361095428467, -0.5771021842956543, -0.7375267744064331], [-0.7963294386863708, -1.0677160024642944, -2.7285616397857666, 0.4943523406982422, 0.04742151498794556], [-0.7656456232070923, 0.1389407515525818, -3.5100138187408447, 0.18627631664276123, 0.2699255347251892], [-0.6589205265045166, -0.16561269760131836, -3.042187213897705, -0.6629674434661865, -0.88315349817276]]}