{"eps": {"object_position": [[-0.05469683185219765, 0.05250301957130432], [-0.05490996316075325, 0.05077490583062172], [-0.004320837557315826, 0.12541845440864563], [-0.007327720522880554, 0.009096488356590271], [-0.12030788511037827, -0.006705246865749359]], "object_rotation": [1.9075334072113037, 1.8034876585006714, 0.211321622133255, 1.118340015411377, 1.94718599319458], "distractor_position": [-0.5538475513458252, 0.5208272337913513, -0.9522761106491089, -0.15526831150054932, -1.040439248085022]}, "eps_trace": {"object_position": [[[0.11011612415313721, 0.10641108453273773], [0.05328589305281639, 0.11566051840782166], [-0.0037693753838539124, -0.07717383652925491], [0.09465912729501724, -0.07111009955406189], [-0.05103897303342819, -0.07927145063877106]], [[0.07428939640522003, 0.08642292022705078], [-0.01914888247847557, 0.0596274770796299], [-0.05393565073609352, 0.00872090458869934], [0.07536694407463074, 0.025541722774505615], [-0.11581875383853912, -0.01757688820362091]], [[0.06206188723444939, 0.0017511844635009766], [-0.07738940417766571, 0.1264563351869583], [-0.1281076967716217, 0.0714288279414177], [0.15049096941947937, 0.03971463441848755], [-0.15406307578086853, -0.10695851594209671]], [[0.0322260782122612, 0.09000872820615768], [-0.03345358371734619, 0.04087527096271515], [-0.11893047392368317, 0.15891021490097046], [0.05236276984214783, 0.03497131168842316], [-0.07266353815793991, -0.12157468497753143]], [[-0.05069481581449509, 0.05184207111597061], [-0.0770193338394165, -0.040802545845508575], [-0.1506483405828476, 0.06489285826683044], [0.08464713394641876, 0.11119487881660461], [-0.043786052614450455, -0.03379611670970917]], [[0.029180526733398438, 0.09788843989372253], [-0.11279449611902237, -0.10071757435798645], [-0.09185303002595901, 0.14532294869422913], [0.03350624069571495, 0.026482857763767242], [-0.0991523489356041, -0.07407976686954498]], [[0.04849014803767204, 0.011982418596744537], [-0.055652111768722534, -0.021017052233219147], [-0.035919439047575, 0.06747493147850037], [0.017633680254220963, 0.11616143584251404], [-0.06187127158045769, -0.12753090262413025]], [[0.045061688870191574, 0.06061168760061264], [0.000820845365524292, 0.05340181291103363], [-0.12585417926311493, 0.07949235290288925], [0.005335580557584763, 0.018059708178043365], [-0.06647783517837524, -0.029981687664985657]], [[-0.031963180750608444, 0.014409404247999191], [-0.0024075021501630545, 0.10813070833683014], [-0.08990111947059631, 0.1720188558101654], [0.09084257483482361, 0.00967348925769329], [-0.12113828212022781, -0.10410694777965546]], [[-0.05469683185219765, 0.05250301957130432], [-0.05490996316075325, 0.05077490583062172], [-0.004320837557315826, 0.12541845440864563], [-0.007327720522880554, 0.009096488356590271], [-0.12030788511037827, -0.006705246865749359]]], "object_rotation": [[2.1541848182678223, 1.704222559928894, 0.11625642329454422, 1.2713732719421387, 1.8389530181884766], [2.1361000537872314, 1.718012809753418, 0.11475635319948196, 1.2746248245239258, 1.8292663097381592], [2.1155741214752197, 1.708764672279358, 0.1331883817911148, 1.2297234535217285, 1.8495820760726929], [2.0796377658843994, 1.7090504169464111, 0.17601579427719116, 1.2205755710601807, 1.8984320163726807], [2.0557031631469727, 1.746525764465332, 0.18659168481826782, 1.169633388519287, 1.8716579675674438], [2.02899169921875, 1.7917324304580688, 0.18585392832756042, 1.167169451713562, 1.8988336324691772], [1.9922065734863281, 1.7791305780410767, 0.18336987495422363, 1.1459896564483643, 1.9522285461425781], [1.9541878700256348, 1.7452728748321533, 0.22387740015983582, 1.1472764015197754, 1.9365323781967163], [1.9132550954818726, 1.7684370279312134, 0.22308452427387238, 1.117171287536621, 1.9384645223617554], [1.9075334072113037, 1.8034876585006714, 0.211321622133255, 1.118340015411377, 1.94718599319458]], "distractor_position": [[-0.3052496016025543, 0.6600192785263062, -1.0841268301010132, 0.07235950231552124, -1.3468220233917236], [-0.3946356177330017, 0.6222922205924988, -1.073968768119812, 0.0557563342154026, -1.3031926155090332], [-0.4421737790107727, 0.5769444704055786, -1.0589193105697632, 0.009502973407506943, -1.2915492057800293], [-0.4367883503437042, 0.5496416091918945, -1.0382167100906372, -0.006765879690647125, -1.2637253999710083], [-0.4037041664123535, 0.5445080399513245, -1.0316697359085083, -0.03027297742664814, -1.2364460229873657], [-0.4317426383495331, 0.48895013332366943, -1.0230923891067505, -0.04450017958879471, -1.1688199043273926], [-0.40184035897254944, 0.5039089918136597, -0.9947207570075989, -0.07995758950710297, -1.1149489879608154], [-0.48044076561927795, 0.49267110228538513, -0.9834750294685364, -0.0948958694934845, -1.1002329587936401], [-0.46440863609313965, 0.5730312466621399, -0.9714087247848511, -0.13627105951309204, -1.0613235235214233], [-0.5538475513458252, 0.5208272337913513, -0.9522761106491089, -0.15526831150054932, -1.040439248085022]]}, "object_type": "mug", "L": 1.0, "failure_level": 2.5, "dp_logprior_scale": 1.0, "dp_mcmc_step_size": 0.1, "ep_mcmc_step_size": 0.1, "num_rounds": 10, "num_steps_per_round": 1, "num_chains": 5, "use_gradients": true, "use_stochasticity": false, "repair": false, "predict": true, "quench_rounds": 0, "tempering_schedule": null, "ep_logprobs": [[-31.461849212646484, -34.58031463623047, -34.09894561767578, -31.20124626159668, -33.66645812988281], [-32.874244689941406, -33.586299896240234, -33.16982650756836, -31.636497497558594, -31.654760360717773], [-30.595571517944336, -32.837554931640625, -34.245487213134766, -31.46561622619629, -34.713253021240234], [-31.493160247802734, -32.72608947753906, -35.00190734863281, -30.902603149414062, -34.47494888305664], [-30.460918426513672, -32.812652587890625, -34.86829376220703, -31.019412994384766, -33.2136344909668], [-30.46638298034668, -33.25135803222656, -35.282569885253906, -30.160655975341797, -33.48235321044922], [-30.58718490600586, -31.79018211364746, -33.73877716064453, -30.595504760742188, -33.59962844848633], [-30.070598602294922, -32.172000885009766, -33.88623809814453, -30.085765838623047, -33.29377746582031], [-30.681657791137695, -34.214935302734375, -35.83149719238281, -30.253738403320312, -31.97682762145996], [-31.527416229248047, -33.79794692993164, -34.56935119628906, -29.974817276000977, -33.06251525878906]], "dp_logprobs": [0.0, 0.0, 0.0, 0.0, 0.0, 0.0, 0.0, 0.0, 0.0, 0.0]}