{"eps": {"object_position": [[0.04556615278124809, 0.13065779209136963], [-0.007023244630545378, 0.03748876228928566], [-0.018468104302883148, -0.17479479312896729], [-0.1467750072479248, 0.07541316747665405], [-0.1357380449771881, 0.1830284744501114]], "object_rotation": [2.173258066177368, 1.7163875102996826, 0.1289358139038086, 1.176110029220581, 1.7660274505615234], "distractor_position": [-0.23538106679916382, 0.6702172756195068, -1.093787431716919, 0.21801072359085083, -1.1423749923706055]}, "eps_trace": {"object_position": [[[0.04556615278124809, 0.13065779209136963], [-0.007023244630545378, 0.03748876228928566], [-0.018468104302883148, -0.17479479312896729], [0.07455994188785553, -0.13397212326526642], [0.043202467262744904, -0.049526095390319824]], [[0.04556615278124809, 0.13065779209136963], [-0.007023244630545378, 0.03748876228928566], [-0.018468104302883148, -0.17479479312896729], [0.07455994188785553, -0.13397212326526642], [0.043202467262744904, -0.049526095390319824]], [[0.04556615278124809, 0.13065779209136963], [-0.007023244630545378, 0.03748876228928566], [-0.018468104302883148, -0.17479479312896729], [0.07455994188785553, -0.13397212326526642], [0.043202467262744904, -0.049526095390319824]], [[0.04556615278124809, 0.13065779209136963], [-0.007023244630545378, 0.03748876228928566], [-0.018468104302883148, -0.17479479312896729], [0.07455994188785553, -0.13397212326526642], [0.043202467262744904, -0.049526095390319824]], [[0.04556615278124809, 0.13065779209136963], [-0.007023244630545378, 0.03748876228928566], [-0.018468104302883148, -0.17479479312896729], [0.07455994188785553, -0.13397212326526642], [-0.1357380449771881, 0.1830284744501114]], [[0.04556615278124809, 0.13065779209136963], [-0.007023244630545378, 0.03748876228928566], [-0.018468104302883148, -0.17479479312896729], [0.07455994188785553, -0.13397212326526642], [-0.1357380449771881, 0.1830284744501114]], [[0.04556615278124809, 0.13065779209136963], [-0.007023244630545378, 0.03748876228928566], [-0.018468104302883148, -0.17479479312896729], [0.07455994188785553, -0.13397212326526642], [-0.1357380449771881, 0.1830284744501114]], [[0.04556615278124809, 0.13065779209136963], [-0.007023244630545378, 0.03748876228928566], [-0.018468104302883148, -0.17479479312896729], [-0.1803630143404007, -0.034354016184806824], [-0.1357380449771881, 0.1830284744501114]], [[0.04556615278124809, 0.13065779209136963], [-0.007023244630545378, 0.03748876228928566], [-0.018468104302883148, -0.17479479312896729], [-0.1467750072479248, 0.07541316747665405], [-0.1357380449771881, 0.1830284744501114]], [[0.04556615278124809, 0.13065779209136963], [-0.007023244630545378, 0.03748876228928566], [-0.018468104302883148, -0.17479479312896729], [-0.1467750072479248, 0.07541316747665405], [-0.1357380449771881, 0.1830284744501114]]], "object_rotation": [[2.173258066177368, 1.7163875102996826, 0.1289358139038086, 1.2058641910552979, 1.8286423683166504], [2.173258066177368, 1.7163875102996826, 0.1289358139038086, 1.2058641910552979, 1.8286423683166504], [2.173258066177368, 1.7163875102996826, 0.1289358139038086, 1.2058641910552979, 1.8286423683166504], [2.173258066177368, 1.7163875102996826, 0.1289358139038086, 1.2058641910552979, 1.8286423683166504], [2.173258066177368, 1.7163875102996826, 0.1289358139038086, 1.2058641910552979, 1.7660274505615234], [2.173258066177368, 1.7163875102996826, 0.1289358139038086, 1.2058641910552979, 1.7660274505615234], [2.173258066177368, 1.7163875102996826, 0.1289358139038086, 1.2058641910552979, 1.7660274505615234], [2.173258066177368, 1.7163875102996826, 0.1289358139038086, 0.7513276934623718, 1.7660274505615234], [2.173258066177368, 1.7163875102996826, 0.1289358139038086, 1.176110029220581, 1.7660274505615234], [2.173258066177368, 1.7163875102996826, 0.1289358139038086, 1.176110029220581, 1.7660274505615234]], "distractor_position": [[-0.23538106679916382, 0.6702172756195068, -1.093787431716919, 0.109142005443573, -1.3581116199493408], [-0.23538106679916382, 0.6702172756195068, -1.093787431716919, 0.109142005443573, -1.3581116199493408], [-0.23538106679916382, 0.6702172756195068, -1.093787431716919, 0.109142005443573, -1.3581116199493408], [-0.23538106679916382, 0.6702172756195068, -1.093787431716919, 0.109142005443573, -1.3581116199493408], [-0.23538106679916382, 0.6702172756195068, -1.093787431716919, 0.109142005443573, -1.1423749923706055], [-0.23538106679916382, 0.6702172756195068, -1.093787431716919, 0.109142005443573, -1.1423749923706055], [-0.23538106679916382, 0.6702172756195068, -1.093787431716919, 0.109142005443573, -1.1423749923706055], [-0.23538106679916382, 0.6702172756195068, -1.093787431716919, -0.5898469686508179, -1.1423749923706055], [-0.23538106679916382, 0.6702172756195068, -1.093787431716919, 0.21801072359085083, -1.1423749923706055], [-0.23538106679916382, 0.6702172756195068, -1.093787431716919, 0.21801072359085083, -1.1423749923706055]]}, "object_type": "mug", "L": 1.0, "failure_level": 2.5, "dp_logprior_scale": 1.0, "dp_mcmc_step_size": 0.1, "ep_mcmc_step_size": 0.1, "num_rounds": 10, "num_steps_per_round": 1, "num_chains": 5, "use_gradients": true, "use_stochasticity": true, "repair": false, "predict": true, "quench_rounds": 0, "tempering_schedule": [0.0, 0.9882563948631287, 0.9998620748519897, 0.9999983906745911, 1.0, 1.0, 1.0, 1.0, 1.0, 1.0], "ep_logprobs": [[0.4724902808666229, -0.9646077156066895, -2.070896625518799, -0.1613141894340515, 0.12156176567077637], [-31.277124404907227, -34.280609130859375, -34.285457611083984, -33.17598342895508, -32.665626525878906], [-31.64997673034668, -34.67185974121094, -34.66377258300781, -33.56369400024414, -33.050662994384766], [-31.654356002807617, -34.676456451416016, -34.668216705322266, -33.5682487487793, -33.0551872253418], [-31.654409408569336, -34.676509857177734, -34.668270111083984, -33.568302154541016, -34.58561706542969], [-31.654409408569336, -34.676509857177734, -34.668270111083984, -33.568302154541016, -34.58561706542969], [-31.654409408569336, -34.676509857177734, -34.668270111083984, -33.568302154541016, -34.58561706542969], [-31.654409408569336, -34.676509857177734, -34.668270111083984, -33.30337142944336, -34.58561706542969], [-31.654409408569336, -34.676509857177734, -34.668270111083984, -32.78609085083008, -34.58561706542969], [-31.654409408569336, -34.676509857177734, -34.668270111083984, -32.78609085083008, -34.58561706542969]], "dp_logprobs": [0.0, 0.0, 0.0, 0.0, 0.0, 0.0, 0.0, 0.0, 0.0, 0.0]}