{"eps": {"object_position": [[0.012523259036242962, -0.029403524473309517], [-0.16962043941020966, -0.11851637065410614], [-0.023656930774450302, -0.0769626796245575], [0.026010362431406975, 0.08696369081735611], [0.26263317465782166, -0.002713410649448633]], "object_rotation": [0.9016464948654175, 2.380018949508667, 0.7968401908874512, 2.393733501434326, 1.3721638917922974], "distractor_position": [-0.5013318061828613, 0.23236489295959473, -1.1468544006347656, 0.2314658761024475, -0.3381882607936859]}, "eps_trace": {"object_position": [[[0.017588108777999878, -0.031975846737623215], [-0.18492838740348816, -0.17178304493427277], [0.0010800245217978954, -0.12255095690488815], [0.032833851873874664, 0.1256677657365799], [0.28929901123046875, 0.0006419215351343155]], [[0.011547802947461605, -0.03280537575483322], [-0.18487706780433655, -0.17186793684959412], [-0.015790510922670364, -0.10364337265491486], [0.028365235775709152, 0.11080840229988098], [0.2881248891353607, 0.00037751506897620857]], [[0.012146223336458206, -0.0346054881811142], [-0.18428486585617065, -0.1664462685585022], [-0.021003711968660355, -0.08891136944293976], [0.028045589104294777, 0.1071237102150917], [0.2837981879711151, -0.001484538777731359]], [[0.0034391116350889206, -0.03432096913456917], [-0.1866484433412552, -0.15240852534770966], [-0.01916365884244442, -0.08831136673688889], [0.027607306838035583, 0.10712442547082901], [0.2778269946575165, -0.006102425511926413]], [[0.004221041686832905, -0.03362926468253136], [-0.18852214515209198, -0.14602713286876678], [-0.025270339101552963, -0.09365808963775635], [0.027426423504948616, 0.10724014043807983], [0.2777079641819, -0.006626024376600981]], [[0.005148358643054962, -0.036396171897649765], [-0.18515238165855408, -0.1305830031633377], [-0.023735523223876953, -0.09395008534193039], [0.025904443114995956, 0.10730722546577454], [0.2775963246822357, -0.008476550690829754]], [[0.00702463835477829, -0.03720741346478462], [-0.17418844997882843, -0.11982748657464981], [-0.023801060393452644, -0.08481130748987198], [0.025846030563116074, 0.10722023248672485], [0.26744839549064636, -0.0027057072147727013]], [[0.012005427852272987, -0.03610501438379288], [-0.17368778586387634, -0.11673493683338165], [-0.023303616791963577, -0.08126607537269592], [0.025976836681365967, 0.1071738749742508], [0.266169935464859, -0.0024689703714102507]], [[0.011972851119935513, -0.03447428345680237], [-0.17319023609161377, -0.11686897277832031], [-0.023427952080965042, -0.07914524525403976], [0.026019759476184845, 0.10706723481416702], [0.26585718989372253, -0.0029492296744138002]], [[0.012523259036242962, -0.029403524473309517], [-0.16962043941020966, -0.11851637065410614], [-0.023656930774450302, -0.0769626796245575], [0.026010362431406975, 0.08696369081735611], [0.26263317465782166, -0.002713410649448633]]], "object_rotation": [[0.8913065195083618, 2.346527338027954, 0.7713028788566589, 2.3715574741363525, 1.3758609294891357], [0.8956037163734436, 2.346759796142578, 0.7776780128479004, 2.382570743560791, 1.3766069412231445], [0.8946442604064941, 2.351640224456787, 0.7980118989944458, 2.386765718460083, 1.3768426179885864], [0.895808219909668, 2.346674680709839, 0.7974624037742615, 2.386281967163086, 1.3757481575012207], [0.8967315554618835, 2.3449881076812744, 0.8012941479682922, 2.385932207107544, 1.3752464056015015], [0.8961422443389893, 2.3588204383850098, 0.8055091500282288, 2.386798858642578, 1.3743999004364014], [0.8987997770309448, 2.380114793777466, 0.7993802428245544, 2.3866233825683594, 1.373826265335083], [0.8987931609153748, 2.3789737224578857, 0.7986911535263062, 2.3866665363311768, 1.3684653043746948], [0.9007889032363892, 2.3783557415008545, 0.7976177334785461, 2.3862571716308594, 1.3700811862945557], [0.9016464948654175, 2.380018949508667, 0.7968401908874512, 2.393733501434326, 1.3721638917922974]], "distractor_position": [[-0.5285866260528564, 0.2264074683189392, -1.181086778640747, 0.23197141289710999, -0.3258220851421356], [-0.5197564363479614, 0.22599342465400696, -1.1723835468292236, 0.23327317833900452, -0.32639941573143005], [-0.5207127928733826, 0.2272500991821289, -1.1565850973129272, 0.23553447425365448, -0.32813119888305664], [-0.5122361779212952, 0.22006165981292725, -1.1571131944656372, 0.23599275946617126, -0.32980531454086304], [-0.5125166773796082, 0.21617074310779572, -1.1582703590393066, 0.23564697802066803, -0.3292079567909241], [-0.5114558339118958, 0.2189706712961197, -1.1594871282577515, 0.23514772951602936, -0.32917094230651855], [-0.5078824758529663, 0.23068363964557648, -1.1551011800765991, 0.23497851192951202, -0.33200570940971375], [-0.502558171749115, 0.22992438077926636, -1.1469985246658325, 0.23505814373493195, -0.335666686296463], [-0.5026415586471558, 0.23117132484912872, -1.1468031406402588, 0.23488545417785645, -0.3362811803817749], [-0.5013318061828613, 0.23236489295959473, -1.1468544006347656, 0.2314658761024475, -0.3381882607936859]]}, "object_type": "mug", "L": 1.0, "failure_level": 2.5, "dp_logprior_scale": 1.0, "dp_mcmc_step_size": 0.1, "ep_mcmc_step_size": 0.1, "num_rounds": 10, "num_steps_per_round": 1, "num_chains": 5, "use_gradients": true, "use_stochasticity": true, "repair": false, "predict": true, "quench_rounds": 0, "tempering_schedule": null, "ep_logprobs": [[-31.030349731445312, -34.07984924316406, -34.3006706237793, -31.849647521972656, -33.749507904052734], [-30.9366512298584, -34.07948684692383, -33.511783599853516, -31.684022903442383, -33.71708679199219], [-30.968795776367188, -33.98761749267578, -32.75017547607422, -31.676681518554688, -33.51476287841797], [-30.17042350769043, -33.757965087890625, -32.78306579589844, -31.679235458374023, -33.36908721923828], [-30.155256271362305, -33.69597625732422, -32.46775817871094, -31.678834915161133, -33.3584098815918], [-30.354595184326172, -33.438560485839844, -32.207313537597656, -31.674968719482422, -33.36993408203125], [-30.15436553955078, -33.15952682495117, -32.2271842956543, -31.64764976501465, -33.030460357666016], [-30.0281982421875, -33.109832763671875, -33.17441177368164, -31.647541046142578, -33.00759506225586], [-30.0660343170166, -33.10555648803711, -33.31508255004883, -31.645442962646484, -33.00128173828125], [-30.118436813354492, -33.069454193115234, -33.09958267211914, -31.423446655273438, -32.9089469909668]], "dp_logprobs": [0.0, 0.0, 0.0, 0.0, 0.0, 0.0, 0.0, 0.0, 0.0, 0.0]}