{"eps": {"object_position": [[-0.15887367725372314, -0.03321760892868042], [-0.007023244630545378, 0.03748876228928566], [-0.018468104302883148, -0.17479479312896729], [-0.13183587789535522, 0.012941565364599228], [-0.04149659723043442, 0.21277382969856262]], "object_rotation": [1.7775905132293701, 1.7163875102996826, 0.1289358139038086, 1.254347324371338, 1.7557168006896973], "distractor_position": [-0.3058497905731201, 0.6702172756195068, -1.093787431716919, -0.6243805289268494, -1.1536645889282227]}, "eps_trace": {"object_position": [[[-0.15887367725372314, -0.03321760892868042], [-0.007023244630545378, 0.03748876228928566], [-0.018468104302883148, -0.17479479312896729], [0.16132879257202148, 0.2192307859659195], [0.043202467262744904, -0.049526095390319824]], [[-0.15887367725372314, -0.03321760892868042], [-0.007023244630545378, 0.03748876228928566], [-0.018468104302883148, -0.17479479312896729], [0.16132879257202148, 0.2192307859659195], [0.043202467262744904, -0.049526095390319824]], [[-0.15887367725372314, -0.03321760892868042], [-0.007023244630545378, 0.03748876228928566], [-0.018468104302883148, -0.17479479312896729], [0.16132879257202148, 0.2192307859659195], [0.043202467262744904, -0.049526095390319824]], [[-0.15887367725372314, -0.03321760892868042], [-0.007023244630545378, 0.03748876228928566], [-0.018468104302883148, -0.17479479312896729], [0.18956707417964935, -0.09463568031787872], [0.043202467262744904, -0.049526095390319824]], [[-0.15887367725372314, -0.03321760892868042], [-0.007023244630545378, 0.03748876228928566], [-0.018468104302883148, -0.17479479312896729], [0.18956707417964935, -0.09463568031787872], [-0.04149659723043442, 0.21277382969856262]], [[-0.15887367725372314, -0.03321760892868042], [-0.007023244630545378, 0.03748876228928566], [-0.018468104302883148, -0.17479479312896729], [0.18956707417964935, -0.09463568031787872], [-0.04149659723043442, 0.21277382969856262]], [[-0.15887367725372314, -0.03321760892868042], [-0.007023244630545378, 0.03748876228928566], [-0.018468104302883148, -0.17479479312896729], [0.18956707417964935, -0.09463568031787872], [-0.04149659723043442, 0.21277382969856262]], [[-0.15887367725372314, -0.03321760892868042], [-0.007023244630545378, 0.03748876228928566], [-0.018468104302883148, -0.17479479312896729], [-0.08545507490634918, -0.057879600673913956], [-0.04149659723043442, 0.21277382969856262]], [[-0.15887367725372314, -0.03321760892868042], [-0.007023244630545378, 0.03748876228928566], [-0.018468104302883148, -0.17479479312896729], [-0.13183587789535522, 0.012941565364599228], [-0.04149659723043442, 0.21277382969856262]], [[-0.15887367725372314, -0.03321760892868042], [-0.007023244630545378, 0.03748876228928566], [-0.018468104302883148, -0.17479479312896729], [-0.13183587789535522, 0.012941565364599228], [-0.04149659723043442, 0.21277382969856262]]], "object_rotation": [[1.7775905132293701, 1.7163875102996826, 0.1289358139038086, 1.403179407119751, 1.8286423683166504], [1.7775905132293701, 1.7163875102996826, 0.1289358139038086, 1.403179407119751, 1.8286423683166504], [1.7775905132293701, 1.7163875102996826, 0.1289358139038086, 1.403179407119751, 1.8286423683166504], [1.7775905132293701, 1.7163875102996826, 0.1289358139038086, 1.3171052932739258, 1.8286423683166504], [1.7775905132293701, 1.7163875102996826, 0.1289358139038086, 1.3171052932739258, 1.7557168006896973], [1.7775905132293701, 1.7163875102996826, 0.1289358139038086, 1.3171052932739258, 1.7557168006896973], [1.7775905132293701, 1.7163875102996826, 0.1289358139038086, 1.3171052932739258, 1.7557168006896973], [1.7775905132293701, 1.7163875102996826, 0.1289358139038086, 0.7970597147941589, 1.7557168006896973], [1.7775905132293701, 1.7163875102996826, 0.1289358139038086, 1.254347324371338, 1.7557168006896973], [1.7775905132293701, 1.7163875102996826, 0.1289358139038086, 1.254347324371338, 1.7557168006896973]], "distractor_position": [[-0.3058497905731201, 0.6702172756195068, -1.093787431716919, 0.07364249974489212, -1.3581116199493408], [-0.3058497905731201, 0.6702172756195068, -1.093787431716919, 0.07364249974489212, -1.3581116199493408], [-0.3058497905731201, 0.6702172756195068, -1.093787431716919, 0.07364249974489212, -1.3581116199493408], [-0.3058497905731201, 0.6702172756195068, -1.093787431716919, -0.8021504282951355, -1.3581116199493408], [-0.3058497905731201, 0.6702172756195068, -1.093787431716919, -0.8021504282951355, -1.1536645889282227], [-0.3058497905731201, 0.6702172756195068, -1.093787431716919, -0.8021504282951355, -1.1536645889282227], [-0.3058497905731201, 0.6702172756195068, -1.093787431716919, -0.8021504282951355, -1.1536645889282227], [-0.3058497905731201, 0.6702172756195068, -1.093787431716919, -1.4643568992614746, -1.1536645889282227], [-0.3058497905731201, 0.6702172756195068, -1.093787431716919, -0.6243805289268494, -1.1536645889282227], [-0.3058497905731201, 0.6702172756195068, -1.093787431716919, -0.6243805289268494, -1.1536645889282227]]}, "object_type": "mug", "L": 1.0, "failure_level": 2.5, "dp_logprior_scale": 1.0, "dp_mcmc_step_size": 0.1, "ep_mcmc_step_size": 0.1, "num_rounds": 10, "num_steps_per_round": 1, "num_chains": 5, "use_gradients": false, "use_stochasticity": true, "repair": false, "predict": true, "quench_rounds": 0, "tempering_schedule": null, "ep_logprobs": [[-30.861581802368164, -34.67787551879883, -34.669002532958984, -33.90363693237305, -33.05588150024414], [-30.861581802368164, -34.67787551879883, -34.669002532958984, -33.90363693237305, -33.05588150024414], [-30.861581802368164, -34.67787551879883, -34.669002532958984, -33.90363693237305, -33.05588150024414], [-30.861581802368164, -34.67787551879883, -34.669002532958984, -32.35966491699219, -33.05588150024414], [-30.861581802368164, -34.67787551879883, -34.669002532958984, -32.35966491699219, -34.26844024658203], [-30.861581802368164, -34.67787551879883, -34.669002532958984, -32.35966491699219, -34.26844024658203], [-30.861581802368164, -34.67787551879883, -34.669002532958984, -32.35966491699219, -34.26844024658203], [-30.861581802368164, -34.67787551879883, -34.669002532958984, -32.75384521484375, -34.26844024658203], [-30.861581802368164, -34.67787551879883, -34.669002532958984, -32.89775466918945, -34.26844024658203], [-30.861581802368164, -34.67787551879883, -34.669002532958984, -32.89775466918945, -34.26844024658203]], "dp_logprobs": [0.0, 0.0, 0.0, 0.0, 0.0, 0.0, 0.0, 0.0, 0.0, 0.0]}