{"eps": {"object_position": [[0.00416729087010026, -0.0004145136917941272], [-0.004161113407462835, -0.0037468494847416878], [-0.008672038093209267, -0.003154053119942546], [0.0029396757017821074, -0.004128893371671438], [-0.0015285387635231018, -0.0031119633931666613]], "object_rotation": [1.3622368574142456, 0.9796223044395447, 2.7282779216766357, 1.116362452507019, 0.9486110210418701], "distractor_position": [-1.1781502962112427, 0.044766806066036224, -1.0701892375946045, -1.3764069080352783, -0.8407843112945557]}, "eps_trace": {"object_position": [[[0.04546566680073738, 0.0020873802714049816], [-0.01887676492333412, -0.07240420579910278], [-0.11171609163284302, -0.030690444633364677], [0.034599967300891876, -0.03971138596534729], [-0.019506137818098068, -0.028600087389349937]], [[0.040895283222198486, 0.0019444928038865328], [-0.017167121171951294, -0.06509379297494888], [-0.10023180395364761, -0.027771029621362686], [0.03088536113500595, -0.03549007326364517], [-0.017594434320926666, -0.025626182556152344]], [[0.03665485605597496, 0.0018782892730087042], [-0.015597245655953884, -0.05846909433603287], [-0.09001006931066513, -0.025152621790766716], [0.027837760746479034, -0.031950000673532486], [-0.01584961637854576, -0.023073339834809303]], [[0.03293035924434662, 0.001865372178144753], [-0.014124815352261066, -0.05262792482972145], [-0.08128955960273743, -0.022345058619976044], [0.025077790021896362, -0.028914762660861015], [-0.014336355961859226, -0.020778706297278404]], [[0.029650384560227394, 0.0017689454834908247], [-0.012856964021921158, -0.047308553010225296], [-0.07315577566623688, -0.020187580958008766], [0.02256952039897442, -0.02622445672750473], [-0.012909459881484509, -0.018806589767336845]], [[0.026702143251895905, 0.0017165755853056908], [-0.011701859533786774, -0.042416125535964966], [-0.06571942567825317, -0.01834305189549923], [0.02029387652873993, -0.02376590296626091], [-0.011678620241582394, -0.016962407156825066]], [[0.024053409695625305, 0.0015725549310445786], [-0.010643797926604748, -0.038124844431877136], [-0.05904084071516991, -0.016692662611603737], [0.018274446949362755, -0.021532341837882996], [-0.01060202345252037, -0.015319094061851501]], [[0.021663282066583633, 0.0014753895811736584], [-0.009654894471168518, -0.034245554357767105], [-0.05310128629207611, -0.015218558721244335], [0.016378747299313545, -0.01944107934832573], [-0.009612134657800198, -0.01385141909122467]], [[0.01949080266058445, 0.0012887332122772932], [-0.008914094418287277, -0.030732614919543266], [-0.04764043539762497, -0.013984221033751965], [0.01476760022342205, -0.017531028017401695], [-0.008743610233068466, -0.012506736442446709]], [[0.017545323818922043, 0.0011215852573513985], [-0.008151066489517689, -0.0275836493819952], [-0.04291210323572159, -0.012656017206609249], [0.01308613084256649, -0.015851447358727455], [-0.007990050129592419, -0.011290859431028366]], [[0.01580379344522953, 0.0009849084308370948], [-0.007458469830453396, -0.024713139981031418], [-0.037950411438941956, -0.012171533890068531], [0.011889399029314518, -0.01446638721972704], [-0.007246059365570545, -0.010239727795124054]], [[0.014224272221326828, 0.0009051207453012466], [-0.006887031719088554, -0.022079210728406906], [-0.03404492884874344, -0.011110406368970871], [0.010853185318410397, -0.013361932709813118], [-0.006572484038770199, -0.009304978884756565]], [[0.01282102894037962, 0.0007745559560135007], [-0.006409903988242149, -0.019702168181538582], [-0.030632587149739265, -0.01004250068217516], [0.009720022790133953, -0.012036566622555256], [-0.0059633078053593636, -0.008463619276881218]], [[0.011584198102355003, 0.0006118305609561503], [-0.006042525637894869, -0.017517030239105225], [-0.027572941035032272, -0.009037205018103123], [0.008823830634355545, -0.010946393944323063], [-0.005416577216237783, -0.007700616959482431]], [[0.010444441810250282, 0.0004917831975035369], [-0.005712570156902075, -0.0155367162078619], [-0.02482856810092926, -0.00812027882784605], [0.007987731136381626, -0.00994962640106678], [-0.004914218094199896, -0.0070147644728422165]], [[0.00942546222358942, 0.00037612253800034523], [-0.005412581376731396, -0.01375901885330677], [-0.022365111857652664, -0.007352262735366821], [0.0072388541884720325, -0.009065285325050354], [-0.004476118832826614, -0.006352794356644154]], [[0.008549639023840427, 0.0002530663041397929], [-0.005132429301738739, -0.012242614291608334], [-0.02003004401922226, -0.006678973324596882], [0.0065816426649689674, -0.008285737596452236], [-0.004079487174749374, -0.005765187554061413]], [[0.007777664344757795, 7.942797674331814e-05], [-0.004935859236866236, -0.010775929316878319], [-0.018033871427178383, -0.006087732966989279], [0.005995189771056175, -0.007592612877488136], [-0.0037327834870666265, -0.0052299704402685165]], [[0.007016910705715418, -8.27543408377096e-06], [-0.004620696883648634, -0.009619061835110188], [-0.016237489879131317, -0.005560250952839851], [0.005441960413008928, -0.006912088021636009], [-0.003326807403936982, -0.004821958020329475]], [[0.006381546147167683, -0.0001050961873261258], [-0.004463540390133858, -0.008450757712125778], [-0.014622882008552551, -0.005079807713627815], [0.004944654181599617, -0.00630874652415514], [-0.0029458198696374893, -0.004459600895643234]], [[0.005838935263454914, -0.00020882487297058105], [-0.004369060974568129, -0.007351558655500412], [-0.013175459578633308, -0.004629572853446007], [0.0044613550417125225, -0.0057860552333295345], [-0.0026199219282716513, -0.00413306662812829]], [[0.005330468527972698, -0.00026028798311017454], [-0.004263654816895723, -0.006333172786980867], [-0.011849304661154747, -0.004295943304896355], [0.003972136415541172, -0.0052708471193909645], [-0.0023032331373542547, -0.0038411379791796207]], [[0.004902395885437727, -0.000306366418953985], [-0.004159441217780113, -0.005484607070684433], [-0.010685380548238754, -0.0038856160826981068], [0.0035858589690178633, -0.0048734270967543125], [-0.0020294375717639923, -0.0035726323258131742]], [[0.0045311348512768745, -0.00036838967935182154], [-0.004067311994731426, -0.004662501625716686], [-0.009573672898113728, -0.0036039655096828938], [0.0032315936405211687, -0.0044747875072062016], [-0.0017658000579103827, -0.0033351206220686436]], [[0.00416729087010026, -0.0004145136917941272], [-0.004161113407462835, -0.0037468494847416878], [-0.008672038093209267, -0.003154053119942546], [0.0029396757017821074, -0.004128893371671438], [-0.0015285387635231018, -0.0031119633931666613]]],