{"final_eps": [[[0.142923966050148, 0.19923706352710724, 0.4037973880767822, 0.17681996524333954, 0.06861911714076996], [0.16641628742218018, 0.19944116473197937, 0.9418666362762451, 0.3040615916252136, 0.07966850697994232], [0.16372878849506378, 0.11636538803577423, 0.12052224576473236, 0.1571158766746521, 0.06404774636030197], [0.127481609582901, 0.2197854071855545, 0.9401009678840637, 0.6674404144287109, 0.07511894404888153], [0.1878160983324051, 0.09389836341142654, 0.5614697933197021, 0.15340152382850647, 0.10175080597400665], [0.15739697217941284, 0.18725809454917908, 0.4814017415046692, 0.6313416361808777, 0.09369608759880066], [0.18544770777225494, 0.11697603017091751, 0.16165459156036377, 0.5705450773239136, 0.08606661856174469], [0.15670835971832275, 0.14883378148078918, 0.5737621188163757, 0.3248789608478546, 0.0696355476975441], [0.15341496467590332, 0.16371405124664307, 0.6139084696769714, 0.3241484463214874, 0.07194393873214722], [0.12491361796855927, 0.2201312780380249, 0.34333300590515137, 0.5056582689285278, 0.0678471028804779]], [[0.13457468152046204, 0.20274020731449127], [0.1918226033449173, 0.20334506034851074], [0.2430061399936676, 0.0745585635304451], [0.04423801600933075, 0.25766971707344055], [0.41608327627182007, 0.0742684006690979], [0.15832871198654175, 0.189926877617836], [0.37804698944091797, 0.12750329077243805], [0.16325896978378296, 0.14364725351333618], [0.1560351848602295, 0.1631104052066803], [0.04699975624680519, 0.26038315892219543]]], "ep_logprobs": [[2.5414392948150635, 1.7162151336669922, 1.4981108903884888, 1.9529157876968384, 0.15399599075317383, 1.9010748863220215, 1.5527369976043701, 2.195131540298462, 2.7129080295562744, -1.7120227813720703], [-16.2103214263916, -16.996402740478516, -17.053590774536133, -15.071732521057129, -18.04469871520996, -16.75381851196289, -15.731705665588379, -16.51456069946289, -16.12120246887207, -20.197383880615234], [-27.313852310180664, -28.007680892944336, -27.826663970947266, -24.663230895996094, -28.67598533630371, -27.72823715209961, -25.915193557739258, -27.533039093017578, -27.247909545898438, -30.992706298828125], [-33.87736892700195, -34.47307205200195, -34.010009765625, -29.83979034423828, -34.864051818847656, -34.1731071472168, -31.827621459960938, -34.01571273803711, -33.82112121582031, -37.250999450683594], [-37.753910064697266, -38.25674819946289, -37.508766174316406, -32.48965835571289, -38.40774154663086, -37.94986343383789, -35.21915054321289, -37.83686828613281, -37.704200744628906, -40.83576583862305], [-40.042510986328125, -40.462310791015625, -39.4415397644043, -33.66941452026367, -40.44477844238281, -40.1596565246582, -37.13336944580078, -40.09092712402344, -39.99800109863281, -42.848026275634766], [-41.39301681518555, -41.744625091552734, -40.462547302246094, -33.991455078125, -41.58008575439453, -41.461883544921875, -38.18279266357422, -41.42025375366211, -41.352909088134766, -43.938392639160156], [-42.189449310302734, -42.484886169433594, -40.952274322509766, -33.81298065185547, -42.19700241088867, -42.22840118408203, -38.726200103759766, -42.20396041870117, -42.153160095214844, -44.49139404296875], [-42.658687591552734, -42.90770721435547, -41.133018493652344, -33.34089279174805, -42.50626754760742, -42.6790657043457, -38.97411346435547, -42.66571807861328, -42.625755310058594, -44.73426055908203], [-42.93476867675781, -43.14529800415039, -41.13543701171875, -32.690914154052734, -42.63850784301758, -42.94366455078125, -39.05057907104492, -42.9375114440918, -42.9047966003418, -44.801082611083984], [-43.09685134887695, -43.27537155151367, -41.03626251220703, -31.936243057250977, -42.66679000854492, -43.098731994628906, -39.02800750732422, -43.09720993041992, -43.06950759887695, -44.77052307128906], [-43.19169998168945, -43.34352111816406, -40.88066101074219, -31.1146183013916, -42.635650634765625, -43.18937301635742, -38.94953155517578, -43.19078063964844, -43.166690826416016, -44.68822479248047], [-43.24692153930664, -43.37641143798828, -40.695098876953125, -30.250171661376953, -42.57085418701172, -43.24215316772461, -38.83987808227539, -43.24535369873047, -43.223995208740234, -44.58028030395508], [-43.27881622314453, -43.38957977294922, -40.494773864746094, -29.35651397705078, -42.48762512207031, -43.27271270751953, -38.713809967041016, -43.276954650878906, -43.25774383544922, -44.46147155761719], [-43.2970085144043, -43.39202880859375, -40.288482666015625, -28.440208435058594, -42.394901275634766, -43.290252685546875, -38.579471588134766, -43.2950439453125, -43.2775993347168, -44.34020233154297], [-43.307167053222656, -43.388916015625, -40.08126449584961, -27.50729751586914, -42.29866027832031, -43.3001823425293, -38.441593170166016, -43.30520248413086, -43.289249420166016, -44.221282958984375], [-43.3126335144043, -43.38317108154297, -39.876285552978516, -26.56002426147461, -42.20232009887695, -43.3056755065918, -38.303245544433594, -43.310726165771484, -43.29606246948242, -44.107479095458984], [-43.31538772583008, -43.37642288208008, -39.675025939941406, -25.599098205566406, -42.109588623046875, -43.308597564697266, -38.165889739990234, -43.313560485839844, -43.30002212524414, -44.00037384033203], [-43.31657409667969, -43.369537353515625, -39.478782653808594, -24.625972747802734, -42.020538330078125, -43.310035705566406, -38.03046417236328, -43.31483840942383, -43.302303314208984, -43.90084457397461], [-43.3168830871582, -43.36297607421875, -39.288333892822266, -23.642921447753906, -41.93592071533203, -43.31063461303711, -37.89753723144531, -43.31523895263672, -43.3036003112793, -43.81163787841797]], "time": 30.390718648210168, "dp_mcmc_step_size": 0.001, "ep_mcmc_step_size": 0.001, "num_rounds": 20, "num_steps_per_round": 1, "num_chains": 10, "use_gradients": true, "use_stochasticity": false, "repair": true, "predict": true, "quench_rounds": 0, "tempering_schedule": [0.0, 0.40922248363494873, 0.6509819626808167, 0.7938079833984375, 0.8781864047050476, 0.9280352592468262, 0.9574848413467407, 0.9748830199241638, 0.9851614236831665, 0.9912337064743042, 0.9948210716247559, 0.9969404339790344, 0.9981924891471863, 0.9989321231842041, 0.9993691444396973, 0.9996272921562195, 0.9997798204421997, 0.9998699426651001, 0.9999231696128845, 0.9999545812606812]}