{"final_eps": [[[0.17129233479499817, 0.2363395392894745, 0.47537487745285034, 0.4111826717853546, 0.022085651755332947], [0.11976904422044754, 0.23950226604938507, 1.054739236831665, 0.7470231056213379, 0.06533028930425644], [0.09770840406417847, 0.2060454934835434, 0.40514764189720154, 0.957400381565094, 0.01651005633175373], [0.11325475573539734, 0.1453111171722412, 0.5969285368919373, 0.15143471956253052, -0.00792010873556137], [0.2166987657546997, 0.2234446108341217, 0.9210355877876282, 1.045945167541504, 0.18606144189834595], [0.1728133112192154, 0.24556991457939148, 0.8516871929168701, 0.5660997629165649, 0.12181681394577026], [0.15978296101093292, 0.20142294466495514, 0.2502545714378357, 0.13023719191551208, 0.10173051059246063], [0.165285125374794, 0.09133884310722351, 0.2961246371269226, 0.7679409980773926, 0.003192838281393051], [0.14190468192100525, 0.18034955859184265, 0.7690017223358154, 0.16983580589294434, 0.06858836859464645], [0.12914921343326569, 0.1347929686307907, 0.32781779766082764, 0.0819215402007103, 0.10520599782466888]], [[0.08733932673931122, 0.27477866411209106], [0.17227567732334137, 0.2833762466907501], [0.039606720209121704, 0.2902280390262604], [0.14484001696109772, -0.02669708803296089], [0.47579121589660645, -0.0022654980421066284], [-0.014882354065775871, 0.27651163935661316], [0.09757690131664276, 0.2419823259115219], [0.5865514278411865, 0.11129339039325714], [0.11177873611450195, 0.20314277708530426], [0.2498842477798462, -0.04346005246043205]]], "ep_logprobs": [[0.7913202047348022, 1.1473388671875, 2.566089630126953, 1.491438865661621, -0.841045618057251, 2.173055648803711, 1.643340826034546, 0.9286088943481445, 2.3154096603393555, 0.4898080825805664], [-18.0540714263916, -15.367111206054688, -16.267616271972656, -17.353954315185547, -6.837655067443848, -16.0810489654541, -17.997955322265625, -16.43490219116211, -16.529983520507812, -17.694814682006836], [-29.18750762939453, -23.080495834350586, -27.376880645751953, -28.330598831176758, -7.557624340057373, -27.212583541870117, -29.775129318237305, -26.61121368408203, -27.832359313964844, -30.274688720703125], [-35.764888763427734, -25.67164421081543, -34.821475982666016, -34.90797805786133, -10.466718673706055, -34.588436126708984, -34.8338623046875, -32.864410400390625, -34.40974044799805, -36.85206985473633], [-39.65066146850586, -28.375194549560547, -38.69179916381836, -38.79375076293945, -11.307607650756836, -38.51560974121094, -38.719635009765625, -33.139102935791016, -38.29551315307617, -40.642799377441406], [-41.946285247802734, -31.06696319580078, -40.806617736816406, -41.84316635131836, -12.446789741516113, -40.80928039550781, -39.930694580078125, -34.67219161987305, -40.602500915527344, -42.90314483642578], [-43.302486419677734, -30.050756454467773, -42.26203155517578, -45.003578186035156, -11.181485176086426, -41.70228576660156, -41.159759521484375, -35.64200210571289, -41.958702087402344, -44.21832275390625], [-44.103702545166016, -31.663434982299805, -42.26988983154297, -45.80479431152344, -10.026561737060547, -41.97446060180664, -41.69865798950195, -36.16461944580078, -42.759918212890625, -44.99095916748047], [-43.01268005371094, -30.818220138549805, -42.738834381103516, -46.278133392333984, -10.558977127075195, -41.9384880065918, -41.121463775634766, -36.68716049194336, -43.23325729370117, -45.40180587768555], [-43.761268615722656, -33.6644401550293, -43.34253692626953, -46.55777359008789, -12.61047649383545, -42.74346923828125, -43.60662841796875, -36.21026611328125, -43.51289749145508, -45.544410705566406], [-43.926475524902344, -26.972980499267578, -43.93214797973633, -46.72297668457031, -13.346769332885742, -42.86319351196289, -44.07063674926758, -36.234405517578125, -43.594970703125, -44.00064468383789], [-44.024070739746094, -24.212003707885742, -43.91834259033203, -46.55815887451172, -12.620307922363281, -43.12171173095703, -44.18984603881836, -36.432373046875, -43.692569732666016, -44.15504455566406], [-44.06267547607422, -24.693815231323242, -43.98440933227539, -46.61581802368164, -13.082651138305664, -42.35545349121094, -43.567413330078125, -36.71373748779297, -43.75022888183594, -43.674983978271484], [-44.418609619140625, -25.284252166748047, -44.49240493774414, -46.649879455566406, -13.260354995727539, -41.90876007080078, -43.60147476196289, -36.611244201660156, -43.7842903137207, -43.657615661621094], [-44.44050598144531, -23.871196746826172, -44.41571807861328, -46.670005798339844, -14.4566011428833, -41.947975158691406, -43.62160110473633, -35.193511962890625, -43.88026809692383, -43.28618621826172], [-44.452396392822266, -23.986291885375977, -44.728538513183594, -46.6818962097168, -14.241695404052734, -42.52626419067383, -43.610198974609375, -35.7490234375, -43.89215850830078, -43.27363204956055], [-44.45941925048828, -24.63788414001465, -45.05072021484375, -47.116634368896484, -15.215887069702148, -42.56871032714844, -43.617218017578125, -35.69973373413086, -43.8991813659668, -43.166481018066406], [-44.46356964111328, -25.508270263671875, -45.05487060546875, -47.120784759521484, -15.994304656982422, -43.13032150268555, -43.640785217285156, -35.769229888916016, -43.37702560424805, -44.077911376953125], [-44.46601867675781, -26.307750701904297, -44.859901428222656, -47.123233795166016, -14.850967407226562, -42.96572494506836, -43.64323806762695, -36.15497970581055, -43.37947463989258, -43.9090690612793], [-44.46746826171875, -27.220355987548828, -44.86134338378906, -47.12468338012695, -16.0810489654541, -44.21528244018555, -43.63937759399414, -38.32115173339844, -43.380924224853516, -43.54294967651367]], "time": 30.408567989245057, "dp_mcmc_step_size": 0.001, "ep_mcmc_step_size": 0.001, "num_rounds": 20, "num_steps_per_round": 1, "num_chains": 10, "use_gradients": false, "use_stochasticity": true, "repair": true, "predict": true, "quench_rounds": 0, "tempering_schedule": [0.0, 0.40922248363494873, 0.6509819626808167, 0.7938079833984375, 0.8781864047050476, 0.9280352592468262, 0.9574848413467407, 0.9748830199241638, 0.9851614236831665, 0.9912337064743042, 0.9948210716247559, 0.9969404339790344, 0.9981924891471863, 0.9989321231842041, 0.9993691444396973, 0.9996272921562195, 0.9997798204421997, 0.9998699426651001, 0.9999231696128845, 0.9999545812606812]}