{"trajs": {"trajectories": [[[-0.7520898580551147, -0.957805335521698], [-0.5273365378379822, -0.3427235782146454], [-0.29923391342163086, 0.058335740119218826]], [[-0.9381095170974731, -0.31660330295562744], [-0.3838697671890259, -1.2469781637191772], [1.1122369766235352, 0.8385652899742126]], [[-0.6142987608909607, -0.7275608777999878], [-0.25952163338661194, -0.1343737542629242], [0.3990350365638733, 0.14207175374031067]], [[-0.785233736038208, -0.46767571568489075], [0.9288560748100281, 0.22680367529392242], [-0.07470676302909851, -0.5738700032234192]], [[-0.7924298644065857, -0.15780343115329742], [0.24569058418273926, -0.486083447933197], [-0.03787118196487427, 0.3325693905353546]], [[-0.8480545282363892, -0.1616186946630478], [0.3942565619945526, 0.19298896193504333], [0.11365804076194763, -0.29808828234672546]], [[-0.9331468343734741, 0.4233669340610504], [0.6665607690811157, -0.6748279333114624], [0.8008889555931091, 0.4166267514228821]], [[-0.5116549134254456, 0.6375293731689453], [-0.24117159843444824, -0.2151017189025879], [0.6878901720046997, 0.8633496761322021]], [[-0.6004654765129089, 0.9317875504493713], [0.9979020357131958, -0.6531579494476318], [-0.03724069148302078, 0.05707307159900665]], [[-0.9203609228134155, 0.47860318422317505], [-0.34906965494155884, -0.133017897605896], [0.4344725012779236, -0.3348383605480194]]]}, "best_eps_idx": 0, "time": 284.21862020064145, "n": 10, "T": 3, "width": 3.2, "height": 3.0, "R": 0.5, "max_wind_thrust": 0.5, "duration": 30.0, "dp_mcmc_step_size": 0.001, "ep_mcmc_step_size": 0.001, "num_rounds": 50, "num_mcmc_steps_per_round": 5, "num_chains": 5, "use_gradients": false, "use_stochasticity": true, "repair": true, "predict": true, "quench_rounds": 0, "tempering_schedule": null}