{"eps": {"drone_state": [[-9.929964065551758, 0.20146816968917847, 1.00701105594635, 0.07536808401346207], [-9.945308685302734, -0.0016221508849412203, 1.0564982891082764, 0.03103727661073208], [-9.8433837890625, 0.00025017932057380676, 0.9719035625457764, 0.10078509151935577], [-9.948601722717285, -0.09032328426837921, 1.0704666376113892, -0.04359379783272743], [-10.171883583068848, -0.03582066297531128, 0.9573519229888916, 0.17676079273223877]], "tree_locations": [[[-1.1452198028564453, 2.526865005493164], [-3.4890060424804688, -3.0794143676757812], [-6.557301998138428, 3.748737335205078], [-2.9533724784851074, -1.7232435941696167], [-2.229374647140503, 2.3809096813201904]], [[-1.720349669456482, 1.0932475328445435], [-6.183688163757324, -3.0697762966156006], [-4.129507064819336, 0.18355077505111694], [-7.76543664932251, -3.8400185108184814], [-3.199909210205078, -0.14246946573257446]], [[-2.1603071689605713, 1.0271795988082886], [-4.225335597991943, 2.032310962677002], [-3.667198657989502, 3.7723255157470703], [-6.623958587646484, 0.3241105377674103], [-1.3337303400039673, -3.273171901702881]], [[-2.075327157974243, -0.7517371773719788], [-2.3231201171875, -2.3370959758758545], [-5.753890037536621, -3.786993980407715], [-3.3965442180633545, 0.19176876544952393], [-4.1140265464782715, 0.4523513913154602]], [[-2.0119504928588867, 3.9934375286102295], [-5.696804523468018, 0.12158482521772385], [-6.547942638397217, -3.8969309329986572], [-4.149772644042969, -2.093458652496338], [-2.9579410552978516, 2.1233363151550293]]], "tree_velocities": [[[-0.026098214089870453, -0.0033659031614661217], [-0.3393039405345917, 0.013204474002122879], [-0.09437458217144012, 0.059102270752191544], [-0.08020449429750443, 0.2408386915922165], [0.23159193992614746, 0.13534890115261078]], [[0.05824161320924759, 0.06696669012308121], [-0.01976359635591507, -0.26110392808914185], [0.16801203787326813, 0.21268537640571594], [0.023949258029460907, 0.01959405094385147], [0.17521695792675018, 0.04605251923203468]], [[-0.005638681352138519, -0.11757531762123108], [-0.135806143283844, -0.27576103806495667], [-0.3559330403804779, -0.07903993129730225], [0.022088967263698578, -0.04392369091510773], [-0.08295760303735733, -0.04451076686382294]], [[0.11337123811244965, 0.21503573656082153], [0.2971292734146118, 0.2682298421859741], [-0.1076902225613594, 0.06523622572422028], [-0.06847962737083435, -0.11187902092933655], [0.029180975630879402, -0.08361079543828964]], [[-0.01477794349193573, 0.20759595930576324], [-0.2111138105392456, 0.017979610711336136], [0.027707159519195557, -0.15670408308506012], [0.012854386121034622, 0.10605363547801971], [0.15085719525814056, -0.02478216588497162]]], "wind_speed": [[-0.06626217812299728, 0.034549202769994736], [-0.05793160945177078, 0.06608199328184128], [0.10208062827587128, -0.010642752051353455], [-0.20132344961166382, -0.1792372763156891], [0.0027970951050519943, -0.22180640697479248]]}, "eps_trace": {"drone_state": [[[-9.91215705871582, -0.09569377452135086, 0.9783105254173279, 0.08019839972257614], [-10.016977310180664, -0.1356874704360962, 0.9277970194816589, 0.016998955979943275], [-9.777104377746582, 0.018012691289186478, 1.0073124170303345, -0.10714919120073318], [-10.112920761108398, -0.019818834960460663, 1.1379656791687012, -0.01530268881469965], [-10.143927574157715, -0.07470610737800598, 0.9874998331069946, 0.03223534673452377]], [[-9.945883750915527, 0.00589030422270298, 1.030959963798523, 0.012860819697380066], [-10.012218475341797, -0.09006620943546295, 1.0069470405578613, -0.03177157789468765], [-9.805088996887207, -0.025705505162477493, 1.0024309158325195, -0.0843389481306076], [-10.013319969177246, -0.0920034870505333, 1.100201964378357, -0.02933349832892418], [-10.141057968139648, -0.05079130828380585, 0.9488840699195862, 0.07002758979797363]], [[-9.856976509094238, 0.11435607820749283, 1.0266273021697998, 0.11360932886600494], [-9.954333305358887, -0.07386358082294464, 1.002492070198059, -0.06221979483962059], [-9.715855598449707, 0.009412871673703194, 1.0120912790298462, 0.005397414788603783], [-9.93558120727539, -0.1031670868396759, 1.106586217880249, -0.023098263889551163], [-10.159576416015625, -0.06753095239400864, 1.014708399772644, 0.1371784806251526]], [[-9.856976509094238, 0.11435607820749283, 1.0266273021697998, 0.11360932886600494], [-9.970619201660156, -0.050339408218860626, 0.9755890965461731, -0.035557009279727936], [-9.789003372192383, 0.07257352769374847, 0.964226484298706, 0.10628913342952728], [-9.948601722717285, -0.09032328426837921, 1.0704666376113892, -0.04359379783272743], [-10.159576416015625, -0.06753095239400864, 1.014708399772644, 0.1371784806251526]], [[-9.929964065551758, 0.20146816968917847, 1.00701105594635, 0.07536808401346207], [-9.945308685302734, -0.0016221508849412203, 1.0564982891082764, 0.03103727661073208], [-9.8433837890625, 0.00025017932057380676, 0.9719035625457764, 0.10078509151935577], [-9.948601722717285, -0.09032328426837921, 1.0704666376113892, -0.04359379783272743], [-10.171883583068848, -0.03582066297531128, 0.9573519229888916, 0.17676079273223877]]],