{"eps": {"object_position": [[0.04496321827173233, 0.12083026021718979], [-0.006796971429139376, 0.03559885546565056], [-0.017146052792668343, -0.1666596382856369], [0.06473585963249207, -0.1235521137714386], [0.03895973786711693, -0.04802894964814186]], "object_rotation": [2.174762725830078, 1.71427583694458, 0.13007043302059174, 1.2038216590881348, 1.8281689882278442], "distractor_position": [-0.23602357506752014, 0.664488673210144, -1.0935845375061035, 0.10644188523292542, -1.3553757667541504]}, "eps_trace": {"object_position": [[[0.0455479696393013, 0.13059209287166595], [-0.0068568880669772625, 0.037426408380270004], [-0.018857989460229874, -0.17405302822589874], [0.07455708086490631, -0.13397471606731415], [0.04342711344361305, -0.04896225780248642]], [[0.04546302184462547, 0.13064514100551605], [-0.006893421057611704, 0.03739628940820694], [-0.01839769259095192, -0.17379939556121826], [0.07425334304571152, -0.13391992449760437], [0.04332175850868225, -0.048932697623968124]], [[0.045471128076314926, 0.13064126670360565], [-0.006868218537420034, 0.03744877502322197], [-0.018594499677419662, -0.17368832230567932], [0.07432528585195541, -0.13379165530204773], [0.04331279173493385, -0.04895219951868057]], [[0.04546436294913292, 0.1306399255990982], [-0.0070286463014781475, 0.037220876663923264], [-0.0186372771859169, -0.17259357869625092], [0.07447902113199234, -0.13351602852344513], [0.04331252723932266, -0.04896431788802147]], [[0.04591578245162964, 0.12729908525943756], [-0.007262625265866518, 0.0371306836605072], [-0.0185980424284935, -0.17252258956432343], [0.074573814868927, -0.13349218666553497], [0.043224696069955826, -0.0488830991089344]], [[0.045712053775787354, 0.12693770229816437], [-0.007209345232695341, 0.036743249744176865], [-0.0182720385491848, -0.17231057584285736], [0.07438946515321732, -0.1333511918783188], [0.04322421923279762, -0.04888640344142914]], [[0.04507419839501381, 0.12598048150539398], [-0.006494077853858471, 0.037575021386146545], [-0.01827574148774147, -0.17217132449150085], [0.07401153445243835, -0.1314413845539093], [0.04307534545660019, -0.04894481226801872]], [[0.04426060989499092, 0.12600436806678772], [-0.0064942198805511, 0.03757428750395775], [-0.018265241757035255, -0.17214204370975494], [0.07399751991033554, -0.13144747912883759], [0.04317586496472359, -0.04882758483290672]], [[0.0461299903690815, 0.1247151792049408], [-0.006498862523585558, 0.03758116811513901], [-0.01797601394355297, -0.17163938283920288], [0.0736754760146141, -0.13008210062980652], [0.042666081339120865, -0.048796504735946655]], [[0.046063393354415894, 0.12466169893741608], [-0.006493301130831242, 0.036798615008592606], [-0.016391927376389503, -0.17108012735843658], [0.07313752174377441, -0.12814417481422424], [0.041585661470890045, -0.04869066923856735]], [[0.04606364294886589, 0.12466101348400116], [-0.006532734725624323, 0.03686106950044632], [-0.01650448516011238, -0.17103417217731476], [0.07316144555807114, -0.1281404346227646], [0.041430599987506866, -0.04885947331786156]], [[0.04523971304297447, 0.12422925233840942], [-0.006644575856626034, 0.03701099380850792], [-0.016268467530608177, -0.17095120251178741], [0.07316774129867554, -0.12763820588588715], [0.04142526537179947, -0.04885347932577133]], [[0.04514414444565773, 0.12414401024580002], [-0.006214282941073179, 0.03702233359217644], [-0.016851844266057014, -0.17069131135940552], [0.07269968092441559, -0.12718652188777924], [0.04139450937509537, -0.048922598361968994]], [[0.04513842985033989, 0.12414485216140747], [-0.006541538052260876, 0.036883462220430374], [-0.01683233678340912, -0.17066599428653717], [0.07272469252347946, -0.12717722356319427], [0.041474804282188416, -0.04860551655292511]], [[0.04531082138419151, 0.1240101158618927], [-0.006443344987928867, 0.0368979386985302], [-0.017120713368058205, -0.1700015515089035], [0.07272861897945404, -0.1271551251411438], [0.04123460128903389, -0.047650132328271866]], [[0.044971633702516556, 0.12370776385068893], [-0.006453397683799267, 0.036953531205654144], [-0.017155373468995094, -0.16996194422245026], [0.07229509949684143, -0.12672239542007446], [0.0411662831902504, -0.04755843058228493]], [[0.04516301304101944, 0.12329339236021042], [-0.006333430763334036, 0.03697478026151657], [-0.01673327572643757, -0.16878916323184967], [0.0713610127568245, -0.12640513479709625], [0.04120326414704323, -0.04762665927410126]], [[0.045178890228271484, 0.12277647107839584], [-0.007403027266263962, 0.03527219220995903], [-0.016705932095646858, -0.1687883585691452], [0.06735643744468689, -0.12451386451721191], [0.04126569256186485, -0.047576263546943665]], [[0.045008543878793716, 0.12272237241268158], [-0.007296949625015259, 0.035255495458841324], [-0.01702369563281536, -0.16883717477321625], [0.06634297221899033, -0.12439582496881485], [0.04064110293984413, -0.04781850799918175]], [[0.04509131982922554, 0.12266577035188675], [-0.007084194105118513, 0.03577296435832977], [-0.017098257318139076, -0.1687832474708557], [0.06619341671466827, -0.12413414567708969], [0.04060183838009834, -0.047868017107248306]], [[0.045303840190172195, 0.12143471837043762], [-0.007083618547767401, 0.035790570080280304], [-0.01711617037653923, -0.16878938674926758], [0.06463652849197388, -0.12372655421495438], [0.04050169512629509, -0.0478624552488327]], [[0.04501426964998245, 0.12129022181034088], [-0.0072457012720406055, 0.03580711781978607], [-0.017264889553189278, -0.16758538782596588], [0.06470414996147156, -0.1236872524023056], [0.04042688012123108, -0.04784708470106125]], [[0.04485847055912018, 0.12120764702558517], [-0.00744825741276145, 0.03578130155801773], [-0.016904305666685104, -0.1668170690536499], [0.06489449739456177, -0.12359354645013809], [0.04040733352303505, -0.04777459427714348]], [[0.04489581286907196, 0.12117119133472443], [-0.00745583139359951, 0.03577728196978569], [-0.017141131684184074, -0.16667214035987854], [0.06489375233650208, -0.12359413504600525], [0.04041563346982002, -0.047759804874658585]], [[0.04496321827173233, 0.12083026021718979], [-0.006796971429139376, 0.03559885546565056], [-0.017146052792668343, -0.1666596382856369], [0.06473585963249207, -0.1235521137714386], [0.03895973786711693, -0.04802894964814186]]],