{"initial_states": {"ego_state": [[-100.4129867553711, -2.7960872650146484, 1.8175429431721568e-05, 9.924753189086914], [-100.0165786743164, -3.9063570499420166, 0.00023541701375506818, 9.766876220703125], [-100.73141479492188, -3.0008506774902344, -0.0007256356766447425, 9.701906204223633], [-100.67607116699219, -2.588984489440918, 0.0014200459700077772, 9.496846199035645], [-100.32695007324219, -2.162158727645874, 0.0012792365159839392, 9.980533599853516], [-99.70611572265625, -3.0833168029785156, -2.054439391940832e-06, 10.375398635864258], [-100.3513412475586, -3.0929982662200928, -0.0012490225490182638, 10.630858421325684], [-99.9810562133789, -3.0973598957061768, 0.0013028847752138972, 9.707376480102539], [-100.11314392089844, -3.161313056945801, 0.0012851848732680082, 9.224762916564941], [-100.0590591430664, -2.6940701007843018, -0.0010852547129616141, 10.357930183410645]], "non_ego_states": [[[-90.30320739746094, -2.982551336288452, -0.00020765142107848078, 6.574418067932129], [-70.10262298583984, 3.410818338394165, 9.33170576900011e-06, 7.638335227966309]], [[-89.9792709350586, -2.7175509929656982, -0.00013005721848458052, 6.890150547027588], [-69.92579650878906, 2.653106212615967, -0.0009010827634483576, 9.092769622802734]], [[-90.05513763427734, -3.7100698947906494, -0.0009677109192125499, 7.595300197601318], [-69.88288116455078, 2.1456310749053955, -0.0002837271895259619, 8.612687110900879]], [[-90.1222915649414, -2.035256862640381, 0.0008100338745862246, 5.9670023918151855], [-70.26111602783203, 2.9962310791015625, -0.0003281983081251383, 9.014397621154785]], [[-89.6549072265625, -3.3789315223693848, 0.0006726889405399561, 7.652479648590088], [-70.30464172363281, 3.0594377517700195, -0.0003279403317719698, 8.389581680297852]], [[-89.27263641357422, -2.0911903381347656, -8.17423133412376e-05, 6.783720016479492], [-70.59765625, 2.6657614707946777, 0.0004827985540032387, 8.246026039123535]], [[-90.28942108154297, -3.4542202949523926, 4.799390444532037e-05, 7.883930206298828], [-69.90113067626953, 2.3909432888031006, 0.0002444060519337654, 8.2969331741333]], [[-90.4885025024414, -3.1215689182281494, 0.000324734253808856, 6.885879039764404], [-69.55065155029297, 1.8161453008651733, -0.0014650612138211727, 8.221667289733887]], [[-89.75314331054688, -3.039677381515503, 0.0007785522029735148, 7.115052223205566], [-69.91990661621094, 3.358318567276001, 0.0006971971597522497, 8.553363800048828]], [[-90.18778991699219, -2.8493497371673584, -0.00034668896114453673, 7.9564008712768555], [-70.3873519897461, 2.5326027870178223, 0.0013226914452388883, 8.352338790893555]]], "shading_light_direction": [[-0.25969165563583374, -0.9894915223121643, 1.4361207485198975], [-0.31635621190071106, -0.5829168558120728, 0.8256893157958984], [-0.17542153596878052, -0.5336160659790039, 1.2311066389083862], [-0.20869073271751404, -1.012177586555481, 0.6441696882247925], [-0.04309617355465889, -0.49012961983680725, 0.42015132308006287], [0.04314150661230087, -0.5228933095932007, 0.6560522317886353], [-0.4213804602622986, 0.02912323921918869, 0.8285787105560303], [-0.2765503227710724, -0.645196259021759, 0.8435883522033691], [-0.08743342757225037, -0.33754661679267883, 0.559882640838623], [-0.10184978693723679, -0.4977496862411499, 1.2039072513580322]], "non_ego_colors": [[[0.03743361309170723, 0.4807521104812622, 0.0688844695687294], [0.4803476333618164, 0.5359275341033936, 0.06258034706115723]], [[0.08231215924024582, 0.8586462736129761, 0.8637699484825134], [0.701397716999054, 0.79979008436203, 0.9116235971450806]], [[0.013952679000794888, 0.6552806496620178, 0.4088892340660095], [0.8045735359191895, 0.07264397293329239, 0.8900437951087952]], [[0.6852640509605408, 0.5177134871482849, 0.34098976850509644], [0.29013335704803467, -0.010696802288293839, 0.9058915376663208]], [[0.3318920135498047, 0.9883893728256226, 0.19495420157909393], [0.9433064460754395, 0.9536545276641846, 0.9605258703231812]], [[0.7256121635437012, 0.22415301203727722, 0.121726855635643], [0.7683799266815186, 0.8600804209709167, 0.5651413798332214]], [[0.04331589117646217, 0.052152663469314575, 0.25562649965286255], [0.37636837363243103, 0.14850947260856628, 0.9110031127929688]], [[0.45079201459884644, 0.06241649016737938, 0.8117530345916748], [0.3131651282310486, 0.0480366088449955, 0.2553640902042389]], [[0.1808566451072693, 0.6319512724876404, 0.33174875378608704], [0.6153596639633179, 0.3525065779685974, 0.27297118306159973]], [[0.4527493119239807, 0.7127501368522644, 0.7578975558280945], [0.46317213773727417, 0.9713156819343567, 0.6572582125663757]]]}, "time": 4236.275430623442, "L": 0.1, "dp_mcmc_step_size": 1e-05, "ep_mcmc_step_size": 1e-06, "num_rounds": 30, "num_mcmc_steps_per_round": 10, "num_chains": 10, "use_gradients": true, "use_stochasticity": true, "repair": false, "predict": true, "quench_rounds": 0, "tempering_schedule": null}