{"eps": {"object_position": [[-0.04618985205888748, 0.039445918053388596], [-0.0001208060493809171, 0.0007096697227098048], [0.09764660149812698, 0.08893459290266037], [-0.06084625795483589, 0.08237624913454056], [0.01870175078511238, 0.006996467709541321], [-0.03537603095173836, 0.0004895578604191542], [0.2345537543296814, 0.015747277066111565], [0.0027766309212893248, -0.10145633667707443], [-0.033197350800037384, -0.06835205852985382], [-0.1351190209388733, 0.10485435277223587]], "object_rotation": [1.7805145978927612, 2.9745988845825195, 2.1725499629974365, 0.9628031253814697, 2.282787561416626, 2.042748212814331, 2.390042304992676, 0.5811688303947449, 1.7474666833877563, 1.2650972604751587], "distractor_position": [-0.4008406400680542, 0.01263347826898098, -1.5442631244659424, -0.8577924966812134, -0.18867291510105133, 0.16932730376720428, 0.09937994182109833, -0.4929465651512146, -0.8099859356880188, -0.7924046516418457]}, "eps_trace": {"object_position": [[[-0.11897039413452148, 0.04093577340245247], [-0.003999626263976097, 0.01974680833518505], [0.1549040675163269, 0.09756392240524292], [0.01868385821580887, 0.06310638040304184], [0.09041914343833923, 0.04750246927142143], [-0.10266344249248505, 0.04036081209778786], [0.3239164650440216, 0.021917495876550674], [-0.0202310960739851, -0.17596381902694702], [-0.008313644677400589, -0.09863920509815216], [-0.14107593894004822, 0.16785188019275665]], [[-0.10933423042297363, 0.04319854825735092], [-0.002942109014838934, 0.014602611772716045], [0.14692533016204834, 0.0916903093457222], [0.011694993823766708, 0.06973010301589966], [0.08244164288043976, 0.04174618422985077], [-0.09427660703659058, 0.04405062273144722], [0.3139745593070984, 0.021250903606414795], [-0.016256334260106087, -0.16690339148044586], [-0.015378961339592934, -0.10544642060995102], [-0.1370982527732849, 0.15869799256324768]], [[-0.09943542629480362, 0.04233016446232796], [-0.0021135173738002777, 0.010536747984588146], [0.1395277976989746, 0.08567041158676147], [0.0018667513504624367, 0.0697145015001297], [0.07402035593986511, 0.036425553262233734], [-0.08810505270957947, 0.036558665335178375], [0.304035484790802, 0.020578714087605476], [-0.011233295314013958, -0.15871024131774902], [-0.01100602000951767, -0.114314965903759], [-0.13294893503189087, 0.14963656663894653]], [[-0.08996018767356873, 0.039864715188741684], [-0.0014861607924103737, 0.00744864996522665], [0.13603030145168304, 0.07642414420843124], [-0.007265339605510235, 0.06714510172605515], [0.06780435889959335, 0.029168494045734406], [-0.08058136701583862, 0.030602741986513138], [0.29409992694854736, 0.019879333674907684], [-0.008416570723056793, -0.1493506133556366], [-0.011644390411674976, -0.10464146733283997], [-0.13093224167823792, 0.1398831307888031]], [[-0.08323971927165985, 0.03363022208213806], [-0.0010266797617077827, 0.005185737274587154], [0.13233761489391327, 0.08571701496839523], [-0.01659657247364521, 0.07055340707302094], [0.059461500495672226, 0.025149134919047356], [-0.07443730533123016, 0.023188000544905663], [0.2841671109199524, 0.019188081845641136], [-0.010351425036787987, -0.14723455905914307], [-0.015937745571136475, -0.11366473883390427], [-0.12730418145656586, 0.13108399510383606]], [[-0.0761769711971283, 0.039561908692121506], [-0.0007052959990687668, 0.003585816826671362], [0.12786273658275604, 0.0946485623717308], [-0.026210356503725052, 0.07140392065048218], [0.05078805238008499, 0.021410157904028893], [-0.06833744794130325, 0.016573749482631683], [0.2742370665073395, 0.01849653758108616], [-0.008513016626238823, -0.13803885877132416], [-0.017136067152023315, -0.10403049737215042], [-0.12380140274763107, 0.12175530940294266]], [[-0.06669206917285919, 0.03680120036005974], [-0.00047118356451392174, 0.002446237253025174], [0.1206505075097084, 0.08789046108722687], [-0.03280973806977272, 0.07879863679409027], [0.04271914064884186, 0.0179096981883049], [-0.0604088120162487, 0.010804815217852592], [0.2643103301525116, 0.017809120938181877], [-0.005047572311013937, -0.1287733018398285], [-0.01944010891020298, -0.09457515180110931], [-0.12487483024597168, 0.11211435496807098]], [[-0.057216934859752655, 0.03434581309556961], [-0.0003116268489975482, 0.0016546520637348294], [0.11235815286636353, 0.09193363040685654], [-0.042048417031764984, 0.07646238058805466], [0.034176234155893326, 0.014017172157764435], [-0.053552642464637756, 0.0037698885425925255], [0.2543870806694031, 0.017124034464359283], [-0.0016141622327268124, -0.12043876200914383], [-0.024719100445508957, -0.08620598912239075], [-0.125642329454422, 0.10223088413476944]], [[-0.0476490780711174, 0.034259796142578125], [-0.00019733019871637225, 0.0011129353661090136], [0.10523512214422226, 0.08510246872901917], [-0.05127652361989021, 0.07962265610694885], [0.026222506538033485, 0.010530199855566025], [-0.044446349143981934, 0.0005401396192610264], [0.24446798861026764, 0.0164386797696352], [0.0009899577125906944, -0.11122588813304901], [-0.028919870033860207, -0.07719124108552933], [-0.12801925837993622, 0.11103417724370956]], [[-0.04618985205888748, 0.039445918053388596], [-0.0001208060493809171, 0.0007096697227098048], [0.09764660149812698, 0.08893459290266037], [-0.06084625795483589, 0.08237624913454056], [0.01870175078511238, 0.006996467709541321], [-0.03537603095173836, 0.0004895578604191542], [0.2345537543296814, 0.015747277066111565], [0.0027766309212893248, -0.10145633667707443], [-0.033197350800037384, -0.06835205852985382], [-0.1351190209388733, 0.10485435277223587]]], "object_rotation": [[1.8003491163253784, 3.0378215312957764, 2.1803269386291504, 0.9751403331756592, 2.2986652851104736, 2.0256059169769287, 2.3941538333892822, 0.5841619968414307, 1.754102110862732, 1.279366135597229], [1.7989399433135986, 3.0316901206970215, 2.1803536415100098, 0.9726694822311401, 2.2979471683502197, 2.029526948928833, 2.393758535385132, 0.5838792324066162, 1.7558841705322266, 1.2793965339660645], [1.7978909015655518, 3.0251145362854004, 2.1787660121917725, 0.9714311957359314, 2.297185182571411, 2.0306477546691895, 2.393343925476074, 0.5837722420692444, 1.7570915222167969, 1.2793779373168945], [1.7962779998779297, 3.01823353767395, 2.1788880825042725, 0.9688515663146973, 2.2962465286254883, 2.031641721725464, 2.3929226398468018, 0.5830107927322388, 1.7547727823257446, 1.2787470817565918], [1.793358325958252, 3.011155605316162, 2.178870677947998, 0.9696242213249207, 2.2948691844940186, 2.0334010124206543, 2.392486572265625, 0.5821961760520935, 1.7550837993621826, 1.2759720087051392], [1.7914832830429077, 3.003955364227295, 2.1785171031951904, 0.9676232933998108, 2.293186902999878, 2.034893035888672, 2.3920352458953857, 0.5822272300720215, 1.7527827024459839, 1.2752915620803833], [1.789944052696228, 2.996680736541748, 2.1779966354370117, 0.9665592312812805, 2.2913293838500977, 2.035850763320923, 2.3915646076202393, 0.5820764303207397, 1.7509044408798218, 1.2730156183242798], [1.7879083156585693, 2.9893550872802734, 2.1748874187469482, 0.9643696546554565, 2.2890243530273438, 2.0374748706817627, 2.391075611114502, 0.581538736820221, 1.7496049404144287, 1.2718626260757446], [1.7850342988967896, 2.9819929599761963, 2.1758759021759033, 0.9624778032302856, 2.2863118648529053, 2.0397067070007324, 2.390568256378174, 0.5813488960266113, 1.7486748695373535, 1.2678065299987793], [1.7805145978927612, 2.9745988845825195, 2.1725499629974365, 0.9628031253814697, 2.282787561416626, 2.042748212814331, 2.390042304992676, 0.5811688303947449, 1.7474666833877563, 1.2650972604751587]],