{"eps": {"object_position": [[-0.0883442759513855, -0.03321870043873787], [-0.13347052037715912, -0.016474753618240356], [0.03598856180906296, 0.00910099782049656], [0.026973752304911613, 0.15965111553668976], [0.028178732842206955, -0.003045869991183281], [0.01167973130941391, 0.008746720850467682], [0.05425190180540085, 0.02275443822145462], [-0.02635410986840725, 0.03054172359406948], [0.10953067988157272, -0.058383118361234665], [0.044439613819122314, 0.005797065794467926]], "object_rotation": [0.7258111238479614, 1.6277738809585571, 2.2881243228912354, 2.267119884490967, 0.6635037660598755, 0.6452574729919434, 0.025118041783571243, 3.1814277172088623, 2.0557925701141357, 2.216421127319336], "distractor_position": [-1.308585524559021, -1.7635406255722046, 0.365295946598053, 0.21887046098709106, -0.44233018159866333, -0.06956135481595993, -0.44446632266044617, -1.1735410690307617, -1.1546157598495483, -0.24246731400489807]}, "eps_trace": {"object_position": [[[-0.083282969892025, -0.0902862623333931], [-0.14944663643836975, -0.0064431456848979], [0.07215474545955658, 0.0869441032409668], [0.035335835069417953, 0.2487071454524994], [0.08345489948987961, -0.04853217303752899], [0.06885122507810593, 0.053049422800540924], [0.06408320367336273, 0.05851982161402702], [0.02593104913830757, 0.07974512130022049], [0.1755770444869995, -0.07990055531263351], [0.0016244761645793915, 0.05630261451005936]], [[-0.07365819811820984, -0.09115646034479141], [-0.14658354222774506, -0.013278624042868614], [0.0672699362039566, 0.07849068194627762], [0.03418898209929466, 0.23882225155830383], [0.0844700038433075, -0.039839521050453186], [0.06120075285434723, 0.04717584326863289], [0.06256578862667084, 0.05149129778146744], [0.017262490466237068, 0.07801979780197144], [0.1714748591184616, -0.073710598051548], [0.009954550303518772, 0.05107865482568741]], [[-0.07388050854206085, -0.08141906559467316], [-0.14296789467334747, -0.004146209917962551], [0.061755046248435974, 0.07020188868045807], [0.03323068842291832, 0.22894635796546936], [0.07781774550676346, -0.03241249918937683], [0.05361641198396683, 0.04136841744184494], [0.06270705163478851, 0.052774906158447266], [0.008667434565722942, 0.0753108412027359], [0.16414512693881989, -0.07671418786048889], [0.017433874309062958, 0.05500151216983795]], [[-0.07515024393796921, -0.07151775062084198], [-0.1370798796415329, -0.003966748248785734], [0.056856948882341385, 0.061493780463933945], [0.031245684251189232, 0.2192094922065735], [0.07381487637758255, -0.02326284721493721], [0.046129073947668076, 0.03566310554742813], [0.057069454342126846, 0.050128813832998276], [0.0032637082040309906, 0.06815566122531891], [0.1564018577337265, -0.0706058144569397], [0.022628074511885643, 0.04764232039451599]], [[-0.07476744800806046, -0.06169593334197998], [-0.1310328096151352, -0.010437699034810066], [0.052915867418050766, 0.05355032905936241], [0.030231419950723648, 0.2092958688735962], [0.06634611636400223, -0.029594117775559425], [0.03868992626667023, 0.030273577198386192], [0.06206509470939636, 0.050147444009780884], [-0.0039988053031265736, 0.06322057545185089], [0.14723297953605652, -0.07030822336673737], [0.027142439037561417, 0.03873273730278015]], [[-0.07139307260513306, -0.052282944321632385], [-0.13484874367713928, -0.017395000904798508], [0.05043847858905792, 0.0439801961183548], [0.028695033863186836, 0.19944508373737335], [0.05742301046848297, -0.025585006922483444], [0.03145136684179306, 0.025019444525241852], [0.06557343155145645, 0.04655031859874725], [-0.010625028982758522, 0.057010576128959656], [0.13831499218940735, -0.06596703082323074], [0.02990373782813549, 0.031700652092695236]], [[-0.0727260485291481, -0.042490363121032715], [-0.13408392667770386, -0.007488713599741459], [0.046014104038476944, 0.03502733260393143], [0.02829997055232525, 0.18948979675769806], [0.04892006516456604, -0.020667240023612976], [0.02490929141640663, 0.019541073590517044], [0.06822008639574051, 0.037035949528217316], [-0.019189566373825073, 0.053666047751903534], [0.12879517674446106, -0.06455451250076294], [0.02999149076640606, 0.02182444930076599]], [[-0.07922739535570145, -0.03765472024679184], [-0.131612166762352, -0.016055811196565628], [0.04292657971382141, 0.025799980387091637], [0.027535436674952507, 0.1795445680618286], [0.03909200429916382, -0.019175099208950996], [0.01918848417699337, 0.014303863048553467], [0.05971307307481766, 0.040790680795907974], [-0.022635778412222862, 0.044694945216178894], [0.12101888656616211, -0.05856262892484665], [0.03406722843647003, 0.014023362658917904]], [[-0.0857895091176033, -0.038964126259088516], [-0.1342073231935501, -0.007171758450567722], [0.03952911123633385, 0.017012447118759155], [0.02739313617348671, 0.16960221529006958], [0.03389305621385574, -0.010946005582809448], [0.015734780579805374, 0.010376320220530033], [0.06000475212931633, 0.030807338654994965], [-0.020311031490564346, 0.03546340763568878], [0.11546071618795395, -0.05035119876265526], [0.035949692130088806, 0.009115450084209442]], [[-0.0883442759513855, -0.03321870043873787], [-0.13347052037715912, -0.016474753618240356], [0.03598856180906296, 0.00910099782049656], [0.026973752304911613, 0.15965111553668976], [0.028178732842206955, -0.003045869991183281], [0.01167973130941391, 0.008746720850467682], [0.05425190180540085, 0.02275443822145462], [-0.02635410986840725, 0.03054172359406948], [0.10953067988157272, -0.058383118361234665], [0.044439613819122314, 0.005797065794467926]]], "object_rotation": [[0.707984447479248, 1.6074323654174805, 2.284059524536133, 2.2647438049316406, 0.656527042388916, 0.6194120049476624, 0.02012719213962555, 3.2161786556243896, 2.0442912578582764, 2.2155582904815674], [0.7072324752807617, 1.6133092641830444, 2.2847394943237305, 2.264575719833374, 0.6529316902160645, 0.6209595203399658, 0.020742731168866158, 3.2118897438049316, 2.0503687858581543, 2.216109037399292], [0.7079735398292542, 1.6132383346557617, 2.2844176292419434, 2.2644710540771484, 0.6531382203102112, 0.6227045059204102, 0.02120492048561573, 3.2078237533569336, 2.0561389923095703, 2.217867851257324], [0.707709014415741, 1.6173070669174194, 2.284020185470581, 2.2639918327331543, 0.6527263522148132, 0.6246435046195984, 0.021397776901721954, 3.2036566734313965, 2.054931163787842, 2.218583345413208], [0.7077624797821045, 1.6199668645858765, 2.2855308055877686, 2.264146566390991, 0.6547203063964844, 0.6270743012428284, 0.02099504880607128, 3.199279546737671, 2.058241367340088, 2.2190558910369873], [0.7077031135559082, 1.6185085773468018, 2.2863948345184326, 2.2643320560455322, 0.6566186547279358, 0.6297191381454468, 0.020355146378278732, 3.1953704357147217, 2.0578012466430664, 2.2186172008514404], [0.7085545063018799, 1.6193093061447144, 2.2868447303771973, 2.2646470069885254, 0.6584441661834717, 0.6326683163642883, 0.020154807716608047, 3.191681385040283, 2.0561888217926025, 2.2171285152435303], [0.7129371762275696, 1.6220316886901855, 2.286875009536743, 2.26535964012146, 0.6594220399856567, 0.6361173987388611, 0.023833489045500755, 3.1895508766174316, 2.0572116374969482, 2.2160110473632812], [0.7191312909126282, 1.6250019073486328, 2.287782907485962, 2.266319990158081, 0.6613022089004517, 0.6402006149291992, 0.02413833700120449, 3.186964273452759, 2.056142568588257, 2.2160286903381348], [0.7258111238479614, 1.6277738809585571, 2.2881243228912354, 2.267119884490967, 0.6635037660598755, 0.6452574729919434, 0.025118041783571243, 3.1814277172088623, 2.0557925701141357, 2.216421127319336]],