{"eps": {"object_position": [[-0.040059708058834076, -0.07161836326122284], [0.1035323292016983, 0.04831567779183388], [-0.19140025973320007, -0.02864118665456772], [-0.03726249933242798, 0.0013195127248764038], [-0.043172501027584076, 0.16948598623275757], [0.10934972018003464, -0.10904692113399506], [0.0054970234632492065, -0.08413708209991455], [0.14208614826202393, 0.055642612278461456], [0.1001320481300354, 0.0726194977760315], [-0.06967149674892426, -0.09311814606189728]], "object_rotation": [0.827153742313385, 1.1503992080688477, 2.339344024658203, 2.1519784927368164, 0.7770534157752991, 0.26409122347831726, -0.1941159963607788, 3.579820156097412, 2.5219101905822754, 2.844510316848755], "distractor_position": [-1.5161519050598145, -1.9580035209655762, -0.07745173573493958, 0.6102439761161804, -0.41539809107780457, -0.20899327099323273, -0.1462041735649109, -0.6409766674041748, -1.077686071395874, -0.07486537098884583]}, "eps_trace": {"object_position": [[[-0.040059708058834076, -0.07161836326122284], [0.10636690258979797, 0.03646888583898544], [0.07457860559225082, 0.09641477465629578], [0.035942357033491135, 0.25863608717918396], [0.025341574102640152, 0.05591629445552826], [-0.013202674686908722, 0.03164101392030716], [0.07239916175603867, 0.05659620091319084], [0.03235620632767677, 0.08605441451072693], [0.18405656516551971, -0.07861527055501938], [-0.0044623976573348045, 0.06195467337965965]], [[-0.040059708058834076, -0.07161836326122284], [0.011662982404232025, -0.019522234797477722], [0.07457860559225082, 0.09641477465629578], [-0.0033293701708316803, 0.02343997359275818], [0.14671573042869568, -0.08901795744895935], [-0.013202674686908722, 0.03164101392030716], [0.0007856413722038269, 0.054072652012109756], [0.03235620632767677, 0.08605441451072693], [0.1449698507785797, -0.02503739669919014], [0.14851509034633636, 0.21545647084712982]], [[-0.040059708058834076, -0.07161836326122284], [-0.19923576712608337, -0.13161414861679077], [0.07457860559225082, 0.09641477465629578], [0.004604795016348362, -0.10833750665187836], [-0.16322651505470276, 0.027896054089069366], [-0.013202674686908722, 0.03164101392030716], [-0.07332693040370941, 0.005870237946510315], [0.22705240547657013, -0.02642025798559189], [0.00951993465423584, 0.2239249050617218], [0.14851509034633636, 0.21545647084712982]], [[-0.040059708058834076, -0.07161836326122284], [-0.19923576712608337, -0.13161414861679077], [-0.0178559347987175, -0.011496193706989288], [0.004604795016348362, -0.10833750665187836], [0.042450904846191406, -0.13256430625915527], [0.1602841317653656, -0.08553742617368698], [0.041896335780620575, -0.015304166823625565], [0.22705240547657013, -0.02642025798559189], [0.13100889325141907, 0.22026869654655457], [0.021202310919761658, 0.17610269784927368]], [[-0.040059708058834076, -0.07161836326122284], [-0.19923576712608337, -0.13161414861679077], [-0.0178559347987175, -0.011496193706989288], [0.004604795016348362, -0.10833750665187836], [-0.03357002139091492, -0.03673328459262848], [0.1602841317653656, -0.08553742617368698], [0.041896335780620575, -0.015304166823625565], [0.13594147562980652, -0.06355895102024078], [0.13100889325141907, 0.22026869654655457], [-0.005508270114660263, 0.12982064485549927]], [[-0.040059708058834076, -0.07161836326122284], [-0.19923576712608337, -0.13161414861679077], [-0.023148078471422195, 0.068412184715271], [0.004604795016348362, -0.10833750665187836], [0.02445293217897415, 0.06644901633262634], [0.10934972018003464, -0.10904692113399506], [0.041896335780620575, -0.015304166823625565], [0.10336384177207947, 0.010765701532363892], [0.13100889325141907, 0.22026869654655457], [0.021641621366143227, 0.07216453552246094]], [[-0.040059708058834076, -0.07161836326122284], [0.057760417461395264, -0.010516978800296783], [-0.023148078471422195, 0.068412184715271], [0.004604795016348362, -0.10833750665187836], [0.07805828750133514, 0.1080484688282013], [0.10934972018003464, -0.10904692113399506], [0.041896335780620575, -0.015304166823625565], [0.18109065294265747, -0.10399357229471207], [0.1001320481300354, 0.0726194977760315], [0.04293536767363548, 0.09053662419319153]], [[-0.040059708058834076, -0.07161836326122284], [0.1035323292016983, 0.04831567779183388], [-0.023148078471422195, 0.068412184715271], [0.004604795016348362, -0.10833750665187836], [-0.043172501027584076, 0.16948598623275757], [0.10934972018003464, -0.10904692113399506], [-0.048175059258937836, -0.14348165690898895], [0.18109065294265747, -0.10399357229471207], [0.1001320481300354, 0.0726194977760315], [0.04293536767363548, 0.09053662419319153]], [[-0.040059708058834076, -0.07161836326122284], [0.1035323292016983, 0.04831567779183388], [-0.023148078471422195, 0.068412184715271], [-0.12046756595373154, -0.2232634723186493], [-0.043172501027584076, 0.16948598623275757], [0.10934972018003464, -0.10904692113399506], [0.0054970234632492065, -0.08413708209991455], [0.14208614826202393, 0.055642612278461456], [0.1001320481300354, 0.0726194977760315], [0.04293536767363548, 0.09053662419319153]], [[-0.040059708058834076, -0.07161836326122284], [0.1035323292016983, 0.04831567779183388], [-0.19140025973320007, -0.02864118665456772], [-0.03726249933242798, 0.0013195127248764038], [-0.043172501027584076, 0.16948598623275757], [0.10934972018003464, -0.10904692113399506], [0.0054970234632492065, -0.08413708209991455], [0.14208614826202393, 0.055642612278461456], [0.1001320481300354, 0.0726194977760315], [-0.06967149674892426, -0.09311814606189728]]], "object_rotation": [[0.827153742313385, 1.5390127897262573, 2.2830255031585693, 2.264676094055176, 0.8812592625617981, 0.6880489587783813, 0.01609623432159424, 3.219998359680176, 2.0395359992980957, 2.2147376537323], [0.827153742313385, 1.7969838380813599, 2.2830255031585693, 2.387972116470337, 0.5480949878692627, 0.6880489587783813, 0.0055573852732777596, 3.219998359680176, 2.305084705352783, 2.366513729095459], [0.827153742313385, 1.4755314588546753, 2.2830255031585693, 2.344775438308716, 0.5855552554130554, 0.6880489587783813, 0.07546808570623398, 3.3291735649108887, 2.610067367553711, 2.366513729095459], [0.827153742313385, 1.4755314588546753, 2.226851463317871, 2.344775438308716, 0.483781635761261, 0.553461492061615, 0.012094251811504364, 3.3291735649108887, 2.5448994636535645, 2.550736904144287], [0.827153742313385, 1.4755314588546753, 2.226851463317871, 2.344775438308716, 0.6801642775535583, 0.553461492061615, 0.012094251811504364, 3.545382499694824, 2.5448994636535645, 2.729306936264038], [0.827153742313385, 1.4755314588546753, 2.315936326980591, 2.344775438308716, 0.8831831812858582, 0.26409122347831726, 0.012094251811504364, 3.564434289932251, 2.5448994636535645, 2.8297741413116455], [0.827153742313385, 1.3055927753448486, 2.315936326980591, 2.344775438308716, 1.0188288688659668, 0.26409122347831726, 0.012094251811504364, 3.5506722927093506, 2.5219101905822754, 2.8104209899902344], [0.827153742313385, 1.1503992080688477, 2.315936326980591, 2.344775438308716, 0.7770534157752991, 0.26409122347831726, -0.08032836019992828, 3.5506722927093506, 2.5219101905822754, 2.8104209899902344], [0.827153742313385, 1.1503992080688477, 2.315936326980591, 2.229250192642212, 0.7770534157752991, 0.26409122347831726, -0.1941159963607788, 3.579820156097412, 2.5219101905822754, 2.8104209899902344], [0.827153742313385, 1.1503992080688477, 2.339344024658203, 2.1519784927368164, 0.7770534157752991, 0.26409122347831726, -0.1941159963607788, 3.579820156097412, 2.5219101905822754, 2.844510316848755]],