{"eps": {"object_position": [[-0.14490845799446106, 0.01059267669916153], [-0.16952823102474213, -0.0617079958319664], [-0.1099439263343811, 0.04640420526266098], [-0.05440482497215271, 0.13845081627368927], [-0.07403746247291565, 0.007073208689689636], [0.012707192450761795, -0.27910149097442627], [0.068954698741436, -0.24587954580783844], [-0.03209703415632248, -0.02469567209482193], [0.09973349422216415, -0.14047029614448547], [-0.03372819721698761, -0.18448594212532043]], "object_rotation": [1.7143197059631348, 3.2534823417663574, 2.426729679107666, 0.709652841091156, 2.1452977657318115, 2.105672597885132, 1.9292579889297485, 0.2716919481754303, 1.5320000648498535, 1.4751157760620117], "distractor_position": [-0.4323200583457947, 0.02282341569662094, -1.1765409708023071, -0.703431248664856, 0.18241961300373077, 0.08954109996557236, -0.036716654896736145, -0.16560481488704681, -0.64167720079422, -0.4447467625141144]}, "eps_trace": {"object_position": [[[-0.12788060307502747, -0.07172006368637085], [0.12953777611255646, 0.012507786974310875], [0.16211102902889252, 0.10421331971883774], [0.04983276128768921, 0.2466551810503006], [-0.035057567059993744, -0.04785909131169319], [-0.11045493930578232, 0.04641828313469887], [0.33385947346687317, 0.022596556693315506], [-0.01610395312309265, -0.16716620326042175], [0.0005254731513559818, -0.09479942917823792], [-0.0018817782402038574, 0.14170020818710327]], [[-0.12788060307502747, -0.07172006368637085], [0.12953777611255646, 0.012507786974310875], [0.16211102902889252, 0.10421331971883774], [0.026732733473181725, 0.28151243925094604], [-0.035057567059993744, -0.04785909131169319], [-0.11045493930578232, 0.04641828313469887], [0.14112816751003265, 0.07660128176212311], [-0.01610395312309265, -0.16716620326042175], [0.0005254731513559818, -0.09479942917823792], [-0.07670288532972336, 0.1478581726551056]], [[-0.12788060307502747, -0.07172006368637085], [0.12953777611255646, 0.012507786974310875], [0.2292604148387909, 0.059004344046115875], [0.026732733473181725, 0.28151243925094604], [-0.035057567059993744, -0.04785909131169319], [-0.11045493930578232, 0.04641828313469887], [-0.049392685294151306, 0.17254579067230225], [-0.11692798882722855, -0.16031746566295624], [0.0005254731513559818, -0.09479942917823792], [-0.06874586641788483, -0.08315892517566681]], [[-0.12788060307502747, -0.07172006368637085], [0.12953777611255646, 0.012507786974310875], [0.2292604148387909, 0.059004344046115875], [-0.05240033566951752, 0.22025778889656067], [-0.035057567059993744, -0.04785909131169319], [-0.11045493930578232, 0.04641828313469887], [0.00040196627378463745, 0.05578093230724335], [-0.11692798882722855, -0.16031746566295624], [-0.052146658301353455, -0.0964299812912941], [-0.16906121373176575, -0.0712280198931694]], [[-0.02463531494140625, -0.10228626430034637], [0.12953777611255646, 0.012507786974310875], [0.14402905106544495, 0.06722255051136017], [-0.05240033566951752, 0.22025778889656067], [-0.035057567059993744, -0.04785909131169319], [-0.06920334696769714, 0.10989908874034882], [0.03516171872615814, -0.09724269807338715], [-0.11051662266254425, -0.09809014946222305], [-0.052146658301353455, -0.0964299812912941], [-0.16906121373176575, -0.0712280198931694]], [[-0.02463531494140625, -0.10228626430034637], [0.12953777611255646, 0.012507786974310875], [0.14402905106544495, 0.06722255051136017], [0.013473846018314362, 0.14283612370491028], [-0.035057567059993744, -0.04785909131169319], [-0.06920334696769714, 0.10989908874034882], [0.068954698741436, -0.24587954580783844], [-0.11051662266254425, -0.09809014946222305], [-0.052146658301353455, -0.0964299812912941], [-0.03372819721698761, -0.18448594212532043]], [[-0.02463531494140625, -0.10228626430034637], [0.12953777611255646, 0.012507786974310875], [0.14402905106544495, 0.06722255051136017], [0.013473846018314362, 0.14283612370491028], [-0.035057567059993744, -0.04785909131169319], [-0.033757809549570084, -0.2594313621520996], [0.068954698741436, -0.24587954580783844], [-0.21262161433696747, -0.07265367358922958], [0.024948135018348694, -0.142172172665596], [-0.03372819721698761, -0.18448594212532043]], [[-0.02463531494140625, -0.10228626430034637], [0.12953777611255646, 0.012507786974310875], [0.11946412920951843, 0.17271167039871216], [0.013473846018314362, 0.14283612370491028], [-0.035057567059993744, -0.04785909131169319], [0.012707192450761795, -0.27910149097442627], [0.068954698741436, -0.24587954580783844], [-0.037483274936676025, -0.1049896776676178], [0.024948135018348694, -0.142172172665596], [-0.03372819721698761, -0.18448594212532043]], [[-0.14490845799446106, 0.01059267669916153], [-0.16952823102474213, -0.0617079958319664], [0.2368389070034027, 0.11164182424545288], [0.013473846018314362, 0.14283612370491028], [-0.035057567059993744, -0.04785909131169319], [0.012707192450761795, -0.27910149097442627], [0.068954698741436, -0.24587954580783844], [-0.037483274936676025, -0.1049896776676178], [0.024948135018348694, -0.142172172665596], [-0.03372819721698761, -0.18448594212532043]], [[-0.14490845799446106, 0.01059267669916153], [-0.16952823102474213, -0.0617079958319664], [-0.1099439263343811, 0.04640420526266098], [-0.05440482497215271, 0.13845081627368927], [-0.07403746247291565, 0.007073208689689636], [0.012707192450761795, -0.27910149097442627], [0.068954698741436, -0.24587954580783844], [-0.03209703415632248, -0.02469567209482193], [0.09973349422216415, -0.14047029614448547], [-0.03372819721698761, -0.18448594212532043]]], "object_rotation": [[1.9680734872817993, 3.1938271522521973, 2.1793570518493652, 0.9971684813499451, 2.2470407485961914, 2.02453875541687, 2.3945438861846924, 0.5842469930648804, 1.7516155242919922, 1.3901784420013428], [1.9680734872817993, 3.1938271522521973, 2.1793570518493652, 0.8326891660690308, 2.2470407485961914, 2.02453875541687, 2.427417516708374, 0.5842469930648804, 1.7516155242919922, 1.2083691358566284], [1.9680734872817993, 3.1938271522521973, 2.3785438537597656, 0.8326891660690308, 2.2470407485961914, 2.02453875541687, 2.379213571548462, 0.5884361267089844, 1.7516155242919922, 1.3641008138656616], [1.9680734872817993, 3.1938271522521973, 2.3785438537597656, 0.8140364289283752, 2.2470407485961914, 2.02453875541687, 2.211984395980835, 0.5884361267089844, 1.8417787551879883, 1.470369577407837], [1.9607537984848022, 3.1938271522521973, 2.304293632507324, 0.8140364289283752, 2.2470407485961914, 2.130457639694214, 2.154662847518921, 0.4817039668560028, 1.8417787551879883, 1.470369577407837], [1.9607537984848022, 3.1938271522521973, 2.304293632507324, 0.5813960433006287, 2.2470407485961914, 2.130457639694214, 1.9292579889297485, 0.4817039668560028, 1.8417787551879883, 1.4751157760620117], [1.9607537984848022, 3.1938271522521973, 2.304293632507324, 0.5813960433006287, 2.2470407485961914, 2.248392105102539, 1.9292579889297485, 0.3599088490009308, 1.5301384925842285, 1.4751157760620117], [1.9607537984848022, 3.1938271522521973, 2.323284149169922, 0.5813960433006287, 2.2470407485961914, 2.105672597885132, 1.9292579889297485, 0.26873844861984253, 1.5301384925842285, 1.4751157760620117], [1.7143197059631348, 3.2534823417663574, 2.250697135925293, 0.5813960433006287, 2.2470407485961914, 2.105672597885132, 1.9292579889297485, 0.26873844861984253, 1.5301384925842285, 1.4751157760620117], [1.7143197059631348, 3.2534823417663574, 2.426729679107666, 0.709652841091156, 2.1452977657318115, 2.105672597885132, 1.9292579889297485, 0.2716919481754303, 1.5320000648498535, 1.4751157760620117]],