{"eps": {"object_position": [[-0.1235174685716629, 0.035521283745765686], [-0.004430797416716814, 0.02580258436501026], [0.16191372275352478, 0.10416984558105469], [0.02876489795744419, 0.05806049704551697], [0.09406489878892899, 0.051836807280778885], [-0.10532055050134659, 0.04561560973525047], [0.3300027549266815, 0.023432377725839615], [-0.01619313657283783, -0.16132567822933197], [0.0012446963228285313, -0.09161075204610825], [-0.1354304999113083, 0.1755712330341339]], "object_rotation": [1.801321268081665, 3.0429117679595947, 2.1797993183135986, 0.9781572818756104, 2.298434257507324, 2.025681495666504, 2.3953044414520264, 0.5838439464569092, 1.751130223274231, 1.2842351198196411], "distractor_position": [-0.41261056065559387, 0.07616910338401794, -1.5604215860366821, -0.8671016097068787, -0.16884298622608185, 0.18532219529151917, 0.10776202380657196, -0.517841637134552, -0.8179132342338562, -0.801964282989502]}, "eps_trace": {"object_position": [[[-0.1274450272321701, 0.036567769944667816], [-0.005248410161584616, 0.025850115343928337], [0.16198018193244934, 0.10407620668411255], [0.02806629054248333, 0.06330933421850204], [0.0947227030992508, 0.052275050431489944], [-0.11027219891548157, 0.04662701115012169], [0.33266115188598633, 0.02260233461856842], [-0.015495107509195805, -0.1664155125617981], [0.000559090287424624, -0.0945935770869255], [-0.13927648961544037, 0.1760401725769043]], [[-0.12735363841056824, 0.03635524585843086], [-0.004705004394054413, 0.02612137421965599], [0.16182981431484222, 0.10388513654470444], [0.02811606600880623, 0.06274976581335068], [0.09472020715475082, 0.05227659270167351], [-0.11031153798103333, 0.046594709157943726], [0.33249616622924805, 0.02221965789794922], [-0.015503239817917347, -0.16642627120018005], [0.0005368017591536045, -0.09449270367622375], [-0.13932093977928162, 0.1760302633047104]], [[-0.12687957286834717, 0.03623587265610695], [-0.004754677414894104, 0.0261226799339056], [0.16143935918807983, 0.10412714630365372], [0.027941744774580002, 0.06246156990528107], [0.09461809694766998, 0.05198466032743454], [-0.10934319347143173, 0.046812284737825394], [0.33128923177719116, 0.023066624999046326], [-0.015996122732758522, -0.1656564325094223], [0.0006560603505931795, -0.09450258314609528], [-0.13931074738502502, 0.1759113371372223]], [[-0.1261756271123886, 0.036775607615709305], [-0.004680968821048737, 0.02613220177590847], [0.16152776777744293, 0.10419383645057678], [0.02812059037387371, 0.062362223863601685], [0.09436122328042984, 0.05198134854435921], [-0.1088738963007927, 0.046374302357435226], [0.33121949434280396, 0.022756211459636688], [-0.016179898753762245, -0.16533365845680237], [0.0005985490861348808, -0.09445993602275848], [-0.13811492919921875, 0.1763286143541336]], [[-0.1270793080329895, 0.035707417875528336], [-0.00426696240901947, 0.025976218283176422], [0.16133767366409302, 0.10427367687225342], [0.028513258323073387, 0.06091301888227463], [0.09434505552053452, 0.051818620413541794], [-0.10858284682035446, 0.04597541317343712], [0.33108118176460266, 0.02320563793182373], [-0.01584138534963131, -0.16486629843711853], [0.0006484062760137022, -0.09440568834543228], [-0.13767844438552856, 0.17592914402484894]], [[-0.12496880441904068, 0.036020223051309586], [-0.004325475078076124, 0.025929126888513565], [0.1613893359899521, 0.10425202548503876], [0.028316505253314972, 0.060683656483888626], [0.09434495866298676, 0.05181512609124184], [-0.10783736407756805, 0.04616843909025192], [0.3308682143688202, 0.023355571553111076], [-0.015495959669351578, -0.16551437973976135], [0.000769426638726145, -0.09423117339611053], [-0.13780638575553894, 0.17583394050598145]], [[-0.1251714825630188, 0.035575032234191895], [-0.004320850595831871, 0.025928102433681488], [0.16149583458900452, 0.1042395830154419], [0.02861839346587658, 0.06030476838350296], [0.09430821239948273, 0.05179087817668915], [-0.10784364491701126, 0.04617052152752876], [0.33056187629699707, 0.02328731305897236], [-0.015558470040559769, -0.1642213612794876], [0.0008476319490000606, -0.09409148246049881], [-0.1378856599330902, 0.17569991946220398]], [[-0.12517836689949036, 0.035543620586395264], [-0.004409715998917818, 0.025856848806142807], [0.16167300939559937, 0.10422997176647186], [0.02865166775882244, 0.0602448396384716], [0.09439083188772202, 0.051622603088617325], [-0.10720036178827286, 0.046497080475091934], [0.33051803708076477, 0.02342073991894722], [-0.015381093136966228, -0.1639736443758011], [0.0008280097972601652, -0.0939422994852066], [-0.13773930072784424, 0.17568235099315643]], [[-0.12485436350107193, 0.03580869361758232], [-0.004426528699696064, 0.025847939774394035], [0.16164904832839966, 0.10422375053167343], [0.028422748669981956, 0.058111727237701416], [0.0942462831735611, 0.051767412573099136], [-0.10675456374883652, 0.04612329974770546], [0.33017173409461975, 0.023062586784362793], [-0.01621992141008377, -0.1612720787525177], [0.0010520850773900747, -0.09219350665807724], [-0.1352464109659195, 0.1761503964662552]], [[-0.1235174685716629, 0.035521283745765686], [-0.004430797416716814, 0.02580258436501026], [0.16191372275352478, 0.10416984558105469], [0.02876489795744419, 0.05806049704551697], [0.09406489878892899, 0.051836807280778885], [-0.10532055050134659, 0.04561560973525047], [0.3300027549266815, 0.023432377725839615], [-0.01619313657283783, -0.16132567822933197], [0.0012446963228285313, -0.09161075204610825], [-0.1354304999113083, 0.1755712330341339]]], "object_rotation": [[1.8010801076889038, 3.043466806411743, 2.179191827774048, 0.9757082462310791, 2.2988529205322266, 2.0245962142944336, 2.3958213329315186, 0.5837165117263794, 1.7512540817260742, 1.2847188711166382], [1.8008251190185547, 3.0433127880096436, 2.17952561378479, 0.9753580689430237, 2.298861265182495, 2.0245261192321777, 2.395671844482422, 0.5837002396583557, 1.7511801719665527, 1.2848879098892212], [1.8009544610977173, 3.043304920196533, 2.1793735027313232, 0.9757714867591858, 2.298604726791382, 2.0239837169647217, 2.393793821334839, 0.5832551121711731, 1.7513773441314697, 1.2850333452224731], [1.8004248142242432, 3.0431861877441406, 2.179410696029663, 0.9763767123222351, 2.298693895339966, 2.0246005058288574, 2.3937888145446777, 0.5839044451713562, 1.7516521215438843, 1.2856636047363281], [1.800950527191162, 3.042996644973755, 2.179333448410034, 0.9768651127815247, 2.2987654209136963, 2.02486515045166, 2.394090414047241, 0.5834575891494751, 1.7516402006149292, 1.2860357761383057], [1.8011493682861328, 3.042980194091797, 2.1793766021728516, 0.9766759872436523, 2.2987730503082275, 2.0248498916625977, 2.394990921020508, 0.5835521221160889, 1.7516660690307617, 1.2860122919082642], [1.8012365102767944, 3.0429744720458984, 2.179525136947632, 0.9768853783607483, 2.2985939979553223, 2.0248537063598633, 2.3950679302215576, 0.5835962891578674, 1.751936435699463, 1.2858809232711792], [1.8012348413467407, 3.0428662300109863, 2.1795318126678467, 0.976956844329834, 2.2984330654144287, 2.0246291160583496, 2.3951146602630615, 0.5837703943252563, 1.7520982027053833, 1.2856441736221313], [1.8011363744735718, 3.0428764820098877, 2.1796157360076904, 0.9783139824867249, 2.298576593399048, 2.025303840637207, 2.3947956562042236, 0.583824634552002, 1.751732587814331, 1.2844713926315308], [1.801321268081665, 3.0429117679595947, 2.1797993183135986, 0.9781572818756104, 2.298434257507324, 2.025681495666504, 2.3953044414520264, 0.5838439464569092, 1.751130223274231, 1.2842351198196411]],